Datetime,ID,Username,Text,Location
2023-03-30 08:04:21+00:00,1641350639581282306,RaihanaRifah,"Masa pregnant Arfan, sebulan terus aku tak puasa. Masatu makan lambat sikit pun perut dah start mengeras. Masa belajar aku la org yg selalu ikat perut, selalu makan roti je, time pregnant, terus tak tahan kalau tak makan 😂","Johor Bahru, Johor"
2023-03-30 02:23:35+00:00,1641264882569056256,azeerarambli,2nd baju raya sampei yes dah boleh ikat perut sampe next gaji.,"Kuching, Sarawak"
2023-03-29 18:33:26+00:00,1641146563220078616,AdamHaikal_98s,@ShopeeMY Cup. More convenient. Ikat tepi akan buat aku tersiksa kalau tgh drive tak tau nak letak mana. End up aku akan habiskan dulu before teruskan drive and perut aku kembung dgn air 🥹,"Malacca, Malaysia"
2023-03-29 01:52:29+00:00,1640894664642551809,PAB10I5,"@magmalaya As an ex-smoker. Bagi aku nikmat rokok nie nafsu je, cara nak ikat nafsu berpuasa. Percayalah, kalau perut kosong x de orang rasa merokok tu sedap. Tapi sekali lepas makan, kalah jin dia punya asap.","Johore, Malaysia"
2023-03-28 23:37:55+00:00,1640860799836078081,anxsrauhl,"@hilmizul_ kahkah bulan pertama mana dapat gaji mat, ikat perut la apa lagi",Malaysia
2023-03-28 19:23:58+00:00,1640796892992000000,Dekuuuu67,"@yoonkittyyy_ sabar jelag ikat perut jap , but habis tu ni tak sahur ke nanti","Perak, Malaysia"
2023-03-28 15:24:59+00:00,1640736749981949952,iyon_iYonn,"kalo kamu cewe, bisa kamu racunin itu bapak. minimal kasih obat pencuci perut atau obat tidur. kalo udah teler ikat dia terus telanjangi pas sadar baru di interogasi ancam potong titit. 

jijik banget kalo kudu nyamperin selingkuhan nya.","Bandung, Jawa Barat"
2023-03-28 15:16:01+00:00,1640734495614590985,raihanatrmn,"Sebelum ni yakin je declare lhdn, dpt balik semua pcb tu. This year dah kena bayar tax. Bkn sikit² pulak tu kena byr. Ikat perut kejap la raya ni 🥲",Petaling Jaya
2023-03-28 15:01:58+00:00,1640730957333536769,kopikoedo,"Nak recollect balik past memory dah tak ingat dah exact situations yang buatkan aku jadi cam skrg ni tapi aku jenis sayu bila tengok makanan dibazirkan.

Nak kata pernah ikat perut tu pernah la. Nak kata kutip makanan orang lain pun pernah.",Malaysia
2023-03-28 02:06:25+00:00,1640535784230117376,msianinsight,"Peniaga terpaksa naikkan harga, rakyat berhati-hati belanja dan ikat perut https://t.co/kDDrTlWGva",Kuala Lumpur City
2023-03-27 23:53:38+00:00,1640502370751885312,ainaaaV,"Bulan ni kita ikat perut sikit, takde lah sikit pun kira banyak jugak 🤣. Mana nak beli baju raya, nak simpan duit untuk bagi anak buah. Bulan lepas punya plan pun tak jadi2 lagi.","Perak, Malaysia"
2023-03-26 17:17:56+00:00,1640040400995106818,nobodyfriens,"@mkini_bm Zahid kalo jadi PM, taktau la jadi apa lepas ni. Rakus dengan kuasa untuk menguatkan kedudukannya. Najib kalo terlepas, ikat perut la",Malaysia
2023-03-26 16:22:40+00:00,1640026492557201410,OpieyAzlan,“Mesra alam” pundek hangla nak buang perut ikan pun dalam plastic ikat kemas2,
2023-03-26 14:06:15+00:00,1639992161763749888,alisa_m62222,"It's now or never
So jom ikat perut!!! https://t.co/rInA5mdrl0",Malaysia
2023-03-26 08:34:57+00:00,1639908786201825280,Yourboysito,"@AdamKhalidL @ubaidbmohsin @jaegar00 Isu sekarang if kau tak mampu jgn ada ramai anak, kalau kau mampu kau nk buat sampai 20 org pon no one cares. Bila tak mampu tapi nk jgk ramai anak pastu anak tu endup tak cukup makan la kena ikat perut bagai tu yg org taknak",Malaysia
2023-03-23 16:12:21+00:00,1638936731377618945,qhaalim,Yang meminjam makan mewah. Yang kasi pinjam ikat perut makan apa yang ada. Bagus!,"Johore, Malaysia"
2023-03-19 14:57:31+00:00,1637468347444133891,amolnisrino,Ikat perut lah dah nak puasa ni 🥹,KL || MANJUNG ⚒
2023-03-19 10:29:03+00:00,1637400784307621889,HlmiHnfi,"Ye, lepas vacation baru menyesal ikat perut 😂","Perlis, Malaysia"
2023-03-13 15:48:48+00:00,1635306925582860293,Mohdfaiz13,@XavierNaxa Zaman tu kumpul duit sampai ikat perut nak beli iPhone 4 je 😉,"Shah Alam, Selangor"
2023-03-11 15:30:03+00:00,1634577432362749954,CikShamsulPSRTM,Zaman Sekarang Dengan Harga Barang Naik dan Kos Sara Hidup Tinggi ... Ada Yang Kelaparan dan Ikat Perut ... Ini Realiti Bukan Fantasi.,"HULU KELANG,KL,MALAYSIA"
2023-03-04 07:16:27+00:00,1631916496657199104,pmnilamm,"@0rchidr Duduk KL kalau kau leh dpt income lebih 3.5K

Dia antara kau ikat perut or ikat kaki nak jalan2 mana2 🤣😂😂",
2023-03-04 05:29:45+00:00,1631889647017271296,aiamir_,"@AnyssRosicky Betoi sis. Sanggup ikat perut, curi curi bernafas sebab nak saving duit bayaq.",ֆօʍɛաɦɛʀɛ օռʟʏ աɛ ӄռօա
2023-03-03 14:26:42+00:00,1631662388742361088,nrdeanna,"Allahu, kenapa wujud manusia macam ni. Dia tahu tak kat luar tuh ramai ikat perut. Dia tak rasa beli beras sekilo untuk tahan 1 bulan.","Kuala Lumpur, Wilayah Persekut"
2023-03-03 05:50:37+00:00,1631532509942153217,lewanjxhnski,"@FaktaBukanAuta sial lah, aku yg ikat perut ni makan maggie je kekadang. Dapat menu rahmah time waktu lunch kt tempat kerja pun dh bersyukur.",Witchcraft School of Hogwarts
2023-03-01 13:41:35+00:00,1630926255800582146,tkyolily,"bulan ni kena ikat perut, miskin hina dah ni.",Malaysia
2023-03-01 06:50:02+00:00,1630822686464303105,noorupawan,lepasni memang kena ada cash. kan tak pasal kena ikat perut😪,"Johor Bahru, Johor"
2023-02-27 09:08:40+00:00,1630132801633910785,syedh4fez,"Hopefully esok gaji. Kalau tak, taktahu lah nak makan apa. Malam ni pun terpaksa ikat perut 😭","Petaling Jaya, Selangor"
2023-02-27 08:12:50+00:00,1630118748173787136,kholeed94,"Tadi sy ke JPJ BANGI nk renew lesen, service down. Pastu sy ke pos office, sekali x leh renew sb ade saman. Xleh bantu rakyat ke? Ekonomi tgh teruk nk makan pun ikat perut @anthonyloke",Kuala Lumpur City
2023-02-27 07:52:02+00:00,1630113514332516352,noraaalee,"Duit belanja aku seminggu RM 50 je, kalau minggu tu aku kena balik beli tiket bas dah berapa je balance tinggal so minggu tu konfem aku ikat je perut tak makan. Sebab tu laa dulu kurus sangat tak macam sekarang hahaha 😂😂","Malacca, Malaysia"
2023-02-26 11:37:07+00:00,1629807772408897542,aweiliwei,@ivor_xianz I know some uni students they really ikat perut on their daily meal to save money.,"Kuala Krai, Kelantan"
2023-02-23 08:07:17+00:00,1628667800901554177,macs_aswad,"Tak perlu rasa bersalah, just hormat Diroang and balas jasa baik. Tanggungjawab mak ayah, rasa Bersalah perlu Tapi Jangan sampai ikat perut separuh mati, Itu bodoh orang panggil. Buang la mindset Bila guna duit mak ayah Kita rasa useless. Lain la Kalau dah kerja",
2023-02-21 22:26:15+00:00,1628159191067295744,Paniculata16,"Smlm ak mkn kt utm
nasi + sayur1 + sayur2 = rm3.50
Air barli ais rm2.90
Klu nak lg jimat bole mnum air masak je

Ni ak bkn ikat perut ye, Still sdp n knyang gila

Mlm kdg2 aku xmkn, just oat 3 in 1

My point: masih bole dilaksanakan tanpa menggadaikan kesihatan diri","Johor Bahru, Johor"
2023-02-21 15:05:17+00:00,1628048219572957186,MFirdausIqbal,Oh aku automatic ikat perut lah ya? Sebab makan nasi kuah tomyam dengan ayam goreng je dulu 😭,"Primorsk, Erangel"
2023-02-21 14:05:17+00:00,1628033120183410688,yosheema,"Bersyukur sangat sbb masa zaman I belajar for both diploma and degree, tak pernah sampai kena ikat perut bagai. I was comfortable.",Tragic Kingdom
2023-02-21 13:23:30+00:00,1628022603683332096,aimshah0509,Dalam otak fikir cepat lah kerja boleh ada duit banyak. Last2 sama juga ada gaji pun ikat perut juga. Begitu lah kehidupan rakyat marhaenn..,"Johor Bahru, Johor"
2023-02-21 11:40:52+00:00,1627996773158625285,ismadLonggaq,"Nasib baik dulu ada tok keramat, tapi sampai sekarang ikat perut tak makan sayur🫠",dalam peti ais
2023-02-20 16:07:33+00:00,1627701498145816578,livingchoker,@amnsykrrr The strokes je 🥲 kau tau tk aku dah start mkn sumi ni ikat perut?? 🥹,
2023-02-16 12:31:29+00:00,1626197574683361281,HamzahNazari,"Awak, ahli politik yang nampak sangat berebut kuasa masa orang lain tengah susah, awak yang membazir duit semasa kami ikat perut, rakyat tak semudah lupa macam dulu.
Lagi tepat katakami akan lupa, tapi nanti terbangkit jugak sebab kan sekarang ada internet?",Malaysia
2023-02-14 12:31:41+00:00,1625472848663027713,BorneoBah,"Just do what you have to to my dear PM. Do this now rather then later. Ikat perut kah apa, we need to go through some bumps along the way.","North Borneo, Malaysia. Earth."
2023-02-14 01:59:45+00:00,1625313818791510016,aziznorzali_pg,"Fakta 1 - Kisah nabi miskin sampai berpuasa (ikat perut) memang betul. Tapi bukan seluruh kehidupan Nabi begitu kerana Nabi SAW 'ikat perut' tu cuma zaman awal hijrah sahaja.

Malah sebelum Nabi SAW diangkat menjadi Rasul sendiri beliau adalah jutawan.",Malaysia
2023-02-14 01:59:45+00:00,1625313816157511681,aziznorzali_pg,"Menjadi kaya sering dikatakan tidak selari dengan dengan cara hidup Nabi. Fakta ini selalu disebut-sebutkan:

1. 'Nabi miskin sampai ikat perut'

2. ""Nabi ingatkan sahabat jangan terleka dengan dunia"".

Betul ke fakta ini? Baca thread ini sampai habis 🧵",Malaysia
2023-02-06 13:30:12+00:00,1622588471796973569,AzraeeMamat,"@jungledweller1 @ArwahMaklampir Teringat masa PKP dulu ada student UM yg anak orang susah, ikat perut dan cuma dapat makan 2 hari sekali. Kerja sambilan takde, mak bapak pun susah. Teringat juga masa belajar dulu, takde duit sampai cari makan sample yg orang buat demo kat supermarket 😓",
2023-02-03 03:27:12+00:00,1621349558289829890,ShafiqTRULLY,Dok bayaq itu ini sekali ada satu terlepas... Terus lari bajet... Jenuh ikat perut lagi sampai nak tunggu gaji... Adehhh...,PENANG
2023-02-02 20:02:38+00:00,1621237680750338048,n37salim,"Dua tahun pkp kena scam. Rakyat ikat perut sengsara, angkat bendera putih. Yidin @MuhyiddinYassin PPBM parti setahun jagung income ratus² juta mana dpt. @SPRMMalaysia jgn tidur, rumah Yidin byk lg kalau tak caya tanya #anuarmusang 1 Malaysia kena kencing dek sedekah halal mrk.",
2023-01-31 22:39:59+00:00,1620552500398141440,dirikuboneka,@AisyDahliaa Taknak celebrate 😭. Nak simpan duit nak jalan. Kena ikat perut,"Muar, Johor"
2023-01-30 12:14:41+00:00,1620032753826955264,nik_hazry,@ajaibngengsot Takpe..beli mne yg ok..jgn lebih sgt kt kete smpi ikat perut nk byr kete...hahaha..lg cntik ada duit lebih utk enjoy2,
2023-01-26 14:09:02+00:00,1618611976703447040,farahnaabilah,"Lepas kira2 baru tau komitmen bulanan 2k. Lepas tu ada org sruh beli rumah, pastu ambik medical takaful hibah? Ikat perut lah der mcm tu hahahaha. So nak kena fully cut dekat minyak kereta and makan, jimat bnyak lagi",Malaysia
2023-01-23 15:31:33+00:00,1617545578464038913,smsyf_,Kau dtg dri family kaya kot tu kau boleh menyimpan. Aku pun masa study tak dpat nak menyimpan. Ikat perut jgak lah masa study. Bukannya mcm bekerja yg dpat duit setiap bulan. Soo kau kena faham lah partner kau tu maybe dia ada kepentingan lain masa dia study,"Keluang, Johore"
2023-01-19 06:54:05+00:00,1615965803056365570,yeolahv,"Kalau dia hidup sorang pun sampai kena ikat perut, bahaya woo",Malaysia
2023-01-10 14:58:47+00:00,1612826291530764289,wantogey,"Setelah membayar segala komitmen, kena ikat perut sikit. Tapi saya bukan sejenis awal bulan enjoy, saving dulu. Ada lebih baru enjoy. Tak macam kawan kawan, awal bulan enjoy tak ingat dunia. Hujung bulan nasi bujang share dua orang 😂",Penang
2023-01-09 11:56:09+00:00,1612417943081750530,hisyfx,Aku nie cukup2 makan je. Ada duit lebih sikit je nk simpan. Dpt bagi kat family sikit oke la. Aku ikat perut sikit pun Takpe. Nk settle mana patut je bukan Payah mana pun,KUL-JHR
2023-01-06 14:51:51+00:00,1611374993769902085,ujstephen,Dah kena belajar ikat perut balik lepas ni ☺️,"47130, MY"
2022-12-30 09:58:34+00:00,1608764472981848065,urfavcatsitter,Ada tak ehailing yg murah sikit selain grab. Koyak mat asyik ikat perut ni,subang 
2022-12-27 18:10:23+00:00,1607801080246865920,_Fjayyy,Waktu budak2 dulu selalu lepak cc kt kajang deret kedai czip lee tu. Sanggup ikat perut nak lepak cc main ni 😂,"Kajang, Selangor"
2022-12-26 14:02:47+00:00,1607376381041872897,_alissyaibrhm,Tp cem biasalah mak kita asyik2 bandingkan kita dengan cousin2 yg lain mampu beli kereta cantik2. And kita pulak pakai kereta buruk2. Nak tengok anak dia ikat perut ke tiap bulan? 🥹🥹😭,Malaysia
2022-12-25 23:30:54+00:00,1607156962738982912,azfar_yusof,@StiltskinMan @chedetofficial Tun M suruh ikat perut terus.. 🤡 https://t.co/42KqjXYTAV,kuala lumpur
2022-12-22 07:48:16+00:00,1605832580376322049,MalyaGhazali,"Zint is one of the best pls!!!!!!! Love Zint so much back then, sanggup ikat perut simpan duit belanja sbb nak beli kat 7e 😂",
2022-12-20 11:50:43+00:00,1605168818091102210,_alissyaibrhm,"Aku pon tak suka paw2 orang, if orang tu sendiri ikat perut nak makan. Dia nak bagi, bagilah. Taknak bagi sudah. Taknak paksa.",Malaysia
2022-12-18 08:00:04+00:00,1604385996312698882,latabayu,"Bukan PN takut..yg takutnya org BN. Kena ikat baru selesa demi perut sendiri, gadai prinsip. Btw dato' tak  pernah menang dlm semua PRU..ada rahsia x","Melawati, KL"
2022-12-18 07:18:15+00:00,1604375472527507457,SayaAshaari,@AimanFndi Haha ikat perut  😆,"Kuala Lumpur, Malaysia"
2022-12-18 04:53:13+00:00,1604338976562638850,farra_frank,Dah seminggu tak kerja. Ikat perut la dis month ya farah.,"Petaling, Selangor"
2022-12-16 19:12:29+00:00,1603830441831567360,nick_amirrul,"@lady_bugg11 Yela daripada terbiar cmtu baik penuhkan dgn program agama. Dah la baru renovate RM30j, sampai hati kau din pagoh bazir duit sebanyak tu ikut selera kau dikala rakyat tengah susah, ada yg xmakan, student ikat perut, zalim memang zalim. Kau jawab la dekat akhirat nanti","Kuala Terengganu, Terengganu"
2022-12-16 07:00:49+00:00,1603646309499826176,yeolahv,Awal-awal dah cari partner high maintenance tapi nak harapkan dia ikat perut dengan kau one day susah juga,Malaysia
2022-12-15 18:32:41+00:00,1603458038551416832,nick_amirrul,"@macanhitam @lady_bugg11 Setuju! Attack kaw2 biar sampai kena banned.

Giler RM100k. Rakyat kais pagi makan pagi ada tu sampai tak makan, student sampai ikat perut, dapat kat puak2 ni tabur RM100k mcm tabur dedak babi je","Kuala Terengganu, Terengganu"
2022-12-14 13:14:54+00:00,1603015676834512896,rizree87,"1 kali tengok macam menarik...
2 kali tengok terus terbeli.. offer puyer pasal.. Nice giler PLATE CRISTAL by NACHTMANN ini.. 😍😍  Ikat perut lah mcm ini hahaha... 🤭 🤭 https://t.co/eMQVk8RDk6","Kuala Lumpur, Wilayah Persekut"
2022-12-14 06:09:16+00:00,1602908561092542464,hulianameseztor,Tengok orang renovate rumah rasa seronoknyaaaa ..iuolss kena ikat perut ahh gini,Malaysia
2022-12-13 09:55:41+00:00,1602603155573047296,Badmintonfans__,"Sanggup ikat perut nak beli ni. Macam manalah boleh percaya produk gini 🤣
Dah graduate dah pun. In the end, semua atas usaha sendiri. Xperlu ubat2 ni🙃",Malaysia
2022-12-12 08:47:01+00:00,1602223487220912128,kiddiepax,"If there's one thing you need to know about me, i can buy gold suddenly without reason. I can ikat perut, berkira on all the other things but for gold, i can suddenly just put aside some budget. Haha.",
2022-12-11 11:16:30+00:00,1601898717531246592,rizree87,@HlmiHnfi Yasszaa ikat perut dgn masakan katanya..,"Kuala Lumpur, Wilayah Persekut"
2022-12-09 13:10:59+00:00,1601202750075043844,YasiyaElle,"@imagishary Nasi goreng bajet: nasi putih, bawang &amp; garam sahaja. Tak lama nanti kena darah tinggi kalau menu nasi goreng Ahmad Maslan ni sebab nak ikat perut",Malaysia
2022-12-09 06:25:12+00:00,1601100632941002752,Nurinayo,"Someone: nurin ni concert dia ada duit makan pun dia ada duit. Dia stabil. Mana dia dpt duit pun tak tahu.

NYAHHHHHH AKU PUN IKAT PERUT KUMPUL 🤡","Kuala Lumpur, Wilayah Persekut"
2022-12-08 09:15:15+00:00,1600781038183411712,mailmokhtar,"G mampus laa org nak ckp apa pon, org xtahu apa aku hadap. Elehh nak promote palapes la tu, tapi klau benda tu bole bagi kau duit kau xkena ikat perut why not kau join? Kurang2 xpyah nak tweet mention kau kena ikat perut mat.",Malaysia
2022-12-07 05:41:14+00:00,1600364790584860674,miuju,@jimachia Ikat perut pon belum tentu boleh beli hahahha 😭,
2022-12-06 08:56:05+00:00,1600051442169135104,EhhhFaraa,Loan rumah naik lagi dalam masa xsampai sebulan. Kene ikat perut la ni,ᗩᗰᑭᗩᑎG 
2022-12-06 04:31:55+00:00,1599984958990610433,beryls_,"Lepas settle balik Kelate nanti, dah boleh start ikat perut 👍🏼 Tak boleh nak makan sedap as always, wayang semua no no okieshhhhhh...",Kuala Lumpur Federal Territory
2022-12-04 15:10:20+00:00,1599420846334185473,hvymin,"Jarang la makan sedap , kami banyak ikat perut 😂 sekali sekala @vnnbow_ . Tpi nais ah mkn sini . Hrga pun nais gak 🤣 https://t.co/ebeZUMBFIi","Kota Kinabalu, Sabah"
2022-12-03 00:30:24+00:00,1598837015654825984,purpinkledays,Tak pernah susah masa belajar ade byk kemudahan mak ayah sediakan..tak pernah rasa ikat perut..moga ALLAH kurniakan syurga tanpa hisab utk mak ayah yg bkorban utk keselesaan ank ank..moga ALLAH beri kesempatan yg lebih lama utk mbalas budi kedua2 nya aminn yra❤️,"rivervale,perth wa"
2022-12-02 07:58:15+00:00,1598587336237121537,yudaareni,@jules12anne Paling ingat terpaksa ikat perut makan nasi dengan kuah jak sebab duit habis beli barang main 🥲,Putrajaya
2022-12-01 10:30:22+00:00,1598263226738671616,ayunisalman,"Masa kami tengah tak cukup, makan pun nak bercatu kena ikat perut, takde pun tanya khabar kami macam mana. Anak kami cukup makan ke tak. 
Time kami dah senang, bukan main lagi call “tak call aku pun sekarang”. Tak pun, main order itu ini kat laki aku. Ehhhhhhhhhh","Johor Bahru, Johor"
2022-12-01 04:38:45+00:00,1598174739331428352,annarosemy,Kena ikat perut kejap 😪,Kenya
2022-11-30 08:43:42+00:00,1597873997525716993,TheyCallmeMsAnn,@intanraihan Tulah xde istilah lapar klo engineer kena ikat perut. Belom lagi kena ada kenderaan sendiri. Lol,"Sarawak, Malaysia"
2022-11-29 09:52:50+00:00,1597529007754706944,minsjyg,"Kadang tu makan tu bukannya murah tu. Anak2 dia pun ada taste dia, pilih ikut sedap tekak dia. Mmg pricey la.

Tapi bab2 bangtan ni mmg guna duit aku sendiri, except masa awal2 stan bangtan dulu sanggup ikat perut guna elaun abah bagi utk beli album 🥲🥲🫠",김석진의 하트
2022-11-29 01:43:30+00:00,1597405860489486336,mosyukiborhan,Selamat pagi. Gaji lagi 2 hari. Bayaran kerja seni masih ditahan DBP. Kita ikat perut hari ini.,KL / Tangkak / Solo 
2022-11-27 09:16:46+00:00,1596795156195598336,uuucop,Nak beli jersey worldcup ni kene ikat perut lah jawabnya 😭,Malaysia
2022-11-22 15:17:50+00:00,1595074078519726080,muharanauri,Pulihkan segera ekonomi negara. Ramai orang yang ikat perut dan tak lena tidur memikirkan kesempitan hidup yang makin menjerut.,"Irbid,Jordan"
2022-11-22 01:01:43+00:00,1594858629827645441,Mr_fuadrazak,"Lahhhh, skrg ada pulak tuduh filem sejarah mcm Mat Kilau tu filem racist. Aneh-2 lah pemikiran rakyat Malaysia. Yg up pasal 13Mei pun sama juga tak betul. Nak gaduh-2 sesama sendiri gara-2 politaik buat apa? Diorg kat atas makan kenyang, kita rakyat terpaksa ikat perut..",Malaysian
2022-11-20 07:28:32+00:00,1594231202277249025,xammaranuarx,@namasayahassan Haha dulu sanggup ikat perut p sekolah kumpul duit belanja semata nak beli natang ni,
2022-11-17 12:18:13+00:00,1593216941065646080,ameeeeen97,Da keje pon still kene ikat perut..hmmm,
2022-11-16 11:37:24+00:00,1592844277461417990,cikmiya91,"Dah boleh mula ikat perut ye emyra, n turn on grab hari hari kalau larat. Usaha okkay duit xkn datang bergolek sbb duit xde kaki. ✨🤲",kuala lumpur
2022-11-16 02:08:18+00:00,1592701061357506560,naf154,"Untuk parti mewah.. tapi masa memerintah, rakyat di suruh ikat perut bantuan di kurangkan bagai..","Kuala Lumpur, Malaysia"
2022-11-14 00:15:35+00:00,1591947919153938432,wanazlianaadnan,Realiti RAMAI WANITA &amp; KANAK-KANAK TERPAKSA IKAT PERUT kerana menunggu kes tuntutan nafkah di Mahkamah berbulan bertahun tak selesai. Harus beri jalan fast track untuk pastikan AYAH membayar nafkah anak dan isteri.,Malaysia
2022-11-13 16:31:25+00:00,1591831109507362817,amzardatempoyak,"Bilalah nak kaya? Penat la asyik kena ikat perut, kalau menyimpan takpe jugak ni acc negative sokmo 🥲",
2022-11-13 03:04:55+00:00,1591628144947396609,sengatrans,@norol233 @twtmalaywedding mewah mak bapak lain dgn rumah tangga..mak bapak semua dah ada..rumah sendiri kena setup..ikat perut sendiri..tu kdg² ada yg ambik kesempatan..,
2022-11-12 16:12:38+00:00,1591463991863541761,kak_ngah82,"@CT_Voter @watieysoong @AwangNgahx Tu la kesian..Ada yg pkai duit kwsp, ada yg ikat perut waktu lunch nk kumpul duit dtg dr jauh book flight hotel lagi…sedih sgat..",Malaysia
2022-11-12 11:21:18+00:00,1591390674318163969,morasaki12,"- Rakyat disuruh ikat perut dan jangan harap wang percuma.
- kalah 5 PRK berturut-turut kepada BN.

Lepas itu, kerajaan @pakatanharapan_ tumbang dengan sendirinya. 

Sendiri tengok ya?
Jangan buat-buat dah lupa.","Johore, Malaysia"
2022-11-11 16:39:32+00:00,1591108376423182337,pikashimiyuki,"Ikat perut la bulan ni, no enjoy2 jalan2 for tis month 🫢🫠 https://t.co/3aOyFuHoh4",
2022-11-10 03:48:58+00:00,1590552068095619075,mohd_famy,@janji_bahagia @KitaPalaBataih @SukmawatiIsmail @lady_bugg11 Kalau tun babai la...semua kena ikat perut ...,Penang
2022-11-09 17:16:08+00:00,1590392807415754753,iKinnnS,"Manfaatkan elaun makan sehari rm10. Kalau boleh kurang dari rm10 belanja lagi bagus. Tapi tulah, beria ikat perut. Hujung minggu habis main badminton lepak mamak, paling mahal mekdi. Haha 🥹",Someone leg
2022-11-09 10:50:06+00:00,1590295659722469377,wanxpxsxg,rasa spoil ikat perut,sungai petani
2022-11-09 09:58:40+00:00,1590282716339392514,ns_mimy,Wearing pants thats tight in the tummy suppresses my appetite better than any food alternatives. “Ikat perut” is really living up to its name.,"Leeds, England"
2022-11-09 05:06:47+00:00,1590209264207167490,SyarulAdam,"Semalam kat JB @anwaribrahim cakap lagi
Partiii iniii parti deritaaaa..
Tidak ada berbilliyun-billiyunnn

Yall laaa..aku dengar da 20tahun.
Basahh kepalaaa weii

Parti dia yang beriye kempen.siap ada maskot.Billboard merata. Rakyat dapat 30ringgekk.Kena ikat perut.
Cipett la.",Johor bahru
2022-11-07 07:27:16+00:00,1589519841035423745,Dea12191655,"@RashidahAbdull8 @SyedSaddiq Pilihan ditangan sendiri. Tak ada paksaankan? Kalau rasa perlu, ambil. kalau x perlu, blh je remain situ. TU UNTUK YG PUNYA PILIHAN. tp yg mmg nak mkn pun ikat perut, KWSP mungkin sumber paling penting untuk dorang. X mkn hari ni, idup lg ke kita utk amik duit persaraan esk2? 🤣",
2022-11-07 07:14:19+00:00,1589516580605812736,AzwanAlii,"@zainihussain454 Betul awak. Sama juga dengan zaman skrg, tak logik RM8 untuk makan sehari. Kesian kt budak2 tu nanti kena ikat perut makan siang atau malam 🥺",Pokemon Centre
2022-11-04 01:51:17+00:00,1588348123944210434,_Yummy1,maaf lepas ni mungkin saya tak dpt nk tolong dh. Saya pun bukan gaji besar hidup mewah. kadang2 ikat perut juga. asalkn ada saving utk emergency. Saya mohon lepas ni jgn cari saya.,Ampang
2022-11-03 14:56:37+00:00,1588183372379361280,Zaki_Yamani_,"@f4kr0ls00d Sesetengah lain, PRU ni bulan ikat perut, abaikan keinginan.

Semua nya duit.",
2022-10-30 07:28:12+00:00,1586620972022394880,edenweill,"""saya senang selepas isi minyak rm5""
""selepas isi minyak yang diberi oleh parti be end saya tak ikat perut lagi""",Malaysia
2022-10-30 03:45:33+00:00,1586564939288031233,yeolahv,@aswaliaaa I tahu benda ni sebab pernah baca banyak article on it. They all FOMO sampai tahap menipu &amp; sanggup ikat perut for designer stuffs. Sedih gak,Malaysia
2022-10-29 02:10:00+00:00,1586178508698812416,morasaki12,📌 Rakyat dan Penjawat Awam perlu ikat perut untuk bantu kerajaan ( MP Langkawi Tun M ) https://t.co/81beywOx9e,"Johore, Malaysia"
2022-10-26 10:06:16+00:00,1585211201256292353,Amirulfaix,"Belanjakan je apa nak beli tapi ukur baju badan sendiri. Nak simpan boleh tapi jangan smpai ikat perut. Yang penting utamakan ibu bapa, adik beradik.
Klau ada pasangan sah, utamakan depa dulu",
2022-10-22 07:20:14+00:00,1583719864837238784,ibuumardanlilo,@NBLHAS Azab nya weh patut adik aku duduk sana mkn sehari sekali je. Laki pun kena ikat perut. Dia duduk area majidee. Aku tak boleh mikir kalau laki aku accept offer masa kt johor dulu. Intan kata anak dia nk tadika yuran tahunan pun dkt 4k. Nangis,Kuala Lumpur
2022-10-21 10:38:01+00:00,1583407251930640390,BENucche,"@RashidYusoff11 @anwaribrahim Eh, lebih baik padia hang ni? Aset duk juai sana juai sini, bagi 30ringek, suruh ikat perut, PTPTN x hapus, Tol x hapus..AES tambah lagi ada lah..yg mana 1 ni hang habaq lebih baik? Takut kami terlepas pandang 🙄🙏🏻",Kuala Lumpur
2022-10-18 10:43:55+00:00,1582321571712335872,ruzainiraub,Awalnyeee gaji bulan ni. Ikat perut nak tahan sampai bulan depan🥹,Shah Alam
2022-10-16 11:54:10+00:00,1581614476444303360,neyrashazeyra,"This is the reason why I want a dryer. Dekat Dobi, machine dryer pun jem semua overwork dah musim hujan. 

That's it! I'm gonna buy washer &amp; dryer. Biar lah ikat perut pun.",Malaysia
2022-10-16 05:31:33+00:00,1581518188080091137,peanutbahrin95,Hati aku dah mati nak ambil tahu pasal keluarga. Buat kita ni tiada apa2. Padahal balik kampung tiap bulan. Nak salahkan kita. Semua hasil gaji aku ikat perut aku sanggup beli apa yang patut. Bila begini update status Whatsapp story ibarat kita anak abaikan keluarga. Takpe lah.,"Fictionland, Cybernation"
2022-10-14 15:54:56+00:00,1580950288563048448,_aainanajwa,but later mun da duit rezeki lebih boleh kinek ikat perut,"Kuching, Sarawak"
2022-10-14 08:39:08+00:00,1580840618162806784,effie_mohamad,@Famy_Efrain Hahahahaha ikat perut sbb nak mewah katanya hahahahah,"Kuala Lumpur Federal Territory, Malaysia"
2022-10-10 15:01:23+00:00,1579487263742119936,Feekry4u,"@f4kr0ls00d Suh Rakyat ikat perut, dalam masa sama depa belanja sakan anak pinak sanak saudara......
🤬🤬🤬🤬",Sitiawan/KL
2022-10-10 11:56:54+00:00,1579440833795084289,safwanmajid,alamak kena ikat perut la saya beberapa minggu ni elaun lantikan politik saya da bubar- mmber saya pegawai khas menteri dolu2,"İstanbul, Türkiye"
2022-10-05 13:59:13+00:00,1577659679710191617,xatullee,Apak diaaa knpa semua benda nk bulan nii pokaii siotttt bulan nii aaahhhh tp lantakkk laa kann kita ikat perut je lah lepas ni 😫😫,"Muo → Klang Valley, MY"
2022-10-05 06:12:12+00:00,1577542151030050817,equeen_esmae,"Dengki nak mampos . Asal tengok orang lawa je kau cakap cucuk . Kalau ye pon, biar lah, dia berduit . Kau takda duit, kau diam jela . Tah² dia struggle diet ikat perut sebab nak kurus . Sedap kau je cakap orang . Pi kikis muka kau dengan kertas pasir tu dulu nonok","Kuala Terengganu, Terengganu"
2022-10-04 03:19:48+00:00,1577136378051457032,safwanashadi,"Kalau orang tahu orang takkan cakap macam tu ☺️ 

Ikat perut demi kebahagiaan orang.","Kedah, Malaysia"
2022-10-03 08:40:00+00:00,1576854567244877825,equeen_esmae,Ada lagi bucket list aku yang belum dapat . Tolong lah nakkk . Ikat perut sis . Cuz money returns . Time not sis . Demi YOLO 🤣😆 but i live twice .,"Kuala Terengganu, Terengganu"
2022-10-03 07:08:00+00:00,1576831417912545280,sherina_kamal,"Tip elak ikat perut setiap bulan 👍🏽

https://t.co/P0aIfZ6HgP https://t.co/CReIQeXkuZ","Selangor, Malaysia"
2022-10-03 00:41:12+00:00,1576734076085882880,Amninabilahx,1 week left before I need to go back to campus. so kena makan banyak2 nanti kat sana dah kena ikat perut,22
2022-09-29 12:59:52+00:00,1575470413353996289,Aida_kim,"Walaupon ade family belah abah, tapi kami x rasa dorg ada. Sebab xpernah datang jenguk walaupon hanyalah sejengkal. Mama selalu pesan kita usaha sendiri jgn nk harapkn org. So mmg kami 3 beradik( sblm adm lahir) dh terbiasa susah, ikat perut apa semua",
2022-09-24 08:59:10+00:00,1573597901695385600,Thiban_ben,"Ekonomi tenat, nilai ringgit jatuh, krisis ekonomi bakal melanda, duit pampasan untuk mangsa banjir lepas pun belum selesai lagi kini rakyat terpaksa ikat perut untuk menghadapi monsun. PM @IsmailSabri60 Relax je bawah Pemimpin UMNO lawatan sambil belajar🤗 Hidup Penyu!",Bestari Jaya (Batang Berjuntai
2022-09-16 19:55:17+00:00,1570863915680272385,alinanishaq_94,"Mak: kt kg ni makan la banyak2 @ puas2. Nanti dh balik sana (ipoh) ikat perut je.

Me: 🥲bkn trpksa ikat perut mak, tp tu laaa. Mlm mana nk makan sgt sbb nk tido je🙃","Perak, Malaysia"
2022-09-14 06:36:21+00:00,1569938081180192769,faizshukur94,"Nak suggest korang kereta below RM500, selalu aku mesti bg tahu customer nak beli kereta ikot kemampuan jangan ikat perut semata bayar hutang . Harga untuk Perodua Axia Gxtra

New Axia 1.0AT Gxtra
Otr price- *RM36,104.55*
7 years- RM475
9 years- RM390
𝑭𝒖𝒍𝒍 𝒍𝒐𝒂𝒏- 𝑹𝑴434 https://t.co/ftndeeLCo0",Kuala Lumpur Federal Territory
2022-09-12 14:51:05+00:00,1569337811119243264,bukanEXawak,"@brgsjks kalau mcm member aku dulu kawen awal gak, umur 20 preggy masuk kitchen, grad dgn suami. sblm kawen dia dpt duit mara langsung tak belanja byk pun betul2 ikat perut. so dpt lah dia kawen dgn duit mara laki bini kumpul. utk belanja study dpt, kawen pun dpt.",
2022-09-12 03:11:58+00:00,1569161872804552705,equeen_esmae,Tapi memang betul lah . Aku kira punya kira pon dah 20k hanat . Setahun aku simpan 10k . Kerja makan gaji . Memang aku ikat perut kaw² punya . Walaupun belum ada calon lagi . Tapi simpan jela 😅,"Kuala Terengganu, Terengganu"
2022-09-11 02:30:24+00:00,1568789022465748993,nizxmshxms,"Teringat la you… 

Masa form 4… 
Kau la terpaling ikat perut untuk beli CD Album. 

And CD Itu adalahhh … 
Laskar Cinta. 

Ahhh love!",Kuala Lumpur Federal Territory
2022-09-09 05:16:12+00:00,1568105972337623040,AkeySuhaimi,@ainuraffni Sama lah klong pon. Klong xnk fikir lg. Nnti tgklah tua nnti kua duit kwsp tu bru beli rumah. For now kaklong nak enjoy dlu malas ikat perut.,Bandar Tasik Selatan
2022-09-07 09:01:18+00:00,1567437846948216832,_aisar99,Ikat perut la bulan ni,"Liverpool, England"
2022-09-06 03:47:32+00:00,1566996497211990018,musangbatu,@dyanna2909 Tu ar. Ikat perut,"Petaling Jaya, Malaysia"
2022-09-02 12:08:33+00:00,1565673030470160384,Syamsul55510244,@Haris67975397 Orang Arab YAMAN ini didikan soeharto apa SBY ya ..???  sebab antara apa yg di KATA kan dengan yg dia BUAT kaga ada NYAMBUNG nya sama sekali ..😡  kencangkan ikat pinggang (padahal perut dia BESAR) dan katakan tidak pada korupsi (padahal KORUPSI dan MANGKRAK) ada pd dirinya ..😛,
2022-09-02 11:51:38+00:00,1565668770764697600,Vandeeta3,"@stationsj070 Yeap it's true bro..easy money but when win PRU janji dicapatikan, rakyat ikat perut #30Hinggit","Semenyih, Selangor"
2022-09-02 03:26:15+00:00,1565541587173900288,moshie_mosh,"Aku tak payah nk ikat perut macam dulu. Adam tiap kali keluar dgn ayah, minta je dapat. 😂Tapi tak Best kene pjj je la. 😂😂

Tu sbb aku cakap, ujian lain-lain. 😗",Rasa|kemaman|kajang|muar
2022-08-31 10:57:16+00:00,1564930314320785408,bangmaan,"gaji masuk settle hutang2 je, lepastu sambung ikat perut semula 😂",
2022-08-30 06:38:33+00:00,1564502819876777985,hi4tuff,Dah semua bende rakyat kene jaga. Ikat perut semua rakyat la. Menteri sedap dkt atas makan besau. Eh takde takde jangan nk suruh rakyat ikat perut kalau menteri yang bertanggungjawab jaga harga makanan,
2022-08-27 18:25:48+00:00,1563593637765689344,hirman74,Hari kena panggil mahkhamah konon sakit perut masuk wad. Hakim² bila puak² umno ni jangan bagi / tarik balik ikat jamin tu. Umno Penderhaka memang tak hormat langsung Kedaulatan Undang² @MYJudiciary,"Salor, Kelantan"
2022-08-25 11:06:12+00:00,1562758233521278981,hafizahmad__,Mahal jugek aj4 ni. Terpaksalah ikat perut bulan depan 🥲. Tu pun kalau dapat la hahahaha,Bumi
2022-08-24 09:39:24+00:00,1562374001250676736,naf154,Kita ketawa kan aje la.. all these while: rakyat ‘ikat perut’; orang Melayu malas ; rakyat - jgn harapkan duit dari kerajaan.. so what exactly have you done to please the rakyat? Rakyat do not appreciate this unfairness by the judiary towards Najib..pls la Atok just shut up!,"Kuala Lumpur, Malaysia"
2022-08-23 15:19:11+00:00,1562097122463191040,frododastan,"Betul pendapat masing-masing. Tapi terkejut jugak bila dengar ada org kesian dekat najib. Like wtf, this mfk never kesian dekat kau pun. Dia kena bayar 210juta dia dah makan berapa banyak pulak. Kau nak pergi makan meatball kat ikea pun kena ikat perut seminggu.",Malaysia 
2022-08-20 14:15:25+00:00,1560993914714071040,MrMuza,@Syasharuslan_ Dah boleh start ikat perut dah sampai hujung bulan 🥲,Kuala Lumpur 
2022-08-19 13:42:05+00:00,1560623136751906816,ainonom,@ikNOwcQiN Bahahahhaha. Seronok ada ot. Yg takde ot ni nampaknya kena ikat perut lah sebulan dua. Ngam sekali pakej kurus tengok bp🤣🤣,Petaling Jaya
2022-08-16 09:10:45+00:00,1559467689567191040,rajeazie,"Td naek canteen,tali kasut terbuka…ak pon ddk nk try ikat…tp 2/3 kali ak cb xboleh2 sbb perut dh besar..Alhamdulillah dtg seorg operator tlg iktkn tali kasut ak…tibe2 dtg rase sebak 🥹..Ya Allah terima kasih atas kehadiran org2 yg baik lam kehidupan ak 🤲🏻","Puchong, Selangor"
2022-08-14 14:38:54+00:00,1558825494040088576,MrMuza,Dah boleh start ikat perut dah untuk 2 minggu berikutnya,Kuala Lumpur 
2022-08-12 12:40:42+00:00,1558070975027355648,Fatinmashanim_,aku ikat perut takpa. jnji dapat tunaikan apa mak abah aku nak 🥰🤲🏻❤️,"Johor Bahru, Johor"
2022-08-12 05:17:23+00:00,1557959411574149120,yeolahv,"@antaintiom Kalau I jadi menantu dia pun I makan hati. Kita ikat perut nak bagi cukup, dia boleh berjoli sakan centu je 🫠",Malaysia
2022-08-12 03:05:37+00:00,1557926247929245696,abcepaa,seksa lah ikat perut😣😣😣,Malaysia
2022-08-06 05:40:43+00:00,1555790954380296193,morasaki12,"22 bln jadi PM kerajaan @pakatanharapan_ dia terus buat retorik, negara nak muflis pasal bnyk hutang. Pinjam dgn Jepun, pinjam sana, pinjam sini 👉 akhirnya dlm sekelip mata negara dibelenggu hutang. Rakyat kena ikat perut, usah mengharapkan subsidi je 😭","Johore, Malaysia"
2022-08-06 03:38:08+00:00,1555760105102397440,syamimhanz,Ok guys now im officially repurposing my savings to go to swiss. Ok bye ikat perut. No more branded stuffs.,Malaysia
2022-08-04 16:02:46+00:00,1555222724087189504,morasaki12,"Tun Mahathir serta kroni dan para taikun tak kisah pun kesusahan rakyat khususnya org Melayu.

Sebab itu dulu semasa dia (Mahathir) berkuasa dia kata jangan iri hati kpd org kaya, bila rakyat susah dia suruh rakyat ikat perut dan jangan harap bantuan kerajaan.","Johore, Malaysia"
2022-08-04 10:56:51+00:00,1555145735913771009,hssyazlyana,"Taknak fikir sangat bab intern ni, just nak go with the flow je. Tapi bila kira kira, kalau ikat perut pun sehari belanja rm30 dah. Office hour 9-6 tapi kena keluar rumah 730am and balik 730pm sebab kejar bas. Is this all worth it, Ya Allah ? 😔",Malaysia
2022-08-02 16:40:57+00:00,1554507555296010240,sambertenang,"@heyitsmehafiz @najmiedespanik Hobi boleh on off. Main band tinggal lama sikit berkubur. Ikat perut kaw kaw demi satu rilisan lagu. Kena cara, dapat sambutan. Tak kena cara, lagu tu sekadar angin lalu. Punca bandmate tak kekal, ada komitmen anak bini diutamakan. Kecuali anak loaded.",Cyberjaya
2022-08-01 10:47:45+00:00,1554056282801590272,hnhanim,"@mohdkautharr At the minimum, boleh bayar commitment bulan2 + simpan duit bulan2 tanpa ikat perut. At the maximum, ofcourse boleh beli apa2 saja yg kita nak, belanja orang tanpa berkira kira",
2022-07-31 14:14:52+00:00,1553746015865384960,simplet0nn,"@itnotrealme Tu laaa. I xde la sampai ikat perut just kita pn ad planning kita kan ngan gaji kita. Yang mana nak simpan yang mana nak labur, belanja. Bila dia pinjam kacau la sikit, terpaksa cut planning","Kuala Lumpur City, Kuala Lumpu"
2022-07-28 03:25:14+00:00,1552495369744879618,umarehudona,Setuju. Tepuk dada tanya selera. Kita je yg tau selera hidup kita mcm mana. Tak mustahil baru tengah bulan dh kena ikat perut tp hati memberontak nak itu ini. Lepastu gaduh.. lg2 bila dh ada anak nanti banyak yg kena pikir. Keluar parking pn minyak dh jln weh..,"Pahang, Malaysia"
2022-07-25 09:01:03+00:00,1551492715489423360,Ciksyema1990,Lepas bayar2 segalanya.ini la tinggal attui.ikat perut la ibuku nara https://t.co/K18uHchePN,Hometown~Sandakan
2022-07-22 05:06:48+00:00,1550346599573794816,Thiban_ben,"Hello rakyat, tolong ikat perut berjimat cermat. Krisis ekonomi dan hutang negara lebih 1 trillion tapi rakyat harus berjimat. Menteri hidup mewah 🙌🏻",Bestari Jaya (Batang Berjuntai
2022-07-19 21:33:37+00:00,1549507777898303488,PiaPinah_MH,"Menteri naik gaji...rakyat ikat perut...kalau hari hari macam ni kan, letih la sial..... begini ape bende hanat....haosailiou hongco saula co mianggo shiau wa cou cibai aaaa
#cp","Kota Kinabalu, Sabah"
2022-07-19 00:33:39+00:00,1549190696824815616,_hx_na_,Dah la nak ikat perut. Bye everybody. Boleh dah plan perancangan kurus,"Batu Pahat, Johor"
2022-07-18 11:14:38+00:00,1548989619596718080,yein654,Bulan 8 konsert Anuar Zain. Bulan 9 konsert Dewa 19. Adik aku ajak konsert Billie Eilish pulak dah. Ni tak berebut tiket konsert Siti lagi ni. Mampos ikat perut 3 bulan,"Selangor, Malaysia"
2022-07-18 01:56:44+00:00,1548849218718429184,nmmutslaaa,Sib baik pakai axia semua within budget pastu every month dapat makan sedap tanpa ikat perut. Cuma tak pakai iphone lah tapi 🤭,
2022-07-17 09:56:02+00:00,1548607451364093958,ab_yunos,Ingatkan nk suroh ikat perut...,
2022-07-15 15:29:55+00:00,1547966698149449729,RameshRaoAKS,@MalaysiaGazette Ikat perut??,"Bandar Kuala Lumpur, Wilayah P"
2022-07-15 03:28:16+00:00,1547785088305602560,Manissaniss,Bill oyen takat harini je 625 ya😂😂.i swear to god i akan ikat perut kawkaw,
2022-07-09 08:47:53+00:00,1545691196731043840,yessayaadib,"Perut depa dah besaq,mana boleh ikat",
2022-07-08 18:17:00+00:00,1545472031520526337,ahmimad_,"And my uncle from my mom side is penagih. He tak minta my mom duit but everytime dia dia kena tangkap, my mom kena share money with my nenek untuk jamin dia. My mom kena share duit untuk send the money to prison. While me as a child? Ikat perut. Makan sukat2",
2022-07-07 12:45:50+00:00,1545026301316067328,OrangLa52912933,"@AlterEgos_69 @MatthewShanmu10 saya Tweet dan Like
yang
""Sanusial"" itu
Terima Kasih
Lagi pun,baru lagi berita Rakyat kena ikat Perut dan Jangan Bergantung Pada Kerejeen DaP dan PHancing Sekereng Ene
TADBIRRRRRRRRRRRRRRRRRR",
2022-07-05 07:56:40+00:00,1544228755681722368,sourplumx2,"Asyik suruh orang ikat perut, perut kau yg buncit mkn rasuah itu mcm mana.. Benci la",🇲🇾
2022-07-04 14:20:22+00:00,1543962930320146432,Mohdfaiz13,"@SyafiqAbum @razlanrafii Pasal ada inflasi la kene tarik subsidi sebab kuasa membeli makin ramai sebab harga barang naik sikit pun masih ramai yg mampu beli. Time kerajaan lepas berlaku kemelesetan ekonomi, ramai yg hilang pekerjaan sebelum pkp. Pastu suruh ikat perut bantu kerajaan, USD 1 pun masih RM4.","Shah Alam, Selangor"
2022-07-04 08:48:01+00:00,1543879288973275136,farahnaabilah,start ikat perut uhu,Malaysia
2022-07-04 01:15:56+00:00,1543765520985780224,JamalThaRebel,"@hanzsolobsp marahnya. kenapa Melayu misken suka marah-marah ni. dah sarapan belom, ke kena ikat perut sebab family ko takde duit🤣🤣","Mont Kiara, KL"
2022-07-03 08:23:09+00:00,1543510643382243328,RameshRaoAKS,@MalaysiaGazette Bukan Kerajaàn ikat perut macam puak Hancing PakatanHarapan,"Bandar Kuala Lumpur, Wilayah P"
2022-07-01 16:40:51+00:00,1542911118632296448,FatinKhalil,"Syukur atas rezeki yg tak putus putus. Hujung bulan boleh makan sedap. Awal bulan lg laa. Tgh bulan yg ramai ikat perut pun still boleh makan sedap2. Hurm, for everything happen. Allah still bersama aku ngn kamil 🥺",Kuala Lumpur.
2022-06-28 09:59:51+00:00,1541723039095607296,tok_asyraf,"ni tggal bukti..esok naik menteri, kalu buat bideo mkn megi mmg proven dari dulu mkn megi..
ni c*#&amp;@ pkai baju designer pastu buat vid citer kesian mkn megi..
pastu suh rakyat ikat perut..
~Fadli Salleh https://t.co/nbH524cgXB","Sungai Rambai, Melaka"
2022-06-27 11:01:57+00:00,1541376280381124608,frifhan,@JesikaMin Ya allah tin. Aku rasa aku nak ikat reben hadiah kat perut dia,kuala lumpur
2022-06-26 01:18:25+00:00,1540867042374733824,DumanGonsu,"Marilah ikut saya belajar ikat perut,caranya beli tali rapiah di kedai dan teruskan ikat perut. https://t.co/ijn6ilQky8","Sabah, Malaysia"
2022-06-23 13:52:30+00:00,1539969649567080449,syirasuman,Aku rasa dah boleh ikat perut dah ni dari skrg.....langkah berjaga jaga.,Malaysia
2022-06-23 12:31:27+00:00,1539949252075753473,komunitisaham,"Antara dua darjat. 

Satu kena ikat perut, satu lagi dapat tambahan elaun sehingga RM 480 k 

Hok ni agaknye mat saleh dok kate “The rich get richer &amp; the poor get poorer” https://t.co/rvlVExxme5",Malaysia 🇲🇾
2022-06-23 05:01:07+00:00,1539835924225220608,d_banggol,@DenciShahrizal Semua subsidi ditarik. Rakyat ikat perut. Takpe nanti kita kaji bantuan UTK B40 katanya...yg golongan lain mcm mana....,
2022-06-22 23:54:25+00:00,1539758738957291520,yaakub_abu,"@bawangmana Ikat perut, Pakai barut tak nampak buncit https://t.co/w7g87Ke6qc",
2022-06-22 14:51:58+00:00,1539622228559400960,Mohdfaiz13,@RasidAbuBakar Asalkan tak disuruh ikat perut bantu kerajaan.,"Shah Alam, Selangor"
2022-06-22 12:09:53+00:00,1539581439746134021,encikzapa,"Ramai tak faham istilah bantuan.
Yang hari ni disebut Bantuan tambahan.
Jadi kalau sebelum ni RM400, nanti akan dapat RM500. Siapa nak bagi? 

Korang nak harap PH? Dia suruh ikat perut je nanti 😅","Kuala Lumpur,Puchong,Putrajaya"
2022-06-22 12:09:44+00:00,1539581399610839040,encikzapa,"@IsmailSabri60 Ramai tak faham istilah bantuan.
Yang hari ni disebut Bantuan tambahan.
Jadi kalau sebelum ni RM400, nanti akan dapat RM500. Siapa nak bagi? 

Korang nak harap PH? Dia suruh ikat perut je nanti 😅","Kuala Lumpur,Puchong,Putrajaya"
2022-06-21 06:16:33+00:00,1539130132740587520,Mohdfaiz13,"@HamdanRukun Dulu kata Melayu malas, pastu suruh ikat perut &amp; jangan dengki kat orang kaya.","Shah Alam, Selangor"
2022-06-20 23:34:29+00:00,1539028946502635521,solehkyo,Semoga semua yg pernah rasa ikat perut untuk makan dimurahkan rezeki pada masa akan datang,"Perak, Malaysia"
2022-06-20 12:27:22+00:00,1538861063466516481,aidahssn,"Done beli khemah, mari ikat perut💸🫰",Kuala Lumpur/Jakarta
2022-06-20 12:08:18+00:00,1538856263777284096,pinkpistachio96,I need to ikat perut dari makan sedap².  just because of saving money 🥹,"Malaysia, Kuala Lumpur."
2022-06-19 17:47:53+00:00,1538579336177016835,Nis_Ross,Kesian nanti ramai student susah nak dapat access to nutritious food. Sampai sakit. Sebab nya terpaksa ikat perut nak jimat. Terpaksa makan nasi lauk telur seharian bawak ke malam. Tapi tu lah. Tengok ramai pulak yang support.,State Of 9
2022-06-19 02:44:55+00:00,1538352093815136256,Vandeeta3,"@Ayahanda_MD @umnoonline @zlk69 @Alamurni @bossku_team @fikhwanBait @Bossbm17 @hanifhanif88 @hamimahothman4 @1rmf5 @DrZahidHamidi @morasaki12 @romonicastro Kenot brain ""Melayu Pemalas"" ""Rakyat Kena Ikat Perut""  yg paling atas sekali ""Ini Semua Salah Najib""","Semenyih, Selangor"
2022-06-16 03:14:50+00:00,1537272460034207744,Suraya4Aziz,"Budak2 Kelab UMNO dengan menteri ni yg konon prihatin ni takde kerja lain eh?

Hoi! Budak2 Melayu dekat IPTA/IPTS hari2 ikat perut, hutang PTPTN, hidup mengemis kau tak nampak eh?

Serious laaa korang semua ni dah out of touch dgn rakyat marhaen!

Gila!","Petaling Jaya, Selangor"
2022-06-16 00:30:28+00:00,1537231096756068353,srahnst,"Sedih tengok, berapa ramai student uni local bergantung pada ptptn ikat perut makan sehari sekali, tapi yang duduk london siap dapat melancong europe dapat tambah elaun. 

Sesungguhnya kiamat dan akhir zaman itu benar.","Petaling Jaya, Selangor"
2022-06-15 01:26:25+00:00,1536882787583545345,Hamba11_,"Sama aja dengan menteri di isketambola malangsia. Rakyat ikat perut, menteri dan keluarga mentekedarah harta negara.",
2022-06-12 02:18:49+00:00,1535808812304568320,amolnisrino,kereta dah start kena parking atas ni bermula lah ikat perut.,KL || MANJUNG ⚒
2022-06-08 10:37:38+00:00,1534484791802097664,rafhanahross,@balqisauni_ Hahahahahah nampak saya besar lah eyyyy. Pastu susah betul ikat ikat dekat perut dahlah uncit😩,"Temerloh, Pahang"
2022-06-08 07:56:05+00:00,1534444138103308288,RameshRaoAKS,"Thai dan vietnam (pengeluar ke-2 &amp; ke-3 terbesar beras dunia) pun tgh berbincang kemungkinan naik harga beras

Pork di thai pon naik 19% berbanding tahun lepas, sardin tin naik 12% 

Tuan-tuan, zaman Pakatan Harapan  rakyat pulak disuruh ikat perut ,","Bandar Kuala Lumpur, Wilayah P"
2022-06-08 02:23:44+00:00,1534360500091379714,mluthfiramli,"@OkinaFitto Tu lah. Budak2 muda skrg ni semuanya underpaid. Gaji bawah 2k, nak buat credit card pun payah, nak buat installment beli motor lagi payah. 

Kdg ada yg terpaksa ikat perut semata utk keperluan penting.","Ampang, Wilayah Persekutuan Ku"
2022-06-07 14:49:48+00:00,1534185863222939648,nawawi_nomli,@amirrulashraf_ Ikat perut pkai tali ropeah,
2022-06-07 03:22:03+00:00,1534012784878374913,api_alat,"Ikan keli, goreng berlada.
Enak dimakan, lemak belut. 
Gaya membeli, orang berada.
Tengah bulan, ikat perut.",
2022-06-02 15:16:44+00:00,1532380703895474176,dojeemxx,"@501Awani Senang je nak dapat balik. Cut spending untuk majlis rasmi, dan semua benda. Belajar sikit ikat perut anak bini tu. Rakyat boleh, takkan diorang tak boleh.","Kieve, Deutschland"
2022-05-30 15:34:28+00:00,1531298002564173824,bas0ng,"500 ribu ga seberapa,  tapi utk anak kos yg kmrin masang Liverpool kamu harus ikat perut dulu sampai bulan depan. 
Cukup bangga kok sama permainan Liverpool 🙂",
2022-05-27 14:42:08+00:00,1530197666604675078,rafhanahross,Kesian gila doe kawan aku dah kumpul duit nak kahwin. Kerja teruk gila sampai ikat perut last last hanet girlfriend dia tinggalkan dia😩 i tahu dia nak attention tapi break up is not the only solution.,"Temerloh, Pahang"
2022-05-25 16:21:27+00:00,1529497887628939264,ahmdzamirr,sekarang sekali makan pun 8 inggit makan 2 kali sehari seminggu minyak 50 lak fuh memang kene ikat perut zaman sekarang,Warung Pak Jabit
2022-05-23 22:11:52+00:00,1528861296023990273,WilliamChua007,@hmetromy Roti canai rm0.50 ? Bolehkah share location. Sekarang harga semua benda sudah naik. Kita perlu ikat perut dan mengamalkan sikap berjimat-cermat.,"Selangor, Malaysia"
2022-05-18 07:48:01+00:00,1526831963801550848,F_SyimaM,"Semalam tengok cinta 100kg kat netflix
Sherry kata, nak ikat suami kena pikat perut dia
Pastu sharifah amani kata, pepatah melayu dulu2 menindas golongan wanita

Aku cam... Erkkk","Setapak, Selangor"
2022-05-18 04:20:29+00:00,1526779735581540352,rhshzar,"Biar orang nampak hebat, tapi ikat perut sampai hujung bulan. Biar hebat di jalanan, tapi rumah flat. 🤪

Kereta itu liabiliti. Faham tak?",
2022-05-17 08:39:19+00:00,1526482482480050176,wahab388,"@501Awani Tun mudah lupa..sendiri letak jawatan, tiada siapa yg buang dia, 22 Bulan masa jadi PM, Tun suruh Kami ikat perut, 😁😁😁😁",Petaling Jaya and Penang
2022-05-16 12:16:37+00:00,1526174780831191042,morasaki12,"22 tahun + 22 bulan lamanya menjawat jawatan PM 👉 temberang saja lebih @chedetofficial @MukhrizMahathir @Kelab_Chedet @PejuangRasmi kalau bukan keluarga dan kroni, jangan mimpilah nak bantu, disuruh ""ikat perut"" lagi ada 😭😭😭","Johore, Malaysia"
2022-05-12 22:11:25+00:00,1524874914531921920,JaafarSidek6,Ikat perut ..opr,
2022-05-12 14:15:59+00:00,1524755267791261698,azziqaziz,Hahahaha kurangkan gula ya dan perlu ikat perut tibeh #DebatPerdana,"Selangor, Malaysia"
2022-05-12 14:15:33+00:00,1524755161310466048,Zkwxnn,"Anwar: Kalau susah ikat perut. 
Najib: Kalau harga gula naik, kurangkan gula.

#DebatPerdana",Leave Me Alone 🙇🏻‍♂️
2022-05-11 23:48:13+00:00,1524536890611073024,muhdfirzuan,"kdg2 org yg buat 2/3 kerja ikat perut tu tah2 dorg tu calon pun belum ada, 

tapi dorg terpaksa buat sebab kalau mengharapkan 1 sumber pendapatan je memang tak cukup la, bukan semua org starting2 kerja gaji Rm5-10k/monthly",kuala lumpur (city life)
2022-05-11 00:40:47+00:00,1524187731718381569,IganatiaEbi,"@traxxfmofficial @elsDines @alvinsinclair I was in ROTU which is actually a curriculum during uni, &amp; since I earned money I considered it as a job. And I purposely join that because of the allowance. Besides, uni students are meant to be broke, eating maggi &amp; ‘ikat perut’ is all part of the experience",Malaysia
2022-05-09 14:29:24+00:00,1523671484291776513,mhmmdmrl_,Bulan ni dah overspend. Kena start ikat perut😮‍💨,"Malacca, Malaysia"
2022-05-08 00:13:03+00:00,1523093587310694401,MohdShubhi,"Selisih dgn jiran tadi

S: Tak balik Terengganu ke?
J: Balik!
S: Jem tak?
J: Tak jem, tak raya la!

Betul juga apa yg dia kata tu. Semua cabaran yg ada itu serlahkan lagi suasana hari perayaan.
Barulah terasa kemeriahannya.

Happy ikat perut semua!","Petaling, Selangor"
2022-04-23 07:59:21+00:00,1517775115484016641,xnurulhudax,Awal bulan duit dah banyak habis ke kereta time hujung bulan ikat perut la barang raya apa pon tak beli lagi 😂😂,Taiping
2022-04-21 14:06:41+00:00,1517142785819697155,fieza_sudin,Berpuasa konon nak merasa kesusahan orang susah. Dorang even bukan bulan puasa pun ikat perut and telan air liur je bila tengok kita makan sedap-sedap. Tetiba bulan puasa bila ada non-Muslim/orang tak boleh puasa makan terus triggered.,"Anfield, Gombak"
2022-04-19 12:27:56+00:00,1516393158698885121,OchiShoveeya,@AzumiAzuka @JUSTB_Official Harusnya ikat perut limji lasih ijo mint...terus ikat pinggang chuji juga..mreka trlihat soft dan elegan,"Yogyakarta, Indonesia"
2022-04-10 07:46:46+00:00,1513060907554725891,Haswani_Azizi,Next month RM400 sebulan. Bersiap sediaaa laaa lepas ni. Ikat perut.,"Kulim, Kedah"
2022-04-09 02:06:09+00:00,1512612801264910336,Aisamuddin_Nur,"𝐊𝐄𝐍𝐀 𝐈𝐊𝐀𝐓 𝐏𝐄𝐑𝐔𝐓 𝐔𝐍𝐓𝐔𝐊 𝐊𝐀𝐘𝐀?

""Adakah perlu 'ikat perut' utk kaya?""

Tak perlu.

Kos besar yg membebankan kewangan kebanyakkan drp kita bukanlah kos SARA HIDUP.

Tp kos GAYA HIDUP.

Jadi gaya hidup yg tak sudah2 itulah yg perlu ""diikat"", bukan ikat perut!","Tanjong Malim, Perak"
2022-04-08 16:58:23+00:00,1512474950166200324,petanirumah,"Hernia berasal dari bahasa latin hernia, yaitu menonjolnya isi suatu rongga melalui jaringan ikat tipis yang lemah pada dinding rongga yang membentuk kantong dengan pintu berupa cincin, hernia ini sering terjadi di daerah perut dengan isi yang keluar berupa bagian dari usus.","Pekan Baru, Riau"
2022-04-07 06:05:35+00:00,1511948280283815936,yanasyrfftxn,"Orang tu ikat perut, tahan diri belanja itu ini untuk banyakkan saving. Susah payah kumpul duit, korbankan bermacam kemahuan. Awak pula taknak menyimpan, boros berbelanja. Bila ada emergency, pinjam kat orang yang dah bersusah payah menyimpan.. 😕 semoga ada lesson learned lah.",MARL
2022-04-05 15:59:53+00:00,1511373064327421961,kiddiepax,B4 category pun tak layak nak dapat apape bantuan. Padahal ikat perut jugak. Bayar cukai sama je macam orang lain. Hmm...,
2022-04-03 21:16:40+00:00,1510728011771162625,AzahaZu,"@BennStyles Bukan not bad, very bad utk marhaen mcm sy ni😭😭😭ikat perut la jawabnyr",Kuala Lumpur
2022-04-03 10:49:33+00:00,1510570192748748800,mnurashrullah,Jun mat... Ok ikat perut gais,"Johor Bahru, Johor"
2022-04-01 09:54:06+00:00,1509831460722978817,n_sffr,"dugaan betul. sebulan pakai phone spare battery rosak, then bila screen dah okay battery pulak rosak. macam². sudahlah memang tiada duit, sale langsung nda masuk, ikat perut mau makan.. tekanan bagus beli baru tapi duit pun tiada macam mana la ni mau hadap. https://t.co/4GtC9k6TXW",Malaysia
2022-03-30 06:52:00+00:00,1509060858608951299,GhazaliResab,Ada pelajar wanita  dari Kelantan dapat pinjaman PTPTN boleh belanja &amp; hantar balik ke kampung bantu ibu bapa dia yg menoreh getah Dibimbangi mahasiswa dapat pinjaman PTPTN &amp; Biasiswa beli hp canggih beribu beli motor merempit dan beli barang yg x perlu lepas itu makan ikat perut,
2022-03-30 03:33:36+00:00,1509010931166363649,ardinazabidi,"even family aku M40 pon aku faham bila diorang cakap ""ikat perut"" . duit ibu abah ada je tapi kadang takut nak mintak . pernah banyak kali gak ah bila orang tanya ""makan tak?"" , sanggup cakap takpe aku makan petang, sbb petang ii harg murah sikit 🤣🤣","Parit Buntar, Perak"
2022-03-29 11:07:14+00:00,1508762704324231168,NurShakilaa,"Kajian kepala otak hampa. Rakyat marhaen ni hujung nyawa ja dok bertahan utk survive. Kami cuma mntk naik min basic ja tu pun beratus kajian nak buat. Hampa gaji beratus ribu takpa lah, semua ada elaun. Kami nak bayaq bil bulan pun smpai ikat perut!",Penang | Kuantan
2022-03-28 08:37:07+00:00,1508362537267773440,realyuyun,"Alhamdulillah settle loan kereta. Masa untuk ikat perut semula 🤣 Bye gaji bulan ni hahahah, twas a short meet up with you 🥲💸 https://t.co/NKYDQGqJmN","Setul, Negeri Sembilan"
2022-03-27 08:31:30+00:00,1507998736685088773,lizasabarina,"@SimpletonED Naik grab. Saya tak suka bersesak,pening kepala. Cuma kena jimat,ikat perut sikit. Itu saya. Org lain saya X pasti. * X boleh berpanas, berpeluh. Mudah pening.","Ulu Langat, Selangor"
2022-03-25 13:41:18+00:00,1507351922910859265,amolnisrino,Hujung bulan dah masuk kolej memang kena ikat perut.,KL || MANJUNG ⚒
2022-03-25 13:36:29+00:00,1507350712401170438,Aisamuddin_Nur,"""Adakah perlu 'ikat perut' untuk kaya?""

Tak perlu.

Kos besar yang membebankan kewangan kebanyakkan daripada kita bukanlah kos SARA HIDUP.

Tapi kos GAYA HIDUP.

Jadi gaya hidup yang tak sudah-sudah itulah yang perlu ""diikat"", bukan ikat perut!

Mentor Mohd Zulkifli Shafie","Tanjong Malim, Perak"
2022-03-24 03:15:19+00:00,1506832001181298693,EdanShila,@MRizuanmh Bergabung hanya Utk tumbangkan BN itu je. Lepas tu raykat ikat perut la .. jgn cemburu dgn org kaya.,Kuala Lumpur
2022-03-21 03:58:54+00:00,1505755806415097856,xnx_xhmxd,"@Soulzeshifter @VampurrN @Azfarovski And the guys, pakai la kain pelikat masam bawah perut yg buncit, terburai la ikat pun ala kadar 🤪",shah alam
2022-03-20 10:21:00+00:00,1505489577301413889,queeeeendaisy,biar la aku ikat perut jangan miko dengan oyen meow meow meow,
2022-03-16 12:46:12+00:00,1504076565722050564,FAliaHMS,"Jangan keluarkan, jika boleh. Biar ikat perut sekarang utk keselesaan masa depan. That's just me la, korang nak keluarkan juga, buat.",Kuala Lumpur City
2022-03-15 11:49:25+00:00,1503699890295123968,F4rhan99,Dh kena mula ikat perut ni😵‍💫,
2022-03-13 12:49:33+00:00,1502990246367346693,morasaki12,"Jumlah undi yg PujaWang dpt sebenarnya adalah jumlah ahli mereka di kawasan itu.

Jika 30 undi, 30 org je ahli disitu.

Org kena hina, org kena ikat perut, org kena label malas, jgn iri hati kpd org kaya. Takkan sebodoh itu org Johor nak undi parti org kaya zalim.","Johore, Malaysia"
2022-03-07 10:40:08+00:00,1500783348125290496,siachrstrosie,"Parahnya lagi tangan megang salonpas. Klo panasnya koyo udah ilang langsung ganti baru.

Taruh tdk hanya di punggung,perut,rusuk telapak,leher dgn bahuuu skrng su tidak masuk akal macam ikat pinggang. Sakit sekali Yesus e..",Saturn - Ende 
2022-03-06 14:30:18+00:00,1500478885204410368,Nora_Hx,"@Thehulkey Slow2 kurangkan monthly expenses. Apa boleh cut, cut. Bukan suruh ikat perut, tp berpada. Spending all of your income is a No No. patut ada saving 1/5 dari gaji. Dgn extra duit tu, tutup expenses 1-1. Makin lama makin bnyk duit extra utk greater saving.",Malaysia
2022-03-05 13:20:49+00:00,1500099012992860162,alohapuj,Ikat perut biar bisa beli tiket &amp; nonton prambanan jazz. Bismillah,Solo
2022-03-02 06:31:54+00:00,1498908938896838663,morasaki12,"Jangan lantik kerajaan penyamun lagi. 

Habis semua duit dan harta rakyat kena sebat.

Aset negara dia jual ikut suka, Petronas sampai kering dia kikis.

Rakyat kena ikat perut time tu 🤨 ! https://t.co/Lm95NsIT2j","Johore, Malaysia"
2022-02-27 23:41:37+00:00,1498080913158144000,asrulaffendi13,Tali pinggang nie bukan ikat seluar je.. Dia ikat perut sekali,"Bandar Melaka, Malacca"
2022-02-26 20:11:05+00:00,1497665543381590016,wantogey,Hehehe bulan depan nak guna duit lebih sikit hehehehehe banyak benda nak kena tukor hehehehe tinted kereta dah nazak hehehehehe nak ke ganu lagi dua minggu hehehe hujung bulan ikat perut hehehe,Penang
2022-02-22 02:47:03+00:00,1495953250356719616,rashdanmarzuki,@cencarubakar @aimiafrina_ Tak nak la nanti kau tweet sendu setiap hari sebab ikat perut nak bayar kereta,"Johore, Malaysia"
2022-02-21 04:25:02+00:00,1495615523073282055,sayaaqbar,"Pengalaman ngajar haritu, guru disiplin tu akan rampas siapa bawa phone. Tapi akan dipulangkan waktu balik. Hp tu hak milik peribadi murid, jangan lah buat macam tu(dalam vid). Barang tu dibeli pakai duit yang halal, ada yang sampai ikat perut nak beli phone.","Hulu Selangor, Selangor"
2022-02-16 12:27:34+00:00,1493925015158345728,wahab388,@saifulv39 Ikat perut la jawabnya rakyat Johor.😂😂😂,Petaling Jaya and Penang
2022-02-12 04:19:26+00:00,1492352623344717826,tedadnan,"Sabtu 12hb Februari 2022.

#Alhamdullilah, job event #video  sudah mula masuk setelah sekian lama ""ikat perut"" angkara  #COVID19 dari negara #CCP yang durjana ini.

Semoga tiada lagik ""lockdown"" #PKP, amek-lah booster shot semua saudara &amp; saudari. https://t.co/7w5NIW8iAE","Kuala Lumpur, Malaysia. "
2022-02-07 12:04:52+00:00,1490657811843678214,dreyse_kim,I mean ikat perut dari makan luar. 😌,KUL || SBN ✈️
2022-02-07 11:59:08+00:00,1490656369061810179,dreyse_kim,Bulan ni kena ikat perut sikit lah sebab kena bayar depo untuk jubah convo. Convo punya pasal saya sanggop. 🥲,KUL || SBN ✈️
2022-02-03 14:46:52+00:00,1489249032392232968,FarrahWahida_,"org nampak kita macam ada duit , org tak nampak macam mana kita struggle cari duit dan ikat perut .",Malaysia
2022-02-02 01:41:36+00:00,1488689023606411267,fifinaaa_,Dikala si lelaki tengah ikat perut nak cukup kan duit hantaran 10 15k tu. Si perempuan buat apa?,"Kelantan, Malaysia"
