Datetime,ID,Username,Text,Location
2023-03-25 13:00:01+00:00,1639613103376838656,EkonomiRakyatMY,"Pembuat dasar Bank of England, Catherine Mann mengakui Brexit telah mengakibatkan kos makanan di UK naik ke paras tertinggi dalam tempoh 45 tahun

Kadar inflasi di UK naik kepada 10.4% bagi Februari 2023, berpunca dari kekurangan bekalan makanan seperti salad di pasaran https://t.co/rK8XwyidxQ",Kuala Lumpur
2023-03-14 04:51:03+00:00,1635503785572454400,jaksrmd,Usaha2 untuk memastikan Negara tidak menghadapi masalah kekurangan bekalan makanan hasil pertanian di masa mendatang. https://t.co/G6iSfm9TMt,Selangor
2023-03-10 08:13:18+00:00,1634105133482250241,DenciShahrizal,2. Faktor Cuaca dan kekurangan bekalan makanan ayam yang berkualiti mempengaruhi penghasilan telur dalam industri ternakan ayam. Lihat taburan hujan kita. Produktivi ayam telur merosot bila cuaca taburan hujan tinggi. https://t.co/wO0QJj7CjK,
2023-03-02 17:34:55+00:00,1631347364333236224,naimbinzaini,"Patutlah @rafiziramli ckp serampang dua mata.

Selain dpt atasi kekurangan bekalan makanan, dpt bantu tingkatkan pendapatan golongan B40.

B40 dpt pendapatan tambahan. ✅️
Bekalan makanan dpt ditingkatkan. ✅️

Kill two birds with one stone. Harap² program ni berhasil.",Kuala Lumpur
2023-03-02 05:12:14+00:00,1631160462485368833,ProudOrangAsli,Saya difahamkan bahawa tiada lagi agensi2 kerajaan yang turun membantu penduduk kampung. Mereka sekarang kekurangan bekalan makanan! @DrZahidHamidi @jakoamalaysia @niknazmi @anwaribrahim https://t.co/P6VkoV1omv,
2022-12-20 10:55:11+00:00,1605154844104593414,ida_adeq,"@muhdhaziqbins @nizambakeri Banjir di Selangor pun di tahap bahaya. Orang Kelantan &amp; Terengganu turun bawa boat sebab kekurangan kelengkapan misi bantuan banjir. Tapi berbeza dengan  situasi pantai timur sekarang. Walaupun paras bahaya, kelengkapan cukup, rakyat tak panik dan bekalan makanan tersedia awal.",paka.terengganu
2022-12-02 13:47:58+00:00,1598675343824801792,morasaki12,"Tiada apa yg perlu ditunggu lagi oleh presiden UMNO dan ahli MKT UMNO.

Negara skrg berada di ambang krisis ekonomi dunia dan krisis kekurangan bekalan makanan global.

Utk itu kita sudah tidak mampu utk menghadapi krisis politik sekali lagi.","Johore, Malaysia"
2022-11-30 10:48:35+00:00,1597905422769614848,morasaki12,"Lebih merisaukan baginda, cabaran besar sedang menghadapi negara sebaik sahaja tirai 2022 dilabuhkan.

Masalah ekonomi yg merudum, masalah kekurangan bekalan makanan akibat perang Ukraine dan Rusia dan juga kemungkinan berlaku banjir besar.","Johore, Malaysia"
2022-08-16 03:32:26+00:00,1559382549582843904,amar_amk9757,Masalah kekurangan bekalan makanan asas yang diimport menyedarkan ramai pihak tentang betapa pentingnya kita mengurangkan kebergantungan kepada import dan mengangkat industri tempatan. https://t.co/SoLVLfWLfH,"Perlis, Malaysia"
2022-06-11 10:53:09+00:00,1535575858903412736,myDOA_HQ,"Langkah tangani kekurangan bekalan makanan - MAFI

#myDOA#MAHA2022#SekuritiMakanan#KeselamatanMakanan https://t.co/TBcymV5jkJ",Putrajaya Federal Territory
2022-03-23 03:11:00+00:00,1506468529595248645,tokmathamzah,"Di Dewan Negara menjawab soalan Datuk Haji Bashir bin Haji Alias minta @mafimalaysia menyatakan apakah mekanisme bagi mengatasi masalah rantaian bekalan makanan ke Labuan yang mengakibatkan kekurangan bekalan makanan dan kenaikan mendadak harga barangan.
https://t.co/SVQdTuvL3o",
