﻿Created-At,From-User,From-User-Id,To-User,To-User-Id,Language,Source,Text,Geo-Location-Latitude,Geo-Location-Longitude,Retweet-Count,Id
10/3/2023,NinjaHelloKitty (Ninjahellokitty@mstdn.social),90603838,,-1,en,"<a href=""http://twitter.com/download/iphone"" rel=""nofollow"">Twitter for iPhone</a>",Sometimes a cheap sushi dinner is just what you want. https://t.co/WJ65qqoZbK,,,,1.63411E+18
15/3/2023,8.24,16197464,,-1,en,"<a href=""http://twitter.com/download/iphone"" rel=""nofollow"">Twitter for iPhone</a>","Maybe when I was younger idk why but Klang really a nice place actually, cheap food, free parking most of the time because MPK is lazy and fewer traffic jams https://t.co/pEzQnBQ3pI",,,,1.63586E+18
21/3/2023,Gregory Leow,1073227452,,-1,en,"<a href=""http://twitter.com/download/iphone"" rel=""nofollow"">Twitter for iPhone</a>","Cheap and good wanton mee! (Toa Payoh, singapore; street food)
https://t.co/oumT0lV8lx",,,,1.63806E+18
