Datetime,ID,Username,Text,Location
2023-01-18 00:16:39+00:00,1615503400204144640,umairahmhd_,"Can’t afford another food poisoning, gastric. Ya allah teruk gila muntah2 mlm tadi.",Kuala Lumpur City
2022-09-05 00:20:40+00:00,1566582046709157888,syvzwvn,"@afifster No bro, these are the malay who can't afford nice things. Normal for folks from kampung and rural to do this. Food is expensive at the airport. Tapi kalau benda ni jadi sebab inspired by Alif Syukri, layak disula Alif tu.","Chicago, Kelantan"
2022-07-08 10:58:45+00:00,1545361741747351553,drlimkt19,@IsabellaMWeber A classic case of politics driving economics. Most of the privileged decision makers probably won't have to join food queue or can't afford high energy prices.,Malaysia/Beijing 
2022-06-17 06:14:37+00:00,1537680094394982400,aribahabdullah,For me they are irresponsible. Promote processed food to customers yang mostly can’t afford those surgeries. While depa melantak suka hati tak ingat mati. Goodluck in 5 years.,
