Datetime,ID,Username,Text,Location
2022-12-22 12:07:28+00:00,1605897810020143110,yunacarai,@mohdazfisha @DondeMrDon @ahmadmaslan @MOFmalaysia Setuju!! Bagi kerajaan uruskan pasal kenaikan harga barang and kos sara hidup dulu. Harap bersabar la dari keluar duit simpanan hari tua dulu,"Seremban, Negeri Sembilan"
2022-08-04 02:09:36+00:00,1555013049064361989,Thiban_ben,"“Harga barang naik mendadak, saya telah kemukakan soalan berkait harga barang di Parlimen namun tiada jawapan” - @anwaribrahim

Kenapa PM @IsmailSabri60 tidak utamakan soalan berkaitan kenaikan harga barang. Apa jadi pada pasukan Jihat? https://t.co/EUkN5yHKwS",Bestari Jaya (Batang Berjuntai
2022-07-21 12:03:13+00:00,1550089008642138112,RozmalMalakan,"Ini antara sebab projek Rumah Mesra Rakyat gagal disiapkan

Harap SPNB, Kementerian Perumahan &amp; Kerajaan Tempatan, Jemaah Menteri kaji balik projek ini

Samada batalkan, buat kontrak baru dengan harga semasa kenaikan harga barang dan sebagainya https://t.co/FnKFEwLiPe","Seremban, Negeri Sembilan"
2022-07-21 01:33:39+00:00,1549930571945881600,partimudaN9,"""Harga dijangka Turun"", akhirnya sebahagian rakyat terpaksa berhadapan dengan kenaikan kos pelbagai barang keperluan harian.

#MUDA https://t.co/0S8H5y3ZBC",
2022-07-16 22:38:54+00:00,1548437045072510976,ak47suk1,"Keputusannya tetap sama. Apa yang PKR boleh buat? Nurul Izzah sebagai salah seorang ketua ke kempen. Bawa isu rakyat; Kenaikan harga barang, lestari dan jaminan makanan, pemilikan rumah, gaji manusiawi, peluang pekerjaan, ekonomi gig, IR4.0 IR5.0,",Cyberjaya
2022-07-14 03:10:17+00:00,1547418178283716609,Thiban_ben,"Disaat rakyat merana dengan kenaikan harga barang, UNMO dan Bersatu sedang bergaduh untuk lantik TPM. Kalau jawatan itu yang penting, sudah lama @anwaribrahim dah jadi PM jika beliau sudi korbankan prinsipnya! Jiwa Reformasi tidak akan tergadai! #Keadilan https://t.co/4slHCdCcRl",Bestari Jaya (Batang Berjuntai
2022-07-04 09:03:47+00:00,1543883260433817600,scorer29,Demo bukan kita jangka inflasi turun. Demo supaya yg berkuasa ambik langkah proaktif kawal kenaikan harga barang. Bukan buat kajian slow gila takde hasil.,Ipoh-BSP-CBJ
2022-07-03 11:28:14+00:00,1543557221589856257,nafiznazly,"Kalau korang dngr peniaga2 kata harga barang diaorg jual terpaksa naikkan harga, korang jgn la marah, mereka pun tertekan dgn kenaikan harga kos mereka. Kasihan diaorg….",Putrajaya Federal Territory
2022-06-26 13:56:47+00:00,1541057892165378048,farhunt_ibrahim,Semangkuk Nilai tutup sebab tak mampu handle kenaikan harga barang mentah.,"Bangi, Malaysia"
2022-06-24 04:35:46+00:00,1540191931635970048,nuddhera,"Ada juga yg xtau &amp; rasa tak terkesan dgn kenaikan harga barang basah. 

Tak pernah pergi pasar barangkali",Malaysia
2022-06-02 02:49:10+00:00,1532192569592909824,Thiban_ben,Rakyat sedang bergelut dengan kenaikan kos harga barang dan krisis pembekalan ayam pemimpin BN pula mati mati nak PRU! Harga Ayam pun tak reti nak kawal ni pula nak tadbir negara. Jahanam Malaysia dengan BN yang korup dan gila kuasa ini! #AyuhMalaysia #TolakBN,Bestari Jaya (Batang Berjuntai
2022-05-27 08:25:19+00:00,1530102840244719616,Daliakudo,Kita pon terasa harga kenaikan barang makanan. Apatah lagi pakcik2 bangla. 😢,"Putrajaya, Malaysia"
2022-04-06 05:21:50+00:00,1511574882991058945,Angkut_,"@SinarOnline @AlexNantaLinggi ko hidup dah berapa tahun?Jadi menteri berapa tahun?🤦🏻‍♀️ Dari sejak bepuluh tahun lepas kenaikan harga barang kawalan mnyk masak ayam telur smua musim2 perayaan or puasa mmg naik,lagi nak siasat??Untung laaa gaji besa2 pegawai puluh / ratus org tak pantau..to late",langit nan biru.
2022-03-22 01:49:09+00:00,1506085540265099270,RozmalMalakan,"Sebenarnya, ramai dalam kalangan peniaga roti canai mengambil sikap ihsan menyerap kenaikan harga barang dengan mengekalkan kualiti dan saiz doh demi menjaga pelanggan masing-masing

https://t.co/ldd3Jv8Vhw","Seremban, Negeri Sembilan"
2022-02-04 12:10:43+00:00,1489572122800574465,asyikinnoh,Kenaikan harga barang ni ada sikit nak buat aku giveup jadi bakers buat bisnes sendiri.,Malaysian
2023-03-28 14:19:51+00:00,1640720359715663872,amir_alpan,@ahousht @Fahmy_TEGAL @KompasTV Ttp saya 300an perbulan. Iya cuma 300. Kira2 cocoknya naik berapa kk? Saya ngajar di pedalaman Kalimantan dg jalan rusak dan harga barang mahal,di pantai
2023-03-28 10:50:43+00:00,1640667728506912771,zophanem,"3. Banyak benda mahal gila sekarang. Mee hun mee goreng RM6. Roti john RM8 paling murah. Disebabkan dalam Putrajaya dengan harga barang mentah dan minyak naik harga, ok lah.

4. Presentation tu penting ye. Kedai aku beli meehun ni dia letak je ketam dengan tepung. Buruk gila-",Putrajaya
2023-03-28 04:51:44+00:00,1640577388676530176,mater5259,"@kamalia54105994 @LHDNMofficial Keluar kwsp bukan penyelesaian terbaik sebenarnya, harga barang naik menggila, kos sara hidup meninggi sekarang, pak² menteri takde penyelesaian ke? Naik gaji tak guna jgk inflasi meningkat....rasa mcm nak maki xsampai pulak hati...hanya Allah tempat bergantung",Seremban
2023-03-27 09:37:51+00:00,1640287005295939584,AliAhme70978158,Actually it reminded me of Egypt selepas Husni Mubarak jatuh. Ikhwanul Muslimin naik. Semua org happy. Selepas 2-3 bulan demand macam2. Nak harga barang turun. Nak subsidi makanan. Sudahnya Kjaan Ikhwan tumbang. Tak sabar masing2,"Seremban, Negeri Sembilan"
2023-03-27 06:13:59+00:00,1640235701055946753,mediavariasi_,"Sebabkan harga barang naik, harga roti john pon naik. Bak kata netizen, roti john ada jenis². Kalau roti John Cena murah skit,kalau roti John Wick lak harga kerass. 🤣 
Tak tahu nak nangis ke nak gelak bila dgr harga makanan kat bazar zaman sekarang 😅

https://t.co/ZP461eKGeQ",Cyberjaya
2023-03-01 03:47:58+00:00,1630776866599747584,hazmeerrojani,Pundek la barang semua naik harga. Sebulan berapa kali nak naik faker. Gila betul.,"Nilai, Negeri Sembilan"
2023-03-01 00:18:01+00:00,1630724033502396417,RozmalMalakan,Pasti Harga Barang Naik https://t.co/ce4e2Aj1uN,"Seremban, Negeri Sembilan"
2023-02-14 04:09:29+00:00,1625346464972148736,AlepAdon,"Tempat jual makanan mahal kau orang marah-marahkan sampai viral, aku jual nasi lemak RM1.50 lagi ni hadap naik turun harga barang macam nak gila korang buat bodoh je eh. 

Timun naik 300%
Ikan bilis naik 35%
Telur naik 40%
Beras naik 15%

Portion dan kualiti masih sama.",
2023-02-04 08:16:44+00:00,1621784809151561728,nabilakhairudin,"Semua barang naik harga sekarang ni. Groceries naik purata RM 1 setiap barang, kalau barang harga RM 50 jadi RM 60. Begitulah seterusnya",Banting
2023-01-31 02:25:56+00:00,1620246977383628801,shahhazhar,"@fahmi_fadzil Ahhh sembangg.. minyak masak still kurang kat pasaran. Telur takda. Gula kena catu, barang mahal, milo mahal, susu pekat naik harga,petrol still same, minyak paket kena catu, nescafe naik harga, barang plastik takda kawalan, eh korang sambung la",Kuala Lumpur
2023-01-25 08:57:06+00:00,1618171089921933313,seissavage,"@nurulaminhamid masa jadi kerajaan, harga barang tak turun, malah cabutan judi jugak naik 😂",
2023-01-24 18:37:28+00:00,1617954755124555776,NazriA91,@zlk69 Peniaga nak turun harga barang? Memang tak la. Naik seiring. Turun x pernah. Skali naik tula harga tetap..,My
2023-01-19 12:34:01+00:00,1616051352853155842,donacaddo70,"Nampaknya di malaysia ni bukan saja harga barang yg naik, bil iwk pun naik. Dari rm 8/bulan tahun 2022 kpd rm 10/bulan tahun 2023. Hampa wei.",
2023-01-15 06:08:32+00:00,1614504788322054150,NuhazIberahim,"So nasihat sis, apa apa jua kondisi poketmu, pakailah yg bersesuaian dengannya. Kalau nk versi bajet, banyak pilihan ikut poket. Kalau nk versi premium, kena lah berdamai dengan harganya. Plus harga barang makin naik ya. Takde dah doluu doluu","Vienna, Austria"
2023-01-07 01:11:48+00:00,1611531012940664833,shadowcreeper24,Dan tak hairan kalau gaji naik. Sebab harga barang pun akan naik. Confirm compensate dekat lain. 😌😌😌,currently at Real Life Server
2022-12-30 06:48:49+00:00,1608716722806325249,fieqasya_amir,Naik harga barang 👋🏻,"Putrajaya Federal Territory, Malaysia"
2022-11-22 15:46:10+00:00,1595081210904342529,AfilSyazwan,"Tak cukup sakit kepala dengan harga barang keperluan harian yang makin mahal, harga bayaran bulanan yang meningkat akibat OPR, dan lain-lain perkara yang menyesakkan kepala otak, harga langganan Apple Music pun naik RM2.

🤦🏻‍♂️ https://t.co/HXoYRKCaiW","Shah Alam, Malaysia"
2022-11-21 05:17:27+00:00,1594560601707413504,shaalizan_,@wwdzrr So do I. A leader who can ensure our future tak terumbang ambing. Harga barang semakin naik and mahal. Bla bla,"Selangor, Malaysia"
2022-11-20 11:29:51+00:00,1594291929788780549,Korpse12,"Bak kata my aunt. As long ulamak memerintah, jangan tolak ulamak! Apa dosa ulamak? Susah kita nak mintak maaf dengan ulamak nanti! 🤣

Corrupt takpe, harga barang naik takpe, janji kita sokong ulamak!",Subang Jaya
2022-11-20 10:26:52+00:00,1594276079232901120,mirayin18,@amiraatiya Itulah pasal. Salah satu tanda negara kita dlm korupsi is harga barang naik. Aku mcm rasa kena tipu lagi pun ada walaupun PH dh menang blok besar. Abg Jo ni pulak gi terima org yg hina parti dia. Bodo,Putrajaya
2022-11-19 14:26:43+00:00,1593974051772723200,yushairieyusoff,"Siapa suka kerja gaji rendah, harga barang naik kaw kaw, kleptokrasi dan level rasuah tinggi DEMI PERTAHANKAN AGAMA ISLAM DAN BANGSA MELAYU, mska mereka (orang kampung/perantau kampung di Bandar) telah mengundi Lebah atau Ikan. InsyaAllah RM5 = USD$1. #PRU15KitaJagaKita","Kajang, Selangor"
2022-11-14 09:44:28+00:00,1592091082036482048,luq_hakim666,"@The_Mamu Itu harga sebelum orang naik gaji, pas tu harga bagi orang gaji 1500 alah kau ni. Kau politik xda kena mengena dgn harga barang, bukan kau politik cop duit, kawal intres rate. Bank yg kawal benda ni kau bole buat menefesto je. Xpayh buruk2 kan orang baik tunjuk apa solusi",
2022-11-01 14:34:04+00:00,1587452920001593346,Aizat_azam,@apanakdikato @n_izzah Melayu jgn tak cerdik la. Bg duit terus naj undi. Nnt barang naik harga jgn bising2,"Sepang, Selangor"
2022-10-20 14:58:57+00:00,1583110530675326976,sufyanmoyo,Mcm bodo beli barang rm10 pastu mark up jual rm30-50..diri sendiri buat boleh tapi time harga barang pasaran naik tahu pula bising2..,
2022-10-18 00:10:58+00:00,1582162285573070850,itsnafizmydude,Jaranglah kalau harga barang naik tiba2 ada siren bunyi,"Sumeru, Teyvat"
2022-04-07 03:06:31+00:00,1511903216409407488,AfilSyazwan,"Mak aku ada cakap, mungkin tak lama lagi dia nan berhenti berniaga kat warung belakang rumah kat kampung. Aku tanya sebab apa. Dia cakap, sebab barang harga naik banyak sangat. Nak naikkan harga, dia cakap kesian pulak orang kampung nak beli makanan.","Shah Alam, Malaysia"
2022-04-06 05:21:50+00:00,1511574882991058945,Angkut_,"@SinarOnline @AlexNantaLinggi ko hidup dah berapa tahun?Jadi menteri berapa tahun?🤦🏻‍♀️ Dari sejak bepuluh tahun lepas kenaikan harga barang kawalan mnyk masak ayam telur smua musim2 perayaan or puasa mmg naik,lagi nak siasat??Untung laaa gaji besa2 pegawai puluh / ratus org tak pantau..to late",langit nan biru.
2022-03-30 02:55:35+00:00,1509001362302201859,lorddijaaahx,'When I was'. Masa belajar ada Covid tak?? Even nak kerja part time pon susah nak cari la weh dengan status sebagai pelajar lagi sebab time covid ramai yang kena berhenti kerja. Harga barang pon naik mencanak. Aje sembang pungpang.,"Seremban, Negri Sembilan"
2022-03-19 12:06:04+00:00,1505153631108349953,Adaa_Monreal,"Good and bad news.

Good sebab, okey apa dah naik dari prev minimun wages.

Bad, harga barang akan naik juga. Sekarang pun dah naik imagine lah nak naik tahap mana nanti.",#COYG
2022-03-19 10:28:52+00:00,1505129168144859136,FazreenAli,"1Mei, harga segala mak nenek barang smua pun naik.","Cheras, Selangor"
2022-03-13 02:46:56+00:00,1502838591331856391,aneepz,"@JayOkano aku setuju untuk hapuskan subsidi ron95/97 dan diberi subsidi tersasar. subsidi ikut pendapatan isi rumah. lhdn ada data.
idea nampak senang, implement susah tapi boleh buat. kereta pon dah terbang.

kebiasaan harga barang akan naik kalau diesel yang naik.",
2022-02-26 05:15:33+00:00,1497440175714349057,apanakdikato,"Tkyah ckp bnyk la, rkyat johor ramai bijak pandai... PRN kali ini bg pengajaran kpd BN ttg isu rasuah, salah guna kuasa, kurang peluang pekerjaan, harga barang naik, gaji minimum, barang tkde stok..

Aku tk harap pun ada ramai bijak pandai, sb ramai bodo terutama melayu..🤣🤣","Inner Mongolia, People's Repub"
2022-02-17 21:10:08+00:00,1494418913194840065,Farhanlilyamani,"Freight charges naik sgt tinggi skrg.
Dulu 1x40ft dari sou - pkg, boleh dapat bwh 10k.skrg kena x 4/5..
Bayangkan harga barang yg diimport   + freight charges.
Barang 15k + freight 35k = ngeri
Tak lama lagi freight dari China naik.
Tgk apa impact dkt shoppe dan lazada.",
2022-02-17 17:06:01+00:00,1494357478255243264,faqihsyakiran,expectation aku bulan depan spending pattern naik sikit sbb puasa dan raya. So lets pray but vision masih samar. I wish all of you good luck and keep fighting . Hug* bulan 3 harga barang naik lagi . HAHAHAHAHA,"Wilayah Persekutuan Putrajaya,"
2022-02-16 16:32:44+00:00,1493986713382764546,fit_verisha32,Asal kenaikan gaji kene bincang. Asal naik harga barang ye tahu2 tukar tanda harga. Smpi bile nk ngadap bodoh ni. Market sana sini gaji lain2. Brg supplier amik dri tmpt sama. Harga barang serupa xde sana murah sini berbaloi ke.,"Seri Kembangan , Selangor"
2022-02-08 10:54:36+00:00,1491002519614812160,azuanlatif,"Baru tau panadol takde stok dah hampir 2 minggu, GSK plan nak naikan harga la tu. Apa ni semua barang nak naik harga 🤦🏻‍♂️","Kuala Lumpur, Wilayah Persekutuan Kuala Lumpur"
2022-02-04 07:12:13+00:00,1489497003830640641,nadialatiff22,Terasa betul harga barang naik. Grocery aku pun kemain harga spike. Ke sebab bulan ni aku rajin masak🤣 https://t.co/ImQr9pPOKb,SentulEast | KUL
