Datetime,ID,Username,Text,Location
2023-03-30 15:56:47+00:00,1641469527841198080,abgskii,"@babylunna90 Boleh je letak harga siling. Pakai logik awak, jangan la nak bising bila harga barang naik, boleh bela/tanam/ternak sendiri. 

Jumlah ruang niaga pun boleh ditambah untuk beri peluang kepada lebih ramai peniaga. 

Aku pro rakyat. Kau ni pro apa? 😂😂😂","Kuala Lumpur, Malaysia"
2023-03-30 09:25:41+00:00,1641371106035793920,AsahPisau,"@br0mbak @poiuycvbn @YaakubHawa Harga nasi goreng tu kat sesetengah kedai dah bertahun lama dah RM8. So salah PM skrang juga ke? Zaman Najib harga barang naik, zaman Atok, naik, zaman Midin dan Ismail sabri naik. Skrang pun naik, tapi xde pun mencanak² macam untit Hawa kaki fitnah tu tulis.","Kajang, Selangor"
2023-03-30 05:48:47+00:00,1641316522399502336,AsahPisau,"@NaratifRakyat @formulabadut @AzminAli @AnwarWajah @azmyklanajaya @kismath90 @Bro_Jamal7 @LimSiChing @jnmalaysia @ShahrilHamdan @jonestwong Ramadan tahun 2015 pada bulan Jun dol oii. Tarikh post Rafizi bulah Januari tu takde kaitan dgan dengan bulan puasa la..  bukan pakar ekonomi pun, orang umum tahu bulan puasa mmg harga barang akan naik. Teruskan jadi macai Najib yang bebal.","Kajang, Selangor"
2023-03-30 01:09:07+00:00,1641246139856064512,cik_arissa,@mnrtherock @rafiziramli Baru ni je ke harga barang naik? Sblm ni kau tido dlm gua ke? Baru bangun?,Shah Alam 
2023-03-30 00:10:40+00:00,1641231433107914752,ArisyaArianna,Harga barang makin naik tapi harga diri?,"Kuala Lumpur,Malaysia"
2023-03-29 14:32:43+00:00,1641085986829647874,faridzramlee,@mkhairulazri Tau tak pe.. padahal tak buat apa2 pon. Harga barang tetap naik 🤣🤣,Meru Klang
2023-03-29 05:18:42+00:00,1640946560740499457,Salim_Iskandar,"@dyanasmd Lead for who? We the rakyat never chose him and he failed la. Telur also cannot setel. How? Harga barang jangan cerita la. Saya ulammm, ini hari naik esok minyak turun. Sold to much empty dream eh? https://t.co/UEWH08kZ9v",Kuala Lumpur City
2023-03-29 00:53:00+00:00,1640879695834099712,MalaysiaGazette,"#ICYMI Harga barang terus naik #malaysiagazette 
https://t.co/kzzHFh3DTM",Kuala Lumpur
2023-03-28 22:06:45+00:00,1640837858230689793,visvick32,"@ismet_ulam Sbb di sekinchan mengadu pada DAP. Begitu juga pasal durian Raub. Monopoli mereka diam sj, x boleh bertindak. Cube kawal harga barang? Gaji min naik?intern bergaji? Tapi foreign worker waktu Covid pun ttp kena bagi. Menampung eko negara / kocek mereka adalah ‘ grey area’ .",Kuala Lumpur City
2023-03-28 16:51:59+00:00,1640758643179274240,AsahPisau,@YaakubHawa Pelabur asing lari? Harga barang naik mencanak²? Ambil mana data ni kak?,"Kajang, Selangor"
2023-03-28 14:55:31+00:00,1640729336876761089,amirlong36,@ih_tr @matRBag @rafiziramli Ya ini kalilah barang semua oun naik. Menu rahmah? Harga baja naik 100% since last year. Rahmat betul https://t.co/AV3UH5wxzd,Kuala Lumpur City
2023-03-28 14:19:51+00:00,1640720359715663872,amir_alpan,@ahousht @Fahmy_TEGAL @KompasTV Ttp saya 300an perbulan. Iya cuma 300. Kira2 cocoknya naik berapa kk? Saya ngajar di pedalaman Kalimantan dg jalan rusak dan harga barang mahal,di pantai
2023-03-28 10:50:43+00:00,1640667728506912771,zophanem,"3. Banyak benda mahal gila sekarang. Mee hun mee goreng RM6. Roti john RM8 paling murah. Disebabkan dalam Putrajaya dengan harga barang mentah dan minyak naik harga, ok lah.

4. Presentation tu penting ye. Kedai aku beli meehun ni dia letak je ketam dengan tepung. Buruk gila-",Putrajaya
2023-03-28 04:51:44+00:00,1640577388676530176,mater5259,"@kamalia54105994 @LHDNMofficial Keluar kwsp bukan penyelesaian terbaik sebenarnya, harga barang naik menggila, kos sara hidup meninggi sekarang, pak² menteri takde penyelesaian ke? Naik gaji tak guna jgk inflasi meningkat....rasa mcm nak maki xsampai pulak hati...hanya Allah tempat bergantung",Seremban
2023-03-28 02:57:46+00:00,1640548707195297792,nyonyacyber,"setakat apps semak harga barang.. harga ttp jugak naik mencanak2.. lainlah kalau ada apps boleh buat harga brg turun... problem skrg harga brg semua meningkat, itu yg patut kerajaan cari jalan...  tak kan jumpa yg murah jauh berkilometer dari rumah kau nak terjah pergi jauh2???",kuala lumpur
2023-03-27 21:35:59+00:00,1640467730070646786,adamadlin,@Lord_MoSBY @malaymail @rafiziramli Sebelum ni rakyat tak bijak menilai harga? Habis tu kenapa rakyat complain harga barang naik?,Shah Alam
2023-03-11 07:25:09+00:00,1634455405161242625,noraakira,Tp kalo kwsp bonus gak la untuk sis..yes tau nowadays memang ramai je ada masalah duit..x nafi kan memang harga barang naik tp kwsp bukan la satu2 nya alasan untuk betuiikan keadaan..,Malaysia
2023-03-01 03:47:58+00:00,1630776866599747584,hazmeerrojani,Pundek la barang semua naik harga. Sebulan berapa kali nak naik faker. Gila betul.,"Nilai, Negeri Sembilan"
2023-02-28 10:56:43+00:00,1630522380278980612,suran_reds2002,Bantu rakyat apa nya nanti harga barang naik … ripple effects,"Liverpool, England"
2023-02-18 08:38:13+00:00,1626863644041711618,neverthar,@mkini_bm Apa gunanya naik gaji kalau barang keperluan naik harga jugak???,"Anywhere, Somewhere"
2023-02-17 14:13:48+00:00,1626585710567489539,johnlabuana,@AzfarBakar @anwaribrahim Bloom apa kebenda harga telurn ayam pon takleh nak jaga… hari ni berapa nilai ringgit… kalau industri naik harga elektrik diorg akan naik kan juga harga barang… sama juga,
2023-02-17 06:45:48+00:00,1626472966522548224,johnlabuana,@ahmadmaslan @anwaribrahim @KWSPMalaysia Covid selesai harga barang naik… apa benda la… yg tak layak tak payah bagi keluar la,
2023-02-15 03:07:27+00:00,1625693241332076544,PijaEpyja,Tapi nak dapat harga macam kat langkawi tak dpt laa. Barang byk pakat naik harga dah,"Kedah, Malaysia"
2023-02-14 04:09:29+00:00,1625346464972148736,AlepAdon,"Tempat jual makanan mahal kau orang marah-marahkan sampai viral, aku jual nasi lemak RM1.50 lagi ni hadap naik turun harga barang macam nak gila korang buat bodoh je eh. 

Timun naik 300%
Ikan bilis naik 35%
Telur naik 40%
Beras naik 15%

Portion dan kualiti masih sama.",
2023-02-09 06:19:39+00:00,1623567285313994755,Justlikeaina,"Memang mahal sebagai pembeli. Tapi sebagai penjual mmg harga barang naik gile babi skrng. Diorng pnye sales pn belum tentu wholly cover operation cost. Sbb one thing people lupa about peniaga tepi jalan are they use electric, air, sabun nk membasuh, minyak kerete semue sendiri.",Malaysia
2023-02-06 10:14:07+00:00,1622539125365837824,NaimNawrouz,@zua_al_azmi Lepaihtu kata barang naik harga. Apa cheese dia datang dari kambing gunung ledang kahh nak mahai mcm tu..,"Los Angeles, CA"
2023-02-04 08:16:44+00:00,1621784809151561728,nabilakhairudin,"Semua barang naik harga sekarang ni. Groceries naik purata RM 1 setiap barang, kalau barang harga RM 50 jadi RM 60. Begitulah seterusnya",Banting
2023-02-02 01:42:13+00:00,1620960748271980545,idgafzlnie,"harga barang turun, harga makanan kat kedai still camtu jugak, takde pun nak turun turun. bab naikkan harga laju je dgn alasan ""barang naik harga"" 😤",
2023-02-01 02:41:51+00:00,1620613368393633792,AzizolKhairul,Tak guna jugak average gaji rakyat malaysia starting 1.5k  Tetap rasa macam keje gaji bawah 1.5k.. gaji naik harga barang pun naik macam nak mati. Aku ni haa nak belanja makan pun kene catu. Hmmm,"Kuala Terengganu, Terengganu"
2023-01-31 02:25:56+00:00,1620246977383628801,shahhazhar,"@fahmi_fadzil Ahhh sembangg.. minyak masak still kurang kat pasaran. Telur takda. Gula kena catu, barang mahal, milo mahal, susu pekat naik harga,petrol still same, minyak paket kena catu, nescafe naik harga, barang plastik takda kawalan, eh korang sambung la",Kuala Lumpur
2023-01-29 13:51:00+00:00,1619694601350316040,chelliah_joel,"@HmzH3989 @DudeYumi @YazidAiman4 Korang ni kongkek arini, nk anak esok… menguji konon…. 33 bulan tu kerajaan butoh tebuk atap tu, x buat apa pun korang diam… 4 kali barang mentah semua naik harga, diam gak… skrang mentah2 penungang agama dah xdpt tebuk atap korang ckp diuji mcm korang merempqt tgh jalan",
2023-01-27 14:42:10+00:00,1618982703482937344,Mohdfaiz13,@AppleDom_ @redzuanNewsMPB Kalau naik kan gaji minima secara drastik harga barang akan naik nanti.,"Shah Alam, Selangor"
2023-01-27 07:38:46+00:00,1618876151979724800,puterawalid,Takda sapa marah pun kecuali PN ja. Harga brg banyak dah kembali normal drpd dulu yg sampai 4 kali naik harga barang.,
2023-01-26 10:31:06+00:00,1618557132747702273,nurhadimohd,Masa 30 bulan jadi kerajaan PAS guna kitab Permata Yang Hilang ka sampai harga barang naik melambung?,
2023-01-25 08:57:06+00:00,1618171089921933313,seissavage,"@nurulaminhamid masa jadi kerajaan, harga barang tak turun, malah cabutan judi jugak naik 😂",
2023-01-24 18:37:28+00:00,1617954755124555776,NazriA91,@zlk69 Peniaga nak turun harga barang? Memang tak la. Naik seiring. Turun x pernah. Skali naik tula harga tetap..,My
2023-01-19 12:34:01+00:00,1616051352853155842,donacaddo70,"Nampaknya di malaysia ni bukan saja harga barang yg naik, bil iwk pun naik. Dari rm 8/bulan tahun 2022 kpd rm 10/bulan tahun 2023. Hampa wei.",
2023-01-15 06:08:32+00:00,1614504788322054150,NuhazIberahim,"So nasihat sis, apa apa jua kondisi poketmu, pakailah yg bersesuaian dengannya. Kalau nk versi bajet, banyak pilihan ikut poket. Kalau nk versi premium, kena lah berdamai dengan harganya. Plus harga barang makin naik ya. Takde dah doluu doluu","Vienna, Austria"
2023-01-07 01:11:48+00:00,1611531012940664833,shadowcreeper24,Dan tak hairan kalau gaji naik. Sebab harga barang pun akan naik. Confirm compensate dekat lain. 😌😌😌,currently at Real Life Server
2022-12-30 06:48:49+00:00,1608716722806325249,fieqasya_amir,Naik harga barang 👋🏻,"Putrajaya Federal Territory, Malaysia"
2022-12-13 18:49:27+00:00,1602737478841925632,Hafizul_4342,Sebenarnya harga barang makin naik atau matawang semakin jatuh? Something to ponder 🤔,Shah Alam
2022-12-03 01:25:03+00:00,1598850771453612033,user5060708090,"yang aku lebih kisah nye masalah negara kite ni.. i don't want ekonomi teruk, kos sara hidup meningkat, rasuah berleluasa, harga barang naik.. ni semua akan effect future generations including me.. (2/3)",Pakatan Harapan 
2022-12-01 07:02:51+00:00,1598211004974137347,mosyukiborhan,"Mantap juga ye permulaan Disember dengan mesej dari supplier, harga barang naik sebab ada ‘sugar tax’.

Ladang tebu kat Malaysia dah takde ke? Atau ada orang main motor cross lanyak pokok-pokok tebu tu? 😭",KL / Tangkak / Solo 
2022-11-22 15:46:10+00:00,1595081210904342529,AfilSyazwan,"Tak cukup sakit kepala dengan harga barang keperluan harian yang makin mahal, harga bayaran bulanan yang meningkat akibat OPR, dan lain-lain perkara yang menyesakkan kepala otak, harga langganan Apple Music pun naik RM2.

🤦🏻‍♂️ https://t.co/HXoYRKCaiW","Shah Alam, Malaysia"
2022-11-21 02:02:42+00:00,1594511591323873280,afiann,"Ni kalau menang,lain cerita ni.Bila kalah gah la.Mcm la dulu kemain hebat cakap pasal ekonomi,dpt jawatan jadi penasihat ekonomi PM, terus sunyi sepi.Hilang. Harga barang naik menggila, telur pun tak ada.Tapi apa tindakan? Sunyi sepi. Kecewa sikit la sebab ingatkan function 😥🥲",Malaysia
2022-11-19 19:25:45+00:00,1594049307350818816,fatinshirazali,"Not surprise at all. Back to square one. Asalkan nasib anak melayu isle terbela. Harga barang naik, opr naik everything naik takpe, asal kan bukan cina yang sakau duit negara. Padahal pemimpin melayu sendiri yang buat Sampah.",Ashraff heart
2022-11-19 14:26:43+00:00,1593974051772723200,yushairieyusoff,"Siapa suka kerja gaji rendah, harga barang naik kaw kaw, kleptokrasi dan level rasuah tinggi DEMI PERTAHANKAN AGAMA ISLAM DAN BANGSA MELAYU, mska mereka (orang kampung/perantau kampung di Bandar) telah mengundi Lebah atau Ikan. InsyaAllah RM5 = USD$1. #PRU15KitaJagaKita","Kajang, Selangor"
2022-11-14 09:44:28+00:00,1592091082036482048,luq_hakim666,"@The_Mamu Itu harga sebelum orang naik gaji, pas tu harga bagi orang gaji 1500 alah kau ni. Kau politik xda kena mengena dgn harga barang, bukan kau politik cop duit, kawal intres rate. Bank yg kawal benda ni kau bole buat menefesto je. Xpayh buruk2 kan orang baik tunjuk apa solusi",
2022-11-12 08:22:18+00:00,1591345630445993986,Amisaha8,"KDNK naik, tapi kos sara hidup makin tinggi. Harga barang semua naik, makanan ruji pun mencanak tinggi. Siapa yg benefit from all this kdnk naik? Serious tak  faham.",Kuala Lumpur
2022-11-10 07:16:36+00:00,1590604318872600578,syahredzanTEAM,"Semasa mengedarkan risalah di Pangsapuri Prima Cempaka, @syahredzan banyak berjumpa dengan golongan ibu dan suri rumah. Mereka ini yang menguruskan perbelanjaan di rumah rata-rata mengatakan bahawa masalah harga barang naik adalah isu utama  bagi mereka. https://t.co/5XGYSGbU6Q","Kajang, Selangor"
2022-11-08 13:34:21+00:00,1589974608291442688,MykiRedd,Haaaa takyah ambik. Pastu harga barang naik apa pun takleh borak. Acaner tu? Kalau ahli politik ni buat &amp; luluskan boleh keluar duit tu. Nak tak nak kena keluarkan. Kalau tak perit.,Firdaus.
2022-11-02 15:30:32+00:00,1587829519079333888,Le_D3ll,"Group blok aku ada yg meratip harga barang naik, tapi sudahnya bila berita pasal bendera biru pekat tu, cepat dia share siap ajak pergi berkumpul. Haih. Susah nak sedarkan orang mcm ni dah.","Putrajaya, Wilayah Persekutuan"
2022-11-01 07:38:19+00:00,1587348292316565504,luq_hakim666,@suarakeadilan99 Gaji naik harga barang naik bukan solusi yg baik. Sistem pencukain yg betul dan subsidi yg bersasar itu yg baik.,
2022-10-24 12:00:23+00:00,1584515143417081856,painadoll,"harga barang serba serbi naik tiap2 tahun,tapi rate gaji dok takat tu je.tak ke bangang.",Somewhere anywhere
2022-10-20 14:58:57+00:00,1583110530675326976,sufyanmoyo,Mcm bodo beli barang rm10 pastu mark up jual rm30-50..diri sendiri buat boleh tapi time harga barang pasaran naik tahu pula bising2..,
2022-10-18 09:25:09+00:00,1582301748164972545,dblega1n,"Dalam dunia ni 2 benda je naik dalam senyap
1. Harga barang
2. Benda tu",Malaysia
2022-10-18 00:10:58+00:00,1582162285573070850,itsnafizmydude,Jaranglah kalau harga barang naik tiba2 ada siren bunyi,"Sumeru, Teyvat"
2022-10-17 01:08:34+00:00,1581814390369619969,Ziyesh,"After 13 years since day one aku masuk rumah sewa, dia naikkan RM150 from RM500. Its okay, paham jugak tu now harga barang pun naik sana sini. Owner pun baik.","Subang Jaya, Malaysia"
2022-10-13 10:03:20+00:00,1580499417563811843,Mohdfaiz13,@armanamin330 @TeshKumarSangar Kalau macam tu harga barang naik kenalah usaha sendiri,"Shah Alam, Selangor"
2022-10-10 06:10:15+00:00,1579353600123629569,mraafiz,"“Kerajaan tebuk atap”
“Kerajaan tak tolong orang. Harga barang naik!”
“Kerajaan gagal! RM makin jatuh”

Sekali bile nak bubar sume puji pm dan kerajaan. Semua menggelupur. 🤣

Korang dah kenape?",Kuala Lumpur City
2022-10-06 01:41:40+00:00,1577836453744152576,afqazt,Gaji harga sama. Barang harga naik. Terpaksa buat side income.,SAC 
2022-10-01 04:11:30+00:00,1576062221586956288,KakchikAshaKC,"Bising rakyat suka berhutang. Masalahnya kos sara hidup meningkat pakcik oi.

Harga barang semua makin naik.

Gaji pulak macam siput khinzir. Lambetttt lagi.",Malaysia
2022-09-30 03:05:16+00:00,1575683167721521152,NikShariff92,Harga barang kalau naik 50sen or singgit takpe la lg. ni mostly barang2 yg selalu beli naik 3 hingga 5 ringgit terkesan lah jgk🫠,"Kuala Lumpur, Wilayah Persekutuan Kuala Lumpur"
2022-09-29 14:56:19+00:00,1575499722462089218,MiaHakucho,"Barang asas yang selalu beli untuk bantuan dah bukan barang asas dah, mcm barang mewah. Sardin je dah RM7/+ setin. Minyak of course naik harga, what else? susu takyah cakapla. Rasa mcm aku perlukan bantuan je sekarang.",Malaysia
2022-09-27 10:08:39+00:00,1574702549688406016,FadzlynH,"OPR meningkat lagi! Harga minyak masak sebotol dah melebihi rm30 bagi 5kg.. barang asas dah mula naik. 

Redha serah nyawa??","Seremban, Negeri Sembilan"
2022-09-26 04:10:50+00:00,1574250117200125953,Nik_Natasya,"@BuletinTV3 Habis tu yg gaji swasta lg rendah ni, kena keje 6 hari plak tu... benefit apa pun xde...hujung bulan plak asyik negatif je gaji, saving pun xde...sewa rmh naik, harga barang semua naik...mcm mana plak?","Ampang, Wilayah Persekutuan Ku"
2022-09-23 03:07:56+00:00,1573147122056437761,paedrazip,X habis2 ajak beli rumah. Tahu x purata gaji semua org dh boleh jd B40! Naik la mcm mne pon tetap akan jd B40 if xboleh nk kawal harga barang dan lain2.,johor bahru malaysia
2022-09-15 14:21:15+00:00,1570417464013623296,Mohdfaiz13,"@Injang_Nation @Miyrahusna Naik gaji ❌
Naik harga barang ✅","Shah Alam, Selangor"
2022-08-26 11:14:18+00:00,1563122662666571776,Mohdfaiz13,"@fordlynxrs @saedah789 @maxmuaz Takat ayam dengan minyak je murah tu pun ada subsidi. Keperluan lain semua naik harga. Apa guna barang murah tapi tak ada kerja? gaji minimum masih rendah tak setanding beban kerja, peluang pekerjaan sikit sampai ramai orang yang ada kerja pun hilang kerja walaupun tak ada pkp.","Shah Alam, Selangor"
2022-08-26 05:48:04+00:00,1563040560159805442,Mohdfaiz13,@fordlynxrs @saedah789 @maxmuaz Rasuah zaman najib memerintah. Harga barang naik baru tahun ni.,"Shah Alam, Selangor"
2022-08-25 14:31:49+00:00,1562809978058330112,Mohdfaiz13,@saedah789 @maxmuaz So harga barang naik rakyat komplen sebab pemalas la?,"Shah Alam, Selangor"
2022-08-17 04:59:19+00:00,1559766801973555200,Mohdfaiz13,@Hazrey HaRgA bArAnG mAkIn NaIk. KoS sArA hIdUp MaKiN tInGgi.,"Shah Alam, Selangor"
2022-08-16 02:02:28+00:00,1559359910386708481,WakJery,"Kes barang naik  dulu,
Minum kopi O tanpa gula. 
Tanya kenapa harga mahal. Jawabnya gula naik harga.
Aku cakap sy minum kopi O tanpa gula. 
Saya xmaw bayar harga gula","Teluk Intan, Perak, Malaysia"
2022-08-12 01:04:04+00:00,1557895662511230977,faqihsyakiran,"Kedai satelit untuk PPRT ? Semangat tu dah bagus . Tapi awak ni nak tender je kan ke nak jadi PTD ? Ke mmg PTD ? Dah lah sembang kencang je kau dari zaman najib dah buat tapi harga barang tetap naik , korang ni cuba lah pakai otak guna ic tu as subsidi or waver method . 😂","Wilayah Persekutuan Putrajaya,"
2022-08-10 01:11:32+00:00,1557172765744308224,YusriShamsuddin,"Benda ni makcik2 pakcik2 penyokong tegar BN kt kampung takkan faham. Kita ni bayar cukai, harga barang naik segala tu sebab nak cover hutang bodoh si @NajibRazak ni.",kuala lumpur
2022-08-05 15:49:06+00:00,1555581671399108610,MengoYee,"Harga barang di kedai runcit Dan pasar semakin naik. Susah nak hidup, mencari makanan utk keluarga. 
RM semakin lemah berbanding negara lain. 

Ini bukan musim utk bermain politik Mahathir yng saja ingin memisahkan Rakyat jelata... utk agenda politik peribadi.",
2022-07-23 23:51:12+00:00,1550991955584516096,Aizat_azam,@kinul973 Duk gua lama sgt ko. Mungkin anak org kaya tak kisah barang naik harga. Aje GxxxxxG,"Sepang, Selangor"
2022-07-07 13:26:00+00:00,1545036409610051585,paisjamel,"Punya la harga barang dah naik, raja pon dah start mengeluh .",
2022-06-23 10:22:25+00:00,1539916782386831360,kaymohdbusy,@sky_is_purple Kannn. Tapi harga barang basah mahal. Taktau la 1st july nanti naik lagi berapa 😕,Kuala Lumpur
2022-06-23 07:12:32+00:00,1539868996115124226,AlessakhanAK,tak semua orang dapat bang BKM tu. cancel je la bajet BKM tu.  bantuan ni bukan penyelesaian. harga barang naik. nilai matawang makin rendah. jumlah pendapatan dengan kos sara hidup tak selari,Selangor Darul Ehsan
2022-06-23 04:20:28+00:00,1539825692816609280,Apenglah,Bye2 lah malaysia. Harga barang naik gaji tak naik. Gua nak blah pergi batam. https://t.co/Xh3DyS4Z5x,Patin Rock City
2022-06-23 02:14:38+00:00,1539794026227830784,Hfizbhrdin,"@IsmailSabri60 lawak. Dengan bagi one off RM100 &amp; RM50, beban apa yang kau cuba nak ringankan? Harga barang mentah naik, kenaikkan bukan pada 1 barang je ya bang. Tu baru cerita brg mentah, belum sudut perbelanjaan yg lain.",
2022-06-22 14:11:43+00:00,1539612100267454464,zxmxn,"Bila harga barang banyak naik ni, aku tiba2 terfikir kena berjimat. Nak beli kasut terus rasa nak fikir 2 kali",Yong Peng
2022-06-22 13:09:08+00:00,1539596347044536320,AmirExia001,@lcsmxms @nrjwznl Request: Buat gambar ni tpi harga barang naik plak...,Nilai
2022-06-22 12:22:24+00:00,1539584586908598273,g37_Anwar,Bukan kata haritu nilai ringgit melantun berbanding US dollar??? Ni dh kenapa harga barang naik menggila mcm dh xboleh kawal 😆😆😆😆,"Sepang, Selangor"
2022-06-22 09:51:52+00:00,1539546704650768384,TkeyJoe,"kita nie teringin nak beli macam2, tp bila bulan depan macam2 barang da naik harga, tak jadi nak beli! damn it!",Kuala Lumpur Federal Territory
2022-06-22 09:17:46+00:00,1539538122244968448,Thiban_ben,"#Formulanajis 

Harga minyak masak naik, harga ayam naik, harga barang naik! 

Rakyat : Apa tindakan Kerajaan untuk kawal harga barang? 

Kerajaan Mail : Kita hentikan sudsidi, bagi BKM 100 ringgit. Hebat tak?

#KerajaanBodoh 
#KerajaanGagal 
#BNBarangNaik https://t.co/oKmTSqNojh",Bestari Jaya (Batang Berjuntai
2022-06-22 08:53:47+00:00,1539532087144763392,amlnrsln94,"Selalu mcm ni.. Bila ada kes harga barang naik, akan ada bantuan yang diberi.. Bukan tak bersyukur, cumanya harga barang tu utk jangka masa yang panjang.. Bantuan tu one shot je dapat.. Then lepas tu macam mana?",
2022-06-22 07:56:18+00:00,1539517620767973377,sruliam,"Orang sibuk pasal harga barang naik, macai ni masih sibuk sembang pasal hibah TH zaman PH",Malaysia
2022-06-22 01:59:34+00:00,1539427846292373504,mis_estella,"Harga barang naik, tomyam aku beli pun dah jarang jarang isinya.",Malaysia
2022-06-22 01:32:27+00:00,1539421023518326784,Thiban_ben,"Subsidi untuk penternak dihentikan, 
Subsidi minyak masak dan barang asas lain juga turut akan dihentikan, 
Harga barang naik mendadak, 
Kerajaan sibuk nak wujudkan Kementerian baru untuk Mak Lampir! Hebat cadangan Din Pagoh 😏",Bestari Jaya (Batang Berjuntai
2022-06-22 01:00:25+00:00,1539412960010915840,nadzim,"Negara kita ni tgh auto-pilot ke? Satu benda pun tak menjadi ni. Paling basic, harga barang naik. Aiii, marah betul aku dgn penyu dungu ni.",Kuala Lumpur + 400km radius.
2022-06-22 00:26:52+00:00,1539404519926136835,miss_fsr,"While in malaysia kebanyakan subsidi kena tarik, harga barang melambung2 naik,kerajaan acah2 macam prihatin tapi hakikatnya semua sibuk nak pru sebab nak kekalkan kuasa. 🤷‍♀️","Kelang, Selangor"
2022-06-21 20:50:25+00:00,1539350047699021824,Fazerabaharudin,Risaunya semua harga barang nak melambung naik,Kuala Lumpur
2022-06-21 18:44:06+00:00,1539318258322788352,kechekkkkk,"kalau harga barang naik macam bodoh mcam ni, baik aku makan kt deli thai je setiap hari 🤌🏻 nak beli barang dapur pun duk terpikir pikir https://t.co/hIbbKWy2b0",One Piece
2022-06-21 18:38:15+00:00,1539316787246149632,kechekkkkk,bodoh lah harga barang naik ni,One Piece
2022-06-21 15:58:38+00:00,1539276615556866048,Vandeeta3,Semua barang naik harga..ermm tak lama lagi kita mkn ubi rebus jer laa 😔😔 https://t.co/MnsVSwxvlJ,"Semenyih, Selangor"
2022-06-21 13:14:37+00:00,1539235341512880129,nenorall,"minyak naik, ayam naik, harga barang naik. lagi apa nak naik? school fees anak pun dari rm390 naik rm450 sebab kata dia kena ikut guide gaji gov.
mula terasa miskin bandar dah ni 🥹",Faroe Islands
2022-06-21 12:08:56+00:00,1539218809780723712,fiqnawi,"Semua barang naik harga mat bulan depan, ikut harga pasaran",MY
2022-06-20 05:06:57+00:00,1538750228894867461,noraakira,Harga lauk semua naik 1 ringgit..yes paham la ni semua harga barang naik..tp nanti kerajaan turun harga x pernah plak harga makanan turun..,Malaysia
2022-06-19 13:32:03+00:00,1538514951182368773,Vandeeta3,Pelik tp benar .. yg bising harga barang naik orang BERSATU tp kebanyakkan yg urus tadbir kewangan dan ekonomi Malaysia drpd Menteri² drpd BERSATU https://t.co/KCwDifwWBP,"Semenyih, Selangor"
2022-06-18 16:59:49+00:00,1538204852106366977,amiruddin_akh,"Yup finally terasa harga barang naik. Beli Satu air ni which harga dia Dari dulu lagi RM2. so confident laaa bayar RM2 then Otw gerak, sekali kene panggil, ""  eh dek lagi 90 sen"" .... Hahhahaa",
2022-06-18 12:32:41+00:00,1538137625508585473,NedimNazriAziz,@ainulaizat Too expensive. Harga barang naik,"Kuala Lumpur City, Kuala Lumpu"
2022-06-18 04:19:12+00:00,1538013435098972160,xmmxxr,"Patut la ibu kata dekat kampung sayur dah mahal kak. Nampak la dah jarang beli barang dapur, tapau je. Sekali beli hambik semua naik harga.",UPM — Hiatus
2022-06-13 20:31:35+00:00,1536446206091505665,ZacxAbdullah,@HamiPKMB @IsmailSabri60 Harga barang naik di seluruh dunia bukan sahaja di Malaysia. Kau tukar PM 10 kali pun kau ingat boleh turun ke harga barang Dol? Banyak usaha² dah dibuat contohnya menetapkan harga siling Ayam dan menghalang Ayam dari di eksport ke luar negara!,Kuala Lumpur Federal Territory
2022-06-10 14:37:59+00:00,1535270055940075520,nizamiks,"Speaking of Inflation…

Banyak betul barang naik harga.

Air Manis Tepi Jalan: RM3 ➡️ RM3.50
Kepak Ayam: RM2 ➡️RM2.50
Shawarma : RM5 ➡️ RM6

Ini just list makanan yang selalu saya beli la. Maybe lain dari korang. 

Eventually akan merebak juga ke industri lain.",Malaysia
2022-06-09 12:39:30+00:00,1534877847017271297,_riixal,"@becktdennis Skrg semua barang naik harga sis sbb tuh makanan pun naik harga tp bila brg turun harga, harga makanan tak plak turun haha",W.P Kuala Lumpur
2022-06-07 09:34:03+00:00,1534106401298993152,_makeitsmile,"Stress barang makin naik harga😢 .. Ubat gigi dan berus gigi pun keperluan 😕 tapi bos kita suruh MAINTAIN HARGA MISMIS..Tunggu apa lagi? Pakat dapatkan dekat kedai online kami..
Nih min bagi link 👇
https://t.co/Ui61pgwNBq 
https://t.co/7GMkak0nZb

#ismailsabri #yuna #mismis https://t.co/C5b6DztXtS","Selangor, Malaysia"
2022-06-06 05:53:03+00:00,1533688399978446848,joeharylai,"Harga barang naik xperlu tunggu esok lusa.. 
Gaji naik masa xsesuai..",
2022-06-05 12:03:02+00:00,1533419122037387264,ariffadnann,Gila babi terasa gila harga barang naik. Sebelum ni beli barang Rm300 pun rasa mcm dh ckup. Latest beli rm500++ total barang. Gila gila,Terengganu
2022-06-03 00:24:46+00:00,1532518620646887425,capsule_nine,Kejap ada kejap xde. Lepas ni harga barang naik mendadak lagi.,"Kuala Lumpur, Malaysia"
2022-06-02 23:38:44+00:00,1532507033639198720,RozmalMalakan,"Ada tak kontraktor yang berani buat Rumah Mesra Rakyat sekarang ni?

Harga kontrak harga lama, tapi harga barang, upah semakin naik. https://t.co/dLIkoksWrW","Seremban, Negeri Sembilan"
2022-06-01 04:43:25+00:00,1531858937297145856,NabilHalimi,"Kerajaan perlu bertindak proaktif atasi isu gaji minima yang rendah menjadi antara punca utama mengapa kita kehilangan rakyat Malaysia yang berbakat ini. 

Negara luar lebih menghargai mereka . 

Masalah ini bukan sesuatu yg baru. Harga barang naik , tapi gaji masih rendah?","Cardiff, Wales"
2022-05-31 15:21:26+00:00,1531657108365533186,joshuaong,"The impact of price increases or just simply known as 'Barang Naik' (should be 'Harga Barang Naik') due to the Covid-19 pandemic is getting worse. Shopee conducted a 'Barang Naik' survey (Was it sponsored by BN / PH?) on 17 Mar 2022 and majority agreed BN.
https://t.co/fH6dJ3DAu1","KL, where else?!"
2022-05-31 12:59:00+00:00,1531621266289229825,johanlah_,"Haihh semua barang naik lah ha. Susu S26 tu dulu RM94.50, susu Dutch Lady RM20.90, susu HL pun dalam RM6+. Sekarang tak dapat la harga tu. Cedeyh. https://t.co/34RYZF5Wjp",Singgahsana.
2022-05-30 15:36:25+00:00,1531298491279941633,Suraya4Aziz,@f4kr0ls00d Cari makan od. Sekarang semua harga barang  naik kan?,"Petaling Jaya, Selangor"
2022-05-30 10:10:43+00:00,1531216526334128129,firkhry,@emmaajohari Hampir semua barang harga naik kaw2 beb..mau x naik angin haha,"Kulim, Kedah"
2022-05-30 03:04:37+00:00,1531109295601102848,sabrinaazmel_,"Kesian dgn peniaga2 skrg, disebabkan harga barang mentah naik, so bila kami ni naikkan pulak harga jualan, pembeli akan salahkan kami and cakap kitorang jual harga cekik darah🥲 Padahal peniaga skrg terutama peniaga mknn, untung ciput gila sumpah tak tipu😌✋🏻","Selangor, Malaysia"
2022-05-25 13:35:29+00:00,1529456121127219200,IzzzTheGreat,Kayangan mcm dia mana nk rasa efek inflasi pon gaji ratus ribu apadehal barang naik harga mendadak pon tk luak gaji dia,Kuala Lumpur
2022-05-25 08:29:55+00:00,1529379222699282432,deeaannnnnnnnnn,Tapi Pembangkang kata kerajaan tak bagus sebab tu harga barang naik?,
2022-05-25 02:24:27+00:00,1529287247207755776,sabrinaazmel_,"Pening gila skrg tgk harga bahan mentah😅 Harga barang naik, tapi nak jual dkt end user harga still takleh ubah sbb kena complain mahal🥲 Apalah nasib duduk malaysia ni hm","Selangor, Malaysia"
2022-05-24 02:20:48+00:00,1528923940634054656,Thiban_ben,"Knife on the people's neck 😣

Krisis bekalan makanan 
Krisis harga barang naik - BN 
Harga minyak masak pun naik 
Harga makanan pula bakal naik 🥺 https://t.co/hXJaleB0Pm",Bestari Jaya (Batang Berjuntai
2022-05-23 04:52:29+00:00,1528599725792182273,vickneshvasu,"Menu after harga barang naik: 
1.Rumput
2.Air kosong
3.Kicap
4.Pepper

Ada item lain boleh tambah.","Miri, Sarawak"
2022-05-22 13:22:29+00:00,1528365682529665024,magnerifique,"Babi punya kerajaan. Harga barang makin naik tapi menteri menteri semua dok melancap kat opis, taknak buat apa apa!!!!!","KL, Malaysia"
2022-05-22 06:59:09+00:00,1528269214293032960,anraihan28,"Tugas nya asik dok promote bahasa melayu je..  Harga barang naik, kuantiti makanan berkurang, investor lari pi negara lain,  dia x kisah eh.  
Cringe siot ""lingua franca""
Ayuh martabatkan bahasa meleis. 

#baikpunya",Penang-KL-Nilai-Pajam
2022-05-22 04:47:09+00:00,1528235998080946176,Thiban_ben,"Walaupun sibuk berkempen utk pemilihan Parti, isu ekonomi negara sangat merisaukan. Sri Lanka jadi negara muflis kerana tadbir urus yang tidak cekap dan amanah. Malaysia tidak jauh dari Sri Lanka. Kini, nilai ringgit jatuh, krisis barang makanan, harga barang naik! Hidup Mail!!",Bestari Jaya (Batang Berjuntai
2022-05-21 12:02:53+00:00,1527983263733927937,shamhardy,"Kalau ada tukar kerajaan akan datang, tetiba datang group nak buat protest pasal harga barang naik, barang mentah takde stock, walhal masa sekarang sekor pun takde nak protest, memang aku mintak ada kereta langgar protest diorang sampai kojol semua.",Malaysia
2022-05-21 07:34:58+00:00,1527915841362112514,Fazerabaharudin,"Semua barang keperluan nak naik harga, makin tertekanlah yang bergaji kecik ni",Kuala Lumpur
2022-05-19 10:53:55+00:00,1527241133856034818,gunNesh33,"@nabilahudatahar 1.Klu rezeki halal, xder salahnya melompat.komitment semakin tinggi, harga barang semakin naik. Plus, employers nowadays tak kisah experience memanjang asalkan kita ada skill n knowledge yang dia nak.",Malaysia
2022-05-19 10:01:59+00:00,1527228065436565504,Zaki_Yamani_,Nak jadi kapir ke suka harga barang naik ni @zackrie1311 https://t.co/60Yv3D0r9F,
2022-05-19 07:11:06+00:00,1527185057483395073,PrinceRayDauz,Macam tak ada ertinya gaji minimum 1.5k bila harga barang pun ikut naik sekali…sama jer rasanya tak ada kebaikkannya di situ…,"Kuala Lumpur, Wilayah Persekut"
2022-05-18 12:23:18+00:00,1526901240411856896,MhammadAfiff,Hahaha naikkan gaji pastu harga barang naik 60%. Yang babi babi je malaysia ni,Bangi
2022-05-18 05:11:45+00:00,1526792635624865792,mhdazmnrlsn,Harga barang naik dijangka 60%???? Fuhhhhh,"Bandar Kuala Lumpur, Wilayah P"
2022-05-17 09:37:17+00:00,1526497071427047424,lady_chantek,"Harga barang dijangka naik 60% bulan depan. 
Ini cabaran besar kepada semua terutama rakyat marhaen. 
Kena elakkan pembaziran, produk punah takyah la beli, makan pun takyah la mewah. 
InshaAllah masa susah ini akan berakhir","Kuala Lumpur, 📍 Malaysia 🇲🇾"
2022-05-17 07:41:18+00:00,1526467883861016576,shahrilhafizie,Had minima gaji naik pun tak guna kalau harga barang pun nak sama. Yang paling terkesan golongan M40 la.,"Sungkai, Perak"
2022-05-16 03:21:35+00:00,1526040137762996225,mytheorem,"Suruh team leader cucuk bos besar belanja lunch, kena gelak. Huhu apa la nasib jadi B40. Tak lama lagi harga barang naik sebab tepung naik harga.",
2022-05-14 07:33:43+00:00,1525378812359217152,Ad212ulL,"Seram la tengok harga barang skg… 😣🥴 nanti barang naik lg..  org yg x selalu pergi beli barang dapur, jgn nk mengeluh kenapa peniaga naik kan harga..","Kelang, Selangor"
2022-05-12 13:05:46+00:00,1524737600728092672,hierrago96,"Harga barang naik lagi
Non Dairy Creamer

2021 - Rm190
2022 January - RM220
2022 March - RM260
2022 June - Rm300

Cane nak niaga ni weh..

Mati akuuuuuu","Rawang, Selangor"
2022-05-11 14:55:13+00:00,1524402754067714048,natashagideon,"Besides that of course economy nak naik, harga barang mentah keeps increasing, harga property pun akan naik. If you wanna own, do your due diligence, have savings, and emergency savings. If you wanna rent, go for it. No shame at all. Just make an informed decision.",Malaysia
2022-05-10 08:19:57+00:00,1523940893455450112,faqihsyakiran,Barang nak naik harga ke aku cari contact lens solution travel pack semua watson xda .,"Wilayah Persekutuan Putrajaya,"
2022-05-08 08:17:51+00:00,1523215589438754816,mluthfiramli,"Jadi baik, sebab harga barang makin naik, dan mereka ada income untuk boleh beli apa je dorg nak. 

Dan bukan seperti marhaen yg terpaksa berjimat demi kelangsungan hidup dan kena ada simpanan utk benda tak jangka.","Ampang, Wilayah Persekutuan Ku"
2022-04-28 14:21:16+00:00,1519683170521972738,MohdErham,Inflasi coming soon..... Harga barang makin naik makin mahal....,putrajaya
2022-04-28 00:27:14+00:00,1519473277781299200,faqihsyakiran,Yeayyyy lagi berapa hari lagi harga barang naik 😝,"Wilayah Persekutuan Putrajaya,"
2022-04-25 14:36:28+00:00,1518599831966478336,hazim_nyem,Semua barang naik harga. Cukai pintu pun naik 4%.,"Kajang, Selangor"
2022-04-15 14:26:14+00:00,1514973375860408321,andyouleft,"@admhmd_ @lANZAlNAL Nk contoh? Undi bn dpt barang naik harga. Sokong ulat tiket.. Sama je kaedahnya. Ade org untong atas angin je. Kalo xde gol ni, boleh je beratur sendiri n beli dgn harga rm50. Malas aku nk komen pjg. The end. Bye",MAS-Heaven
2022-04-13 10:51:20+00:00,1514194519738134528,xCikRarax,Dah lah setiap minggu harga barang naik cam hanat. Tahun depan pencen je lah buat kuih. Nak kawen dengan Dato'. Tua pun tua lah janji banyak duit.,
2022-04-11 03:53:08+00:00,1513364502292488195,meramerameez,"@pikahw Hahaha itulah pelik betul aku tengok. Harga tu mmg naik lah, beli barang basah pun naik takkan harga nak stay. Tp siap suruh limit buying per pax ni mmg taik lah haha","Jasin, Melaka"
2022-04-09 13:02:04+00:00,1512777868581158912,shahrizan_k,"Kita akan rasa harga makanan mahal sampailah kita sendiri berniaga &amp; rasa sendiri penat lelah berniaga tp untung tak seberapa.

Kena mula terima hakikat harga kos &amp; barang, kos pekerja &amp; delivery pun dah naik.

Tak mampu, tak payah beli. Peniaga nak untung, bukan buat charity.",Malaysia
2022-04-05 02:51:26+00:00,1511174645856149506,norlishafikah,Banyak ckp pasal harga maknaan mahal kat bazar.  Tp mmg betul pun.  Smlm nak beli roti john RM8. Terus tak jd ye.  Hahaha .  Hari ahad lepas beli kat jalan kebun RM6.  Tp nk buatcemana.  Mmg harga barang naik . Masak je la nak .,malaysia
2022-04-03 05:53:03+00:00,1510495575329820675,Media_Selangor,Peniaga diingat jangan ambil kesempatan naik harga barang https://t.co/VGxoyYIn8z https://t.co/mvtI3G2iWv,Shah Alam
2022-03-30 02:55:35+00:00,1509001362302201859,lorddijaaahx,'When I was'. Masa belajar ada Covid tak?? Even nak kerja part time pon susah nak cari la weh dengan status sebagai pelajar lagi sebab time covid ramai yang kena berhenti kerja. Harga barang pon naik mencanak. Aje sembang pungpang.,"Seremban, Negri Sembilan"
2022-03-20 23:24:53+00:00,1505686846671826944,shahrizan_k,"Kalau kita nak gaji kita sendiri setiap tahun naik, please expect harga barang jugak naik.

Peniaga2 ni pun nak kena naikkan gaji pekerja dan income mereka, bukannya nak absorb whatever kerugian/kenaikkan kos bagi pihak kita.",Malaysia
2022-03-19 12:06:04+00:00,1505153631108349953,Adaa_Monreal,"Good and bad news.

Good sebab, okey apa dah naik dari prev minimun wages.

Bad, harga barang akan naik juga. Sekarang pun dah naik imagine lah nak naik tahap mana nanti.",#COYG
2022-03-19 10:28:52+00:00,1505129168144859136,FazreenAli,"1Mei, harga segala mak nenek barang smua pun naik.","Cheras, Selangor"
2022-03-18 00:08:36+00:00,1504610686013685760,cadsalovere,"@bernamadotcom @IsmailSabri60 Of course terdesak. Sejak C19: Kena potong gaji, barang keperluan naik harga, hutang bank; moratorium tambah faedah, pengangkutan awam naik harga, bencana alam tapi kerajaan siapkn apa? Adalah sikit sikit duit khas, bazirkan duit buat PRN... Sila tambah dibawah",Malaysia
2022-03-16 16:54:48+00:00,1504139126878380035,muhamadahjiz,"Dah la gaji tak naik2, harga barang makin naik, kena sara mak ayah yg dah tua, mana ada duit utk kawin la, beli brg2 dia nak la sebab duit habis2 kat komitmen je.

Sepatutnya bantuan skrg ni dah bersasar. Bantu mereka yg betul2 perlu bantuan. Turun padang la.",
2022-03-15 07:15:26+00:00,1503630939540586497,ariffadnann,Apahal semua barang harga naik ni? Harini je dah 3 PO kena revised ??,Terengganu
2022-03-14 04:46:03+00:00,1503230956198854656,Saida_CFPCertTm,"Endemik tidak bermakna selesa. 

Selepas pandemik, tak disangka, masuk tempoh kadar inflasi paling tinggi dalam sejarah sedangkan pendapatan masih lagi mendatar (stagnant) bagi rakyat secara kasarnya. Ekonomi dunia baru nak pulih, harga barang pula naik disebabkan kesan rantaian","Kuala Lumpur, Wilayah Persekut"
2022-03-13 02:46:56+00:00,1502838591331856391,aneepz,"@JayOkano aku setuju untuk hapuskan subsidi ron95/97 dan diberi subsidi tersasar. subsidi ikut pendapatan isi rumah. lhdn ada data.
idea nampak senang, implement susah tapi boleh buat. kereta pon dah terbang.

kebiasaan harga barang akan naik kalau diesel yang naik.",
2022-03-13 02:09:05+00:00,1502829066487230465,mynameiskakak,"Semalam pi hero terkejut tengok harga barang dah naik mendadak 🥲🥲

Like kerisik biasa aku beli RM5 tiba2 jadi RM7.45. Susu RM3.85 jd RM4.50 😭😭",Shah Alam 
2022-03-05 10:02:02+00:00,1500048987914522625,redha_zahid,"Russia and belarus supply 2/3 quantity of element penting baja kat dunia ni. (MOP)

Bila short supply, harga barang akan naik, productivity pertanian rendah, harga barang mentah naik.

Russia and ukraine pun pengeluar gandum terbesar. Krisis makanan akan berlaku.",
2022-03-02 04:01:12+00:00,1498871014775988224,nafiznazly,"Korang perasan x, harga2 barang di shopee ni mcm dah naik harga la…",Putrajaya Federal Territory
2022-02-25 15:51:17+00:00,1497237774457475072,Subject330137,"Isu sebenarnya Palestine, penipuan dan penganiayaan kepada melayu oleh melayu, booster jd syarat wajib Solat Jumaat, harga barang naik, banduan tak dipenjara.. tu issuesnya woi melayu, sebok kuman seberang lautan, gajah depan mata, saja tak perasan, bangang.","Владивосток, Приморский край"
2022-02-15 15:20:40+00:00,1493606191741935616,shazlan_90,@501Awani Good luck harga barang naik nanti dalam aeon 🤭,"Shah Alam, Selangor"
2022-02-13 09:06:07+00:00,1492787155437223936,MSallehuddin05,Covid baru nk slow2 pulih ni russia nak invade ukraine. Haish makin naik la harga barang,"KUL, LHR"
2022-02-12 16:14:45+00:00,1492532637788893184,rusa_putih,Harga barang ni asyik naik je..apa guna ada menteri klau x reti nk tolong rakyat???,Kuala Lumpur Federal Territory
2022-02-12 06:12:34+00:00,1492381093940498434,twt_wang,"Semakin tinggi kadar inflasi (naik harga barang) semakin susut kuasa membeli kita. Kalau dulu 20 sen kita boleh beli 1 biji telur, hari ini kita perlukan 40 sen untuk sebiji telur yang sama.

Apa puncannya?","Petaling Jaya, Selangor"
2022-02-11 19:33:48+00:00,1492220342542413824,SalmiahBaharud1,"Apa tu inflasi? Selama ni yang kita asyik bandingkan kuih karipap dulu 10 sen dan sekarang dah naik jadi 50 sen, peningkatan harga barang dan perkhidmatan ni la kita panggil inflasi.Kita nampak yang purchase power kita makin menurun.","Kajang, Selangor"
2022-02-09 17:01:57+00:00,1491457354441052163,hellokening,"Siap minta tolong lagi tu. Harga barang naik salahkan UMNO. 

Harga graphic card naik pun nak salahkan UMNO?

Bitcoin naik pon salahkan UMNO?",Cloudfare
2022-02-09 07:38:19+00:00,1491315511682277378,Nurinayo,Barang dah naik harga. Harituh total baru 6+++ tetiba dah 8+++. Tachod mat. Tak jadi kahwin lah cmni 🥲 https://t.co/AkAhZiBv0E,"Kuala Lumpur, Wilayah Persekut"
2022-02-08 10:54:36+00:00,1491002519614812160,azuanlatif,"Baru tau panadol takde stok dah hampir 2 minggu, GSK plan nak naikan harga la tu. Apa ni semua barang nak naik harga 🤦🏻‍♂️","Kuala Lumpur, Wilayah Persekutuan Kuala Lumpur"
2022-02-06 04:56:33+00:00,1490187635641356288,BobGandum,@Syafiquevic Harga barang naik skrg torq tu sebab la….tapi betul la tempat kau lagi keras harga dia 🤣,"Selangor, Malaysia"
2022-02-05 22:13:44+00:00,1490086264405729280,HadiFathey,"@BuletinTV3 gaji min naik, kos operasi naik, harga barang pun naik 😁","Selangor, Malaysia"
2022-02-05 16:51:58+00:00,1490005289504210944,sijidiana,Im so disappointed. Haritu bagitahu kat press nk bincang pasal kenaikan harga barangan. Sikit sikit barang naik. Now telur naik harga. La nie senyap je mcm takda apa. Haihhh. Apa yang kat atas tu dok bincangkan? Kena buat conference kat London dulu ke baru cepat? Bodoh.,
2022-02-05 16:07:46+00:00,1489994164897185795,shahrizan_k,"@AshrafAriff Setuju, sbb public sendiri tak sanggup &amp; cepat mengamuk bila harga naik

I mean gaji kau sendiri nak kena naik setiap tahun, tp harga barang naik complain, menyebabkan business tak boleh nak naikkan gaji, maka tak boleh juga bayar gaji pekerja dengan munasabah",Malaysia
2022-02-05 15:57:19+00:00,1489991534712098816,nadia_shaari,"Harga telur dah naik ke? 😱

Dua hari lepas restock barang dapur  masih RM12.90 utk gredA","shah alam, malaysia"
2022-02-05 09:09:09+00:00,1489888815909322752,AfiqMahadhir,"Harga barang memang naik kaw2. Sakit weh, tengok harga naik 30% tak sampai sebulan. 😩😩😩","Nakano-ku, Tokyo"
2022-02-05 07:57:44+00:00,1489870843182141443,MindworksFX,"Jika ini betul!
CELAKALAH wahai kerajaan hari ini dan pegawai yang bersekongkol dengannya!
Aamin!
#KPDNHEP #hargabarangnaik #minyakmasak #Malaysia #KeluargaMalaysia

https://t.co/A8moUeaf04",Malaysia
2022-02-04 07:12:13+00:00,1489497003830640641,nadialatiff22,Terasa betul harga barang naik. Grocery aku pun kemain harga spike. Ke sebab bulan ni aku rajin masak🤣 https://t.co/ImQr9pPOKb,SentulEast | KUL
2023-03-30 12:10:41+00:00,1641412629309837313,ArisyaArianna,Kenaikan harga minyak akan menyebabkan kenaikan harga barang walaupun 20 sen sekalipun.,"Kuala Lumpur,Malaysia"
2023-03-29 18:17:21+00:00,1641142514752311296,Salim_Iskandar,"Anney Zambry, berkilat betul awak sejak kebelakangan ni. Memang terpancer nur nampaknya. Kes MAPS kat Perak awak tak jawab lagi. Kes national embarassment Saudi masih belum jelas. Kita kat sini tgh menderita dengan kenaikan harga barang. Awak Zambry, lepas buat blunder pasal… https://t.co/SeMrfagSeB",Kuala Lumpur City
2023-03-27 19:10:41+00:00,1640431161351770117,ArisyaArianna,Kenaikan harga minyak akan menyebabkan kenaikan harga barang walaupun 20 sen sekalipun.,"Kuala Lumpur,Malaysia"
2023-03-11 17:07:14+00:00,1634601889433264128,anis_zakiah25,@AkaunAnon Memang terasa sangat kenaikan harga barang ni 😭,selangor
2023-03-08 14:46:00+00:00,1633479183577010176,rudikorr,"@alangsedayu1 @_rezarazali_ Tu je modal ko? Kamon la. Org dok sibuk psl kenaikan harga barang, cost of living.. tu je modal ko?",
2022-12-26 13:32:15+00:00,1607368697496363011,jaksrmd,"Masa jadi kerajaan, bukan saja mereka tak bersuara, malahan TIDAK bertindak/berusaha menurunkan harga² barangan yg meningkat.

Kini, mereka adalah pembangkang yg cuba jadi ""JAGUH"" dgn meraung &amp; melenting fasal kenaikan harga barang sdgkan semasa mereka memerintah, mereka tidur.",Selangor
2022-12-26 09:01:34+00:00,1607300578962722817,Media_Selangor,"Peniaga patuhi arahan, tiada kenaikan harga barang kawalan di Selangor https://t.co/MD1ULiC8u6",Shah Alam
2022-12-22 12:07:28+00:00,1605897810020143110,yunacarai,@mohdazfisha @DondeMrDon @ahmadmaslan @MOFmalaysia Setuju!! Bagi kerajaan uruskan pasal kenaikan harga barang and kos sara hidup dulu. Harap bersabar la dari keluar duit simpanan hari tua dulu,"Seremban, Negeri Sembilan"
2022-11-27 08:07:33+00:00,1596777733975314432,jaksrmd,"Keutamaan DSAI  sekarang ini adalah menangani kenaikan kos sara hidup, kenaikan harga barang, walaupun barisan kabinet kerajaan belum dibentuk.

Jelas DSAI tidak mahu fikiran beliau terganggu dgn gerakan anasir² pengkhianat yg sdg merancang menjatuhkan kerajaan perpaduan",Selangor
2022-11-27 07:28:08+00:00,1596767815318798337,jaksrmd,"Jelas sekali masalah kos sara hidup, kenaikan harga barang menjadi keutamaan buat Anwar Ibrahim sebaik sahaja beliau dilantik sebagai PM. 

Walaupun barisan kabinet belum dibentuk, beliau berusaha dgn kakitangan² dari Kementerian² yg berkaitan dlm menangani isu tersebut.",Selangor
2022-11-27 07:27:56+00:00,1596767764706103297,jaksrmd,"Jelas sekali masalah kos sara hidup, kenaikan harga barang menjadi keutamaan buat Anwar Ibrahim sebaik sahaja beliau dilantik sebagai PM. 

Walaupun barisan kabinet belum dibentuk, beliau berusaha dgn kakitangan² dari Kementerian² yg berkaitan dlm menangani isu tersebut.",Selangor
2022-11-27 07:27:43+00:00,1596767709458739201,jaksrmd,"Jelas sekali masalah kos sara hidup, kenaikan harga barang menjadi keutamaan buat Anwar Ibrahim sebaik sahaja beliau dilantik sebagai PM. 

Walaupun barisan kabinet belum dibentuk, beliau berusaha dgn kakitangan² dari Kementerian² yg berkaitan dlm menangani isu tersebut.",Selangor
2022-11-27 07:27:21+00:00,1596767618622709760,jaksrmd,"Jelas sekali masalah kos sara hidup, kenaikan harga barang menjadi keutamaan buat Anwar Ibrahim sebaik sahaja beliau dilantik sebagai PM. 

Walaupun barisan kabinet belum dibentuk, beliau berusaha dgn kakitangan² dari Kementerian² yg berkaitan dlm menangani isu tersebut.",Selangor
2022-11-20 18:00:35+00:00,1594390262955929600,equeen_esmae,"Ya allah bila lah manusia nak ada kesedaran macam ni . Hidup diorang ni kena berlandaskan bantuan je ke ? Kita tamau bantuan . Kita nak harga barang berpatutan dengan kenaikan gaji . Rumah murah ke, pendidikan murah, pengangkutan awam lebih baik &amp; macam² lagi without bantuan","Kuala Terengganu, Terengganu"
2022-09-17 09:57:33+00:00,1571075881241804800,Media_Selangor,Altimet percaya RS-1 dapat atasi masalah kenaikan harga barang https://t.co/FFpUjHV1US https://t.co/ypaI748JtU,Shah Alam
2022-08-04 02:09:36+00:00,1555013049064361989,Thiban_ben,"“Harga barang naik mendadak, saya telah kemukakan soalan berkait harga barang di Parlimen namun tiada jawapan” - @anwaribrahim

Kenapa PM @IsmailSabri60 tidak utamakan soalan berkaitan kenaikan harga barang. Apa jadi pada pasukan Jihat? https://t.co/EUkN5yHKwS",Bestari Jaya (Batang Berjuntai
2022-07-23 06:53:03+00:00,1550735728694333441,Media_Selangor,"120 keluarga dapat bakul makanan, ringan beban kenaikan harga barang https://t.co/Jum5FamiFa https://t.co/FQymFrLRf4",Shah Alam
2022-07-21 12:03:13+00:00,1550089008642138112,RozmalMalakan,"Ini antara sebab projek Rumah Mesra Rakyat gagal disiapkan

Harap SPNB, Kementerian Perumahan &amp; Kerajaan Tempatan, Jemaah Menteri kaji balik projek ini

Samada batalkan, buat kontrak baru dengan harga semasa kenaikan harga barang dan sebagainya https://t.co/FnKFEwLiPe","Seremban, Negeri Sembilan"
2022-07-21 03:41:43+00:00,1549962801916964864,AkramSolihin,"Kementerian negara kita ni nak bawa negara ke mana? Krisis gov healthcare facilities pun jauh lagi nak selesai. Isu para doktor kontrak, gaji minimum, kenaikan harga barang, inflasi etc now gaji menteri naik. Apa ni? 😫",
2022-07-20 22:37:07+00:00,1549886145034878976,Zaki_Yamani_,Diesel penggerak ekonomi… dan kenaikan harga barang.,
2022-07-18 09:08:54+00:00,1548957975028838400,IamAjak,@PenjejakAwan15 Flashmob bantah kenaikan harga barang.,"Selangor, Malaysia"
2022-07-18 02:35:26+00:00,1548858955488563201,_syamimiasyrah,Nampak dia turun pasar tgk kenaikan harga barang. Maelri je tak turun pasar.,in your heart
2022-07-17 04:10:01+00:00,1548520371627778049,IamAjak,Saya baru dihubungi oleh seorang pegawai polis diminta untuk hadir ke IPD Shah Alam di atas penglibatan saya dalam flashmob membantah kenaikan harga barang semalam. Saya akan hadir memberikan kerjasama pada hari esok jam 12.30 tengahari di IPD Shah Alam. https://t.co/o7i7plJDx2,"Selangor, Malaysia"
2022-07-16 22:38:54+00:00,1548437045072510976,ak47suk1,"Keputusannya tetap sama. Apa yang PKR boleh buat? Nurul Izzah sebagai salah seorang ketua ke kempen. Bawa isu rakyat; Kenaikan harga barang, lestari dan jaminan makanan, pemilikan rumah, gaji manusiawi, peluang pekerjaan, ekonomi gig, IR4.0 IR5.0,",Cyberjaya
2022-07-14 13:19:03+00:00,1547571376457859072,FirdausAzman7,"Aku takde masalah jika nak mogok depan klub tu.
Tapi...
Taknak ke korang mogok depan Parlimen pasal kenaikan harga barang akibat pemimpin negara ni korup?
Kalau takde, korang ni memang hina sehina-hina manusia...
Penjilat....",Malaysia
2022-07-14 03:10:17+00:00,1547418178283716609,Thiban_ben,"Disaat rakyat merana dengan kenaikan harga barang, UNMO dan Bersatu sedang bergaduh untuk lantik TPM. Kalau jawatan itu yang penting, sudah lama @anwaribrahim dah jadi PM jika beliau sudi korbankan prinsipnya! Jiwa Reformasi tidak akan tergadai! #Keadilan https://t.co/4slHCdCcRl",Bestari Jaya (Batang Berjuntai
2022-07-06 08:18:58+00:00,1544596754846580736,ckerelrizal,"Bukan dia ni ka salah seorang ahli task force yg nak handle kenaikan harga barang.

Gg la macam ni kalau ayam dgn bayam pun tak buleh beza","Petaling Jaya, Selangor"
2022-07-04 17:09:32+00:00,1544005501046128640,XsyajariX,"Tatkala kenaikan harga barang ni
Janganlah kita turunkan harga diri dan maruah",Nusantara
2022-07-04 09:03:47+00:00,1543883260433817600,scorer29,Demo bukan kita jangka inflasi turun. Demo supaya yg berkuasa ambik langkah proaktif kawal kenaikan harga barang. Bukan buat kajian slow gila takde hasil.,Ipoh-BSP-CBJ
2022-07-04 00:29:25+00:00,1543753813072674816,eggbacontoast,Lepas je berlaku kenaikan harga barang this month. Sumpah dia bagi impak besar dekat business aku. Bayangkan masih tak dapat kumpul order even 10 box untuk raya haji kalini. *sobs :’),"Pilahdelphia, Negeri Sembilan."
2022-07-03 13:42:20+00:00,1543590969563459584,syafieq34,Terasa jugak beban kenaikan harga barang ni ..,🇲🇾 ✈ 🇯🇵
2022-07-03 11:28:14+00:00,1543557221589856257,nafiznazly,"Kalau korang dngr peniaga2 kata harga barang diaorg jual terpaksa naikkan harga, korang jgn la marah, mereka pun tertekan dgn kenaikan harga kos mereka. Kasihan diaorg….",Putrajaya Federal Territory
2022-07-02 06:58:51+00:00,1543127043876876288,FirdausAzman7,"Malaysia ni dah penuh manusia bodoh. Nak biar je harga barang naik tanpa ada solusi masalah rakyat.
Buat perhimpunan aman berkaitan kenaikan harga barang kena tahan.

Ada tanya kesengsaraan orang di kampung tak?
Ada tanya kepayahan hidup warga miskin bandar tak?",Malaysia
2022-07-02 03:28:29+00:00,1543074101178163200,AbdullahMY74,"Walaupun kita turut terkesan dengan impak kenaikan harga barang dunia, dengan dasar subsidi yang menyalurkan RM1.1B subsidi ayam &amp; telur (Feb-Ogos 2022), Kerajaan dapat mengekalkan harga ayam di Malaysia sebagai antara yang terendah di ASEAN. https://t.co/qdQ8TZIOYK",Kuala Lumpur
2022-06-30 08:56:17+00:00,1542431819584352256,Midori_nochill,Supaya budak-budak kat PMO faham siapa yang bagi idea Jihad Task Force ni bodoh. Orang suruh selesaikan kenaikan harga barang bukan buat team macam nak masuk Piala Malaysia.,Malaysia
2022-06-30 00:33:45+00:00,1542305352380985345,Fakhrulrareza,"@faidsal_farid Jangan kecam, mereka berkakilebar. Mereka turut terkesan dgn kenaikan harga barang, haha",
2022-06-28 14:56:47+00:00,1541797767260950528,MFYusoff,"*HIMPUNAN BARANG NAIK*
🗓️ 1 Julai 2022 (Jumaat)
⏰ 2.00 Petang
📍 Masjid Jamek Kg. Baru, Kuala Lumpur.
AYUH RAKYAT MALAYSIA KITA BERHIMPUN NYATAKAN BANTAHAN KEPADA KERAJAAN ATAS KENAIKAN HARGA BARANG!*
YB. FAIZ FADZIL* 
Pengarah
Biro Pengguna
Parti Amanah Negara
YB. SANY HAMZAN","Kuala Lumpur City, Kuala Lumpu"
2022-06-27 10:06:11+00:00,1541362246869450758,SaifuddinShafi,tangkap Siti Aishah adalah cara terbaik tangani kenaikan harga barang?,Malaysia
2022-06-27 06:15:01+00:00,1541304073655242752,haswendy,"Nak selesaikan isu kenaikan harga barang pun tak komited, ada hati nak sentuh soal amanah &amp; kewajipan.","Tanjong Dua Belas, Selangor"
2022-06-26 13:56:47+00:00,1541057892165378048,farhunt_ibrahim,Semangkuk Nilai tutup sebab tak mampu handle kenaikan harga barang mentah.,"Bangi, Malaysia"
2022-06-24 04:35:46+00:00,1540191931635970048,nuddhera,"Ada juga yg xtau &amp; rasa tak terkesan dgn kenaikan harga barang basah. 

Tak pernah pergi pasar barangkali",Malaysia
2022-06-23 01:00:42+00:00,1539775420123738113,ntyrhghns,gaji rakyat malaysia mostly underpaid tp kos kenaikan harga barang tak tally dgn level gaji. cm siel.,
2022-06-22 08:44:32+00:00,1539529759570309120,Fazerabaharudin,"Sebagai pembantu ketua isi rumah, saya amat terkesan dengan kenaikan harga barang dan juga kadar tarif elektrik.",Kuala Lumpur
2022-06-11 18:54:25+00:00,1535696974569418752,IamAjak,"Dalam ucapan aku, secara jelas aku melaungkan kalau kita mampu, jangan lihat pada diri kita seorang tapi lihat ahli keluarga kita, jiran-jiran kita dan orang disekeliling kita. Kita tanya sama ada mereka terkesan atau tidak dengan kenaikan harga barang. Kita akan dapat jawapan. https://t.co/CDOb2Knzzo","Selangor, Malaysia"
2022-06-02 02:49:10+00:00,1532192569592909824,Thiban_ben,Rakyat sedang bergelut dengan kenaikan kos harga barang dan krisis pembekalan ayam pemimpin BN pula mati mati nak PRU! Harga Ayam pun tak reti nak kawal ni pula nak tadbir negara. Jahanam Malaysia dengan BN yang korup dan gila kuasa ini! #AyuhMalaysia #TolakBN,Bestari Jaya (Batang Berjuntai
2022-05-27 08:25:19+00:00,1530102840244719616,Daliakudo,Kita pon terasa harga kenaikan barang makanan. Apatah lagi pakcik2 bangla. 😢,"Putrajaya, Malaysia"
2022-05-18 14:29:00+00:00,1526932873756160000,amirshafie76,"Jika ada yg merasakan kenaikan harga barang, ketiadaan sumber makanan, kemarau di beberapa negara adalah masalah iklim dan ekonomi, ketahuilah kita SILAP.

Berbaliklah kepada PEGANGAN ajaran ISLAM. 

Mungkin kita nampak tiada logik? Percayalah, dunia semakin TAMAT, bukan MULA.", Wangsa Maju
2022-04-30 08:35:12+00:00,1520320853472268288,wireputus,"Sedangkan diet utama yang disarankan Jabatan berkaitan adalah drpd sumber jagung &amp; soya. Jikalau tindakan drastik tidak diambil, maka kenaikan harga barang mentah ayam, telur, daging akan kekal tinggi dan terus meningkat hingga 20% - 30% setiap tahun",Shah alam
2022-04-10 22:16:15+00:00,1513279719680413701,noraakira,@UdaShafiq Hahah so kalau big brother kena bantu la kan..so bantu dri kemanusiaan la kot tp rakyat apa yng d orang bantu..dari segi jangka panjang..how they nak kurang kan kenaikan harga barang yng effected dari kuasa2 biasa..haha pagi2 dah duk berleter..tacod keadaan dunia sekarang..,Malaysia
2022-04-08 00:30:06+00:00,1512226240962641921,capsule_nine,"Setiap kali stimulus pakej, korang kena  bersedia dalam 5 bulan keatas utk kenaikan harga barang.","Kuala Lumpur, Malaysia"
2022-04-06 05:21:50+00:00,1511574882991058945,Angkut_,"@SinarOnline @AlexNantaLinggi ko hidup dah berapa tahun?Jadi menteri berapa tahun?🤦🏻‍♀️ Dari sejak bepuluh tahun lepas kenaikan harga barang kawalan mnyk masak ayam telur smua musim2 perayaan or puasa mmg naik,lagi nak siasat??Untung laaa gaji besa2 pegawai puluh / ratus org tak pantau..to late",langit nan biru.
2022-04-05 03:31:21+00:00,1511184689674874883,hierrago96,"Ni tak cita lagi, barang bisnes, 

Telur A, dulu 11, sekarang 13
Creamer 25kg 190, sekarang 265

Pastu memang laa harga makanan dijual naik, peniaga pun tak leh tahan , tak dapat nak absorb dah kenaikan. End up user yang kena, kita pun user, soo terkena jugak tempias","Rawang, Selangor"
2022-04-05 03:29:07+00:00,1511184130536456203,hierrago96,"Kenaikan harga barang ni memang melampau.

Sebab perang rusia yang tak habis2.

Tayar motor corsa, last year beli rm90, sekarang harga naik rm105

Ni expected minyak hitam pun akan naik. Weh bila nak habis weh","Rawang, Selangor"
2022-03-22 01:49:09+00:00,1506085540265099270,RozmalMalakan,"Sebenarnya, ramai dalam kalangan peniaga roti canai mengambil sikap ihsan menyerap kenaikan harga barang dengan mengekalkan kualiti dan saiz doh demi menjaga pelanggan masing-masing

https://t.co/ldd3Jv8Vhw","Seremban, Negeri Sembilan"
2022-03-19 07:01:57+00:00,1505077095193800705,Izizainal,Org dalam KPDNHEP mmg tak de membeli barang ke mcm mana? Sampai tak boleh nak pantau kenaikan harga barang.,Banting/Shah Alam
2022-03-13 07:37:03+00:00,1502911602160373763,Media_Selangor,MB: Jualan prihatin ringan beban rakyat depani kenaikan harga barang https://t.co/hrhPZhc75v https://t.co/0lqV2yP6qD,Shah Alam
2022-03-07 04:04:53+00:00,1500683881418469376,kairyherry,Sangat terasa dengan kenaikan harga barang yang melampau. 😔,
2022-03-06 14:12:09+00:00,1500474318727249922,UdinChor,Terasa betul kenaikan harga barang.,
2022-03-01 01:34:01+00:00,1498471588949159938,leeyouhin,"Telegram dari@najibrazak

Bekas YB DAP bidas YB DAP.

Bersangka baik. Mungkin bekas menteri sawit sedang tinjau kenaikan harga barang import susulan gangguan sektor pengangkutan dunia?

P.S. Lazada atau Shopee?

https://t.co/FjuajgXyq4 https://t.co/L5g2JI2qLu","Subang Jaya, USJ"
2022-02-16 16:32:44+00:00,1493986713382764546,fit_verisha32,Asal kenaikan gaji kene bincang. Asal naik harga barang ye tahu2 tukar tanda harga. Smpi bile nk ngadap bodoh ni. Market sana sini gaji lain2. Brg supplier amik dri tmpt sama. Harga barang serupa xde sana murah sini berbaloi ke.,"Seri Kembangan , Selangor"
2022-02-12 03:06:03+00:00,1492334157325758467,Media_Selangor,Pakar ekonomi: Kenaikan gaji minimum dorong kenaikan harga barang https://t.co/r1DcosnkXb https://t.co/ICMf7ET5L2,Shah Alam
2022-02-07 06:47:29+00:00,1490577941327085575,akudiraf,Kenaikan harga barang mendadak kat Malaysia ni sebenarnya permainan geng kartel.,"Kuala Lumpur, Malaysia"
2022-02-05 16:51:58+00:00,1490005289504210944,sijidiana,Im so disappointed. Haritu bagitahu kat press nk bincang pasal kenaikan harga barangan. Sikit sikit barang naik. Now telur naik harga. La nie senyap je mcm takda apa. Haihhh. Apa yang kat atas tu dok bincangkan? Kena buat conference kat London dulu ke baru cepat? Bodoh.,
2022-02-04 12:10:43+00:00,1489572122800574465,asyikinnoh,Kenaikan harga barang ni ada sikit nak buat aku giveup jadi bakers buat bisnes sendiri.,Malaysian
2022-02-02 17:09:42+00:00,1488922589049225217,aiamDeen,"Gabung kementerian2 utk cari penyelesaian kenaikan harga ayam.. Media elektronik, media cetak dgn bangganya mempromosi Keluarga Malaysia amat prihatin dgn kenaikan harga barang..Meeting sana sini dengan makan &amp; minum yang enak-enak.

Laaa..Ayam turun 20sen je ke @IsmailSabri60??",Kuala Lumpur
