Datetime,ID,Username,Text,Location
2023-03-27 13:01:41+00:00,1640338301306703873,JegukN,"@rafiziramli Harga barang Naik.
Can index reduce price?","Kuching, Sarawak"
2023-01-26 14:44:30+00:00,1618620904912871424,akulakamekha,"@fairuz_azmi83 Alhamdulillah kerajaan 2 bulan, boikot memang senjata ampuh.  33 bulan Pas dlm kerajaan, rakyat derita harga barang mencanak naik. Presideng dia jadi duta khas dok ke mana gaji jalang. https://t.co/7YAT8hjj8f",
2022-07-01 16:23:24+00:00,1542906730363125760,JIIIIIIIE17,Tahniah...harga barang naik...,"🇲🇾 x Kuching ,Sarawak "
2022-06-23 10:05:44+00:00,1539912580449193984,ruffleseed,"Buang subsidi, buka Kedai Keluarga Malaysia guna duit rakyat jual barang lebih murah dan saing dengan peniaga kecil. 

Barulah style bossku @NajibRazak tangani isu harga barang naik",Malaysia
2022-03-09 07:06:30+00:00,1501454364585590785,sharmineahmad,betul tu😭😭😭 yg sruh ambik ASB pun sama hmmm semua barang naik harga sekarang mcm mana nak ada saving setelah bayar itu ini😩,"Kuching, Sarawak"
2022-05-18 07:08:49+00:00,1526822097678348293,jefferylaiupeng,Mungkin disebabkan kenaikan harga barang mendadak cha siao pun semakin menghilang dari pau nya. Hmm... https://t.co/efz18ItnT3,
