Datetime,ID,Username,Text,Location
2022-10-25 22:01:04+00:00,1585028697433993217,GhazaliResab,PH rosakkan sistem percukaian negara hanya untuk menang PRU14 kempen anti GST konon harga barang naik ganti SST sekarang harga barang naik lebih teruK Tolak PH yg menjahanam kan negara,
2022-10-18 05:50:41+00:00,1582247778088288257,GhazaliResab,Kemiskinan sebab kenaikan harga barang dan komoditi terlalu cepat manakala pendapatan isi rumah kuasa beli isi rumah dan pendapatan rakyat masih rendah atau tak naik langsung,
2022-08-17 08:29:59+00:00,1559819818634604547,GhazaliResab,Antonio kamu cuba spin apa kaitan harga barang naik dgn kes mahkamah Najib Kamu lebih telan Panadol atau mabuk air ketumkah,
2022-08-14 20:48:19+00:00,1558918462533054464,GhazaliResab,PM Pak Mail dulu betul sikap pengundi condong kpd BN selepas kemenangan bergaya pada PRN Melaka dan Johor sekarang tak tahulah banyak isu harga barang naik isi LCS yg di spin pembangkang mengelirukan rakyat,
2022-08-07 06:11:04+00:00,1556160982178623488,GhazaliResab,PM DSJSY kena buat kajian semakin lambat dia mengadap YDP Agung bubar parlimen adakan PRU15 Aadakah situasi negara sekarang dgn harga barang naik skendal LCS diratib pembangkang boleh membantu kemenangan UMNO BN pada PRU15,
2022-07-29 04:00:48+00:00,1552866705587961856,FredJoe3838,"Harga barang dapur naik , kurangkan makan , bukan sy yg cakap ya , monteri yg cakap ma",
2022-07-22 03:02:46+00:00,1550315386481954817,GhazaliResab,Adakah demo bantah harga barang naik ini didalangi oleh pembangkang atau dari anggota komponan PN nak lemahkan pentadbiran PM Pak Mail dari UMNO sebab ramai golongan mahasiswa Melayu terlibat,
2022-07-22 02:51:52+00:00,1550312642551525377,GhazaliResab,Kalau nak bantah harga barang naik kena ikut aturan Jika berdemo memang ada tangan ghaib di belakang untuk melemahkan dan seterusnya mengguling kerajaan pada PRU15,
2022-07-20 09:14:25+00:00,1549684139959324672,GhazaliResab,Msia terpaksa tubuh Ajk Jihad Inflasi dan harga barang naik Satu segi lagi lebih 200 ribu kereta baru telah di tempah rakyat M'sia Yang kaya bertambah kaya yg miskin papa kedana,
2022-07-20 03:21:04+00:00,1549595218797686784,chees3cakeee19,"Gaji menteri naik cepat ja lulus, cuba gaji rakyat marhaen. Mau betahun baru kena naik itu pun 1.5k seja basic dengan harga barang semua naik. Terpaling vip",
2022-07-08 14:12:43+00:00,1545410555632304128,DayveRampas,@Evazia1 Lapar bah… lama inda makan sejak harga barang naik…,"Kota Kinabalu, Sabah"
2022-07-06 09:19:47+00:00,1544612062764335105,Izzzyyyyy__,@Syazirah_Era @teddiewonka Begitulaaaa skrg ni semua pn masalah. Shopee nda boleh pilih kurier. Lepas tu brg pandai lambat sampai. Harga barang naik. Kos sara hidup meningkat. Suami pjj. Rindu laki. Tiberr 🥲😂,KK
2022-07-04 05:11:39+00:00,1543824842406780930,GhazaliResab,Semakin lama kerajaan bertahan tak mahu adakan PRU15  bukan semakin banyak sokongan rakyat kpd UMNO BN tetapi semakin merosot Pembangkang mainkan santimen harga barang dan inflasi naik,
2022-07-04 05:02:18+00:00,1543822489163145216,GhazaliResab,Kerajaan kena kaji sebab harga ayam naik konon makanan ayam naik Mengapa naik tak bersangkut dgn perang Rusia dan Ukraine sebab Ukraine pengimport gandum bkn jagung Ada tangan ghaib yg menghasut supaya harga barang naik,
2022-07-03 08:46:49+00:00,1543516603110699010,GhazaliResab,Pembangkang dan rotot balaci khadam bachal cai mereka mula mainkan politik demo harga barang naik untuk melemahkan dan menaikkan sentimen awam bencikan kerajaan,
2022-07-02 15:11:27+00:00,1543251010675544064,GhazaliResab,Aku rasa lagi lama PRU15 diadakan semakin kurang keyakinan rakyat kpd UMNO BN akibat harga barang dan inflasi naik,
2022-06-30 01:26:20+00:00,1542318585422708736,Izzzyyyyy__,Gaji ni nda boleh ka dia masuk awal pagi. Esok sudahlaaa harga barang naik. At least boleh shopping barang dapur lebih2 sikit hari ni. Kemarin sudah beli brg dapur sikit. Tp tu laaa berebuttt,KK
2022-06-22 13:49:49+00:00,1539606585973936129,GhazaliResab,Harga barang naik rakyat marah akan jadi senjata oleh pembangkang menyerang UMNO BN,
2022-06-22 04:18:05+00:00,1539462704884088832,GhazaliResab,PM Pak Mail jngn hapuskan subsidi 1 Julai ini Bersabar beberapa bulan saja  tunggu selepas PRU15 Rakyat akan marah bila harga barang naik dan tak akan undi UMNO BN Jangan terperangkap helah musuh dlm selimut,
2022-06-21 10:28:53+00:00,1539193633936551936,GhazaliResab,Pak Mail kena santuni isu kegawatan negara dgn harga barang naik ekonomi persaingan jatuh saham jatuh Jngn utamakan sangat benda lain,
2022-06-20 08:24:43+00:00,1538799995918290944,GhazaliResab,Aku syak harga ayam barang baik ini konspirasi pembangkang Sekarang mereka hantar kempen dlm FB WhatAspps Tweeter Instagram buruk2kan kerajaan kerana harga barang naik,
2022-06-16 11:47:47+00:00,1537401548921221120,GhazaliResab,Aku syak sebab harga barang keperluan dan harga ayam naik bkn musim perayaan dikawal kaum tertentu adalah konspirasi halus pembangkang untuk menaik harga barang melemah kerajaan dan supaya rakyat marah kpd kerajaan,
2022-06-14 12:36:02+00:00,1536688915817455616,GhazaliResab,GST sistem percukaian yg terbaik diamalkan 180 negara tetap dgn kempen jahat PH meracuni fikiran rakyat kata GST akan menyebab harga barang naik dan mereka berjaya tapi negara hilang pendapatan,
2022-06-04 13:44:56+00:00,1533082377131466755,GhazaliResab,Safie rakyat komplin GST kerana tertipu dgn hasutan PH konon GST harga barang naik bkn GST tak baik PH pun tahu Sekarang sst harga barang juga naik melambung tinggi,
2022-05-30 06:59:00+00:00,1531168280366395395,A_Defend_D,Semua barang pon naik harga. Cukup beza kenaikkan. Awal tahun dgn tgh tahun beza ketara.,"Selangor, Malaysia"
2022-05-25 05:36:21+00:00,1529335542160461824,HamidiTahir1,"'Bahang' harga naik makin terasa, kos barang dapur melebihi gaji, keluh pengguna https://t.co/y4Z02eYhPJ","Kota Kinabalu, Sabah"
2022-04-14 07:25:37+00:00,1514505138505129988,malabau,"@shinbetmalaya @myjoe_ Barang asas semua naik harga.. Tepung, hot dog","Kota Kinabalu, Sabah"
2023-03-26 12:32:50+00:00,1639968651012104197,r3ypo,Haiwan pun terkesan dengan kenaikan harga barang,"Kota Kinabalu, Sabah"
2022-10-18 05:50:41+00:00,1582247778088288257,GhazaliResab,Kemiskinan sebab kenaikan harga barang dan komoditi terlalu cepat manakala pendapatan isi rumah kuasa beli isi rumah dan pendapatan rakyat masih rendah atau tak naik langsung,
2022-07-26 12:12:25+00:00,1551903261728288774,GhazaliResab,Sebelum RPU15 kerajaan perlu kawal kenaikan harga barang   minyak kenderaan minyak makan tarif air letrik dll yg boleh menyusahkan rakyat jika UMNO BN mahu menang PRU15,
2022-07-02 11:38:34+00:00,1543197435584950273,lasimbang,"Ya..mungkin kenaikan harga barang bukan masalah besar..masalah besar adalah ada menteri PAS yang tinggal di kayangan memerintah Negara
 https://t.co/adXxcPmPoU",Malaysia
2022-07-01 09:58:00+00:00,1542809740673044480,GhazaliResab,Kalau kerajaan PN di bawah PM Pak Mail tak dapat mengekang kenaikan harga barang keperluan akan memberi kesan kpd UMNO BN pada PRU15,
2022-06-30 02:12:36+00:00,1542330228889903105,PiaPinah_MH,"Bak kata menteri Ahmad maslan, GST mampu menurunkan harga barang. Sekarang ini tkda GST , harga barang mencekik rakyat. Setiap hari ada kenaikan harga. Sorg muncul jadi hero penyelamat negara, ""Kurangkan subsidi, lebihkan bantuan B40 dan M40-Mantan PM Najib""","Kota Kinabalu, Sabah"
2022-06-02 15:24:36+00:00,1532382683514302465,PiaPinah_MH,"GST 2.0 

Rindu dengan ayat ""GST mampu menurunkan harga barang"" 

Kenaikan harga barangan sekarang ini amatlah membebankan rakyat apatah lagi dengan perlaksanaan GST 2.0. 

Tahniah atas pilihan masing-masing https://t.co/87oyGliCOR","Kota Kinabalu, Sabah"
