Datetime,ID,Username,Text,Location
2023-03-06 04:49:32+00:00,1632604303033761794,tinaketiketana_,@pekjah Ye betul. Harga barang mencanak naik 🥹🥹,MALAYSIA
2022-11-19 16:28:15+00:00,1594004638621372416,FitriNizamuddin,"@arxxxxmand Betul honestly aku dh 10 tahun duk sini, takde perubahan ,kemajuan sgt, tpi harga barang naik cm fxk, tk kena dgn kadar kemajuan kelantan yg tk maju2 . Pastu perjuangkan ularmak, undi buley bngsat",
2022-09-10 06:50:10+00:00,1568492005881425920,IkhwanKB,"Harga barang naik katanya, pendapatan terjejas.. yang ramai2 beratur imigresen renew,buat passport nape eh...","Kota Bharu, Kelantan"
2022-07-04 11:02:31+00:00,1543913137014861825,mobijoe73,@1annunakki Tu la Zam. Boleh dikatakan semua harga barang naik. Harga tepung gandum pun dari rm1.80 naik rm2.50 tapi orang tak bising.,"Tok Uban, Kelantan"
2022-07-01 16:17:54+00:00,1542905343902068736,farisramly,"✅ Harga barang semakin naik
✅ Inflasi semakin naik
✅ Peniaga makin terjejas
✅ Ekonomi negara belum pulih

Tak pernah aku nak mengeluh perihal perniagaan ni. Sebolehnya nak tunjuk semuanya positif dan baik-baik shj kerana alu tahu ramai yg inspirasi dengan kita tapi penatlah.",
2022-06-22 13:20:08+00:00,1539599115671044096,mobijoe73,Esok tok nak gi jual pisang kat pasar borong. Harap² murah rezeki. Harga kebanyakan barang dah naik. Harap dapat offer lebih sikit daripada biasa.,"Tok Uban, Kelantan"
2022-05-14 12:45:11+00:00,1525457195415916546,wenkt,"Antara harga barang yang aku perasan naik

Wedges: dari RM28 kepada RM32.50
Minyak sapi: dari RM6.50 kepada RM7.90

dan banyak lagi https://t.co/uZHT6Umm6L","Kajang, Selangor"
2022-04-07 07:10:04+00:00,1511964508184788993,latteandflower,@vantaeneryy Sebab harga semua barang naik.. smlm beli murtabak 2 pcs rm7 🥲,🇲🇾🇰🇷
2022-02-21 04:36:56+00:00,1495618519689568260,AwatifWardina,@LagaCawan @AmenoWorld Yang ni setuju sebab kadang2 kegagalan itu bila di beri nafas kejayaan itu adalah merit kepada pemerintah seperti barang keperluan naik harga tp di beri nafas jualan 'Keluarga Malaysia' dan di tulis sbg ' mendapat sambutan luar biasa' tetapi brg keperluan tetap naik di pasaran,
2023-03-21 02:36:03+00:00,1638006527037685760,zamiraizat,Harga rumah di jangka meningkat #hargarumah #hartanah #property #kenaikanhargabarang #kenaikanhargabahanbinaan #utusanmalaysia https://t.co/0q34CqavSD,
2022-07-31 07:34:43+00:00,1553645318771994625,AwatifWardina,@SyedAkramin Orang ckp semua bising pasal kenaikan harga barang tp Starbucks Mekdi ok jer orang beratur panjang emm nasib2 kalau pakai perbandingan mcm tu kan bro 🤣,
