Datetime,ID,Username,Text,Location
2023-01-31 11:42:13+00:00,1620386968994713601,nick_amirrul,"@brgsjks Confirm harga barang melambung naik. Mister Potato dari harga RM3.99 terus RM399 without doubt! Ye la semua org ada duit kot. Tapi kalau aku tetap kerja mcm biasa, RM1j tu simpan","Kuala Terengganu, Terengganu"
2022-11-20 00:51:15+00:00,1594131220329558021,Harith_Ramli,Aku nak kerajaan yang boleh buat kerja. Aku tak nak bila harga brg naik n menteri yang berkaitan bagi jawapan jangan guna barang tu. Baik tak payah jadi menteri. Tolong lantik menteri yang betul.,"Gong Badak, Kuala Terengganu"
2022-11-06 03:24:17+00:00,1589096302297894915,rajabahrinshah,"Banyak rintihan yang sebenarnya dihadapi oleh rakyat dalam diam.

Harga barang naik, harga kos servis naik, apatah lagi bahan asas makanan seperti telur juga kini naik dan susah didapati! https://t.co/sdf2ev89KG","Kuala Terengganu, Terengganu"
2022-08-11 02:09:17+00:00,1557549685778198528,PikaSakri,"Gaji minimum RM1500. 1 org penjaga taska hanya boleh jaga maximum 3 baby. Kalau hantar taska, minimum untuk baby, RM500/seorang.

Rate RM250 ke RM300 ni tak ambik kira kos inflasi, barang barang semua naik harga.

Jaga baby penat kot. https://t.co/G1EhV0cGOS","Kuala Lumpur, Wilayah Persekut"
2022-07-27 13:36:17+00:00,1552286755000549376,capsule_nine,Isu harga barang akan naik ni dah forecast sejak stimulus 2020 lagi. Mengeluh sekarang macam dah lambat.,"Kuala Lumpur, Malaysia"
2022-07-21 00:51:57+00:00,1549920078615166978,_chuyaa,Macam mana laa orang yg underpaid nak survive tgk harga barang dapur. Mcm naik 200%!,"Kuala Terengganu, Terengganu"
2022-07-01 12:53:51+00:00,1542853992275132419,izzxtnxzmi,Harga barang naik. Gaji dok masuk-masuk. Penat.,
2022-06-20 05:40:01+00:00,1538758548511158272,hanabiaaaaa,Selalu teman mama pegi beli brg dapur tiap bulan so boleh cakap harga mmg tgh naik gila sekarang dulu bajet untuk barang dapur biasa 300-400 je skrg mmg kena spend lebih 500-600 utk satu bulan. Satu bulan ye bukan setahun. Tak tahu la 10 tahun akan datang berapa harga satu barang,"Kuala Terengganu, Terengganu"
2022-06-02 08:40:47+00:00,1532281059634601984,gmp_zamir,"GST ialah cukai regresif. 
Ia mencukai kepada tahap masyarakat terbawah. Kanak-kanak, asnaf zakat bahkan peminta sedekah akan dicukai apabila membeli barang. Harga barang sekali lagi secara relatifnya akan naik dan membebankan rakyat. Haram di sisi Islam mencukai orang miskin. https://t.co/9LN0G8rdlS","Batu Buruk, Terengganu"
2022-05-06 04:54:15+00:00,1522439575792087041,sayed_alidrus,"Terlalu banyak lagi barang akan naik harga disebabkan kenaikan gaji minimum.. harga juga akan mencanak, seperti besi kayu dll. 
Takziah kepada majikan peniaga kecil.","Kuala Terengganu, Terengganu"
2023-01-23 03:08:18+00:00,1617358536950034435,MohandasBen,"Harga rumah turun sounds good. Tapi kenaikan harga bahan binaan macam gila sekarang. Deal harga bulan april 2022, tapi dengan kenaikan sepanjang 8 bulan untuk semua barang terpaksa absorb hampir RM10k.",
2022-07-17 17:34:46+00:00,1548722893399306240,pmrmarang,"Dalam menangani inflasi dan kenaikan harga barang, komunikasi merupakan antara medium amat penting kerana ia melibatkan pengguna yang perlu… @ Pejabat Penerangan Daerah Marang https://t.co/0uOevqismw","Marang, Terengganu"
2022-05-06 04:54:15+00:00,1522439575792087041,sayed_alidrus,"Terlalu banyak lagi barang akan naik harga disebabkan kenaikan gaji minimum.. harga juga akan mencanak, seperti besi kayu dll. 
Takziah kepada majikan peniaga kecil.","Kuala Terengganu, Terengganu"
