Datetime,ID,Username,Text,Location
2023-03-29 00:57:02+00:00,1640880710054735872,syafilanseyo,"Guna alasan cringe yang sama “barang dah naik harga” padahal nak untung berlipat ganda. 

Gula 1kg naik dua tiga sen tapi air jualan yang tawar dari rm3 naik rm5 sebungkus https://t.co/TpuKbKfzCa",ipoh
2023-03-20 13:19:26+00:00,1637806050463326209,Nafiqasrul,"Tahun ni aku tngok barang raya kemain harga naik ya. Tahun lepas beli baju raya RM180++ tahun ni jadi nya RM280++ almost 3ratus ya. Photoshoot pun x lupa juga before this RM100++. This year jadi RM150++

Cuba korang bincangkan","Ipoh, Perak"
2023-02-06 03:34:13+00:00,1622438488938532865,unluckyXenough,"Malaysia ni harga barang semua naik dah, kot yang turun itu hujan je.","Amsterdam, The Netherlands"
2022-12-24 09:16:27+00:00,1606579545439895552,SyazaAbas,"Harga pada barang RM10.70.. Harga pada kaunter RM11.80 semasa pembayaran. (Alasan peniaga.. harga brg naik..belum tukar tagging harga) korg rasa kita sbg pengguna patutnya bayar pada harga yang mana?? 🙄🙄🙄
Konpius aku..
Dear @kpdnhep kakak bingung.. https://t.co/fNM3O494f8",malaysian
2022-12-15 10:59:16+00:00,1603343930778877952,OkinaFitto,"Mcm la kerajaan sblm ni buat kerja sgt. 

Minyak naik jugak
Harga barang melambung","Perak, Malaysia"
2022-10-22 06:17:49+00:00,1583704157898543104,haiqal_ashraff,@Naufalvsthewrld @Saiwar88 @jaz_jedi Boleh tau harga barang apa yg naik ? Maksud saya naik yg ketara,"ipoh,perak"
2022-10-16 04:47:10+00:00,1581507017919041537,OkinaFitto,"@Injang_Nation Hahaha... diorang kata naik pembangunan satgi barang apa semua naik harga 🤣 jenuhhhh nk ckp.. bukan nk suh naik pencakar langit pun, tapi tu lah... mentaliti...","Perak, Malaysia"
2022-10-12 12:33:36+00:00,1580174845572419585,EhsalJesrin,"Dulu: Ini kalilah
Sekarang: Sekali lagilah 
#GeneralElectionNow #GE15 #Ipoh #MalaysiaBangkit #MalaysiaSejahtera #hargabarangnaik",Petaling Jaya
2022-07-26 04:14:30+00:00,1551782990891843584,MALWENTO,"@The_Mamu Menteri2 Yang Berkuasa
Terdiri Dari Pengkhianat2 Yang Mengianati Rakyat &amp; Pemimpin2 Yang Kalah GE14
Kebanyakan Adalah Penyokong Najib &amp; Zahid 
Harga Barang Semua DiNaikan
Gaji Rakyat Tak Naik
Gaji Menteri Naik
Rakyat Susah
Menteri Dari Party Yang Kalah GE14 Suruh Rakyat Bersyukur",
2022-07-15 03:50:10+00:00,1547790600619315200,OkinaFitto,"bagus.. semoga boleh jugak buat mogok untuk

kes rasuah
kes barang naik harga
kes pecah amanah
kes pemimpin duk nyusahkan rakyat

... atau.. hanya pilih pilih kes je 🫣","Perak, Malaysia"
2022-07-08 02:51:50+00:00,1545239203826393088,EhsalJesrin,"PM England pun resign.Mana2 pemimpin kat dunia Jepun,Korea especially x perform undur diri..Mesia je pemimpin x perform masih berkuasa &amp; salah pun masih nak interframe #BorisJohnson #BREAKING NEWS #KerajaanGagal #hargabarangnaik #BorisJohnsonResign #onlyinmalaysia",Petaling Jaya
2022-07-05 03:58:53+00:00,1544168917479743489,aintnajihah,@ellosyapa Macam gila kan harga barang sekarang😰 kalau naik 10 sen 20 sen takpe ni mendadak naik dia. Syaffa jual lagi kan? Macam mana sekarang?,"Ipoh, Perak"
2022-06-23 11:49:02+00:00,1539938580646469632,ctnanad,Perosah suruh buat kaw2 tanpa fikir byk yang tak nak sebab nanti semua barang akan naik harga. Confirm la org nk simpan duit.,Ipoh
2022-06-21 13:35:22+00:00,1539240564482506753,EhsalJesrin,"When you think it over these might solves the problem here..
Cause They never think of us…They are not. they’ll never..#Malaysia #KerajaanGagal #politikus #hargabarangnaik https://t.co/02Gq6L80LY",Petaling Jaya
2022-05-12 09:41:27+00:00,1524686180855345153,littlemelon__,Pengeluaran kwsp one off mengundang kepada inflasi. Demand &gt; supply = harga barang naik.,"Ipoh, Malaysia"
2022-04-07 04:43:53+00:00,1511927722120925187,f4izalhassan,"Dua soalan untuk mereka yang pakar:

1) Apa jaminan ada cop SIRIM harga pelitup muka tak naik?

2) Kenapa isu harian yang lebih penting seperti kenaikan harga barang keperluan di bandar besar seperti di JB tidak dijuarai KPDNHEP?

Terbuka untuk dibahaskan.","Putrajaya Federal Territory, Malaysia"
2022-04-05 14:24:30+00:00,1511349063698034695,JJCMPERAK,"Rata rata harga makanan di bazar Ramadhan kali ni naik harga, faktor barang mentah naik menggila barangkali. Cuma harap KUALITI pun tetap sama.. boleh?","Perak, Malaysia"
2022-03-29 10:07:27+00:00,1508747658449469442,msyafizaly,Barang naik harga. Nasi pun kena catu. Macam sikit nasi kandar dato' sagor sekarang. https://t.co/zdu03hiGF4,"Hulu Kinta, Perak"
2022-03-20 06:34:28+00:00,1505432567004418050,farahainroslan,@Khairykj @IsmailSabri60 Rm1500 tu then harga barang makin naik tak YB n Dato. If harga barang naik tetap tak cukup. Turunkan harga.,"Perak, Malaysia"
2022-03-19 15:38:11+00:00,1505207009594908677,littlemelon__,Jangan tetiba harga barang naik jugak 1 april ni sudah lah. Masa ura2 nak naik gaji minimum dorg dah naik harga dulu 😑,"Ipoh, Malaysia"
2022-03-16 10:03:03+00:00,1504035507671830529,_aldrinng,"Tempoh: 17 Mar 22 - 23 Mar 22 

Harga Jualan Runcit Petrol &amp; Diesel Seliter: 
RON95: RM2.05 (=) 
RON 97: RM4.00(+RM0.25)

SYUKUR BARANG NAIK KEMBALI BERLELUASA",
2022-02-09 07:34:46+00:00,1491314614495490048,MohamadJamean,"17,134 kes
Harga barang naik
Kes covid pun naik
Pakat naik belake sume deh 😅",Ipoh | Lenggong
2022-04-07 04:43:53+00:00,1511927722120925187,f4izalhassan,"Dua soalan untuk mereka yang pakar:

1) Apa jaminan ada cop SIRIM harga pelitup muka tak naik?

2) Kenapa isu harian yang lebih penting seperti kenaikan harga barang keperluan di bandar besar seperti di JB tidak dijuarai KPDNHEP?

Terbuka untuk dibahaskan.","Putrajaya Federal Territory, Malaysia"
