Datetime,ID,Username,Text,Location
2023-02-13 13:05:26+00:00,1625118953306562563,asy_raaf,"@thegrxyvibe Tak, harga barang pun sama naik","gombak, bukit mertajam"
2023-02-11 17:28:55+00:00,1624460483918192640,mathnoor,"@Sysafwann @SinarOnline @McmcReact Ko...
Kalau boleh paham cina cakap.....
Kompem ko meluat...
Why.....
Mmg Kena kutuk je melayu....
Ge kedai cina beli barang Kompem kena sembelih... harga.....
Beli minyak masak....
Stok xde harga naik....
Beli gula..
Stok xde harga naik....
Beli telur
Stok xde harga naik..
Rasis","Johore, Malaysia"
2023-01-08 00:56:47+00:00,1611889618181574657,NikSyazne,"Weh Cardi B pon emo nahhh harga barang, sayoq semua naik! 🤣🤣🤣 deni duit 7 keturunan pon tak habis pon bising lettuce dari 2$ jadi 7$ !! 🤣","Seri Manjung,Perak,Malaysia"
2022-12-24 16:32:56+00:00,1606689392973996033,amliamirh,@jllmisai Harey dulu hg jadi kerajaan hg buat apa harga barang naik duk bawak keluaq akta pulak sekeh satg,"Kedah, Malaysia"
2022-12-23 16:16:58+00:00,1606322983693344770,Fiqamr,Barang harga mahal - pengguna sanggup beli. Harga makin naik pun beli jugak. Ideanya kurang beli means kurangkan demand supaya peniaga terpaksa kurangkan harga supaya lebih kompetetif. Dikatanya @rafiziramli tak bagi makan ayam. Cetek betul pemikiran.,"Kulim, Kedah"
2022-11-20 13:08:12+00:00,1594316682893615104,iqbalibrhim,Ni semua geng melayu kaya raya geng investinusd boleh la buat buat tak kisah bab harga barang naik,
2022-11-19 23:36:22+00:00,1594112375678197762,11Ajeep,Setakat bagi 300 tapi harga barang naik mcm haram buat apa,
2022-08-11 05:17:38+00:00,1557597086115237888,MyTestoz,"Harga semua barang naik kita fight ubah ekonomi kita, tambah income

Yang bekerjaya pun ramai dah buat part time bisnes 💪🏻 https://t.co/ySYCx651lY",
2022-08-08 15:51:01+00:00,1556669317449539584,nzwxn,Gitu lah peniaga2. Bila barang naik depa acah terpaling kesempitan terpaksa naik harga bila dah turun depa buat tak nampak. P mam...,Malaysia
2022-07-10 08:37:45+00:00,1546051033306374144,HishamSohor,"@AminRahman_z @BN4everTN5O Jawapan yg tepat bukan ghaib, namun sudah tertunduk malu fantasi beliau ditewaskan oleh realiti kebenaran hidup yakni harga barang keperluan naik melaui harga yg mahal menyusahkan 32 juta rakyat Malaysia , diri nya sendiri beli brg  spt rakyat biasa juga tetap dgn harga yg mahal.",
2022-07-03 06:51:06+00:00,1543487478321266690,HishamSohor,"@doomedzry Jawapan kpd geng 30 ringgit dan geng kami serik 22 bulan  dibawah Ph diam membisu malu mulut terlepas cakap barang naik. Kini mereka diibaratkan makan dan telan najis sendiri, telan dgn hati yg terbuka, terluka beli keperluan untuk anak bini dgn harga yg mahal itulah realiti nya.",
2022-07-03 02:36:04+00:00,1543423299476389888,HishamSohor,@Edie57929225 @_Abcdeactive_ Secara fitrah pengundi  di melaka dan di johor sedikit sebanyak ada terbit kekesalan dijiwa ingatkan undi bn keadaan tambah baik buruk sangka kpd kerajaan Ph kini terbukti Allah tunjukkan hal yg sebenarnya kini harga barang naik dan terpaksa tempohi kehidupan harian yg sengsara,
2022-07-02 13:18:34+00:00,1543222602969550848,HishamSohor,"@kuhaslinda_a1 Apakah rakyat Malaysia 32 bersalah 100 % bila protes harga barang naik , ikut logik akal bermakna kerajaan paksa rakyat Malaysia terima secara membabi buta harga barang naik, barang naik  sesuatu yg bagus kpd rakyat jika begitu kerajaan ni bukan manusia jika layan rakyat dgn hina",
2022-07-02 11:11:35+00:00,1543190645925302272,IDAssingkiri,"""Apa lagi yang boleh diharapkan dari pejuang ABATA, selain harga barang naik &amp; nasihat bodoh tiada empati. Ni semua salah DAP &amp; Wahabi."" ~Pak Maon","Simpang Ampat, Pulau Pinang"
2022-07-01 09:20:51+00:00,1542800391842443265,Matajib9,"Harga barang naik kaww2..
Gaji haram tak naik mcm tu","Alor Star, Kedah"
2022-07-01 01:48:03+00:00,1542686438176632833,faizulfalcon,Hello July. Its  hari harga barang naik.,"Pulau Pinang, Malaysia "
2022-06-28 04:02:59+00:00,1541633233229869057,adek_farid,"Retorik politik diteruskan oleh parti keramat tersebut.

Macam-macam permainan dilakukan untuk meraih sokongan.

Hey, angpa sedaq ke tak lani rakyat hidup tertekan sebab barang naik harga gila²!",Malaysia
2022-06-26 01:30:22+00:00,1540870048176553985,HishamSohor,"@farhanzulkefly Salah satu taktikal yg diguna pakai oleh Jasa ialah Hipokrit, bila ada isu harga barang naik diam membisu, sokong dlm diam diam bila kerajaan batalkan tiba tiba keluar ucapan terima kasih sedang kn rakyat tidak ucapkan terima kasih, rakyat menunggu situasi 1 julai itu yg pasti.",
2022-06-24 14:44:08+00:00,1540345031563055104,HishamSohor,"@mkini_bm Amalan biasa setiap kerajaan yg memerintah harus bertanggungjawab kpd keselesaan dan kemudahan serta kemajuan demi rakyat jika harga barang yg naik tinggi wajar bertindak kenal pasti punca, kaitan dgn semua punca cara atasinya, bekalan, hapuskan kuasa orang tengah dan kartel.",
2022-06-24 02:37:26+00:00,1540162153403285504,HishamSohor,"Jika teliti perintah bukan dgn mandat rakyat pasti ada kesan tertentu 1.Najib desak pak lah letak jawatan, tinggal kn beban hutang 1MDB 2 mahyiadin tebuk atap naik kes covid 19 tinggi pelabur lari cari negara lain 3 ismail sabri harga barang keperluan naik, itulah kesan /realiti",
2022-06-24 01:20:45+00:00,1540142855183691778,TanSri_AlHakim,"Ada lagi manusia yang bodoh sebodoh bodohnya pertahankan sebab harga barang naik , ya tohannnnnnnn",bumi allah swt
2022-06-23 23:57:30+00:00,1540121903876435968,Hannani_Kamal,"Ada menteri ada timbalan ada pengarah. Satu pun tak boleh pakai.   Bayar gaji mahal2 bagi naik semua harga barang, tarif. Besarkan jurang ada la.  Hambar 😮‍💨","seberang jaya , pulau pinang"
2022-06-22 09:42:53+00:00,1539544444412002304,gegardo,@charkoteow Harga barang naik. Ejas bg naik 40% elok aa. Lepasni scalp ayam pulak,
2022-05-24 08:35:12+00:00,1529018163731435525,IDAssingkiri,"""Bila harga barang naik sampai 60%, rakyat tersepit dan hidup susah, kartel &amp; boneka mereka takkan terjejas. Duit depa boleh makan 7 keturunan."" ~Anon","Simpang Ampat, Pulau Pinang"
2022-05-22 06:18:03+00:00,1528258870707036160,anasrosli90,Baru nak bincang? Barang dah naik harga kaw²..barang tak cukup..memang celaka lah golongan² mcm ni.,
2022-05-21 17:11:06+00:00,1528060830356770816,HishamSohor,"@BoyChan1238 Sudah lah saiz kabinet kerajaan xxxl gaji lebih 50 ribu sebulan, maka usaha dgn sungguh sungguh cari fakta yg tepat harga barang keperluan naik, kaji selidik dgn  agresif  kena aktif kerja keras setimpal dgn gaji.",
2022-05-21 16:16:57+00:00,1528047200575827969,HishamSohor,"Kasihan rakyat Malaysia bila harga barang keperluan naik, Tim mentri, mentri hal ehwal pengguna diam membisu mula berikn alasan yg tersasar, gaji puluhan ribu sepatutnya turun ke padang cari punca, buat kaji selidik cari fakta buat brain storming, buat tindakan,  bukan  alasan.",
2022-05-12 23:55:21+00:00,1524901073458040833,rdh8tv,"Betul la tu. Rakyat la yang bangunkan ekonomi bila rakyat berduit dan ekonomi ni dijana bila perbelanjaan berlaku. Najib bagi macam2 dulu sebab nak rakyat berbelanja la. Tapi tu la, orang marah GST, tukar SST. Harga barang tetap naik.",1407 Graymalkin Lane
2022-05-11 07:45:12+00:00,1524294538415996928,adek_farid,@Mulut_Cabai Maaf abg saya kurang arif. Ini bermaksud harga barang naik?,Malaysia
2022-04-18 08:23:47+00:00,1515969328306618369,MRizalMSaad,"Bodoh betul tweet ni ramai trigger, apa aku nak sampaikan adalah salah 1 punca masalah sosial adalah parents yg terpaksa buat byk kerja utk survive dgn gaji minimum sekarang ni sehingga anak2 terabai. Harga barang sentiasa naik, harga rumah xkan turun.",
2022-04-03 05:22:30+00:00,1510487885296078858,Zkwxnn,"Harga barang naik dulu, gaji minimum menyusul.",Leave Me Alone 🙇🏻‍♂️
2022-03-26 09:22:54+00:00,1507649283004448772,AfindiNoor,"Harga barang semakin mahal
Harga makanan pun naik 3-4 kali lebih dari sebelum ni
#menteri semua buat menatang apa pun xtau
Kira dok pulun nak rembat duit kerajaan dengan duit rakyat ja...
Bagi gaji tinggi dengan siap elaun apa bagai, apa kerja yang menteri tu semua buat???",Kuala Lumpur Federal Territory
2022-03-19 13:24:21+00:00,1505173329304780809,mohd_famy,@Marchfoward Kawal harga barang baru fikir kenaikan gaji..ingat barang tak naik harga ke..domino effect...harga barang naik harga kedai makanan naik..fast food naik semua naik ...kawal dulu baru fikir kenaikan gaji minima,Penang
2022-03-19 13:24:03+00:00,1505173256378396680,MRizalMSaad,"@shadaixxx Sapa nak bg kita naik 300 rggt tiba2 mcm ni… harga barang makin naik itu pasti, kita gaji mcm tu jugak… utk org yg mmg gaji dah 1600 mcm tu jugak gaji dia tp terpaksa hadap kenaikan harga barang",
2022-03-12 01:53:17+00:00,1502462702597599232,adek_farid,"Sejak harga barang naik tanpa kawalan, sebelum masuk pasar kena rancang maklumlah saya hanya rakyat biasa. https://t.co/UmASqQtttz",Malaysia
2022-02-25 13:21:43+00:00,1497200133653807104,CrossedKom,"kita lak tak leh upgrade lifestyle,tiap2 taun keja elok2 sbb nk dapat naik gaji..alih2 harga barang pun naik sbb kerajaan bangang ni and kita gak tak leh upgrade lifestyle..negara lain makin lama makin senang rakyat and kita lak makin bangang tambah lak dok baca benda2 bodo mcmni",nibong tebal
2022-02-19 18:15:34+00:00,1495099756636299269,Zkwxnn,"Bincang punya bincang, majikan jugak yang tak setuju. Harga barang naik💯 setuju &amp; sokong 😌",Leave Me Alone 🙇🏻‍♂️
2022-02-12 15:00:49+00:00,1492514033332674560,zua_al_azmi,@dKMy9186 @wenkt Its normal kesan domino nih..xyah terkejut..sebelum ni naik gaji govt servant pun ada impak pada kenaikan harga barang ini lah kenaikan gaji minima.pastu maki kerajaan punca pelabur lari.sah2 la majikan nak yg upah murah untuk margin besar,Malaysia
2022-02-12 07:45:33+00:00,1492404491848609793,iwnmdniel,@501Awani @boujiemonji Gaji tak naik pun harga barang dah naik. Alasan apa lagi nak kasi,"penang, malaysia"
2022-02-06 00:32:33+00:00,1490121197861826561,amar_amaq,Apa yang kita boleh buat sekarang ni ya? Harga barang makin naik. Menteri nampak macam tak kisah ja. Apa kita boleh buat ya? Takkan kena tunggu PRU. UMNO jatuh naik PH? Lepastu barang naik jugak. Gaji tak naik jugak. Ulang benda sama ka? Kadang rasa buntu dengan Malaysia.,bukit mertajam
2022-08-26 12:24:40+00:00,1563140367700340736,fiq8897,"Memang lah Bagus Ada benefit dekat Pekerja Bagi Akta 1955 kurangkan jam Bekerja😉 Naikkan gaji basic Rm 1500 Tapi Korang tak fikir ke majikan yg nk bayar tu? Kasi kawal la harga barang Baru boleh sembang kenaikan gaji dan masa keja tu, Tau plan ja tapi macam berat sebelah ja.","Selangor, Malaysia"
2022-07-03 23:49:10+00:00,1543743685099401216,adek_farid,"Ada Menteri sarapan di warung tepi jalan harini?

Bukan apa, disamping menyantuni rakyat dibawah dapat juga mendengar rintihan para peniaga yang sangat terkesan dengan kenaikan harga barang ini.

Lagipun harga berpatutan dan sedap kalau dapat makan di warung-warung sebegini. https://t.co/NfHgnQGpO7",Malaysia
2022-06-25 04:48:11+00:00,1540557443926609921,adek_farid,"Banyak benda nak tulis tapi masih lagi proses recovery...

Rasa nak maki dengan kenaikan harga barang. Sabar sat....",Malaysia
2022-04-07 08:14:52+00:00,1511980816343085058,AzzalyH,"Sudah2 la pasal facemask ni... Sblm ni x kisah pun cop apa pun... Tetiba skrg kalut pasal cop??? Kerajaan perlu tangani masalah kenaikan Harga Barang.... Bukan sibuk pasal benda alah ni...
#facemasks #kerajaan","Permatang pauh, Penang. "
2022-03-19 13:24:21+00:00,1505173329304780809,mohd_famy,@Marchfoward Kawal harga barang baru fikir kenaikan gaji..ingat barang tak naik harga ke..domino effect...harga barang naik harga kedai makanan naik..fast food naik semua naik ...kawal dulu baru fikir kenaikan gaji minima,Penang
2022-03-19 13:24:03+00:00,1505173256378396680,MRizalMSaad,"@shadaixxx Sapa nak bg kita naik 300 rggt tiba2 mcm ni… harga barang makin naik itu pasti, kita gaji mcm tu jugak… utk org yg mmg gaji dah 1600 mcm tu jugak gaji dia tp terpaksa hadap kenaikan harga barang",
2022-02-12 15:00:49+00:00,1492514033332674560,zua_al_azmi,@dKMy9186 @wenkt Its normal kesan domino nih..xyah terkejut..sebelum ni naik gaji govt servant pun ada impak pada kenaikan harga barang ini lah kenaikan gaji minima.pastu maki kerajaan punca pelabur lari.sah2 la majikan nak yg upah murah untuk margin besar,Malaysia
