Datetime,ID,Username,Text,Location
2022-07-11 18:12:23+00:00,1546558031592181760,Othman508867911,"@yaniejela Nak holiday,,,elok bona lah tu,tonangkan https://t.co/mZQDWHTv8Z berserabut dgn minyak masak,harga barang naik trmasuk si Tajudin tu.",
2022-02-17 11:15:58+00:00,1494269387041574914,waneizhanafeef,"Sejak 2014, banyak PKS (turnover lebih &gt; RM300k) gulung tikar disebabkan GST. Rata-rata mereka serap GST sebab nak elak harga barang naik akhirnya kecundang. 

Ini realiti. Aku ada sikit pengalaman dalam PKS sejak usia muda (sekarang pun muda lagi), itu aku boleh cakap sikit.",
2022-08-04 11:11:25+00:00,1555149403237019648,amar_amk9757,"Keadilan akan lebih fokus kepada masalah mendesak yang dihadapi orang ramai ketika ini. Rakyat Malaysia kini berhadapan dengan isu kenaikan harga barang, kos sara hidup tinggi dan taraf gaji yang masih tidak cukup terutama buat rakyat bawahan. https://t.co/FDJfdJTYgp","Perlis, Malaysia"
2022-07-28 00:13:51+00:00,1552447204505563136,amar_amk9757,"Oleh itu, desakan agar menteri-menteri mengambil potongan gaji bukanlah untuk mengurangkan harga barang. Ia perlambangan hasrat rakyat kebanyakan mengenai beberapa perkara berhubung kemelut kenaikan harga barang sekarang:","Perlis, Malaysia"
2022-07-28 00:13:49+00:00,1552447197635297280,amar_amk9757,"Dari Rafizi Ramli
27 Julai 2022

POTONG GAJI MENTERI KERANA GAGAL, BUKAN UNTUK KAWAL INFLASI

Kenyataan Tan Sri Annuar Musa, Pengerusi Pasukan Khas “Jihad Tangani Inflasi” yang memperlekehkan desakan agar gaji menteri dipotong akibat krisis kenaikan harga barang adalah bongkak. https://t.co/RrLxxWH9oo","Perlis, Malaysia"
2022-04-20 04:44:26+00:00,1516638901116731396,amar_amk9757,"Rakyat dibebani dengan harga barang yang mencanak naik, kini mereka yang ingin menggunakan pengangkutan awam terpaksa pula berdepan dengan kenaikan harga tiket bas antara 10% - 20% bermula 29 April hingga 8 Mei ini.","Perlis, Malaysia"
