Datetime,ID,Username,Text,Location
2023-03-26 12:07:02+00:00,1639962161522020355,KlutzyKucing,"Ketupat palas pun dah naik harga dr last year. But mmg akan order tiap2 tahun wat cicah rendang.

Tak dapat dinafikan, harga barang semua dah naik, pulut pun. https://t.co/O9oAyDYW3a","Kuantan, Pahang"
2023-03-13 09:18:37+00:00,1635208732174090240,neyrashazeyra,"Harga barang makin naik harga, Pau kacang goreng Makin kecik https://t.co/RFVQRMALjR",Malaysia
2022-11-14 23:07:25+00:00,1592293151582351360,SofiuddinHafiz,"Satu je la. Andaikata PH dpt mandat enn. Pastu inflasi dunia makin teruk, harga barang makin naik. Kau nk jawab apa matt nnti. Dalil apa kau nk bagi?","Kuantan, Pahang"
2022-07-30 21:43:28+00:00,1553496521827848192,AIIIIIIFFA_N,"this morning, tiba tiba terasa macam okay Eco + will flop. Real soon 😅 dia mcm, wow this is soo expensive. Kat Mr Diy lagi murah, and also harga barang dari RM10 terus naik RM20 dalam masa a month 😌😀",Kuala Lumpur
2022-07-27 02:52:45+00:00,1552124807390498817,hhubbbbb,"Punyalah terasa harga barang naik, waktu nak bayar tu check dulu purse 😂 pak cik depan aku pun sampai ulang 3 kali tak percaya dia kena bayar RM100 untuk ayam, sayur &amp; biskut satu dua jenis dia beli. 

“Hm mahal betul barang sekarang yek.”

Akak cashier tu pun angguk je.","Kuantan, Pahang"
2022-07-24 10:10:07+00:00,1551147709239001089,NasYummy,Siannye nenek ni makan nasi and garam je sbb harga barang dah naik. Wait until the end 🥲 https://t.co/V913lR51Yz,"Johor Bahru, Johor"
2022-06-22 02:24:47+00:00,1539434192328884224,ab_yunos,@zunarkartunis Pertumbuhan naik harga barang ada lah,
2022-06-19 12:42:04+00:00,1538502373949132800,aiehasan,"Orang kalau tak pernah hidup susah, beli barang rumah &amp;lauk pauk duit sendiri, semuanya rasa murah. Barang mknn naik harga 50% pun tak rasa la kot.",kampung cherating yang mundur
2022-06-18 09:45:00+00:00,1538095426305331201,_IMaya_,"Best nyaa klu dapat tido satu hari tanpa perlu fikir apa-2 .. tanpa buat apa-2 .. tanpa diganggu sesiapa ..

Hmm .. tp tuLaa kena klua keja .. Kena cari duit .. harga barang pon makin naik .. 

Klu tak berusaha .. mana rezeki nak datang ...","Pekan|Kuantan|KL, Malaysia"
2022-04-03 21:54:00+00:00,1510737407670652929,peningkepala,"Satu dunia harga barang naik. 

Start DIY","New York, USA"
2022-05-14 07:14:25+00:00,1525373955011268608,_IMaya_,"Dulu pernah beli .. tp org lain pakai 

So .. kena beli lg laa kan 😌

Prepare awai-2 .. harga barang zaman now mahai .. baik beli masa-2 camni .. takde laa rasa sangat kenaikan harga tuh nanti .. https://t.co/64T72sZ8VH","Pekan|Kuantan|KL, Malaysia"
2022-04-24 15:10:22+00:00,1518245973230690312,_IMaya_,"Pebezaan 
...

Harga 😌 

Semua barang ada kenaikan harga nampaknya .. https://t.co/lAgkZtgk6E","Pekan|Kuantan|KL, Malaysia"
