Datetime,ID,Username,Text,Location
2023-03-16 04:15:29+00:00,1636219610944143360,Iamzp_,"bagi aku anuar ni bijak sbb kalau purchasing power naik, mmg harga barang naik so jadi inflasi and tak mustahil akan lgi ramai kene retrenchment", Melaka
2023-02-19 02:56:28+00:00,1627140030862069760,marouapplehijau,"mostly barang uniqlo 2023 dah naik harga. sedar tak sedar je

1st barang naik harga recycle tote bag pun dari RM7.90 &gt; RM9.90 tahun lepas","Kuala Lumpur City, Kuala Lumpu"
2023-02-17 00:52:11+00:00,1626383977761357824,AldillaIshak77,"Semua barang dah naik harga paling terkejut butter dari 250g dah tinggal 227g harga sama jilake kalau x perasan
Raya nanti makan Nasi Goreng Kangkung tepi parit macam Menteri Ahmad Maslan bodoh cakap
Jari tengah",
2022-12-07 02:36:22+00:00,1600318269688549376,MariatiSalleh,"My thoughts, exactly! Ms berkuasa, x peduli pun harga barang naik, ringgit merudum! Skrg byk komplen, siap rancang nak rampas kerajaan yg dah mula buat mcm2 utk bantu rakyat. Ya Allah, pelihara bumi bertuah kami ini dr tangan2 rakus yg tidak menjaga kebajikan kami ya Rabb https://t.co/ydKFPcfHUb",
2022-11-20 02:28:00+00:00,1594155570374012929,lisa_aiman36,@thegagapboi Kadang2 pendekatan untuk org lebih berusia ni berbeza dari org2 muda. Org tua mintanya simple bkn pasal climate change tp more into kenapa harga barang naik or jumpa x kat https://t.co/iU3AbaAq5i dlm bnyk benda aku rasa da kena start look into tiktok. Dari tok mak smua lepak sana,Malaysia
2022-11-14 18:35:28+00:00,1592224712129929217,nrizzahrazak,"Dia camni kalau PH harga barang naik : dia kata salah PH 

Kalau time PN BN : dia cakap inflasi",
2022-09-21 00:11:41+00:00,1572377993926037505,MariatiSalleh,"@emdqa @_rezarazali_ @Joharijamaludi2 Ehh elok je ayam, minyak murah ms PH, harga barang naik melampau ms time korang la ni",
2022-08-22 02:40:47+00:00,1561543880033845250,Faizzul_Iman,"Bila banyak sangat dental clinic ni, banyak la persaingan. Nak attract patient, terpaksa buat promo harga rendah. Harga treatment makin rendah. Barang supplier pulak makin naik. Nak cover harga tx rendah, kena ada ramai patient,  jadi workload bertambah.","Bandar Melaka, Malacca"
2022-08-19 04:13:32+00:00,1560480055222218752,zaharrahmann,Ada duit g tgk concert mahal2 lepastu kene scam tak berbaloi. Tak ada duit merungut sana sini harga barang naik lah mahal lah. Bodo nye manusia 😂,"Muar, Johor"
2022-07-06 00:21:04+00:00,1544476489584111616,nulyangkedua,"Harga barang semua naik , hujan sahaja yang turun",
2022-07-05 03:17:30+00:00,1544158501643390976,hafizhaslan,"Bila kos sara hidup meningkat, harga barang naik rasa macam nak downgrade cc pulak. Cari yg low maintenance 🤣 si jerung ni boleh tahan bela dia ni. Minyak kuat. Haha Awal2 kerja gov ni mcm sesak sikit https://t.co/kgwhMCQJHE","Jempol, Negeri Sembilan"
2022-07-04 12:29:35+00:00,1543935052009992192,aizadizzuddin_,"apo hari hari drive kete mesedis, tapi h acah pening tengok harga barang naik. jual jela mesedis tu ganti dgn axia 😅",ماليزيا
2022-06-01 15:58:08+00:00,1532028734869340160,tok_asyraf,Di mana pahlawan2 dacing yg hebat di kala harga barang naik? Yang hendak mempertahankan GST?,"Sungai Rambai, Melaka"
2022-04-30 12:45:19+00:00,1520383796214136834,IrfanJamilludin,"Untunglah boleh tergolek2..kita ni tak boleh nak tergolek sbb kete sempit..dah lah sempit, kena hadap jam..dahlah jam, roadtax, minyak bayar sendiri..dahlah bayar sendiri, gaji kecik harga barang naik..hmmmmm","Malacca, Malaysia"
2022-03-21 00:26:28+00:00,1505702345874702336,Nur_Farliana,"Lol kerja bertahun punya payah kena campak merantau bagai nak tunggu naik gaji sampai level 1.5k. Now masuk masuk gaji 1.5k ya, yg dah kerja bertahun tahun ni duk diam jelah sebab kita golongan terkecuali. Tunggu jela sikit lagi nanti announcement harga barang naik...",Allah's Earth
2022-03-13 19:41:46+00:00,1503093984931254273,MR_ARROGANG,"Dah abis pilihan Raya da kan. Tunggu la lepas satu, satu, barang Naik harga. Tgk la.","Malacca, Malaysia"
2022-03-13 06:28:32+00:00,1502894360962433024,capt040797,"Kita bukan kedekut, tapi money management.

Minister kita dah makin hari makin mengarut, biar kita ada bekalan cukup kalau ada apa2 hal. Harga barang makin hari makin naik.

Kita mula dgn keluarga sendiri dulu. 🚨","Bandar Sunway, PJ"
2022-02-09 17:18:22+00:00,1491461482437312512,imannnn98,Peh kaw2 harga barang Ikea naik,
2022-12-05 03:51:11+00:00,1599612322091503616,insansesucialam,@RifdiAmri Saya lebih refer beli di Lotus Giant or Aeon....Mydin dulu2 mmg harga berpatutan tp since dah c19 harga seakan2 ada kenaikan ....saya akan ke mydin jika ada promo barang yag saya nak dan kegunaan di lain hari,"Damansara,Selangor"
2022-07-01 16:22:17+00:00,1542906447931252736,MohdHazwannnn,"""Syukur aku kurang terkesan dengan kenaikan harga-harga barang mentah. Aku tak beli pun minyak masak, telur, ayam apa bagai.""

""Habis, kau makan apa di rumah?""

""Aku tak makan di rumah. Aku makan di kedai depan yang ada awek cun tu. Makan sekarang kenyang sampai petang esok.""",
2022-06-13 04:10:26+00:00,1536199289986093058,isdacatering,"Pakej 2022 bakal kami revised semula kerana kenaikan harga barang yang tak terjangka oleh kami. Harga baru akan bermula 1 Ogos 2022.
. 
Tempah segera utk dapat harga lama.","Bandar Melaka, Malacca"
