Datetime,ID,Username,Text,Location
2023-03-30 15:56:47+00:00,1641469527841198080,abgskii,"@babylunna90 Boleh je letak harga siling. Pakai logik awak, jangan la nak bising bila harga barang naik, boleh bela/tanam/ternak sendiri. 

Jumlah ruang niaga pun boleh ditambah untuk beri peluang kepada lebih ramai peniaga. 

Aku pro rakyat. Kau ni pro apa? 😂😂😂","Kuala Lumpur, Malaysia"
2023-03-30 09:25:41+00:00,1641371106035793920,AsahPisau,"@br0mbak @poiuycvbn @YaakubHawa Harga nasi goreng tu kat sesetengah kedai dah bertahun lama dah RM8. So salah PM skrang juga ke? Zaman Najib harga barang naik, zaman Atok, naik, zaman Midin dan Ismail sabri naik. Skrang pun naik, tapi xde pun mencanak² macam untit Hawa kaki fitnah tu tulis.","Kajang, Selangor"
2023-03-30 05:48:47+00:00,1641316522399502336,AsahPisau,"@NaratifRakyat @formulabadut @AzminAli @AnwarWajah @azmyklanajaya @kismath90 @Bro_Jamal7 @LimSiChing @jnmalaysia @ShahrilHamdan @jonestwong Ramadan tahun 2015 pada bulan Jun dol oii. Tarikh post Rafizi bulah Januari tu takde kaitan dgan dengan bulan puasa la..  bukan pakar ekonomi pun, orang umum tahu bulan puasa mmg harga barang akan naik. Teruskan jadi macai Najib yang bebal.","Kajang, Selangor"
2023-03-30 01:09:07+00:00,1641246139856064512,cik_arissa,@mnrtherock @rafiziramli Baru ni je ke harga barang naik? Sblm ni kau tido dlm gua ke? Baru bangun?,Shah Alam 
2023-03-30 00:10:40+00:00,1641231433107914752,ArisyaArianna,Harga barang makin naik tapi harga diri?,"Kuala Lumpur,Malaysia"
2023-03-29 14:32:43+00:00,1641085986829647874,faridzramlee,@mkhairulazri Tau tak pe.. padahal tak buat apa2 pon. Harga barang tetap naik 🤣🤣,Meru Klang
2023-03-29 05:18:42+00:00,1640946560740499457,Salim_Iskandar,"@dyanasmd Lead for who? We the rakyat never chose him and he failed la. Telur also cannot setel. How? Harga barang jangan cerita la. Saya ulammm, ini hari naik esok minyak turun. Sold to much empty dream eh? https://t.co/UEWH08kZ9v",Kuala Lumpur City
2023-03-29 00:53:00+00:00,1640879695834099712,MalaysiaGazette,"#ICYMI Harga barang terus naik #malaysiagazette 
https://t.co/kzzHFh3DTM",Kuala Lumpur
2023-03-28 22:06:45+00:00,1640837858230689793,visvick32,"@ismet_ulam Sbb di sekinchan mengadu pada DAP. Begitu juga pasal durian Raub. Monopoli mereka diam sj, x boleh bertindak. Cube kawal harga barang? Gaji min naik?intern bergaji? Tapi foreign worker waktu Covid pun ttp kena bagi. Menampung eko negara / kocek mereka adalah ‘ grey area’ .",Kuala Lumpur City
2023-03-28 16:51:59+00:00,1640758643179274240,AsahPisau,@YaakubHawa Pelabur asing lari? Harga barang naik mencanak²? Ambil mana data ni kak?,"Kajang, Selangor"
2023-03-28 14:55:31+00:00,1640729336876761089,amirlong36,@ih_tr @matRBag @rafiziramli Ya ini kalilah barang semua oun naik. Menu rahmah? Harga baja naik 100% since last year. Rahmat betul https://t.co/AV3UH5wxzd,Kuala Lumpur City
2023-03-28 10:50:43+00:00,1640667728506912771,zophanem,"3. Banyak benda mahal gila sekarang. Mee hun mee goreng RM6. Roti john RM8 paling murah. Disebabkan dalam Putrajaya dengan harga barang mentah dan minyak naik harga, ok lah.

4. Presentation tu penting ye. Kedai aku beli meehun ni dia letak je ketam dengan tepung. Buruk gila-",Putrajaya
2023-03-28 02:57:46+00:00,1640548707195297792,nyonyacyber,"setakat apps semak harga barang.. harga ttp jugak naik mencanak2.. lainlah kalau ada apps boleh buat harga brg turun... problem skrg harga brg semua meningkat, itu yg patut kerajaan cari jalan...  tak kan jumpa yg murah jauh berkilometer dari rumah kau nak terjah pergi jauh2???",kuala lumpur
2023-03-27 21:35:59+00:00,1640467730070646786,adamadlin,@Lord_MoSBY @malaymail @rafiziramli Sebelum ni rakyat tak bijak menilai harga? Habis tu kenapa rakyat complain harga barang naik?,Shah Alam
2023-03-27 09:50:30+00:00,1640290186897817602,hasreypriady,@vijaymunisamy @apanakdikato Harga barang naik bukan masalah besar.. tu lah idea dia,Petaling Jaya
2023-03-27 07:10:43+00:00,1640249975648182272,ArisyaArianna,Harga barang makin naik tapi harga diri?,"Kuala Lumpur,Malaysia"
2023-03-27 02:51:19+00:00,1640184696121466881,ammarstuvwxyz,"Silap2 yahudi datang meniaga kt Malaysia pun mengalah. Tapak mahal, harga barang naik. Kelmarin aku pergilah elmina konon nak tengok karnival raya. Tapak tu baru wujud, jalan &amp; parking tak proper, kedai tak seberapa lagi, tapi parking kena bayar.",Kuala Lumpur
2023-03-13 07:25:24+00:00,1635180243467259905,freddoted,@KhaiYalan69 Hahaha haah. I perasan harga barang naik lama dah. I tak ada anak anak ni pun terasa. Apa lagi orang ada keluarga,
2023-03-11 15:30:03+00:00,1634577432362749954,CikShamsulPSRTM,Zaman Sekarang Dengan Harga Barang Naik dan Kos Sara Hidup Tinggi ... Ada Yang Kelaparan dan Ikat Perut ... Ini Realiti Bukan Fantasi.,"HULU KELANG,KL,MALAYSIA"
2023-03-11 07:25:09+00:00,1634455405161242625,noraakira,Tp kalo kwsp bonus gak la untuk sis..yes tau nowadays memang ramai je ada masalah duit..x nafi kan memang harga barang naik tp kwsp bukan la satu2 nya alasan untuk betuiikan keadaan..,Malaysia
2023-02-28 10:56:43+00:00,1630522380278980612,suran_reds2002,Bantu rakyat apa nya nanti harga barang naik … ripple effects,"Liverpool, England"
2023-02-21 04:09:18+00:00,1627883135278145537,Senggiaw,"Harga barang terus naik.Ini disebabkan berapa faktor.Konflik di antara Amerika dan Rusia melibatkan Ukraine.Amerika, Kanada dan Kesatuan Eropah membantu Ukraine dan menambah sekatan ekonomi terhadap Rusia.Rantaian bekalan terjejas. Rusia membalas. Konflik tersebut tidak berhenti. https://t.co/DvQWqvnF4u",
2023-02-18 08:38:13+00:00,1626863644041711618,neverthar,@mkini_bm Apa gunanya naik gaji kalau barang keperluan naik harga jugak???,"Anywhere, Somewhere"
2023-02-18 03:45:11+00:00,1626789902905118720,ZBinAli4,@fahmi_fadzil Tak salah pun kenyataan dari bos Mydin .Harga barang keperluan akan terus naik..diharap pekara tersebut tidak menjadi penambah beban JANJI untuk rakyat atau perlu siapkan alasan kenapa menu rahmah tak mampu bertahan. Banyak jerat sendiri sedang tunggu jadi kemarahan rakyat ye Yb. https://t.co/aB2RlS7m2c,
2023-02-17 14:13:48+00:00,1626585710567489539,johnlabuana,@AzfarBakar @anwaribrahim Bloom apa kebenda harga telurn ayam pon takleh nak jaga… hari ni berapa nilai ringgit… kalau industri naik harga elektrik diorg akan naik kan juga harga barang… sama juga,
2023-02-17 06:45:48+00:00,1626472966522548224,johnlabuana,@ahmadmaslan @anwaribrahim @KWSPMalaysia Covid selesai harga barang naik… apa benda la… yg tak layak tak payah bagi keluar la,
2023-02-15 03:07:27+00:00,1625693241332076544,PijaEpyja,Tapi nak dapat harga macam kat langkawi tak dpt laa. Barang byk pakat naik harga dah,"Kedah, Malaysia"
2023-02-12 07:51:46+00:00,1624677628199448576,kurtkoden,Ape la nasib peniaga macam kami nie barang harga borong pun naik. Kami naikkan harga jualan memang customer tak membeli la jawapnya. Ramadan hampir tiba dan raya akan menjelma…..,Malaysia
2023-02-09 06:19:39+00:00,1623567285313994755,Justlikeaina,"Memang mahal sebagai pembeli. Tapi sebagai penjual mmg harga barang naik gile babi skrng. Diorng pnye sales pn belum tentu wholly cover operation cost. Sbb one thing people lupa about peniaga tepi jalan are they use electric, air, sabun nk membasuh, minyak kerete semue sendiri.",Malaysia
2023-02-06 10:14:07+00:00,1622539125365837824,NaimNawrouz,@zua_al_azmi Lepaihtu kata barang naik harga. Apa cheese dia datang dari kambing gunung ledang kahh nak mahai mcm tu..,"Los Angeles, CA"
2023-02-06 09:12:58+00:00,1622523735453634560,zackzackh123,"Barang naik sejak kerajaan 33 bulan PAs PN ambil alih..
Time tu ko gi mana hanat?
Senyap sepi time tu..

Tiba2 skrg puak ko terpaling juara melalak itu ini..

Btw bnyk dah brg2 keperluan dah ⬇️ harga sjk PH ambil alih..",Malaysia
2023-02-02 07:00:19+00:00,1621040802205155328,chesuriati,"@hmetromy kenapa harga barang asyik naik? Dividen tak naik mana, gaji tak naik mana, bila harga baja naik, hasil tani semua naik. Baja ni dari mana sebenarnya?",Turkey
2023-02-02 01:42:13+00:00,1620960748271980545,idgafzlnie,"harga barang turun, harga makanan kat kedai still camtu jugak, takde pun nak turun turun. bab naikkan harga laju je dgn alasan ""barang naik harga"" 😤",
2023-02-01 02:41:51+00:00,1620613368393633792,AzizolKhairul,Tak guna jugak average gaji rakyat malaysia starting 1.5k  Tetap rasa macam keje gaji bawah 1.5k.. gaji naik harga barang pun naik macam nak mati. Aku ni haa nak belanja makan pun kene catu. Hmmm,"Kuala Terengganu, Terengganu"
2023-01-29 13:51:00+00:00,1619694601350316040,chelliah_joel,"@HmzH3989 @DudeYumi @YazidAiman4 Korang ni kongkek arini, nk anak esok… menguji konon…. 33 bulan tu kerajaan butoh tebuk atap tu, x buat apa pun korang diam… 4 kali barang mentah semua naik harga, diam gak… skrang mentah2 penungang agama dah xdpt tebuk atap korang ckp diuji mcm korang merempqt tgh jalan",
2023-01-27 14:42:10+00:00,1618982703482937344,Mohdfaiz13,@AppleDom_ @redzuanNewsMPB Kalau naik kan gaji minima secara drastik harga barang akan naik nanti.,"Shah Alam, Selangor"
2023-01-27 07:38:46+00:00,1618876151979724800,puterawalid,Takda sapa marah pun kecuali PN ja. Harga brg banyak dah kembali normal drpd dulu yg sampai 4 kali naik harga barang.,
2023-01-26 10:31:06+00:00,1618557132747702273,nurhadimohd,Masa 30 bulan jadi kerajaan PAS guna kitab Permata Yang Hilang ka sampai harga barang naik melambung?,
2023-01-18 09:26:55+00:00,1615641878229323776,Senggiaw,"Harga barang naik kerana berapa sebab seperti konflik di Ukraine yang menjejaskan rantaian bekalan. Rusia menyerang Timur dan Selatan Ukraine. Amerika membantu negara itu, diikuti oleh negara-negara Eropah. Konflik berpanjangan. https://t.co/VB754v68No",
2023-01-15 06:08:32+00:00,1614504788322054150,NuhazIberahim,"So nasihat sis, apa apa jua kondisi poketmu, pakailah yg bersesuaian dengannya. Kalau nk versi bajet, banyak pilihan ikut poket. Kalau nk versi premium, kena lah berdamai dengan harganya. Plus harga barang makin naik ya. Takde dah doluu doluu","Vienna, Austria"
2023-01-10 03:36:01+00:00,1612654466117009413,Senggiaw,"Takut harga barang naik: ketika musim Tahun Baru China, rakyat berharap Kerajaan dapat mengawal harga barang, termasuk memastikan bekalan telur ayam yang cukup. Usaha membanteras kegiatan haram meraih keuntungan adalah sukar. https://t.co/DQZKD5JrMf",
2023-01-04 22:26:43+00:00,1610764692062097408,CikShamsulPSRTM,"Dengan Harga Barang Naik, Dengan COVID Bagai ... Entah Apa-Apa Entah .. Zaman Sekarang Ni.","HULU KELANG,KL,MALAYSIA"
2023-01-02 05:41:20+00:00,1609786902680604675,Senggiaw,"Konflik Amerika dan Rusia di Ukraine menjejas rantaian bekalan.Harga barang naik.Kita hendak kerajaan Malaysia stabil.Kadar inflasi meningkat.
Rusia guna lebih banyak peluru berpandu canggih di Ukraine.Amerika &amp;NATO masing-masing beri bantuan $50 bilion &amp; $40 bilion bagi Ukraine. https://t.co/AsIHEkqG2l",
2022-12-31 23:24:24+00:00,1609329657102635009,akmalarif90,"Utusan Malaysia

Harga barang naik 10%

19 minit yang lalu - https://t.co/1mFuG7nImp",Malaysia
2022-12-24 01:42:09+00:00,1606465220805033986,hasyudeen,"@AwatifWardina Deflasi ialah apabila harga jatuh kerana permintaan jatuh. Biasanya di dalam negara yang menghadapi masalah ekonomi. Jika permintaan berkurangan disebabkan harga naik, tu yang dikatakan harga barang tu elastik.","Kuala Lumpur, Malaysia"
2022-12-24 01:23:04+00:00,1606460417316130816,hasyudeen,"Dari segi teori ekonomi, perkara asas yang menentukan harga barang ialah bekalan dan permintaan. Jika permintaan meningkat dan bekalan meningkat sama, harga akan bertahan. Jika bekalan berkurangan tetapi permintaan tetap tinggi, harga akan naik.","Kuala Lumpur, Malaysia"
2022-12-13 18:49:27+00:00,1602737478841925632,Hafizul_4342,Sebenarnya harga barang makin naik atau matawang semakin jatuh? Something to ponder 🤔,Shah Alam
2022-12-09 04:10:58+00:00,1601066852385718272,Shirafahmi,@Norfarahinn Open next week hari x sure lg. Nnt aku iklankan..tp sebiji skrg aku terpaksa jual rm4.50 sbb barang semua naik harga gila2 😭,"Kuala Lumpur, Wilayah Persekut"
2022-12-06 04:09:51+00:00,1599979405455298560,__faziraa,Seem like harga barang semua dah makin naik.. like serious memang dah banyak barang harga makin naik,Zairiq & Zihni 🌻
2022-12-04 04:35:29+00:00,1599261084191707136,Fitri_Nizam,pergi pasar tengok harga ikan kaw kaw naik. bila la nak naik gaji. nak happykan family beli je barang basah tanpa kira-kira🥲,Malaysia
2022-12-03 01:25:03+00:00,1598850771453612033,user5060708090,"yang aku lebih kisah nye masalah negara kite ni.. i don't want ekonomi teruk, kos sara hidup meningkat, rasuah berleluasa, harga barang naik.. ni semua akan effect future generations including me.. (2/3)",Pakatan Harapan 
2022-12-01 07:02:51+00:00,1598211004974137347,mosyukiborhan,"Mantap juga ye permulaan Disember dengan mesej dari supplier, harga barang naik sebab ada ‘sugar tax’.

Ladang tebu kat Malaysia dah takde ke? Atau ada orang main motor cross lanyak pokok-pokok tebu tu? 😭",KL / Tangkak / Solo 
2022-11-22 12:09:25+00:00,1595026663045464065,ShknJmluddn,"Sana sini gaduh sedar tak harga barang makin naik, urghhh!",
2022-11-22 05:44:51+00:00,1594929886036385795,mfjfazley,"review balik lah undi18..sbb diorang tak tau pun pasal cost of living, harga barang naik, kadar faedah naik etc etc",
2022-11-20 22:52:53+00:00,1594463823020556288,Ashrxxf,@brgsjks Budak budak bengap mana terasa harga barang naik!! Setan 🖕🏻,68100
2022-11-20 01:43:20+00:00,1594144328682962945,HishamSohor,"@BenAdamicExcp @SyedAkramin @_Abcdeactive_ Ribuan ringgit dari segi bahasa dari segi mencecah Rm 35.000, Rm 50.000 sudahlah ada syarikat yg tutup, jobless mcm mn bayar ansuran kereta. Bayar ansuran rumah, bayaran bil bil tetap, dgn kos harga barang keperluan naik  jadi fikir fikirkan lah kesengsaraan jiwa hadapi cabaran.",
2022-11-19 14:26:43+00:00,1593974051772723200,yushairieyusoff,"Siapa suka kerja gaji rendah, harga barang naik kaw kaw, kleptokrasi dan level rasuah tinggi DEMI PERTAHANKAN AGAMA ISLAM DAN BANGSA MELAYU, mska mereka (orang kampung/perantau kampung di Bandar) telah mengundi Lebah atau Ikan. InsyaAllah RM5 = USD$1. #PRU15KitaJagaKita","Kajang, Selangor"
2022-11-08 13:34:21+00:00,1589974608291442688,MykiRedd,Haaaa takyah ambik. Pastu harga barang naik apa pun takleh borak. Acaner tu? Kalau ahli politik ni buat &amp; luluskan boleh keluar duit tu. Nak tak nak kena keluarkan. Kalau tak perit.,Firdaus.
2022-11-08 00:41:29+00:00,1589780111053967360,faraanadiyot,Dari suruh keluarkan KWSP baik abah fikir mcm mana nak turunkan harga barang mentah barang dapur barang keperluan. naik kaw kaw tue unlesss abah tak turun pegi pasar or supermarket hari2 😌,kotarayaku
2022-11-01 00:41:41+00:00,1587243445512331264,BobGandum,"Harga barang naik tak penting sekarang..
Jawatan lagi penting dorg cakap 🥲
#BarangNaik https://t.co/D5EWH5zBpm","Selangor, Malaysia"
2022-10-30 06:50:32+00:00,1586611494619205632,Fitri_Nizam,PRU15 dulu baru awak. Harga barang naik mcm gila ke apa tolak tepi dulu janji PRU15 diutamakan #BarangNaik https://t.co/qwLl7BprfX,Malaysia
2022-10-29 10:46:54+00:00,1586308587504414720,mshafizal_s,@ZahidaZK Malaysia sakit sbb rasuah. Dengan kerajaan skrang menghalalkan rasuah.semua menteri2 gila bangang. Pendidikan anak2 Malaysia dah terkebelakang.peluang kerja susah. Harga barang naik melambung.Doakan rakyat Malaysia buat pilihan betoi di PRU nanti,"Selangor, Malaysia"
2022-10-25 16:20:40+00:00,1584943031798878209,nikuvekuniaki,"Saya bangga memiliki kerakyatan Malaysia. Ringgit Malaysia semakin menjunam. 1 USD = RM4.74 sen, penyelarasan 5G mengambil masa 10 tahun untuk kuasai seluruh Malaysia. Gaji naik paras minima, dalam masa sama, harga barang turut naik. Kesimpulan, sama sahaja. Apa kebanggaan kita? https://t.co/3cAFxZLNh1",Kuala Lumpur City
2022-10-25 11:06:27+00:00,1584863957176942592,Mohdfaiz13,@lady_bugg11 GST dah 4 tahun mansuh pun barang naik harga juga 😝,"Shah Alam, Selangor"
2022-10-24 12:00:23+00:00,1584515143417081856,painadoll,"harga barang serba serbi naik tiap2 tahun,tapi rate gaji dok takat tu je.tak ke bangang.",Somewhere anywhere
2022-10-20 01:30:48+00:00,1582907152020086785,emmnh_,@prjmldn Hahahaha ye wehh. Barang dapur semua naik harga tu tak larat tu. Aku spend masa dengan anak petang lepas diorang balik rumah pengasuh. Aku start prep barang dalam pukul 9. Masa tu aku dah setel suap anak makan dgn main dgn dia. The rest bapaknya pulak handle,Malaysia
2022-10-18 09:25:09+00:00,1582301748164972545,dblega1n,"Dalam dunia ni 2 benda je naik dalam senyap
1. Harga barang
2. Benda tu",Malaysia
2022-10-18 05:06:38+00:00,1582236690592436224,faizah86,"Barang berasaskan tepung gandum, pelan-pelan naik. 
Memula yang viral roti gardenia.
Tapi brand lain pun naik juga, cuma takde orang nak cover story.
Roti takde jenama pun naik harga.","Selangor, Malaysia"
2022-10-17 01:08:34+00:00,1581814390369619969,Ziyesh,"After 13 years since day one aku masuk rumah sewa, dia naikkan RM150 from RM500. Its okay, paham jugak tu now harga barang pun naik sana sini. Owner pun baik.","Subang Jaya, Malaysia"
2022-10-13 10:03:20+00:00,1580499417563811843,Mohdfaiz13,@armanamin330 @TeshKumarSangar Kalau macam tu harga barang naik kenalah usaha sendiri,"Shah Alam, Selangor"
2022-10-10 06:10:15+00:00,1579353600123629569,mraafiz,"“Kerajaan tebuk atap”
“Kerajaan tak tolong orang. Harga barang naik!”
“Kerajaan gagal! RM makin jatuh”

Sekali bile nak bubar sume puji pm dan kerajaan. Semua menggelupur. 🤣

Korang dah kenape?",Kuala Lumpur City
2022-10-06 01:41:40+00:00,1577836453744152576,afqazt,Gaji harga sama. Barang harga naik. Terpaksa buat side income.,SAC 
2022-10-01 04:11:30+00:00,1576062221586956288,KakchikAshaKC,"Bising rakyat suka berhutang. Masalahnya kos sara hidup meningkat pakcik oi.

Harga barang semua makin naik.

Gaji pulak macam siput khinzir. Lambetttt lagi.",Malaysia
2022-09-30 03:05:16+00:00,1575683167721521152,NikShariff92,Harga barang kalau naik 50sen or singgit takpe la lg. ni mostly barang2 yg selalu beli naik 3 hingga 5 ringgit terkesan lah jgk🫠,"Kuala Lumpur, Wilayah Persekutuan Kuala Lumpur"
2022-09-29 14:56:19+00:00,1575499722462089218,MiaHakucho,"Barang asas yang selalu beli untuk bantuan dah bukan barang asas dah, mcm barang mewah. Sardin je dah RM7/+ setin. Minyak of course naik harga, what else? susu takyah cakapla. Rasa mcm aku perlukan bantuan je sekarang.",Malaysia
2022-09-26 04:10:50+00:00,1574250117200125953,Nik_Natasya,"@BuletinTV3 Habis tu yg gaji swasta lg rendah ni, kena keje 6 hari plak tu... benefit apa pun xde...hujung bulan plak asyik negatif je gaji, saving pun xde...sewa rmh naik, harga barang semua naik...mcm mana plak?","Ampang, Wilayah Persekutuan Ku"
2022-09-23 03:07:56+00:00,1573147122056437761,paedrazip,X habis2 ajak beli rumah. Tahu x purata gaji semua org dh boleh jd B40! Naik la mcm mne pon tetap akan jd B40 if xboleh nk kawal harga barang dan lain2.,johor bahru malaysia
2022-09-20 01:35:01+00:00,1572036577030967297,haf_lida,"@muhdfirzuan Merunggut lah, masa org p tempat dia, habis semua barang naik harga. Tak relex",
2022-09-18 06:11:39+00:00,1571381416759533569,PakDeris1908,Kau semua nak salahkan harga barang naik ..cakap lah nak cari pulus lebih https://t.co/BPBaNgyEje,"Pahang, Malaysia"
2022-09-15 14:21:15+00:00,1570417464013623296,Mohdfaiz13,"@Injang_Nation @Miyrahusna Naik gaji ❌
Naik harga barang ✅","Shah Alam, Selangor"
2022-08-29 08:58:06+00:00,1564175549001396224,berrybape,MYR to USD tinggi gila hari ni. TT rate 4.5515. Special rate pon just dapat 4.525. Harga barang akan makin naik,kota bharu - kuala lumpur
2022-08-28 05:39:06+00:00,1563763081896898561,MrNobody95dj,Naik harga barang takboleh tangguh pulak!,"Gombak, Selangor"
2022-08-26 11:14:18+00:00,1563122662666571776,Mohdfaiz13,"@fordlynxrs @saedah789 @maxmuaz Takat ayam dengan minyak je murah tu pun ada subsidi. Keperluan lain semua naik harga. Apa guna barang murah tapi tak ada kerja? gaji minimum masih rendah tak setanding beban kerja, peluang pekerjaan sikit sampai ramai orang yang ada kerja pun hilang kerja walaupun tak ada pkp.","Shah Alam, Selangor"
2022-08-26 05:48:04+00:00,1563040560159805442,Mohdfaiz13,@fordlynxrs @saedah789 @maxmuaz Rasuah zaman najib memerintah. Harga barang naik baru tahun ni.,"Shah Alam, Selangor"
2022-08-25 14:31:49+00:00,1562809978058330112,Mohdfaiz13,@saedah789 @maxmuaz So harga barang naik rakyat komplen sebab pemalas la?,"Shah Alam, Selangor"
2022-07-26 14:45:03+00:00,1551941673277538305,izau_mh,Apasal menggelabah? Bukan terkesan pun dengan inflasi harga barang naik ni semua kan?,Malaysia
2022-07-04 00:07:46+00:00,1543748364759490560,Fazeil80,harga barang naik org org kaya kayangan pun menggelupur juga ke.simpati ke buat buat simpati.,
2022-06-27 10:49:40+00:00,1541373188206374912,shah_shnetwork,Dah belanja dapur? Berapa dah habis tu? Naik kan harga barang? 😌,"Selangor, Malaysia"
2022-06-26 09:56:34+00:00,1540997438609457152,gifthubdotco,"saya tau struggle kita small business nak kekal semangat especially zaman semua barang dah naik harga ni. tapi setiap hari ada org membeli barang, just believe in what you do, usaha, doa, last baru tawaqal.","Ampang, Wilayah Persekutuan Ku"
2022-06-26 08:00:48+00:00,1540968306118897664,rafzantomomi,Yang selalu beli barang dapur rasa harga barang makin naik. Uwu,Kuala Lumpur
2022-06-25 10:42:49+00:00,1540646691493163008,cheucensantuy,@nots4r4 bantah gst kekonon sebab harga barang naik waktu tu 😣😣,
2022-06-24 13:32:51+00:00,1540327092205694977,shasha_jamal,"Sebenarnya bekalan makanan ni cukup jer,tapi jangan salahkan kerajaan..sebab yang menipu sekarang adalah pembekal dan pengedar yang tipu pelanggan kata stok tak ade jadi harga barang kena naik..dan banyaklah si bebal penyokong parti lain yang maki hamun kerajaan",Selangor
2022-06-23 15:40:23+00:00,1539996799720890368,svrvh101,Sana sini baca harga barang naik. I feel pity to those families yang betul2 terhimpit. Hanya mampu doakan mereka lebih kreatif to double up their household income.,Malaysia
2022-06-23 13:42:41+00:00,1539967178903957507,qishdarleena,Sesaja bebel time gini sebab stress baca news barang naik harga belaka. Barang baking pun dah start naik harga dari lepas cuti raya tuhari yaa..,Galaksi Bunasakti
2022-06-23 10:22:25+00:00,1539916782386831360,kaymohdbusy,@sky_is_purple Kannn. Tapi harga barang basah mahal. Taktau la 1st july nanti naik lagi berapa 😕,Kuala Lumpur
2022-06-23 04:20:28+00:00,1539825692816609280,Apenglah,Bye2 lah malaysia. Harga barang naik gaji tak naik. Gua nak blah pergi batam. https://t.co/Xh3DyS4Z5x,Patin Rock City
2022-06-23 02:14:38+00:00,1539794026227830784,Hfizbhrdin,"@IsmailSabri60 lawak. Dengan bagi one off RM100 &amp; RM50, beban apa yang kau cuba nak ringankan? Harga barang mentah naik, kenaikkan bukan pada 1 barang je ya bang. Tu baru cerita brg mentah, belum sudut perbelanjaan yg lain.",
2022-06-22 14:11:43+00:00,1539612100267454464,zxmxn,"Bila harga barang banyak naik ni, aku tiba2 terfikir kena berjimat. Nak beli kasut terus rasa nak fikir 2 kali",Yong Peng
2022-06-22 13:09:08+00:00,1539596347044536320,AmirExia001,@lcsmxms @nrjwznl Request: Buat gambar ni tpi harga barang naik plak...,Nilai
2022-06-22 09:51:52+00:00,1539546704650768384,TkeyJoe,"kita nie teringin nak beli macam2, tp bila bulan depan macam2 barang da naik harga, tak jadi nak beli! damn it!",Kuala Lumpur Federal Territory
2022-06-22 09:17:46+00:00,1539538122244968448,Thiban_ben,"#Formulanajis 

Harga minyak masak naik, harga ayam naik, harga barang naik! 

Rakyat : Apa tindakan Kerajaan untuk kawal harga barang? 

Kerajaan Mail : Kita hentikan sudsidi, bagi BKM 100 ringgit. Hebat tak?

#KerajaanBodoh 
#KerajaanGagal 
#BNBarangNaik https://t.co/oKmTSqNojh",Bestari Jaya (Batang Berjuntai
2022-06-22 08:53:47+00:00,1539532087144763392,amlnrsln94,"Selalu mcm ni.. Bila ada kes harga barang naik, akan ada bantuan yang diberi.. Bukan tak bersyukur, cumanya harga barang tu utk jangka masa yang panjang.. Bantuan tu one shot je dapat.. Then lepas tu macam mana?",
2022-06-22 08:36:38+00:00,1539527773215428608,hanan_464,"Sebab harga barang naik, dia bagi tambahan rm100 utk yang dah kahwin. Bujang rm50. 

Dan kepada penerima bkm ja.

Habis orang lain tak terkesan dengan kenaikan harga barang?","Bangi, Selangor"
2022-06-22 07:56:18+00:00,1539517620767973377,sruliam,"Orang sibuk pasal harga barang naik, macai ni masih sibuk sembang pasal hibah TH zaman PH",Malaysia
2022-06-22 01:00:25+00:00,1539412960010915840,nadzim,"Negara kita ni tgh auto-pilot ke? Satu benda pun tak menjadi ni. Paling basic, harga barang naik. Aiii, marah betul aku dgn penyu dungu ni.",Kuala Lumpur + 400km radius.
2022-06-22 00:26:52+00:00,1539404519926136835,miss_fsr,"While in malaysia kebanyakan subsidi kena tarik, harga barang melambung2 naik,kerajaan acah2 macam prihatin tapi hakikatnya semua sibuk nak pru sebab nak kekalkan kuasa. 🤷‍♀️","Kelang, Selangor"
2022-06-21 20:50:25+00:00,1539350047699021824,Fazerabaharudin,Risaunya semua harga barang nak melambung naik,Kuala Lumpur
2022-06-21 18:44:06+00:00,1539318258322788352,kechekkkkk,"kalau harga barang naik macam bodoh mcam ni, baik aku makan kt deli thai je setiap hari 🤌🏻 nak beli barang dapur pun duk terpikir pikir https://t.co/hIbbKWy2b0",One Piece
2022-06-21 18:38:15+00:00,1539316787246149632,kechekkkkk,bodoh lah harga barang naik ni,One Piece
2022-06-21 15:58:38+00:00,1539276615556866048,Vandeeta3,Semua barang naik harga..ermm tak lama lagi kita mkn ubi rebus jer laa 😔😔 https://t.co/MnsVSwxvlJ,"Semenyih, Selangor"
2022-06-21 13:14:37+00:00,1539235341512880129,nenorall,"minyak naik, ayam naik, harga barang naik. lagi apa nak naik? school fees anak pun dari rm390 naik rm450 sebab kata dia kena ikut guide gaji gov.
mula terasa miskin bandar dah ni 🥹",Faroe Islands
2022-06-20 15:16:59+00:00,1538903748600205312,CikShamsulPSRTM,"Harga Barang Dah Naik !!!

Kerajaan Tak Ada Hendak Beri Bantuan Ke ??? 

Macam BKM Tambahan Ke ??? Untuk Yang Dah Kahwin dan Bujang (B40) Yang Terkesan Dengan Kenaikan Harga Barang ???","HULU KELANG,KL,MALAYSIA"
2022-06-20 05:06:57+00:00,1538750228894867461,noraakira,Harga lauk semua naik 1 ringgit..yes paham la ni semua harga barang naik..tp nanti kerajaan turun harga x pernah plak harga makanan turun..,Malaysia
2022-06-19 13:32:03+00:00,1538514951182368773,Vandeeta3,Pelik tp benar .. yg bising harga barang naik orang BERSATU tp kebanyakkan yg urus tadbir kewangan dan ekonomi Malaysia drpd Menteri² drpd BERSATU https://t.co/KCwDifwWBP,"Semenyih, Selangor"
2022-06-18 16:59:49+00:00,1538204852106366977,amiruddin_akh,"Yup finally terasa harga barang naik. Beli Satu air ni which harga dia Dari dulu lagi RM2. so confident laaa bayar RM2 then Otw gerak, sekali kene panggil, ""  eh dek lagi 90 sen"" .... Hahhahaa",
2022-06-18 12:32:41+00:00,1538137625508585473,NedimNazriAziz,@ainulaizat Too expensive. Harga barang naik,"Kuala Lumpur City, Kuala Lumpu"
2022-06-18 04:19:12+00:00,1538013435098972160,xmmxxr,"Patut la ibu kata dekat kampung sayur dah mahal kak. Nampak la dah jarang beli barang dapur, tapau je. Sekali beli hambik semua naik harga.",UPM — Hiatus
2022-06-17 10:57:34+00:00,1537751297905991680,macaister,"Kalau rujuk pada Twitter ni, dekat Malaysia je harga barang naik. Negara lain tak, harga barang semua murah. Pakai coin je dah boleh beli ayam sekor.","Johor Bahru, JDT"
2022-06-13 20:31:35+00:00,1536446206091505665,ZacxAbdullah,@HamiPKMB @IsmailSabri60 Harga barang naik di seluruh dunia bukan sahaja di Malaysia. Kau tukar PM 10 kali pun kau ingat boleh turun ke harga barang Dol? Banyak usaha² dah dibuat contohnya menetapkan harga siling Ayam dan menghalang Ayam dari di eksport ke luar negara!,Kuala Lumpur Federal Territory
2022-06-12 14:20:08+00:00,1535990339722366976,darlingdeebam,serius lah harga tau fu fa sekarang ni dah rm4 😱... biasa beli rm2 je... ke dah lama sangat sis tak beli ... tapi rasanya minggu lepas baru je husband sis belikan kat pasar malam baru rm2...betul2 harga barang dah naik ni....,"Selangor, Malaysia"
2022-06-10 14:37:59+00:00,1535270055940075520,nizamiks,"Speaking of Inflation…

Banyak betul barang naik harga.

Air Manis Tepi Jalan: RM3 ➡️ RM3.50
Kepak Ayam: RM2 ➡️RM2.50
Shawarma : RM5 ➡️ RM6

Ini just list makanan yang selalu saya beli la. Maybe lain dari korang. 

Eventually akan merebak juga ke industri lain.",Malaysia
2022-06-09 12:39:30+00:00,1534877847017271297,_riixal,"@becktdennis Skrg semua barang naik harga sis sbb tuh makanan pun naik harga tp bila brg turun harga, harga makanan tak plak turun haha",W.P Kuala Lumpur
2022-06-08 07:56:04+00:00,1534444134563340288,RameshRaoAKS,"Di UK, US, India, China even negara jiran, Thai, Vietnam, Singapore pun semua masalah inflasi , harga barang naik

Inflasi di US 8.4% utk bulan Mac , tertinggi sejak 41 tahun!

Inflasi UK 9%  , tertinggi sejak 40 tahun!

Inflasi di Turki pula naik paling teruk sejak 24 tahun!","Bandar Kuala Lumpur, Wilayah P"
2022-06-08 07:56:04+00:00,1534444132797558784,RameshRaoAKS,"🐷 🐷 #Pakatanharapan  cakap jangan buat #gst, tapi sepatutnya kawal harga barang. 🐷 🐖  punya sembang, komtar pun tumbang.

Banyak negara pun ada masalah krisis makanan, masalah harga barnang naik, even UK dan USA.","Bandar Kuala Lumpur, Wilayah P"
2022-06-07 09:34:03+00:00,1534106401298993152,_makeitsmile,"Stress barang makin naik harga😢 .. Ubat gigi dan berus gigi pun keperluan 😕 tapi bos kita suruh MAINTAIN HARGA MISMIS..Tunggu apa lagi? Pakat dapatkan dekat kedai online kami..
Nih min bagi link 👇
https://t.co/Ui61pgwNBq 
https://t.co/7GMkak0nZb

#ismailsabri #yuna #mismis https://t.co/C5b6DztXtS","Selangor, Malaysia"
2022-06-06 05:53:03+00:00,1533688399978446848,joeharylai,"Harga barang naik xperlu tunggu esok lusa.. 
Gaji naik masa xsesuai..",
2022-06-05 12:03:02+00:00,1533419122037387264,ariffadnann,Gila babi terasa gila harga barang naik. Sebelum ni beli barang Rm300 pun rasa mcm dh ckup. Latest beli rm500++ total barang. Gila gila,Terengganu
2022-06-03 15:44:37+00:00,1532750108223152129,aapoooooooo,"Dokkk ratib salah nuar lah salah madey la. 2 taun dah berlalu. Geng2 korang seronot rebut kuasa, duit semua. Meanwhile ringgit jatuh, harga barang naik, lembah kelang jem mcm hapatah.
Fedap betullah dgn makhluk2 ni.",
2022-06-03 00:24:46+00:00,1532518620646887425,capsule_nine,Kejap ada kejap xde. Lepas ni harga barang naik mendadak lagi.,"Kuala Lumpur, Malaysia"
2022-06-01 14:57:21+00:00,1532013435277279234,eagleaslanded66,"@La_FarEast Rakyaat kelaparan, ekonomi down, Harga barang naik  tapi istana renovation on fasilities  tukar katil, sofa, half a million, isn't it a waste, what the agong respond on these matter, or what the respond among all the raja raja tanah melayu, utang negara belum selesai lagi.","Pulau Lang Tengah, Terengganu"
2022-06-01 04:43:25+00:00,1531858937297145856,NabilHalimi,"Kerajaan perlu bertindak proaktif atasi isu gaji minima yang rendah menjadi antara punca utama mengapa kita kehilangan rakyat Malaysia yang berbakat ini. 

Negara luar lebih menghargai mereka . 

Masalah ini bukan sesuatu yg baru. Harga barang naik , tapi gaji masih rendah?","Cardiff, Wales"
2022-05-31 15:21:26+00:00,1531657108365533186,joshuaong,"The impact of price increases or just simply known as 'Barang Naik' (should be 'Harga Barang Naik') due to the Covid-19 pandemic is getting worse. Shopee conducted a 'Barang Naik' survey (Was it sponsored by BN / PH?) on 17 Mar 2022 and majority agreed BN.
https://t.co/fH6dJ3DAu1","KL, where else?!"
2022-05-31 12:59:00+00:00,1531621266289229825,johanlah_,"Haihh semua barang naik lah ha. Susu S26 tu dulu RM94.50, susu Dutch Lady RM20.90, susu HL pun dalam RM6+. Sekarang tak dapat la harga tu. Cedeyh. https://t.co/34RYZF5Wjp",Singgahsana.
2022-05-31 03:33:13+00:00,1531478879428153344,drunkenbabes,Tapi harga barang lain tak turun pon 😭. Bila harga petrol naik laju je barang-barang lain naik harga dengan alasan kos meningkat.,Kuala Lumpur Federal Territory
2022-05-30 10:10:43+00:00,1531216526334128129,firkhry,@emmaajohari Hampir semua barang harga naik kaw2 beb..mau x naik angin haha,"Kulim, Kedah"
2022-05-30 04:13:26+00:00,1531126614393618432,NienaTirra,HARGA BARANG NAIK BUKAN SIKIT2 YE NAIKK,
2022-05-30 04:04:11+00:00,1531124286651768832,nenorall,"lepas harga barang naik, fee sekolah anak aku pun sama naik 😭😭😭
sekarang pun dah rm400 Julai nanti berapaaaaa? 🥹🥹🥹 https://t.co/6X4QCbcLXz",Faroe Islands
2022-05-30 03:04:37+00:00,1531109295601102848,sabrinaazmel_,"Kesian dgn peniaga2 skrg, disebabkan harga barang mentah naik, so bila kami ni naikkan pulak harga jualan, pembeli akan salahkan kami and cakap kitorang jual harga cekik darah🥲 Padahal peniaga skrg terutama peniaga mknn, untung ciput gila sumpah tak tipu😌✋🏻","Selangor, Malaysia"
2022-05-26 14:41:10+00:00,1529835039072354306,xmmxxr,"Malaysia punya keadaan sekarang, harga barang naik mendadak. Nilai mata wang pulak yang jatuh. Pastu gaji tak tahu la dari zaman tuk kaduk sama je basic dia. 

Entah laa, lepas ni blh la bagi kerja kosong dekat arab saudi ke ? Boleh la merantau tempat orang pulak.",UPM — Hiatus
2022-05-26 00:48:59+00:00,1529625612566286337,naqibahhawa,Barang lain naik harga. Semua brg nak naik harga jugak. https://t.co/QSRrjSQYl7,Malaysia
2022-05-25 13:35:29+00:00,1529456121127219200,IzzzTheGreat,Kayangan mcm dia mana nk rasa efek inflasi pon gaji ratus ribu apadehal barang naik harga mendadak pon tk luak gaji dia,Kuala Lumpur
2022-05-25 08:29:55+00:00,1529379222699282432,deeaannnnnnnnnn,Tapi Pembangkang kata kerajaan tak bagus sebab tu harga barang naik?,
2022-05-25 02:24:27+00:00,1529287247207755776,sabrinaazmel_,"Pening gila skrg tgk harga bahan mentah😅 Harga barang naik, tapi nak jual dkt end user harga still takleh ubah sbb kena complain mahal🥲 Apalah nasib duduk malaysia ni hm","Selangor, Malaysia"
2022-05-24 02:20:48+00:00,1528923940634054656,Thiban_ben,"Knife on the people's neck 😣

Krisis bekalan makanan 
Krisis harga barang naik - BN 
Harga minyak masak pun naik 
Harga makanan pula bakal naik 🥺 https://t.co/hXJaleB0Pm",Bestari Jaya (Batang Berjuntai
2022-05-23 10:14:15+00:00,1528680699879772160,BerkatPenyayang,"Harga barang naik kadangkala bukan disebabkan kerajaan, tapi global economy. Back to basic supply and demand 

Aku tengok ramai rt tweet tu 🤦🏻",Shah Alam
2022-05-23 04:52:29+00:00,1528599725792182273,vickneshvasu,"Menu after harga barang naik: 
1.Rumput
2.Air kosong
3.Kicap
4.Pepper

Ada item lain boleh tambah.","Miri, Sarawak"
2022-05-22 13:22:29+00:00,1528365682529665024,magnerifique,"Babi punya kerajaan. Harga barang makin naik tapi menteri menteri semua dok melancap kat opis, taknak buat apa apa!!!!!","KL, Malaysia"
2022-05-22 04:47:09+00:00,1528235998080946176,Thiban_ben,"Walaupun sibuk berkempen utk pemilihan Parti, isu ekonomi negara sangat merisaukan. Sri Lanka jadi negara muflis kerana tadbir urus yang tidak cekap dan amanah. Malaysia tidak jauh dari Sri Lanka. Kini, nilai ringgit jatuh, krisis barang makanan, harga barang naik! Hidup Mail!!",Bestari Jaya (Batang Berjuntai
2022-05-21 07:34:58+00:00,1527915841362112514,Fazerabaharudin,"Semua barang keperluan nak naik harga, makin tertekanlah yang bergaji kecik ni",Kuala Lumpur
2022-05-19 16:30:54+00:00,1527325936906948608,Official_Rdzwn,"Harga barang dijangka naik 60%?? 
Toti canai dijangka naik lebih dr RM1.70...

😮‍💨😮‍💨
Dah naik ni mmg xkn turun da...",
2022-05-19 10:53:55+00:00,1527241133856034818,gunNesh33,"@nabilahudatahar 1.Klu rezeki halal, xder salahnya melompat.komitment semakin tinggi, harga barang semakin naik. Plus, employers nowadays tak kisah experience memanjang asalkan kita ada skill n knowledge yang dia nak.",Malaysia
2022-05-19 10:01:59+00:00,1527228065436565504,Zaki_Yamani_,Nak jadi kapir ke suka harga barang naik ni @zackrie1311 https://t.co/60Yv3D0r9F,
2022-05-19 07:11:06+00:00,1527185057483395073,PrinceRayDauz,Macam tak ada ertinya gaji minimum 1.5k bila harga barang pun ikut naik sekali…sama jer rasanya tak ada kebaikkannya di situ…,"Kuala Lumpur, Wilayah Persekut"
2022-05-18 12:23:18+00:00,1526901240411856896,MhammadAfiff,Hahaha naikkan gaji pastu harga barang naik 60%. Yang babi babi je malaysia ni,Bangi
2022-05-18 05:11:45+00:00,1526792635624865792,mhdazmnrlsn,Harga barang naik dijangka 60%???? Fuhhhhh,"Bandar Kuala Lumpur, Wilayah P"
2022-05-17 09:37:17+00:00,1526497071427047424,lady_chantek,"Harga barang dijangka naik 60% bulan depan. 
Ini cabaran besar kepada semua terutama rakyat marhaen. 
Kena elakkan pembaziran, produk punah takyah la beli, makan pun takyah la mewah. 
InshaAllah masa susah ini akan berakhir","Kuala Lumpur, 📍 Malaysia 🇲🇾"
2022-05-17 07:41:18+00:00,1526467883861016576,shahrilhafizie,Had minima gaji naik pun tak guna kalau harga barang pun nak sama. Yang paling terkesan golongan M40 la.,"Sungkai, Perak"
2022-05-16 03:21:35+00:00,1526040137762996225,mytheorem,"Suruh team leader cucuk bos besar belanja lunch, kena gelak. Huhu apa la nasib jadi B40. Tak lama lagi harga barang naik sebab tepung naik harga.",
2022-05-14 07:33:43+00:00,1525378812359217152,Ad212ulL,"Seram la tengok harga barang skg… 😣🥴 nanti barang naik lg..  org yg x selalu pergi beli barang dapur, jgn nk mengeluh kenapa peniaga naik kan harga..","Kelang, Selangor"
2022-05-12 13:05:46+00:00,1524737600728092672,hierrago96,"Harga barang naik lagi
Non Dairy Creamer

2021 - Rm190
2022 January - RM220
2022 March - RM260
2022 June - Rm300

Cane nak niaga ni weh..

Mati akuuuuuu","Rawang, Selangor"
2022-05-11 14:55:13+00:00,1524402754067714048,natashagideon,"Besides that of course economy nak naik, harga barang mentah keeps increasing, harga property pun akan naik. If you wanna own, do your due diligence, have savings, and emergency savings. If you wanna rent, go for it. No shame at all. Just make an informed decision.",Malaysia
2022-05-11 07:12:32+00:00,1524286317932126208,Official_Rdzwn,"@501Awani Malaysia ni satu je masalah...
Harga bahan mentah naik - harga barang naik...
Harga bahan mentah turun - harga barang x akan turun...",
2022-05-10 09:31:17+00:00,1523958847521492992,rainbowuniqat,@PUCHlNG Entah. Dulu I beli seratus lebih je kalau x salah la 😹 Maybe skrg NS tgh hot jd barang naik harga. I beli dulu kat gamers hideout.,
2022-05-08 08:17:51+00:00,1523215589438754816,mluthfiramli,"Jadi baik, sebab harga barang makin naik, dan mereka ada income untuk boleh beli apa je dorg nak. 

Dan bukan seperti marhaen yg terpaksa berjimat demi kelangsungan hidup dan kena ada simpanan utk benda tak jangka.","Ampang, Wilayah Persekutuan Ku"
2022-04-25 14:36:28+00:00,1518599831966478336,hazim_nyem,Semua barang naik harga. Cukai pintu pun naik 4%.,"Kajang, Selangor"
2022-04-24 23:18:54+00:00,1518368917760077824,nowthisisrita,"Mall yg ada LRT mahal2 pula harga barang. Hahaha jem. Jln TAR ok. Naik LRT/bas/jalan kaki dapat 10K langkah. Tp jgnlah bawa anak2 kecik,baby pun ada. Pergi mak pak je beli &amp; terus balik. Mcm mak bapak kita dulu ukur dgn tali rafia. Covid-19 still around uols.",she/her
2022-04-09 13:02:04+00:00,1512777868581158912,shahrizan_k,"Kita akan rasa harga makanan mahal sampailah kita sendiri berniaga &amp; rasa sendiri penat lelah berniaga tp untung tak seberapa.

Kena mula terima hakikat harga kos &amp; barang, kos pekerja &amp; delivery pun dah naik.

Tak mampu, tak payah beli. Peniaga nak untung, bukan buat charity.",Malaysia
2022-04-08 19:47:32+00:00,1512517519248338944,yaakub_abu,"@mynewshub Debat le cepat....mana tau harga saham melonjak naik, harga barang merudum turun...",
2022-04-07 04:17:44+00:00,1511921140767531013,AznurNadiyah,"@gomovingforwar @SyedAkramin Dah memang terpaksa, nak buat cammana. Klu dah bertahun keja gaji naik 50 60 rm setahun. Cukup ke nak cover kenaikkan harga barang setiap tahun?","Petaling Jaya, Selangor"
2022-04-06 17:35:31+00:00,1511759519831191553,hafizulhadi3,"Orang mengamuk harga lamb shank naik. Patutnya hangpa pi mengamuk kat kerajaan yang naikkan harga barang dalam diam sampai 30% - 40%.

Tapi tulah. Malaysian. Selalu tak kena tempat 🤣🤣🤣🤣🤣",
2022-04-06 05:21:50+00:00,1511574882991058945,Angkut_,"@SinarOnline @AlexNantaLinggi ko hidup dah berapa tahun?Jadi menteri berapa tahun?🤦🏻‍♀️ Dari sejak bepuluh tahun lepas kenaikan harga barang kawalan mnyk masak ayam telur smua musim2 perayaan or puasa mmg naik,lagi nak siasat??Untung laaa gaji besa2 pegawai puluh / ratus org tak pantau..to late",langit nan biru.
2022-04-06 04:42:25+00:00,1511564965375004675,khairunnxsa,Barang harga semua nya naik. Tak tahu nak salahkan siapa? Peniaga or kerajaan. Sedihnya,
2022-04-05 10:31:48+00:00,1511290500002697219,sehidangrasa,Risau je. Aku dari end product consumer sampai jadi peniaga pun terasa dah harga barang naik. Ada pengedar tu jual susu badam Milklab dengan harga yang dah naik 3-4 ringgit. Susu Nestle Pro pun naik sikit dah. Apa lagi Farm Fresh. Tapi paling aku risaukan kopi lah. 🤣🤣🤣,"Kuala Lumpur, Wilayah Persekut"
2022-04-05 03:31:21+00:00,1511184689674874883,hierrago96,"Ni tak cita lagi, barang bisnes, 

Telur A, dulu 11, sekarang 13
Creamer 25kg 190, sekarang 265

Pastu memang laa harga makanan dijual naik, peniaga pun tak leh tahan , tak dapat nak absorb dah kenaikan. End up user yang kena, kita pun user, soo terkena jugak tempias","Rawang, Selangor"
2022-04-05 03:29:07+00:00,1511184130536456203,hierrago96,"Kenaikan harga barang ni memang melampau.

Sebab perang rusia yang tak habis2.

Tayar motor corsa, last year beli rm90, sekarang harga naik rm105

Ni expected minyak hitam pun akan naik. Weh bila nak habis weh","Rawang, Selangor"
2022-04-05 02:51:26+00:00,1511174645856149506,norlishafikah,Banyak ckp pasal harga maknaan mahal kat bazar.  Tp mmg betul pun.  Smlm nak beli roti john RM8. Terus tak jd ye.  Hahaha .  Hari ahad lepas beli kat jalan kebun RM6.  Tp nk buatcemana.  Mmg harga barang naik . Masak je la nak .,malaysia
2022-04-04 12:31:08+00:00,1510958143466991616,mierularep,@luqmanibnusabri Nak wat cane man mmg harga barang skrg naik kaw kaw. Tak boleh salahkan peniaga jugak .dia cari makan .salahkan menteri je hahah,
2022-04-04 09:26:21+00:00,1510911640618737666,mierularep,Betul la harga makanan kat bazar naik . Sebab barang mentah naik .terpaksa peniaga naik.  Mahal2 .roti john nak dekat 10 hinggit .dulu 5 hinggit je,
2022-04-04 04:27:30+00:00,1510836433350983680,ruzainiml,Harga makanan di pasar ramadan naik. Masak kat rumah pun harga barang mentah naik jugak. Sama je,
2022-04-03 10:20:44+00:00,1510562940151205889,zafeiyra,"@XavierNaxa Tulah nak buat mcm mana. Mak ayah saya pun terkesan dgn barang mentah naik harga. Tepung, telur, mentega. Tu belum sewa tapak pun mkin mahal. Mak ayah saya pun serba salah nak naikkan hrga","Kuala Lumpur, Wilayah Persekutuan Kuala Lumpur"
2022-04-03 05:53:03+00:00,1510495575329820675,Media_Selangor,Peniaga diingat jangan ambil kesempatan naik harga barang https://t.co/VGxoyYIn8z https://t.co/mvtI3G2iWv,Shah Alam
2022-03-28 08:04:07+00:00,1508354234118713345,RidhwanRafiee_,"tengok bill restock barang tadi rasa nak menangis, harga naik kaw 😭", 🅰️ - Side
2022-03-25 00:24:40+00:00,1507151443945738242,LeeSlimShady,"Kalau kau umum nak turunkan harga barang, barulah pembangkang akan sokong. Ini kau nak buat Sosma, macam mana @pakatanharapan_ nak sokong? Elok lah batalkan je MoU tu, makin di sokong makin naik lemak, bukan nak bantu rakyat.",Earth
2022-03-24 03:16:18+00:00,1506832250272247817,MohammadHaziqh,"All bakeries item mmg naik, ni raya ni kena up sket harga barang nak rolling modal","K.L, Malaysia"
2022-03-21 03:39:50+00:00,1505751009326678017,FaezoR,"Gaji minima naik, lebih ramai pengguna akan berbelanja. 

Pengguna boleh berbelanja, barang tak cukup. 

Barang tak cukup, harga barang naik. 

Dalam masa ekonomi baru nak pulih, rasanya lebih elok naikkan gaji minima secara berperingkat atau kita bakal mengalami inflasi mendadak https://t.co/ExVWTxi95k",
2022-03-21 00:09:39+00:00,1505698112652087296,WanieRohim,"Lepas tu, bila barang semua naik harga. Bising jugak. Simple example : cikgu tadika gaji kena naik. To get the money to pay the cikgu is dari parent. Tadika Rizqi dulu pun ramai parent tak bayar. Naik skit pun bising. Pastu how lah. Confirm la kena naik kan yuran ye dak?","ÜT: 3.039353,101.58562"
2022-03-20 23:24:53+00:00,1505686846671826944,shahrizan_k,"Kalau kita nak gaji kita sendiri setiap tahun naik, please expect harga barang jugak naik.

Peniaga2 ni pun nak kena naikkan gaji pekerja dan income mereka, bukannya nak absorb whatever kerugian/kenaikkan kos bagi pihak kita.",Malaysia
2022-03-20 10:52:18+00:00,1505497454199771141,aizat_aziezz,"Ye tuan2, harga barang still naik banyak even x naik gaji minimum pun, jangan jadi palatao, keep it to yourself please",somewhere around petaling jaya
2022-03-18 00:08:36+00:00,1504610686013685760,cadsalovere,"@bernamadotcom @IsmailSabri60 Of course terdesak. Sejak C19: Kena potong gaji, barang keperluan naik harga, hutang bank; moratorium tambah faedah, pengangkutan awam naik harga, bencana alam tapi kerajaan siapkn apa? Adalah sikit sikit duit khas, bazirkan duit buat PRN... Sila tambah dibawah",Malaysia
2022-03-16 16:54:48+00:00,1504139126878380035,muhamadahjiz,"Dah la gaji tak naik2, harga barang makin naik, kena sara mak ayah yg dah tua, mana ada duit utk kawin la, beli brg2 dia nak la sebab duit habis2 kat komitmen je.

Sepatutnya bantuan skrg ni dah bersasar. Bantu mereka yg betul2 perlu bantuan. Turun padang la.",
2022-03-15 07:15:26+00:00,1503630939540586497,ariffadnann,Apahal semua barang harga naik ni? Harini je dah 3 PO kena revised ??,Terengganu
2022-03-14 04:46:03+00:00,1503230956198854656,Saida_CFPCertTm,"Endemik tidak bermakna selesa. 

Selepas pandemik, tak disangka, masuk tempoh kadar inflasi paling tinggi dalam sejarah sedangkan pendapatan masih lagi mendatar (stagnant) bagi rakyat secara kasarnya. Ekonomi dunia baru nak pulih, harga barang pula naik disebabkan kesan rantaian","Kuala Lumpur, Wilayah Persekut"
2022-03-13 02:46:56+00:00,1502838591331856391,aneepz,"@JayOkano aku setuju untuk hapuskan subsidi ron95/97 dan diberi subsidi tersasar. subsidi ikut pendapatan isi rumah. lhdn ada data.
idea nampak senang, implement susah tapi boleh buat. kereta pon dah terbang.

kebiasaan harga barang akan naik kalau diesel yang naik.",
2022-03-13 02:09:05+00:00,1502829066487230465,mynameiskakak,"Semalam pi hero terkejut tengok harga barang dah naik mendadak 🥲🥲

Like kerisik biasa aku beli RM5 tiba2 jadi RM7.45. Susu RM3.85 jd RM4.50 😭😭",Shah Alam 
2022-03-02 01:21:42+00:00,1498830875450298368,waneizhanafeef,"Belum kira harga barang perkakas getah i.e cawan, besi penyakut, pisau toreh yang semuanya naik. 

Belum masuk industri perladangan. Harga paip untuk saliran, alatan tangan dsb semua naik. 

Kenaikan ini bukan baru.",
2022-02-28 02:21:52+00:00,1498121241055490050,hazanzan2,"10:17am “Terasa juga poket Kalau sudah keluar ni, mengalir lihat apapun terus teringin beli Sudahlah Harga Barang-barang semua Naik menjunam….” #Priceless #RiseUp",Kuala Lumpur Federal Territory
2022-02-25 15:51:17+00:00,1497237774457475072,Subject330137,"Isu sebenarnya Palestine, penipuan dan penganiayaan kepada melayu oleh melayu, booster jd syarat wajib Solat Jumaat, harga barang naik, banduan tak dipenjara.. tu issuesnya woi melayu, sebok kuman seberang lautan, gajah depan mata, saja tak perasan, bangang.","Владивосток, Приморский край"
2022-02-24 18:53:17+00:00,1496921189830500353,aapoooooooo,"Dengan covid, after 2yrs kehidupan tak back to normal lagi ni.
Harga barang naik mencanak2.
Now world war?
Things settled in another 2 yrs ke?
U rasa?",
2022-02-24 18:49:46+00:00,1496920302764568577,aapoooooooo,"Not that i takut msia kena serang. I fear tough times ahead. 
Harga barang naik, food scarce. Nak hidup 2-3 tahun.
Selagi hidup selagi tu kena makan.
Mati takpa, semua tamat.",
2022-02-24 07:09:57+00:00,1496744188687175681,akudiraf,"Yang jadi mangsa siapa? kita yang level ikan bilis ini la. 

Harga minyak pasti akan meningkat lantas itu juga harga barang akan turut meningkat. Gaji kau je yang tak naik-naik. Siap kena cut lagi ada la.","Kuala Lumpur, Malaysia"
2022-02-19 13:11:31+00:00,1495023243086143490,azziqaziz,So anak muda ni tkde pilihan daripada buang masa better kerja sebagai rider. Gaji yang tinggi ikut kerajinan. Lpastu kerajaan nk naikkn gaji minima pun susah. Majikan itu majikan ini tapi harga barang naik okay je.,"Selangor, Malaysia"
2022-02-17 14:42:31+00:00,1494321364765126656,Ilyaslerr,"@shahrul_abe96 Org yg supply sorok barang sbb nk bagi harga naik, bile gomen naikkan harga siling baru dia kuarkan stok balik, untung atas angin",Malaysia
2022-02-17 13:10:33+00:00,1494298224055980034,aapoooooooo,"For the record, (walaupun takde sapa tanya) gaji min rm1.5k is ok.
Gila weh barang mahal.

Dedulu ada org kata if gaji naik makanya harga brg keperluan also naik.~ kroni kapitalis.
Skrg ni gaji rendah pon barang keja naik jeeee.
Gaji jugak yg tak naik2. Keji.",
2022-02-15 15:20:40+00:00,1493606191741935616,shazlan_90,@501Awani Good luck harga barang naik nanti dalam aeon 🤭,"Shah Alam, Selangor"
2022-02-11 19:33:48+00:00,1492220342542413824,SalmiahBaharud1,"Apa tu inflasi? Selama ni yang kita asyik bandingkan kuih karipap dulu 10 sen dan sekarang dah naik jadi 50 sen, peningkatan harga barang dan perkhidmatan ni la kita panggil inflasi.Kita nampak yang purchase power kita makin menurun.","Kajang, Selangor"
2022-02-09 12:04:09+00:00,1491382407576326146,nadzmi_nami,Can yall stop talking as if we want get 100% profit from our sales? Harga barang memang naik bang. Bukan abang je terkejut saya pun garu kepala bang,"Gombak, Selangor"
2022-02-09 07:38:19+00:00,1491315511682277378,Nurinayo,Barang dah naik harga. Harituh total baru 6+++ tetiba dah 8+++. Tachod mat. Tak jadi kahwin lah cmni 🥲 https://t.co/AkAhZiBv0E,"Kuala Lumpur, Wilayah Persekut"
2022-02-08 02:01:15+00:00,1490868296648097794,Sophiealyahya,Harga barang asyik naik buat rasa anxiety jelah. 😥,"Kuala Lumpur City, Kuala Lumpur Federal Territory"
2022-02-06 08:53:50+00:00,1490247349490184192,sherasherzinger,"Inflasi is real, harga barang naik smua benda mahal. Bergntung dkt bisnes yg suam2 kuku je pun xmmpu. Hence i decided utk kerja. Tapi i still agent sah supercube, so klau nk order bgtau je okay",
2022-02-06 04:56:33+00:00,1490187635641356288,BobGandum,@Syafiquevic Harga barang naik skrg torq tu sebab la….tapi betul la tempat kau lagi keras harga dia 🤣,"Selangor, Malaysia"
2022-02-05 16:51:58+00:00,1490005289504210944,sijidiana,Im so disappointed. Haritu bagitahu kat press nk bincang pasal kenaikan harga barangan. Sikit sikit barang naik. Now telur naik harga. La nie senyap je mcm takda apa. Haihhh. Apa yang kat atas tu dok bincangkan? Kena buat conference kat London dulu ke baru cepat? Bodoh.,
2022-02-05 16:07:46+00:00,1489994164897185795,shahrizan_k,"@AshrafAriff Setuju, sbb public sendiri tak sanggup &amp; cepat mengamuk bila harga naik

I mean gaji kau sendiri nak kena naik setiap tahun, tp harga barang naik complain, menyebabkan business tak boleh nak naikkan gaji, maka tak boleh juga bayar gaji pekerja dengan munasabah",Malaysia
2022-02-05 15:57:19+00:00,1489991534712098816,nadia_shaari,"Harga telur dah naik ke? 😱

Dua hari lepas restock barang dapur  masih RM12.90 utk gredA","shah alam, malaysia"
2022-02-05 09:09:09+00:00,1489888815909322752,AfiqMahadhir,"Harga barang memang naik kaw2. Sakit weh, tengok harga naik 30% tak sampai sebulan. 😩😩😩","Nakano-ku, Tokyo"
2022-02-05 07:57:44+00:00,1489870843182141443,MindworksFX,"Jika ini betul!
CELAKALAH wahai kerajaan hari ini dan pegawai yang bersekongkol dengannya!
Aamin!
#KPDNHEP #hargabarangnaik #minyakmasak #Malaysia #KeluargaMalaysia

https://t.co/A8moUeaf04",Malaysia
2022-02-04 07:12:13+00:00,1489497003830640641,nadialatiff22,Terasa betul harga barang naik. Grocery aku pun kemain harga spike. Ke sebab bulan ni aku rajin masak🤣 https://t.co/ImQr9pPOKb,SentulEast | KUL
2023-03-30 12:10:41+00:00,1641412629309837313,ArisyaArianna,Kenaikan harga minyak akan menyebabkan kenaikan harga barang walaupun 20 sen sekalipun.,"Kuala Lumpur,Malaysia"
2023-03-29 18:17:21+00:00,1641142514752311296,Salim_Iskandar,"Anney Zambry, berkilat betul awak sejak kebelakangan ni. Memang terpancer nur nampaknya. Kes MAPS kat Perak awak tak jawab lagi. Kes national embarassment Saudi masih belum jelas. Kita kat sini tgh menderita dengan kenaikan harga barang. Awak Zambry, lepas buat blunder pasal… https://t.co/SeMrfagSeB",Kuala Lumpur City
2023-03-27 19:10:41+00:00,1640431161351770117,ArisyaArianna,Kenaikan harga minyak akan menyebabkan kenaikan harga barang walaupun 20 sen sekalipun.,"Kuala Lumpur,Malaysia"
2023-03-11 17:07:14+00:00,1634601889433264128,anis_zakiah25,@AkaunAnon Memang terasa sangat kenaikan harga barang ni 😭,selangor
2023-03-08 14:46:00+00:00,1633479183577010176,rudikorr,"@alangsedayu1 @_rezarazali_ Tu je modal ko? Kamon la. Org dok sibuk psl kenaikan harga barang, cost of living.. tu je modal ko?",
2023-02-18 09:18:38+00:00,1626873817305071617,ZBinAli4,"@fahmi_fadzil Saya bimbang isu ini menjadi sebahagian TEMPIAS paling besar landa dunia ( bukti sekarang cukup jelas ) Adakah menu Rahmah mampu bertahan yang mungkin pengaruhi kenaikan harga barang.Semua taukey menu akan mengeluh , terpaksa beli barang mentah yang tinggi. https://t.co/coAfhZW9v7",
2023-02-10 03:27:20+00:00,1623886307561979905,Senggiaw,"Kenaikan harga barang menjejaskan rakyat, terutama yang berpendapatan rendah. Kerajaan Malaysia melulus Perintah Gaji Minimum pada RM1,500 sebulan. Penguatkuasaan? 'Menu Rahmah' di tempat makanan yang tertentu diumumkan. Kawalan harga barang adalah penting. https://t.co/4GJNFwAX6H",
2023-01-06 11:31:55+00:00,1611324681449242625,bujing_em,Sewaktu kau menubuhkan kerajaan ragut kau dlu ada kau pikir and issue pasal ni ke? Langsung wat bodoh lepas tu comment benda bodoh2x serta ketua kau sendiri tuk canang mcm mcm pasal kenaikan harga barang. Kalau dlu kes ni setel buleh jgk aku terima.,"Kuala Lumpur, Wilayah Persekutuan Kuala Lumpur"
2023-01-02 00:17:41+00:00,1609705454648819712,akmalarif90,"Utusan Malaysia

Terap gaya hidup sederhana hadapi kenaikan harga barang

29 minit yang lalu - https://t.co/OX6BeerhmG",Malaysia
2023-01-01 23:25:49+00:00,1609692398887792640,akmalarif90,"Utusan Malaysia

Gembleng pakar ekonomi atasi kenaikan harga barang

14 minit yang lalu - https://t.co/Y4VpzULEeR",Malaysia
2022-12-31 08:14:36+00:00,1609100696703602691,Senggiaw,"Hari ini,kita mengenang kembali 2022:Covid-19,pelajar hilang peluang,banjir,kenaikan harga barang,kes rasuah,isu bangsa,pencemaran air&amp;parlimen tergantung.
Kita tidak boleh mengubah keadaan parlimen tergantung,tetapi kita mesti kawal kerajaan perpaduan daripada membuat keburukan. https://t.co/QQipNB2PWb",
2022-12-26 13:32:15+00:00,1607368697496363011,jaksrmd,"Masa jadi kerajaan, bukan saja mereka tak bersuara, malahan TIDAK bertindak/berusaha menurunkan harga² barangan yg meningkat.

Kini, mereka adalah pembangkang yg cuba jadi ""JAGUH"" dgn meraung &amp; melenting fasal kenaikan harga barang sdgkan semasa mereka memerintah, mereka tidur.",Selangor
2022-12-26 09:01:34+00:00,1607300578962722817,Media_Selangor,"Peniaga patuhi arahan, tiada kenaikan harga barang kawalan di Selangor https://t.co/MD1ULiC8u6",Shah Alam
2022-11-27 08:07:33+00:00,1596777733975314432,jaksrmd,"Keutamaan DSAI  sekarang ini adalah menangani kenaikan kos sara hidup, kenaikan harga barang, walaupun barisan kabinet kerajaan belum dibentuk.

Jelas DSAI tidak mahu fikiran beliau terganggu dgn gerakan anasir² pengkhianat yg sdg merancang menjatuhkan kerajaan perpaduan",Selangor
2022-11-27 07:28:08+00:00,1596767815318798337,jaksrmd,"Jelas sekali masalah kos sara hidup, kenaikan harga barang menjadi keutamaan buat Anwar Ibrahim sebaik sahaja beliau dilantik sebagai PM. 

Walaupun barisan kabinet belum dibentuk, beliau berusaha dgn kakitangan² dari Kementerian² yg berkaitan dlm menangani isu tersebut.",Selangor
2022-11-27 07:27:56+00:00,1596767764706103297,jaksrmd,"Jelas sekali masalah kos sara hidup, kenaikan harga barang menjadi keutamaan buat Anwar Ibrahim sebaik sahaja beliau dilantik sebagai PM. 

Walaupun barisan kabinet belum dibentuk, beliau berusaha dgn kakitangan² dari Kementerian² yg berkaitan dlm menangani isu tersebut.",Selangor
2022-11-27 07:27:43+00:00,1596767709458739201,jaksrmd,"Jelas sekali masalah kos sara hidup, kenaikan harga barang menjadi keutamaan buat Anwar Ibrahim sebaik sahaja beliau dilantik sebagai PM. 

Walaupun barisan kabinet belum dibentuk, beliau berusaha dgn kakitangan² dari Kementerian² yg berkaitan dlm menangani isu tersebut.",Selangor
2022-11-27 07:27:21+00:00,1596767618622709760,jaksrmd,"Jelas sekali masalah kos sara hidup, kenaikan harga barang menjadi keutamaan buat Anwar Ibrahim sebaik sahaja beliau dilantik sebagai PM. 

Walaupun barisan kabinet belum dibentuk, beliau berusaha dgn kakitangan² dari Kementerian² yg berkaitan dlm menangani isu tersebut.",Selangor
2022-11-21 14:17:14+00:00,1594696441414426625,CikShamsulPSRTM,Tak Kiralah Siapa Jadi Perdana Menteri ... Yang Penting Bantuan Rakyat 1 Malaysia (BR1M) @ Bantuan Keluarga Malaysia (BKM) Wajib DiTeruskan Tatkala Rakyat Malaysia M40/B40 (Kahwin/Bujang) Terkesan Dengan Kos Sara Hidup Yang Tinggi dan Kenaikan Harga Barang serta Inflasi Tinggi.,"HULU KELANG,KL,MALAYSIA"
2022-11-20 18:00:35+00:00,1594390262955929600,equeen_esmae,"Ya allah bila lah manusia nak ada kesedaran macam ni . Hidup diorang ni kena berlandaskan bantuan je ke ? Kita tamau bantuan . Kita nak harga barang berpatutan dengan kenaikan gaji . Rumah murah ke, pendidikan murah, pengangkutan awam lebih baik &amp; macam² lagi without bantuan","Kuala Terengganu, Terengganu"
2022-11-02 00:22:07+00:00,1587600907142893571,nazatol,"APA ITU INFLASI?

Kenaikan harga barang dan servis dalam ekonomi kita. Kalau dulu kita beli nasi lemak 60 sen sebungkus. Sekarang dah jadi RM1.80 sebungkus. 

Keburukannya ialah nilai matawang kita semakin kecil.",Kuala Lumpur Federal Territory
2022-10-24 00:03:56+00:00,1584334840027295745,ZainalAzmanNS,"Kedua2 cadangan ini adalah cadangan populis. Tidak strategik serta memberi impak kepada rakyat. Kita jangan terperdaya dengan cadangan populis. Calun perlu kemukakan cadangan strategik. Contohnya bagaimana nak kawal kenaikan harga barang. Kawal kejatuhan nilai Ringgit, etc.",Malaysia
2022-10-04 14:31:31+00:00,1577305417419755521,emmnh_,"Memang agak terkesan sebenarnya dengan kenaikan harga barang. Expenses duit dapur memang lari habis even banyak benda cuba jimat. Entahlah nak, tak tau mampu survive ke tak. 🥲",Malaysia
2022-09-17 09:57:33+00:00,1571075881241804800,Media_Selangor,Altimet percaya RS-1 dapat atasi masalah kenaikan harga barang https://t.co/FFpUjHV1US https://t.co/ypaI748JtU,Shah Alam
2022-09-16 10:15:18+00:00,1570717956694495232,Hunnyryne,"Bukan senang ye for me nak menyimpan dalam zaman kenaikan harga barang, kos hidup tinggi dll sebab sedar diri yang kita ni tak kaya, harap makan gaji je. So, kalau tak menyimpan terasa rugi duit tu mengalir entah ke mana.",Kuala Lumpur
2022-07-23 06:53:03+00:00,1550735728694333441,Media_Selangor,"120 keluarga dapat bakul makanan, ringan beban kenaikan harga barang https://t.co/Jum5FamiFa https://t.co/FQymFrLRf4",Shah Alam
2022-07-20 22:37:07+00:00,1549886145034878976,Zaki_Yamani_,Diesel penggerak ekonomi… dan kenaikan harga barang.,
2022-07-19 13:23:15+00:00,1549384375162220545,Thiban_ben,"Disaat rakyat sedang bergelut dengan isu kenaikan harga barang dan kos sara hidup, aset negara bernilai bilion ringgit terus dilepaskan begitu sahaja. Kita tidak boleh biarkan kedaulatan negara terus diancam. https://t.co/FRCit4nWDp",Bestari Jaya (Batang Berjuntai
2022-07-18 09:08:54+00:00,1548957975028838400,IamAjak,@PenjejakAwan15 Flashmob bantah kenaikan harga barang.,"Selangor, Malaysia"
2022-07-18 02:35:26+00:00,1548858955488563201,_syamimiasyrah,Nampak dia turun pasar tgk kenaikan harga barang. Maelri je tak turun pasar.,in your heart
2022-07-17 04:10:01+00:00,1548520371627778049,IamAjak,Saya baru dihubungi oleh seorang pegawai polis diminta untuk hadir ke IPD Shah Alam di atas penglibatan saya dalam flashmob membantah kenaikan harga barang semalam. Saya akan hadir memberikan kerjasama pada hari esok jam 12.30 tengahari di IPD Shah Alam. https://t.co/o7i7plJDx2,"Selangor, Malaysia"
2022-07-14 13:19:03+00:00,1547571376457859072,FirdausAzman7,"Aku takde masalah jika nak mogok depan klub tu.
Tapi...
Taknak ke korang mogok depan Parlimen pasal kenaikan harga barang akibat pemimpin negara ni korup?
Kalau takde, korang ni memang hina sehina-hina manusia...
Penjilat....",Malaysia
2022-07-06 08:18:58+00:00,1544596754846580736,ckerelrizal,"Bukan dia ni ka salah seorang ahli task force yg nak handle kenaikan harga barang.

Gg la macam ni kalau ayam dgn bayam pun tak buleh beza","Petaling Jaya, Selangor"
2022-07-04 17:09:32+00:00,1544005501046128640,XsyajariX,"Tatkala kenaikan harga barang ni
Janganlah kita turunkan harga diri dan maruah",Nusantara
2022-07-03 13:42:20+00:00,1543590969563459584,syafieq34,Terasa jugak beban kenaikan harga barang ni ..,🇲🇾 ✈ 🇯🇵
2022-07-03 00:50:55+00:00,1543396838442553344,RameshRaoAKS,"Satu dunia tak dpt kawal kenaikan harga barang, ada yg terus free float je, ada yg bagi subsidi, ada yg bagi direct cash handout.

Malaysia bagi RM77 bilion subsidi dan cash transfer.","Bandar Kuala Lumpur, Wilayah P"
2022-07-02 06:58:51+00:00,1543127043876876288,FirdausAzman7,"Malaysia ni dah penuh manusia bodoh. Nak biar je harga barang naik tanpa ada solusi masalah rakyat.
Buat perhimpunan aman berkaitan kenaikan harga barang kena tahan.

Ada tanya kesengsaraan orang di kampung tak?
Ada tanya kepayahan hidup warga miskin bandar tak?",Malaysia
2022-07-02 03:28:29+00:00,1543074101178163200,AbdullahMY74,"Walaupun kita turut terkesan dengan impak kenaikan harga barang dunia, dengan dasar subsidi yang menyalurkan RM1.1B subsidi ayam &amp; telur (Feb-Ogos 2022), Kerajaan dapat mengekalkan harga ayam di Malaysia sebagai antara yang terendah di ASEAN. https://t.co/qdQ8TZIOYK",Kuala Lumpur
2022-07-01 07:34:45+00:00,1542773689501921280,anjgrillwestern,Tak tahu nak kena revised harga menu berapa kali disebabkan kenaikan harga barang.  🫠,"Sungai Buloh, Selangor"
2022-06-30 00:33:45+00:00,1542305352380985345,Fakhrulrareza,"@faidsal_farid Jangan kecam, mereka berkakilebar. Mereka turut terkesan dgn kenaikan harga barang, haha",
2022-06-28 14:56:47+00:00,1541797767260950528,MFYusoff,"*HIMPUNAN BARANG NAIK*
🗓️ 1 Julai 2022 (Jumaat)
⏰ 2.00 Petang
📍 Masjid Jamek Kg. Baru, Kuala Lumpur.
AYUH RAKYAT MALAYSIA KITA BERHIMPUN NYATAKAN BANTAHAN KEPADA KERAJAAN ATAS KENAIKAN HARGA BARANG!*
YB. FAIZ FADZIL* 
Pengarah
Biro Pengguna
Parti Amanah Negara
YB. SANY HAMZAN","Kuala Lumpur City, Kuala Lumpu"
2022-06-27 10:06:11+00:00,1541362246869450758,SaifuddinShafi,tangkap Siti Aishah adalah cara terbaik tangani kenaikan harga barang?,Malaysia
2022-06-26 13:56:47+00:00,1541057892165378048,farhunt_ibrahim,Semangkuk Nilai tutup sebab tak mampu handle kenaikan harga barang mentah.,"Bangi, Malaysia"
2022-06-23 01:00:42+00:00,1539775420123738113,ntyrhghns,gaji rakyat malaysia mostly underpaid tp kos kenaikan harga barang tak tally dgn level gaji. cm siel.,
2022-06-22 08:44:32+00:00,1539529759570309120,Fazerabaharudin,"Sebagai pembantu ketua isi rumah, saya amat terkesan dengan kenaikan harga barang dan juga kadar tarif elektrik.",Kuala Lumpur
2022-06-22 08:36:38+00:00,1539527773215428608,hanan_464,"Sebab harga barang naik, dia bagi tambahan rm100 utk yang dah kahwin. Bujang rm50. 

Dan kepada penerima bkm ja.

Habis orang lain tak terkesan dengan kenaikan harga barang?","Bangi, Selangor"
2022-06-20 15:16:59+00:00,1538903748600205312,CikShamsulPSRTM,"Harga Barang Dah Naik !!!

Kerajaan Tak Ada Hendak Beri Bantuan Ke ??? 

Macam BKM Tambahan Ke ??? Untuk Yang Dah Kahwin dan Bujang (B40) Yang Terkesan Dengan Kenaikan Harga Barang ???","HULU KELANG,KL,MALAYSIA"
2022-06-11 18:54:25+00:00,1535696974569418752,IamAjak,"Dalam ucapan aku, secara jelas aku melaungkan kalau kita mampu, jangan lihat pada diri kita seorang tapi lihat ahli keluarga kita, jiran-jiran kita dan orang disekeliling kita. Kita tanya sama ada mereka terkesan atau tidak dengan kenaikan harga barang. Kita akan dapat jawapan. https://t.co/CDOb2Knzzo","Selangor, Malaysia"
2022-05-18 14:29:00+00:00,1526932873756160000,amirshafie76,"Jika ada yg merasakan kenaikan harga barang, ketiadaan sumber makanan, kemarau di beberapa negara adalah masalah iklim dan ekonomi, ketahuilah kita SILAP.

Berbaliklah kepada PEGANGAN ajaran ISLAM. 

Mungkin kita nampak tiada logik? Percayalah, dunia semakin TAMAT, bukan MULA.", Wangsa Maju
2022-04-30 08:35:12+00:00,1520320853472268288,wireputus,"Sedangkan diet utama yang disarankan Jabatan berkaitan adalah drpd sumber jagung &amp; soya. Jikalau tindakan drastik tidak diambil, maka kenaikan harga barang mentah ayam, telur, daging akan kekal tinggi dan terus meningkat hingga 20% - 30% setiap tahun",Shah alam
2022-04-10 22:16:15+00:00,1513279719680413701,noraakira,@UdaShafiq Hahah so kalau big brother kena bantu la kan..so bantu dri kemanusiaan la kot tp rakyat apa yng d orang bantu..dari segi jangka panjang..how they nak kurang kan kenaikan harga barang yng effected dari kuasa2 biasa..haha pagi2 dah duk berleter..tacod keadaan dunia sekarang..,Malaysia
2022-04-08 00:30:06+00:00,1512226240962641921,capsule_nine,"Setiap kali stimulus pakej, korang kena  bersedia dalam 5 bulan keatas utk kenaikan harga barang.","Kuala Lumpur, Malaysia"
2022-04-06 05:21:50+00:00,1511574882991058945,Angkut_,"@SinarOnline @AlexNantaLinggi ko hidup dah berapa tahun?Jadi menteri berapa tahun?🤦🏻‍♀️ Dari sejak bepuluh tahun lepas kenaikan harga barang kawalan mnyk masak ayam telur smua musim2 perayaan or puasa mmg naik,lagi nak siasat??Untung laaa gaji besa2 pegawai puluh / ratus org tak pantau..to late",langit nan biru.
2022-04-05 03:31:21+00:00,1511184689674874883,hierrago96,"Ni tak cita lagi, barang bisnes, 

Telur A, dulu 11, sekarang 13
Creamer 25kg 190, sekarang 265

Pastu memang laa harga makanan dijual naik, peniaga pun tak leh tahan , tak dapat nak absorb dah kenaikan. End up user yang kena, kita pun user, soo terkena jugak tempias","Rawang, Selangor"
2022-04-05 03:29:07+00:00,1511184130536456203,hierrago96,"Kenaikan harga barang ni memang melampau.

Sebab perang rusia yang tak habis2.

Tayar motor corsa, last year beli rm90, sekarang harga naik rm105

Ni expected minyak hitam pun akan naik. Weh bila nak habis weh","Rawang, Selangor"
2022-03-13 07:37:03+00:00,1502911602160373763,Media_Selangor,MB: Jualan prihatin ringan beban rakyat depani kenaikan harga barang https://t.co/hrhPZhc75v https://t.co/0lqV2yP6qD,Shah Alam
2022-03-07 04:04:53+00:00,1500683881418469376,kairyherry,Sangat terasa dengan kenaikan harga barang yang melampau. 😔,
2022-03-06 14:12:09+00:00,1500474318727249922,UdinChor,Terasa betul kenaikan harga barang.,
2022-03-02 01:21:42+00:00,1498830875450298368,waneizhanafeef,"Belum kira harga barang perkakas getah i.e cawan, besi penyakut, pisau toreh yang semuanya naik. 

Belum masuk industri perladangan. Harga paip untuk saliran, alatan tangan dsb semua naik. 

Kenaikan ini bukan baru.",
2022-02-16 16:32:44+00:00,1493986713382764546,fit_verisha32,Asal kenaikan gaji kene bincang. Asal naik harga barang ye tahu2 tukar tanda harga. Smpi bile nk ngadap bodoh ni. Market sana sini gaji lain2. Brg supplier amik dri tmpt sama. Harga barang serupa xde sana murah sini berbaloi ke.,"Seri Kembangan , Selangor"
2022-02-12 03:06:03+00:00,1492334157325758467,Media_Selangor,Pakar ekonomi: Kenaikan gaji minimum dorong kenaikan harga barang https://t.co/r1DcosnkXb https://t.co/ICMf7ET5L2,Shah Alam
2022-02-07 06:47:29+00:00,1490577941327085575,akudiraf,Kenaikan harga barang mendadak kat Malaysia ni sebenarnya permainan geng kartel.,"Kuala Lumpur, Malaysia"
2022-02-05 16:51:58+00:00,1490005289504210944,sijidiana,Im so disappointed. Haritu bagitahu kat press nk bincang pasal kenaikan harga barangan. Sikit sikit barang naik. Now telur naik harga. La nie senyap je mcm takda apa. Haihhh. Apa yang kat atas tu dok bincangkan? Kena buat conference kat London dulu ke baru cepat? Bodoh.,
2022-02-04 12:10:43+00:00,1489572122800574465,asyikinnoh,Kenaikan harga barang ni ada sikit nak buat aku giveup jadi bakers buat bisnes sendiri.,Malaysian
2022-02-02 17:09:42+00:00,1488922589049225217,aiamDeen,"Gabung kementerian2 utk cari penyelesaian kenaikan harga ayam.. Media elektronik, media cetak dgn bangganya mempromosi Keluarga Malaysia amat prihatin dgn kenaikan harga barang..Meeting sana sini dengan makan &amp; minum yang enak-enak.

Laaa..Ayam turun 20sen je ke @IsmailSabri60??",Kuala Lumpur
2022-02-02 10:42:05+00:00,1488825041860976642,MrNobody95dj,"Kenape selalu ""Tarif elektrik: Kos operasi tinggi dorong kenaikan harga barang""  Tapi takde pulak ""Kenaikan harga barang dorong kenaikan gaji pokok di Malaysia""

Setiap tahun akan ada jugak artikel yang menyatakan syarikat² besar ni untung berjuta!","Gombak, Selangor"
