Datetime,ID,Username,Text,Location
2023-01-01 10:34:18+00:00,1609498240751394818,Aminadri_,"HARGA BARANG DIJANGKAKAN NAIK PADA TAHUN INI😱

LINK PENUH:https://t.co/YumYAz5SyM

SEMOGA KERAJAAN PERSEKUTUAN DIPERMUDAHKAN SEGALA URUSAN UNTUK ATASI MASALAH INI🤲 https://t.co/RnwUNgrP7P",
2022-06-22 12:41:01+00:00,1539589272151461890,Naaim0_0,"Macai BN-PN-PAS akan kata ""benda ni normal sebab bukan Malaysia je harga barang naik, negara luar pun sama, ini isu global. Sepatutnya kita kena bersyukur."" @ Kampung Sungai Limau Dalam Yan Kedah https://t.co/M6sy3WTczQ",Bota Kanan
2022-05-18 13:50:10+00:00,1526923098414792706,ImFirdausRamli,Barang semua naik takkan nk jual dgn harga lama kot..kami naik harga 2 3 kupang oiii..pada sngguh dpt customer jnih taktau nii,"Alor Star, Kedah"
2022-02-17 11:15:58+00:00,1494269387041574914,waneizhanafeef,"Sejak 2014, banyak PKS (turnover lebih &gt; RM300k) gulung tikar disebabkan GST. Rata-rata mereka serap GST sebab nak elak harga barang naik akhirnya kecundang. 

Ini realiti. Aku ada sikit pengalaman dalam PKS sejak usia muda (sekarang pun muda lagi), itu aku boleh cakap sikit.",
2023-02-26 07:50:07+00:00,1629750645581549570,iambellilypad,"At least ADA POLITICAL WILL untuk bantu kurangkan beban rakyat, bukan setakat cakap kenaikan harga barang tak dapat dielakkan. Way to go unity gov!!!","Sometimes in MY, Mostly in QA"
