Datetime,ID,Username,Text,Location
2023-03-28 21:57:42+00:00,1640835581289861120,Eddicts,"Mawlānā Rūmī was once asked:

“Which music sounds are considered Ḥarām in Islām?”

Mawlānā Rūmī replied:

“The sound of the spoons playing in the pots of the rich, which are heard by the poor and hungry…” https://t.co/0LvmPavXXb","George Town,Malaysia"
2023-03-28 08:47:06+00:00,1640636620591493121,fitrialrahim,"Men from another dimension?  

Men in this dimension can't even tell either she's hungry or sulking.",Penang
2023-03-28 06:02:35+00:00,1640595217048027136,sharmenik,Hungry as fuck,Penang
2023-03-27 15:03:07+00:00,1640368861831925760,therealmoooon,"No excuses here, should have buckled up because there are snakes within your side of aisle as well. Any how till today the Deputy Edu. Minister has not proved herself worthy to the office she holds. Time is of the essence, wolfs in the opposite aisle are hungry and ready to bite.","Penang, Malaysia"
2023-03-26 01:37:26+00:00,1639803714033836033,amrimatahari,@WhatDeSyak And tea time everybody hungry,Kuala Lumpur
2023-03-19 15:00:37+00:00,1637469126099881984,heyoomumu,I ordered chicken salad for dinner at 6 but i eat it at 3pm smtg *kenot tahan* lol now I’m feeling so hungry,pb
2023-03-09 00:36:36+00:00,1633627811364892674,JeannaAdele,Dinner with JA love booster.....you won't feel hungry quickly eventhough you skip your lunch during your working time. https://t.co/hgMR5k61xT,"Kuala Lumpur & Taiping, Perak"
2023-03-03 16:29:10+00:00,1631693205430489088,AwalAfellay,At this hour terjaga dari lena and terus grab phone order FP cause Im so hungry!,"Pinang, Malaysia"
2023-02-16 04:34:49+00:00,1626077618029346817,NurShakilaa,Em hungry..sokay lah bertahan lah sat nah🥲,Penang | Kuantan
2023-02-06 17:18:56+00:00,1622646035368800257,JohnCam41220436,@RosemaryMalcol5 He's unusually hungry..,
2023-02-06 15:51:32+00:00,1622624039364870144,JohnCam41220436,@YugNivek @mariewalsh18 Us kids were too hungry for anything to be left...,
2023-01-29 11:25:58+00:00,1619658102378496000,LeezaAbdWahab,@HusainSharliza My head still spinning n i am hungry too. Maybe perut da masuk angin. Kalau ada bf kat sini bole tolong cod food😁,Malaysia
2023-01-20 12:06:34+00:00,1616406831894777856,Arajaraj50,Sehari layan pelanggan..kita cabut lh balik ..mkan tomyum campur n ayaq nyiur depan hotel..actually not that hungry saja nk hirup tomyum.panas2..Bismillah https://t.co/GqqKycW8fU,Damansara
2023-01-19 04:23:20+00:00,1615927868076490758,ceciliacsyi,THIS! So freaking true. I get hungry so often and I eat like 5 full blown meals a day plus minus.,
2023-01-17 12:52:02+00:00,1615331110057279488,cloudyoncure,Im so hungry,somewhere
2023-01-15 04:41:43+00:00,1614482939483389952,SimonJones19,"Hungry work, this. (@ Sushi Tei in George Town, Penang) https://t.co/UyBqFkjlLI https://t.co/8Xg8ugjIXw",UTC+8
2022-12-12 12:37:06+00:00,1602281386668613634,FatinieNorzali,"And mommy so hungry, tak boleh makan sebab gigi sakit 🥴😩","Alor Star, Kedah"
2022-12-12 01:12:30+00:00,1602109104776179713,Ravinde65983354,@paoobaby0 Hye am hungry,
2022-12-12 01:11:04+00:00,1602108741217767424,Ravinde65983354,@Melissarxs Am hungry now,
2022-12-09 19:50:48+00:00,1601303367867060224,ftinsuhaa,Not now hungry af 😓,
2022-11-24 03:07:11+00:00,1595614982200348672,Jivan_Pandher,"LATEST

I'm hungry",Setapak KL
2022-10-16 11:39:39+00:00,1581610823008808960,MasliKartika,"#BTS_YetToCome_Weverse_LIVE 
#Onlineconcert 
I want to cry because I can't see directly, even though I've tried to leave but there's always a problem I'm sorry,I'm feeling hungry so I think I need to cook something and eat snacks and enjoy the concert wkwkwkk https://t.co/cF3c18Nx9V","Mukim 12 (Bayan Lepas), Pulau "
2022-10-13 07:32:18+00:00,1580461411993473024,ThaiTrainGuide,[20] Lunch in business class is served to your seat and is included in the price of the ticket. Coffee/tea and snacks are also included. If you are still hungry you can order from the dining car by using the touch screen by your seat or just walk there. #Malaysia https://t.co/Fct2Q87H1p,"Thailand, Southeast Asia"
2022-10-11 11:40:28+00:00,1579799086089506816,cloudyoncure,i is hungry,somewhere
2022-10-11 09:35:07+00:00,1579767541123383296,RichardBarrow,"I met the brother of a friend who is going to show me around. For lunch we ate at my hotel OZO George Town Penang. I was hungry and so I had Nasi Biryani Lamb and Chicken Satay Fried Rice. And he had the fish and chips. 

Tonight I will be eating on the street. Any suggestions? https://t.co/QqM1MpgtDV","Paknam, Samut Prakan, Thailand"
2022-10-07 11:35:09+00:00,1578348198950600706,roshiniev,"I was hungry, scrolling foodpanda. And now I’m not sure how I ended up on twitter 😅","Kedah, Malaysia"
2022-09-15 20:12:57+00:00,1570505975903424513,hafizahzoawe,And now I’m hungry. Telan aiskrim kitkat sulu. 😢,Malaysia
2022-09-10 02:44:15+00:00,1568430119936757760,CurryKhoo,"@irzzwani @Kingscrusher99 Too much good foods in Penang, that’s why they never hungry.","Penang, Malaysia"
2022-09-09 17:32:39+00:00,1568291305637449729,CurryKhoo,"Stay hungry, stay foolish. Found out most Entrepreneurs and Founders in Penang are not hungry enough. They stay on their confirm zone. Hence Penang are one of the best place for retirement.","Penang, Malaysia"
2022-09-08 00:12:41+00:00,1567667203461480450,acapsyahir,Shit. I’m so hungry. I can’t even write a memo. https://t.co/qYBLaZnxca,PEN
2022-08-28 15:52:18+00:00,1563917396704137217,vince_zack,"The boys still hungry lepas depa habis kan their soju.. nasib baik kedai sup Hameed ni tutup lambat.. so jalan je kejap utk melantak haha..

This is why its important to choose hotel yg dekat dgn segala tempat ni haha.. https://t.co/wZLktygVsY",
2022-08-28 08:11:42+00:00,1563801486034735107,Ah__Ming,"@NicnackNina What’s the issue with this botak? Mental illness? Kena rasuk, since it’s hungry ghost month?  All a bunch of barbarians.",Kuala Lumpur
2022-08-20 17:56:55+00:00,1561049657366945792,adil_alimi,"fans arsenal buat away game mcam home sndiri, do do do saliba skli saliba score.. nyanyi lagiii come one, hungry for more goals","Kedah, Malaysia"
2022-08-19 12:21:35+00:00,1560602877814394881,IzzatZulkanain7,"Am hungry, but tak de selera nak makan... 😪",Malaysia
2022-08-19 06:23:25+00:00,1560512741106155523,ammal_faiz,Hungry. Nk makan apa laa 😂,"Mukim 6, Pulau Pinang"
2022-08-14 14:31:28+00:00,1558823623334703106,David_STLoh,"Tai Su Yeah ( Hokkien), an 8.53m giant paper effigy in flame during the Hungry Ghost Festival, in Bukit Mertajam, Penang.

The festival peaked on Aug 14, when the giant effigy was wheeled out to the middle of Jalan Pasar and burned. 

#simplypenang #effortlesslycharming https://t.co/hJGmN9prFI",Asia.
2022-08-12 04:05:43+00:00,1557941373499998208,David_STLoh,"Members of the Khoo clan pray with offerings during a prayer ceremony in conjunction with the Hungry Ghost Festival in George Town.

#simplypenang #effortlesslycharming https://t.co/LtRAX2DlAF",Asia.
2022-08-03 23:47:52+00:00,1554977382959697920,farhahbakri,I am 24/7 hungry.,"Pinang, Malaysia"
2022-08-02 01:25:51+00:00,1554277263318798337,camtono_98,@SeffSaid Sleepy and hungry,Home
2022-07-30 04:07:35+00:00,1553230800774373376,Nakedtrombonist,"Have a good Hungry Ghost Festival soon to all who observe it 🔥👻

#comedy #standupcomedy #malaysiancomedy #hungryghostfestival #trumpet #trombone #musicalcomedy #comedyclub #comedian 

#TikTok https://t.co/DOwpJM2dtr",Malaysia
2022-07-18 02:19:57+00:00,1548855060859236352,fad_kulis88cute,Hungry le,kuala lumpur
2022-07-12 06:35:47+00:00,1546745116106170370,CurryKhoo,"Very hungry and angry! Everywhere traffic jam, long Q and foods sold out! Walau eh, Penang really the place for Tourism and foods. This is what I manage to get for my lunch! 😭 #Penang #NFTcity #CityOfFoods https://t.co/KGVlb1r2zw","Penang, Malaysia"
2022-07-03 21:22:11+00:00,1543706694936498177,yukoxuan2510,"I'm doomed, I couldn't finish my dinner, so I kept it in the fridge and decided to finish it tomorrow. But, I was hungry at 12am so I heated up the leftovers, and then I couldn't finish it. Now I'm hungry that I can't sleep. Fml what is wrong with me?",Malaysia
2022-06-26 00:43:09+00:00,1540858165641629697,penguinpr1nce,randomly hungry at this hour and eja cook fried rice for me hehehheehhe,Kuala Lumpur Federal Territory
2022-06-23 05:17:52+00:00,1539840138578055168,bananasoftiee,me and my cat love sleeping together so much.yesterday we slept after subuh to 2pm but then she woke me up by meowing because she’s hungry so went downstairs to eat then we went back to bed and sleep again.&lt;3,Jamaica
2022-06-12 01:24:30+00:00,1535795143588323328,Freakingfreado,@Freakingfreado's account is temporarily unavailable because it violates the Twitter Media Policy. Learn more.,
2022-06-06 18:55:35+00:00,1533885328884305920,yukoxuan2510,Why is it that I'm hungry on nights that I'm not okay,Malaysia
2022-05-28 14:33:42+00:00,1530557934513573892,glennguan,Must have supper. Hokkien mee! Lai lai who hungry? 😛 @ Green House https://t.co/tnYorloQPW,Malaysia
2022-05-24 18:48:49+00:00,1529172586600734720,_nnnadd,Now I'm hungry. Either bertahan atau masak Maggi?,"George Town, Pinang"
2022-05-16 13:33:34+00:00,1526194147513843718,Sha_oh_pyqah,Hungry. (@ Kedai Pokok Besar) https://t.co/v98decOfnh,
2022-04-23 04:00:27+00:00,1517714994175135746,sharm78,"Arrived Penang in time for breakfast, so pit stop at @thehillsidecafepenang .
Of course we had 'The Works' ! 🤩 

#anderssonlangkawi #Penang #breakfast #foodie #hungry #food #coffee @ The Hillside https://t.co/j3lf9Kzgd8","Langkawi, Malaysia"
2022-04-05 08:00:13+00:00,1511252352707461128,Vikneshhhhhh,@_suuuu_______ Hahahahahahahaha ellooo i hungry,G’Town
2022-04-01 04:02:42+00:00,1509743030743359496,yukoxuan2510,I'm lazy to go out but then I'm scared I won't have food when I'm suddenly hungry 😂😅,Malaysia
2022-03-28 04:03:52+00:00,1508293773423378433,adz_lina,"@thatshotg Can't wait for Ramadhan.We are not hungry we are blessing. Just a month, we have another 11 month to makan makan.",
2022-03-22 10:27:15+00:00,1506215926575808512,CurryKhoo,"@flowpetri Ya, that part worry me more. Once the food supply chain got disrupted, world can become chaotic. Hungry man, it’s an angry man.","Penang, Malaysia"
2022-03-22 04:37:12+00:00,1506127833894072324,IzzatZulkanain7,Fuhhh.. my stomach.. hungry..,Malaysia
2022-03-20 09:56:32+00:00,1505483418833879041,anniescchew,I'm hungry 😋 https://t.co/IdyvTq820a,Malaysia
2022-02-28 13:20:23+00:00,1498286964420022279,fatimahmarwa17,"Nasi kandaq
Starbucks venti
Beef ragu starbucks
Kambing perap
Daging harimau menangis

And im still hungry......
P/s saya tak lupa baca bismillah okay!",
2022-02-23 14:27:47+00:00,1496491985565552640,jatsuislalune,"me hungry hungry, lovey dovey","Georgetown, MY"
2022-02-09 04:15:57+00:00,1491264581649502209,glennguan,"Hungry la! #penangroad celdol, asam laksa and duck egg char koay teow 😍 #musthave @ Penang Road Famous Teochew Chendul https://t.co/aahMbGLlrP",Malaysia
2023-02-26 07:23:02+00:00,1629743827878825986,NikSyazne,@nasyakiraaa 3 kali jugak tgk wayang sorang sebab member tak layan sequel Hunger Games and Resident Evil. Kalau paksa kesiannn depa tak faham hujung pangkal 🤣,"Seri Manjung,Perak,Malaysia"
2022-08-16 13:54:55+00:00,1559539203892846593,amliamirh,The Hunger Games ada sequel 🧐,"Kedah, Malaysia"
2022-06-29 12:19:47+00:00,1542120643541741568,JoeHiga71489546,@signakb07 EnJoy 🙄🌭 am hunger want burger,
2022-06-20 11:04:00+00:00,1538840082991394817,JoeHiga71489546,@suzukifumina oh now I m wanna buy eaten hunger right now,
2022-04-02 13:00:21+00:00,1510240719465820177,johanikhlas,"Ramadhan Mubarak

Let the real hunger games begin! @ Hutan Lipur Sungai Sedim https://t.co/teLTACUCYT","Kulim, Kedah"
2022-02-09 04:35:04+00:00,1491269392277319682,monkeyvirgo,"@MisterSalesman Dunno about you, mine is The Hunger Games! 👍👍👍","Penang Island, West Malaysia"
