Datetime,ID,Username,Text,Location
2023-03-29 05:04:45+00:00,1640943050267705344,einthemoment,So far I didn’t feel hungry throughout this ramadan but the one thing that I miss is having laksa for my breakfast because laksa is life. 🥲 https://t.co/tTO2mwWW9D,"Kuching, Malaysia"
2023-03-28 14:58:34+00:00,1640730102802808833,odegoat3369,"You're not hungry, you're just bored","Kuching, Sarawak"
2023-03-27 16:25:39+00:00,1640389631417159681,pamelakho,Hungry but I only have noodle cup rather than eating rice again. The waether climate is rainy but stopped at 7pm and the crinker sound of froggy call out for rain soothes my mind. Its 00:24 in my area makes me sleep late for early wake tomorrow for checking.,"Kuching, Sarawak"
2023-03-27 11:08:26+00:00,1640309800620933120,eshalove21,Hungry.. https://t.co/c8KOckziUT,"East Los Angeles, CA"
2023-03-06 15:09:45+00:00,1632760384984866817,nnurardini,I'm hungry rn...,
2023-02-14 22:45:40+00:00,1625627360728055812,Brendan960928,@uncutrezz Hungry btol bottom tu 😂😂,Malaysia
2023-02-02 06:37:28+00:00,1621035051394949120,QuEeNpYzA,to my future husband. dont let me be hungry or else my face will be like one on the pic 🖤,borneo
2023-02-01 12:25:33+00:00,1620760263053176832,TuaiRumahKitai,"Was hungry around 2pm and stop by ths place…Got so much choices frm nasi lemak to sandwiches…

Nasi lemak was delicious, same goes to their chicken curry..first glance the potato looks firm but me was wrong haha…

will definitely come again!

* Halal is non…. https://t.co/0GgigCmnE0","Sarawak, Malaysia"
2023-01-15 06:27:08+00:00,1614509468410351617,shfxazdx,Im tired and hungry,"Kuching, Sarawak"
2022-12-23 05:26:24+00:00,1606159265634230272,NAzharBujang,"Im hungry but its raining… rasa bersalah to grab delivery man for making them delivers… 😅

Tp im hungry…","Kuching, Sarawak"
2022-12-14 11:49:05+00:00,1602994079440437253,hzellusun,i had dinner at 6 pm and now im hungry again?????? 🫤🫤,borneo
2022-11-25 02:01:03+00:00,1595960727009136642,dass_terrence,Education. That's where our reforms should start. How we go about it is as contentious as ever. Let's start with the basics. No more should there be a kid in Malaysia who struggles just to get to school. No more hungry children in school. We can all agree to that at least,"Pinang, Malaysia"
2022-11-19 16:26:15+00:00,1594004136403828737,iamims05,@Ivan_kai_wen Just now went out tapao mcd gilaaa hungry,"Kuching, Sarawak"
2022-11-05 14:50:06+00:00,1588906505960816640,QuEeNpYzA,"u can tell that’s hungry face of mine coz senyum paksa🌹 (keeper’sground, 2022) https://t.co/39Pc3rAH5r",borneo
2022-10-27 10:16:53+00:00,1585576258359787520,fruitytattoo,okayy still hungry :( https://t.co/4hTZnRifHE,"Kuching, Sarawak"
2022-10-27 06:23:28+00:00,1585517516578660352,jefferylaiupeng,When your cats only comes home when they hungry...😸😸 https://t.co/MqI7OFjcOH,
2022-10-25 09:04:29+00:00,1584833265781071872,HalimJaafar24,Feeling hungry after classes are done,
2022-10-13 02:25:49+00:00,1580384282656526336,azwanazmi7,"Relaxing morning hike featuring babysitting a hungry cousin 🐒⛰️
.
.
.
.
#adventure #hiking #hikingadventures @ Bako National Park https://t.co/CgSvWSfE73","Kuching, Malaysia"
2022-10-13 00:12:50+00:00,1580350815600283648,hzellusun,im so hungry 🥹🥹🥹,borneo
2022-10-07 14:29:16+00:00,1578392015951183872,azwanazmi7,"Ya aulo i’m caffeinated, vibrating and hungry af","Kuching, Malaysia"
2022-10-07 03:13:18+00:00,1578221902136385536,ashrafedruce,"Someone passed by me and said “your hair made my tummy rumble” 

*adds to resume* 
Special talent : telepathically making people hungry","Kuching, Sarawak"
2022-09-28 18:14:34+00:00,1575187225104748544,xo_generation,"@RadmoreB @RamsayButBetter Bro, game is going to be fun to play. I played trial version though. When we try to score BUT the ball hits the bar instead 😱 makes us hungry to score goals 😁","Kuching, Sarawak"
2022-09-28 03:28:59+00:00,1574964359788630017,EdwinNurdjajadi,Scores of them. We were greeted by hungry pigeons at #Semariang Cemetery to visit my eldest brother grave. They came in droves &amp; it was a lovely sight. Making sure I buy them corn or abuk as promised #arifwednesdaythought #kikuyus #Sarawak #audioleak #GFvip #luna @khalidainie https://t.co/SeGbhN9dBl,"Kuching, Sarawak"
2022-09-24 14:12:35+00:00,1573676773862436869,SimonLambert88,@dahlianae1 Can't remember the full explanation. But something to do with repercussions of digest syst disturb the sleep and activating amygdala chord which makes us always hungry. Really can't remember the details of it after a year.,Malaysia
2022-09-24 13:01:47+00:00,1573658958442950656,hazleeseruji,Hungry amigos. Shitty food.,Cyberjaya
2022-09-14 19:28:13+00:00,1570132329917722624,shfxazdx,Waking up just to eat why so hungry,"Kuching, Sarawak"
2022-09-13 07:40:43+00:00,1569591890970038272,Shangkee0808,I’m hungry,Kuala Lumpur
2022-09-12 14:39:47+00:00,1569334965556621312,akimfoxs_,100% hungry 150% sleepy..,"Beaufort, Sabah"
2022-09-12 04:51:02+00:00,1569186804485718016,ruffleseed,"At the end of the day, your alcohol will be turned into vinegar aggressively, and ~5 to 20% enters the bloodstream.. and increases stomach fluid.. making you hungry, and desire eat high calorific food. (Like fast food)",Malaysia
2022-08-26 12:53:00+00:00,1563147500277534724,ruffleseed,Makes me hungry. When wanna Pizza Ria @aamirrasdan,Malaysia
2022-08-14 04:22:37+00:00,1558670402938777600,EdwinNurdjajadi,descended with wobbly knees &amp; hungry tummy! 😅,"Kuching, Sarawak"
2022-08-06 18:38:50+00:00,1555986774211538945,ruffleseed,Woke up at 2am hungry af https://t.co/q2wQJrLImU,Malaysia
2022-07-27 16:16:25+00:00,1552327057371058177,shasha_il,"After argue on a few things

You know what I'm feeling right now?
What? You angry?
No...I'm feeling so hungry right now
Sabar, 10th mile shop 24 hours 
...
So here we are. After we settled my workers' problem. Dari pagi tak balik rumah lagi. https://t.co/APJwqkQ2lT","Kuching, Sarawak"
2022-07-18 19:23:17+00:00,1549112590919507970,roxxthingsout,"I know how does it feels to be hungry,,,",Malaysia
2022-07-09 18:14:20+00:00,1545833748859523072,irfanzkr,cant sleep and im hungry :(((,"Sheffield, England"
2022-07-05 01:57:31+00:00,1544138372582883328,alysafarima,@datukhensem Fly over kubahhh dkt hungry amigos,
2022-07-02 12:33:54+00:00,1543211362624876547,alysafarima,Hungry amigos full house.,
2022-06-15 07:31:52+00:00,1536974757580914688,dsbriella,"girl is hungry :( 

Had weetameal &amp; kupi je. kepak ah.",
2022-06-12 12:41:09+00:00,1535965427201097728,GBrandah,Hungry all day long,
2022-06-06 05:35:54+00:00,1533684082668097537,devansha_,it is 1.35 pm and i am not even hungry. semoga kurus 🤡,
2022-06-02 10:36:04+00:00,1532310072428474369,bahabidari,I suspect the satay I ate is off (20 sticks)! Sour taste but I was hungry. I’ll find out in a few hours.. bright side is I’ll lose weight very quickly,Sarawak 🇲🇾
2022-06-01 02:26:20+00:00,1531824436067696640,ruffleseed,Once upon a time mankind was so hungry they collectively decided that taugeh is a food.,Malaysia
2022-05-31 03:38:13+00:00,1531480139896221696,farisjosephbaki,Offer letters for 2 new employees need to be settled down and I’m hungry now 😩.,"Kuching, Sarawak, Malaysia"
2022-05-30 10:48:39+00:00,1531226075191476224,biolyni,hungry,
2022-05-22 14:24:25+00:00,1528381269502922754,meowtal666,Hungry hangry,"DKI Jakarta, Indonesia"
2022-05-16 13:48:29+00:00,1526197901323804674,naomiorai,I’ve been hungry since morning till now wth,
2022-05-12 15:02:27+00:00,1524766961766334465,DeeErnsxt,Weh. My dinner is 10.50 and you have the audicity to say its exspensive? Gila ka apa? Then no need la next time ask me if im hungry? The fuck?,"Kuching, Sarawak"
2022-05-11 12:40:15+00:00,1524368787797327872,mitsuru0407_,"@kohakuryo1 me and friends are hungry ww
ganbaryo! gyu! (人*´∀｀)｡*ﾟ+ https://t.co/crxIwCodQW",happiny
2022-04-30 10:15:30+00:00,1520346096622612480,iejannabdullah,"I'm at Hungry Amigos in Kuching, Sarawak https://t.co/zi1d8LlP14","KUCHING,SARAWAK"
2022-03-22 18:31:44+00:00,1506337851583393793,aaainatika,I’m hungry,
2022-03-08 16:21:39+00:00,1501231683924013056,BatwomanKCH,Hmm dah petang tadik kak muntah. Malam sikda selera makan. Now I’m fvcking hungry. Kakya berat maseh juak sik turun2.,Borneo Island
2022-02-25 12:17:01+00:00,1497183851663486980,afiffa_nabila,Always hungry 😂 https://t.co/94Yhd3mZGk,"Kuching, Sarawak"
2023-03-30 10:15:33+00:00,1641383657016537089,unrealpathan,@fruitymonkie @visc0untess Man...really? A Hunger Games movie?,"Kuching, Sarawak"
2023-03-30 07:31:39+00:00,1641342406670028800,unrealpathan,I've only seen the first Hunger Games movie but several viral tweets about it lately have possibly made me interested in checking out the sequels....,"Kuching, Sarawak"
2023-03-21 17:17:03+00:00,1638228240157523972,Chelolo98,Since the hunger games: the songs of ballad and snakes is coming up this year. I hope its a comeback for dystopian-themed movies. Like PLEASE I’m begging.,"Kuching, Sarawak"
2022-11-16 00:11:05+00:00,1592671561445613568,491300363,"Instead of solving World Hunger 6x?!
Throw money to create more world hunger??

Somebody call the UN!",decentralised
2022-09-28 16:04:07+00:00,1575154397486940160,ShamarizaneS,I prefer bread! Freedom is meaningless if you starve to death. Hunger is more threatening! https://t.co/mYuhwsS39r,"Samarahan, Sarawak"
2022-09-20 07:10:41+00:00,1572121049223032835,491300363,He could have solved world hunger 10x over according to the UN but he chose to lose it in the stock market smh capitalism has failed again,decentralised
2022-08-26 11:23:39+00:00,1563125012479213568,eshalove21,"Because of Jesus, I always survive in a tight budget and in hunger.","East Los Angeles, CA"
2022-08-09 07:00:10+00:00,1556898112219668480,491300363,"Remember when they said if Elon Musk gave $45b away he could solve world hunger?

Shouldn't $740b feed the world almost 20x over?",decentralised
2022-08-05 07:31:15+00:00,1555456384178610176,ruffleseed,@swknative Zero emission zero poverty zero hunger zero illiteracy in Sarawak by 2025 bro,Malaysia
