Datetime,ID,Username,Text,Location
2023-03-28 17:12:11+00:00,1640763729636888576,Sanjeetha_s,@DhivinaNair Im hungry too,"Seremban, Negeri Sembilan"
2023-03-24 08:36:49+00:00,1639184480664707072,BelindaHalime,"But I do notice I sgt kurang exercise and maintain low cal diet masa I start internship last year, sept - dec, i get hungry as early as 9am pastu sampai rumah 8pm makan lagi. Exercise very less sbb too tired pastu busy. Now I dah start balik normal routine, i dah boleh focus.","Puchong, Selangor, Malaysia."
2023-03-22 09:31:30+00:00,1638473468865040386,ZackAvaricious,HAPPY MUSLIM HUNGRY MONTH!!!,Flat Earth
2023-03-21 09:13:06+00:00,1638106447962869762,___yingg,Breastfeeding &amp; pumping makes me hungry 24 hours but all I can eat is Hup Seng &amp; milo :(,
2023-03-20 12:12:27+00:00,1637789193672990720,anyatames,"I wanna eat something, I haven't eaten anything since morning. I feel hungry but I don't feel the need to eat hm","Dublin City, Ireland"
2023-03-17 04:08:43+00:00,1636580297306443776,AnaqiRen,"@cordelll Ay cuh it's fun for a while now u just a downbad, horny ass, hungry ass, unemployed ass, no shower for the whole week ass bro...get yourself some bitches man https://t.co/dZRkVooESR",Krypton 
2023-03-13 09:43:32+00:00,1635215004705374209,dettol_sprayz,"Note to self. Jangan response to any post/dm/pm/emails/WA/Telegram/Linkedin/Insta/FB when you are hungry, tired, penat or in a rush. You might spew out unwanted  feedback or reply to other party. Bridge has been burnt today.",Dettol Manufacturing Factory
2023-03-11 11:45:21+00:00,1634520883808313344,NhananNLI,How can you not love themmmmmmm. Feeling hungry suddenly,
2023-03-10 13:18:58+00:00,1634182057671933952,papimolly9,Hungry for encouragement,
2023-03-10 12:20:53+00:00,1634167440426029057,izzymusamusic,"What does a German say when they’re hungry late at night?

Gluten Nacht!","Kajang, Selangor."
2023-03-07 23:38:48+00:00,1633250876759638019,KakakResume,"Mommy with 3 kids in me thinking she is just hungry, tired and sleepy. 😂","Seremban, Negeri Sembilan"
2023-03-06 10:05:26+00:00,1632683799640440832,thedreamchazer,@OliviaWong123 😋hungry,Kuala Lumpur City
2023-03-06 08:23:06+00:00,1632658048400654341,kdrslvn,I'm still freaking hungry 😭,
2023-02-27 12:21:48+00:00,1630181402636582912,ZackAvaricious,Oh my God im still hungry😭😭😭,Flat Earth
2023-02-21 11:59:41+00:00,1628001511375785984,Dxnixlrun,When u are hungry but u don’t know what to eat➡️ Sleep,Bandar Sri Damansara
2023-02-15 21:49:07+00:00,1625975516749778944,aidamohdhanif24,@AZgeopolitics 🙄 people are sick and tired of seeing these hungry cork USA to spread their Israel apartheid ZIONIST PRACTICE regime defect sperms around the world 😤💩🤑🤢🤮🤧,"Seremban, Negeri Sembilan"
2023-02-08 04:01:47+00:00,1623170200571990022,EddieTang23,"Hungry after listening to President JB @ Al Bistro Elite     🤣😂🎉🎉🎉🧧🧧🧧😇 @ AEON, Seremban 2. https://t.co/P5yC7CneFb","Bandar Melaka, Malacca"
2023-02-06 07:40:12+00:00,1622500392910327809,dettol_sprayz,Money money come to daddy because daddy is hungry and... pokai... lulz,Dettol Manufacturing Factory
2023-02-04 03:39:28+00:00,1621715032995409922,tdanielch,@hungry_pepper I couldn't find one 🥲,"Kuching, Sarawak"
2023-02-03 14:05:01+00:00,1621510068763230216,dettol_sprayz,Maybe I am too hungry sebab tu tak dapat tidur,Dettol Manufacturing Factory
2023-02-03 08:37:14+00:00,1621427579650719744,anyatames,I'm so hungry.,"Dublin City, Ireland"
2023-02-02 15:58:57+00:00,1621176355311456257,_nursyara,Why i’m always hungry at midnight am i a vampire,
2023-02-02 15:24:05+00:00,1621167578092814336,zukihani,Favorite place to eat when I'm extremely hungry https://t.co/ldxUVafyBr,Kuala Lumpur Federal Territory
2023-01-30 10:52:13+00:00,1620012000150687744,anyatames,I'm so hungry?????,"Dublin City, Ireland"
2023-01-30 04:47:30+00:00,1619920215772631041,anyatames,"Me! I dengar semua classical music from one musician to another and it helps my productivity. And of course, not now. I'm not into work nowwwww, I'm hungry","Dublin City, Ireland"
2023-01-26 10:18:23+00:00,1618553934108585984,anyatames,"Ya Allah, I'm so hungry.","Dublin City, Ireland"
2023-01-24 13:13:33+00:00,1617873237790314497,anyatames,"Ya Allah, I'm so hungry","Dublin City, Ireland"
2023-01-18 10:36:58+00:00,1615659504569573378,hamdanalias83,@Piroxide My hungry ass Ingatkan mi sanggul. 💀💀 https://t.co/IfJ6F89xPu,Teluk Anson
2023-01-17 14:50:39+00:00,1615360961833242625,donacaddo70,"Officemate tanya dulu pernah gemuk ke? Sbb dia tengok kita macam discipline eating. Actually, dah terbiasa dulu tak berduit sgt, then being hungry before sleep is normal. Lgpun, senang nak golek2 dlm keadaan perut kosong. Tak gitu? 🙂",
2023-01-11 17:25:00+00:00,1613225476788744192,callmeyid,Feeling hungry but too lazy to get food,Si pejaaa
2023-01-08 04:00:00+00:00,1611935728782696455,ayampenyets3,"Feeling hungry? But Sunday is the day to chill at home? Worry not, we are available online! Just search ✨Restoran Ayam Penyet Simpang 3✨ on your food apps. 😉

@BangiCommunity @BangiKita @Twt__Kajang https://t.co/IALTzisFTv","Kajang, Selangor"
2023-01-05 15:11:43+00:00,1611017606353539072,LeezaAbdWahab,No appetite to eat but hungry. How??,Malaysia
2023-01-05 03:30:01+00:00,1610841020216004611,shaalizan_,Gosh I’m hungry af,"Selangor, Malaysia"
2022-12-27 06:09:57+00:00,1607619774430990342,sufiansynergy,@marvelhero feeling hungry @aunty aini's Garden Cafe 🤩🤩🤩 #masaklomakciliapi #sambaipetai #ayamkampung https://t.co/BNTMIJMS8H,"Johor Bahru, Johor"
2022-12-20 17:30:03+00:00,1605254212589277184,haafizs1,Awake.. and hungry 😩 and sad 😔,Pengkalan Hulu - Kuala Lumpur
2022-12-17 10:41:38+00:00,1604064267883675648,manisyakhan,I told her im hungry eh thibe ada depan my workplace,
2022-12-15 07:15:42+00:00,1603287667818778624,fitmomhsien,@fairyces I enjoyed the way he eats. Makes me hungry 😂,"Seremban, Negeri Sembilan"
2022-12-12 15:31:27+00:00,1602325265908371457,HazmanX12,"“Stay hungry, stay foolish” - Steve Jobs",
2022-12-12 15:28:50+00:00,1602324604953165825,HazmanX12,We’re also hungry to achieve all the greater things in life. Why would sky be the limit if we can go to space?,
2022-12-10 10:34:31+00:00,1601525762783600640,peyter,You know you're hungry when the witches brew in The Northman looks like Bak Kut Teh,Kuala Lumpur
2022-12-08 20:37:03+00:00,1600952618393927680,Yulie_Nurafnie,Super duper hungry. Super duper sleepy.🥴,"Tawau, Sabah"
2022-12-08 12:02:13+00:00,1600823059392626688,ZackAvaricious,High carbs breakfast = IM HUNGRY LIKE HECK NOW GRRRRRRRRRR,Flat Earth
2022-12-03 04:04:17+00:00,1598890844509335553,jesuishaneef,@ursyaz Hungry 😶,"Kajang, Selangor"
2022-12-01 04:15:16+00:00,1598168831989469187,khairilafizi,"“I want peanut butter with bread baba. Cuz im hungry.”

This is scam jap lagi aku yang makan",
2022-11-29 11:34:02+00:00,1597554474700394497,NadzreenHaziq,You’re not hungry. Just bored,Cyberjaya
2022-11-28 22:17:07+00:00,1597353924033671168,myieraazizs,And hungry!,
2022-11-22 08:59:43+00:00,1594978923892609024,MrniYsf,I regretted my decision for not eating lunch tadi. Now im so damn hungry. Dr tak muncul2 pun ni 😮‍💨,around the world
2022-11-20 16:15:31+00:00,1594363819979333639,soaphiea,hungry la but too lazy to eat,"earth, milky way"
2022-11-19 18:12:22+00:00,1594030839079534592,syiraalwi,Staying like this only making me hungry! Dah la tak dinner tadi. Pstu rupanya mak masak sup ikan merah!!,REMBAU // JOHOR BAHRU
2022-11-17 13:41:24+00:00,1593237871288520707,yesnasuhani,Hungry,Malaysia
2022-11-14 02:48:05+00:00,1591986295139885057,zura_penelope,"Morning, nak avoid feeling hungry 

Drink plain water and pujuk bby same2 go sleep again 

Macam tu laaa hari2 , 

Hari2 cakap sabar ye nakk...

Ada org beli scrub ke tudung ke 

Kita makan nasi 😌

Syukur lah bkm di awalkan macam2 nak topap barang dapur...",Malaysia
2022-11-13 05:44:31+00:00,1591668309405347840,alexcho02643645,"@fmtoday I think I 🤷‍♂️, father of  ‘$ co-operation (mco)’ make rakyat happy and no hungry especially Above B40 category not below B",
2022-11-09 12:47:08+00:00,1590325114305921024,CarlsbergEaster,"A day in Seremban.

Was too hungry at Hayyan Huda Opah’s Kitchen. Didn’t managed to take better pictures, food was good!

#Malaysia #Seremban #HayyanHudaOpahsKitchen #SiewPau #ToTryMoreMalayFoodInSeremban https://t.co/HWAURupKet",
2022-11-07 11:58:23+00:00,1589588067547246593,friedcapybarra,"hungry, send help","Semenyih, California "
2022-11-07 03:47:19+00:00,1589464488633577475,runningpanda_,Too hungry to function 😫,
2022-11-05 05:07:01+00:00,1588759770093486082,syamimhanz,I’m hungry tapi xde selera. Why eh?,Malaysia
2022-11-04 12:18:46+00:00,1588506037027733505,ketotbae,Oh bad news. I’m now hungry. After fee months makan sekali je sehari &amp; a week tak selera tiba2 harini kebulur helpppp😭.,WMKK (KUL) - WMKJ (JHB)
2022-11-03 09:11:03+00:00,1588096408996888577,fitmomhsien,@pineapplejay3 Is he hungry for the food? Or something else? 🤣🤣🤣🤣,"Seremban, Negeri Sembilan"
2022-11-03 07:07:13+00:00,1588065244685160448,fitmomhsien,@jayrossi79 6 months? I’m already hungry and thirsty today. how? 🤣 btw they look like they are laughing and smiling the whole time lol!,"Seremban, Negeri Sembilan"
2022-11-02 15:13:38+00:00,1587825267631738881,aisyahkusasi,"Dan-dan raid tny tklapar ke, terus lapar perut aku. Sdgkan ptg td dh makan dua mangkuk nasi goreng, dgn ikan bakar lg 🥲 what is this. Im hungry!",SRMBN.SAC.KTN.PD
2022-11-01 12:13:30+00:00,1587417544742166528,friedcapybarra,IM SO FUCKING HUNGRY SEND HELP PLS,"Semenyih, California "
2022-10-28 01:32:38+00:00,1585806716192841728,1sWksb,"Crafted with intelligence.  ​

​How well versed are you with the Hi PROTON's indirect commands; What happens when you say, ""Hi Proton, I Am Hungry""? Let us know what the answer is in the comment section, and share this with your friends to try it out too! https://t.co/wrC5L8B2o2","Bandar Klang, Selangor"
2022-10-23 13:59:20+00:00,1584182687686094848,Gillianyap93,"This Yukata experience made me so hungry
I just want dessert😍😍

Best Onsen you can ever get at @rvonsen
Yukata for photoshoot included 😍😍

Lady in Blue ➡️ @kuporakuen
Kachak by ➡️ @richardsms83 @ RVOnsen https://t.co/y4MvQWa5ou",Malaysia
2022-10-20 13:50:58+00:00,1583093421257785349,liyanacikabom,"filzah is hungry walaupun tadi dah makan ayam makan kopok lekor 🫠

my daughter kuat makan like umi! yeah at least ada ikut umi 🤪","Selangor, Malaysia"
2022-10-10 08:40:16+00:00,1579391353393336320,fellaferina,"Hungry now (@ Kuala Lumpur International Airport 2 (KLIA2) in Sepang, Selangor) https://t.co/El0TNGIdaK",Kuala Lumpur City
2022-10-07 01:25:58+00:00,1578194891611729920,Ereyn_Serena,I’m always hungry…,Putrajaya Federal Territory
2022-10-05 08:08:37+00:00,1577571447694061573,Sheranyummm,Hungry la,
2022-10-01 03:53:27+00:00,1576057679747108864,Ereyn_Serena,So hungry…,Putrajaya Federal Territory
2022-09-29 05:27:15+00:00,1575356510632230913,liyanacikabom,"Hungry, let’s eat!","Selangor, Malaysia"
2022-09-29 04:33:38+00:00,1575343019426840576,frifhan,Lupa beli snacks. Now im bored and kinda hungry 😢,kuala lumpur
2022-09-27 12:18:55+00:00,1574735335233183745,SagarTap,@KKMPutrajaya - Not sure what kind of Covid you are worried of now after vaccination. You have opened tourism but your capital airport sucks with No food and Water - people are hungry and thirsty and your systems in airport are out of order #growup #Malaysia,"Hyderabad, India"
2022-09-23 07:58:18+00:00,1573220197812809735,niazneilzahs,يا الله i am hungry,"Seremban, Negeri Sembilan"
2022-09-22 16:52:08+00:00,1572992150580891649,bbh45611,@536GifT4U hungryㅠㅠ,"Dengkil, Selangor"
2022-09-19 11:26:45+00:00,1571823103961092097,syhaheedaa,"Fever+flu+hungry+no appetite

What a great combo 😐😶","Chelsea , Massachusetts"
2022-09-10 12:19:41+00:00,1568574932254363650,haafizs1,Hungry but lazy to go out 😪,Pengkalan Hulu - Kuala Lumpur
2022-09-09 17:00:15+00:00,1568283151537156097,zubairkhawaja,@TalatHussain12 Watching them walk through the fabulous corridors of PM office and greeted by immaculately attired #PrimeMinister and Co. I instantly felt apologetic to the countless hungry ppl lying half naked under open skies. How can we be so insensitive,
2022-09-09 12:24:32+00:00,1568213767317766145,CicerGracia,"Hungry, sleepy, exhausted","Sabah, Malaysia"
2022-09-07 19:51:46+00:00,1567601542018269185,CJ_Janesh,"Suddenly Im sweating badly, hands are shivering, fucking hungry.. 

Is this normal??","Kajang, Selangor"
2022-09-07 11:33:53+00:00,1567476244949909504,shuveshek,"@MY_Airports only one restaurant open at KLIA 2. Really??? Orders are backed up for half an hour .. they are not accepting orders.vgonna board on a hungry stomach, thanks 👍👍👍",India
2022-08-27 18:36:13+00:00,1563596261005340673,___yingg,"Then I got hungry at 2AM because I ate so little since last night, made something to eat &amp; vomited everything again. Now I have to sleep with an empty stomach again. 

And the cycle repeats, everyday.",
2022-08-27 17:06:05+00:00,1563573578179588106,nirmalsbhat,"And now the order shows cancelled.... Pathetic service @foodpanda_my
@NandosMY  This was supposed to be family dinner and my kids went back to sleep hungry. https://t.co/d6pv6t5FId",India | Malaysia 
2022-08-23 22:21:04+00:00,1562203293710897153,firdaruddin,"@ponpokorin450 Yup. A bad day to catch some fish. But, it's different after the rain has stopped.  Because the fish were normally hungry during this time.","Negeri Sembilan, Malaysia"
2022-08-19 04:41:17+00:00,1560487041808617474,ShaSenza,Tahu la hungry ghost festival dah serupa concert for hantu cina yang padang tu bagi hantu lepak ka hahhaha hokkien panggil por tor.,"Damansara, Selangor"
2022-08-18 01:54:15+00:00,1560082616866717697,mutalibuthman,"Bila tubuh badan tak berapa sihat, saya bangun tidur awal. Bila bangun tidur awal, saya lapar. Hungry man is angry man, jadi saya perlu pergi cari sarapan.

Nak sarap pula kena beratur. Harap kedai ini tak mengecewakan angry man lah https://t.co/bd8eWvaZXn",Masjid Tanah
2022-08-15 13:05:38+00:00,1559164412585320449,aribahabdullah,Burnt too much fat during midday and now I’m hungry again 🤡 gonna fast and let them autophagy runs,
2022-08-01 13:21:48+00:00,1554095049759399938,mlllandy,Not so hungry but want to eat but my mind said to me don't eat 🤣 what a miserable night,"Kajang, Selangor"
2022-07-16 12:04:08+00:00,1548277299946323968,liyafizzira,Sedihnya. Dah pakai kaftan cause im ready to head back Selayang straight. Tapi rupanya ayah tak masak apa2. But im hungry. Taknak singgah mana2 dah😭,Selayang-Bukit Jalil- Seremban
2022-05-04 05:37:58+00:00,1521725803154665472,06infp,"im not dieting but when they keep saying i am, its make me sick and i dont think im hungry now😁",biwkinn city
2022-04-27 09:05:00+00:00,1519241191098707968,AprilQuimpo,Kindergarten 4 has been looking into Eric Carle’s “The Very Hungry Caterpillar” so doing this Art project with them was a no-brainer. https://t.co/EJpwp7kkri,
2022-04-18 17:11:47+00:00,1516102202750042112,thejkiddo492,Hungry cute boiii. Nakk huggg 😭😭 gewammm,KCH✈️KUL
2022-04-07 01:45:15+00:00,1511882767818424320,Fitri_Cinonet,9:44am — Already Hungry 🥹,KL
2022-04-03 07:40:57+00:00,1510522729077764098,dream_drippy,"@Fleaxyy Im just gonna say that why both of them have ramadan food on there head, legit making me hungry bc i cant eat ;-;","Kuala Selangor, Selangor"
2022-03-30 02:44:54+00:00,1508998676483821569,mi_yo_yo,Function untuk muslim hungry month ni 😭☝🏻,
2022-03-28 09:48:43+00:00,1508380555741921282,thejkiddo492,Extremely hungry all the time. Hormones aku dh berubah ka cmne?,KCH✈️KUL
2022-03-26 13:54:53+00:00,1507717730291826690,Radevengers,@ChePuanCoco Coco always hungry 🤤,
2022-03-22 04:30:09+00:00,1506126056713261060,nurinabelle,I love you but I'm sorry baby I just woke you so I was going back and sleep in late morning and I sleep in the morning and sleep in my sleep and I woke you so late and I'm so tired of it so I'm so hungry,"Sepang, Selangor"
2022-03-19 14:06:42+00:00,1505183986754404356,_vftv,"Our goal is:

✨ To bring a change to the stray’s situation in Malaysia.
✨ To feed the hungry stray dogs and cats around Seremban area.
✨ To contact the nearest shelter to rehome the dogs and cats if they’re in danger.
✨ To build homes for the strays in the future.","Seremban, Negeri Sembilan"
2022-03-19 04:58:27+00:00,1505046017586065411,waniramli13,"And baby, everything that I hv is yours
You will never go cold or hungry
I'll be there when you're insecure
Let you know that you're always lovely
Girl, 'cause you're the only thing that I got right now
One day when the sky is falling
I'll be standing right next to you
#nexttoyou",
2022-03-13 13:27:05+00:00,1502999691470204935,_vftv,"Our goal is:

✨ To bring a change to the stray’s situation in Malaysia.
✨ To feed the hungry stray dogs and cats around Seremban area.
✨ To contact the nearest shelter to rehome the dogs and cats if they’re in danger.
✨ To build homes for the strays in the future.","Seremban, Negeri Sembilan"
2022-03-06 02:03:42+00:00,1500290997208907776,HarithAimiros,Poole hungry rn,"Negri Sembilan, Malaysia"
2022-03-04 14:49:40+00:00,1499758982436560897,aiaeesya,I am really hungry. I am fucking hungry,Puncak Alam
2022-03-01 09:12:50+00:00,1498587052316962816,Daliakudo,"Some songs just touch us differently. Some songs evoke specific memories that lay dormant in my hippocampus.

When I listened to that songs again, I can remember vividly the situation again. Stressed, alone, busy n hungry in Sabah.

Not all bad n not all happy either.","Putrajaya, Malaysia"
2023-02-10 10:01:53+00:00,1623985596283908097,ARajasaikaran,Hunger games cos I was confident id stay full after a later breakfast.. 🤣 #lapar,Malaysia
2023-01-16 17:47:52+00:00,1615043169418379265,afdzan,@GoalNews not hunger..just go to.chelsea😆😆😆,Bangi
2023-01-01 06:19:26+00:00,1609434103404953600,ZackAvaricious,Malam ni nak tgk sword arts online. Brb nak masak lunch (post leg day hunger pang hits differently),Flat Earth
2022-12-17 13:10:26+00:00,1604101716747624450,TheycallmeACT,Hunger brings you places. Delicious seafood here! (@ Restaurant Negeri Hinyi) https://t.co/PslL63jFqr https://t.co/dQnd8HyTlC,"Malaysia, Kuala Lumpur"
2022-11-26 10:50:57+00:00,1596456467032608771,EzzatAideed,@Abangzuuul Lon tak gi Hunger games ke? Haha,"Shah Alam , Malaysia"
2022-11-25 22:26:40+00:00,1596269162846130177,ZackAvaricious,@joexjo_ Lepastu tak boleh tido bila hunger pang strikes,Flat Earth
2022-09-02 08:50:07+00:00,1565623091853926401,afendiothman,@RidhuanMalik01 Smartwatch memang tak lari dari battery hunger. Dia nak bagi smooth experience. Gps dia pun default memang always on untk aplikasi berfungsi dengan lancar.,Selangor 
2022-08-11 10:18:09+00:00,1557672710951432192,tinybudzz,"Tiny Rick’s 🍔
Now Open to satisfy your hunger for BURGER!!
Come check us out!!
@TwtSemenyih @twtMYmakan @FoodViralMY @MalaysianFoods 
#gourmetburger #semenyih #streetfood #burgerjalanan https://t.co/t9dPM1GY8j",
2022-07-30 04:36:43+00:00,1553238133021368321,___yingg,My hands are trembling out of hunger but I can't eat anything. I broke down in the toilet because I'm so tired but I need to go to work.,
2022-07-13 02:38:35+00:00,1547047809215758336,bajulawahasnuri,"Snacking time!

Pilih 1 jenis buah yang awak suka, low kalori, makan as kudap2. 

1x sebelum lunch dan 1x sebelum dinner. It helps to reduce your hunger and increase your body metabolism👍🏻

Follow Kakmek untuk tips kurus. https://t.co/EsCSHSFPxW","Selangor, Malaysia"
2022-05-21 05:58:58+00:00,1527891682628636672,qwinphi,Hunger games best eh?,"Selangor, Malaysia"
2022-05-04 10:05:43+00:00,1521793184330059776,shadowcreeper24,"Hunger contractions is love.
But not enough to satisfy the shapes.",currently at Real Life Server
2022-03-02 05:24:36+00:00,1498892002100117505,dreyse_kim,"Not wonder woman, i'd rather go with Alien and Aliens 2 than WW. 😂 Even Revenge is good. Tak pon tengok Hunger Games. Haha",KUL || SBN ✈️
