Datetime,ID,Username,Text,Location
2023-03-18 19:50:12+00:00,1637179615306485760,xxmeaaa,"wake up, feed sofea and now im hungry.","Sabah, Malaysia"
2023-01-30 16:46:17+00:00,1620101103483523072,xxmeaaa,and laki tgh membedal maggi bcs he’s hungry. sian member lama kita ni… kelaparan hbs kerja 🤣,"Sabah, Malaysia"
2022-09-27 10:50:19+00:00,1574713038892314630,Nazira_white,Ate like 3 times aldy.. and still shaking due to hungry tummy.. 😕,Malaysia
2022-09-23 12:33:45+00:00,1573289516202622976,zariff_99,Baru 4 suap nasi ye utk harini. Very hungry,"Kuantan, Pahang"
2022-08-04 18:47:32+00:00,1555264187903123457,sajayuk,Too hungry right now.,Malaysia
2022-07-23 06:00:55+00:00,1550722606722035712,aylanajwa_,me so hungry but i dont wanna eat,"Johore, Malaysia"
2022-06-04 20:41:23+00:00,1533187181061165056,PitAbrhm,Cant sleep. And super super hungry.,Kuala Lumpur
2022-05-17 05:51:31+00:00,1526440256840830977,nazrulridwann,Hungry.,Kuantan
2022-05-15 02:23:45+00:00,1525663193263054850,aylanajwa_,nak membeli lauk laaa hihihihi im so hungry,"Johore, Malaysia"
2022-03-22 19:29:24+00:00,1506352362809851904,Iraairara_,3 am and i cant sleep also hungry,"Kuantan, Pahang"
2022-03-14 10:15:42+00:00,1503313915291348992,ain_ndz,Alhamdulillah.. Segala urusan d permudahkan.. Dah jom balik.. Kakak is cinca cinca sleepy.. Cinca cinca hungry.. Tkut tertdo smbil makan.. 🤭🤭 @ Felda Neram Satu https://t.co/MhGtT03xh8,
2022-11-30 17:04:30+00:00,1598000025673826305,saufi_txt,"Slave of music, bass hunger ✌🏼

#SpotifyWrapped https://t.co/Us43QUPLIR",Malacca
