Datetime,ID,Username,Text,Location
2023-02-24 03:07:39+00:00,1628954781711765504,avineshW90,"Seladang was loud during the early millennium. Players like A. Shivan Pillay, Harith Naem Janneh and Syukri Baharun are top talents that can help Perak grow in the years to come, but knowing the glory-hungry fans, they would expect more. So the pressure would fall on foreigners",Bandar Puncak Alam
2023-02-01 11:22:35+00:00,1620744414971973633,jailanimahmood,My trusted 10 years Brooks B17 is hungry! @ Pantai Remis Perak Darul Redzuan https://t.co/WDBvPi8kTL,Singapore
2023-01-12 14:50:42+00:00,1613549032277954561,syazzyjinBTS,"I'm not hungry, i'm just bored....",
2023-01-10 14:46:07+00:00,1612823104048463872,GreenRambutans,Emotionally disturbed. Fell  asleep from 6pm to 9pm. Woke up with oddness feeling of lightheaded 😵‍💫 and hungry.,"Dato Keramat, KL"
2022-12-28 13:59:28+00:00,1608100320303026176,V_Nanth,"His parents called and spoke to mine. 
I was going through mental stress and he told me that he was staring at IDLIS BECAUSE HE WAS HUNGRY! 😒",Malaysia
2022-12-18 11:17:36+00:00,1604435706465714176,MyNameInYours,"Not hungry, but wanting to just eat, feeling guilty for eating, yet I can fill all this thing in. Now feeling hungry 😑 🫤 😒 https://t.co/AYkMUtv4O6",Kuala Lumpur City
2022-12-15 19:22:31+00:00,1603470580036292608,nadlevv,im so hungry,"Ipoh, Perak"
2022-11-02 03:47:56+00:00,1587652706138611712,Ntshyrzman,Hungry already https://t.co/k9bZ1Mca2b,"Perak, Malaysia"
2022-10-09 11:55:53+00:00,1579078190878068736,sulosshinni,Hungry😭,Malaysia
2022-09-03 01:55:18+00:00,1565881087376896001,SaraRusli,yes i am 😂 you don’t want to see me hungry #ifeelattack,
2022-08-11 09:34:28+00:00,1557661720461869057,PrimadonnaMyra,"tadi semua org kat office ‘ malam ni u jangan keluar malam ya , hungry ghost everywhere  ‘ 👻👻👻👻",Malaysia
2022-08-09 10:47:30+00:00,1556955325047050241,norhidayah0209,I'm so hungry don't know what to eat,"Sandakan, Sabah"
2022-06-16 01:41:19+00:00,1537248928701198336,zahran93,Fire drill is making me hungry. Need food.,Yi Poh
2022-06-09 04:15:28+00:00,1534751006516338688,fatinramleey,@najihahshahrel 🥺🥺🥺 they must be hungry 🥺🥺🥺,"Ipoh, perak"
2022-05-06 14:42:43+00:00,1522587669024620544,noname_sha,Soooo hungry but oredi malam da ni.,malaysia
2022-05-05 10:25:51+00:00,1522160639837622273,ya_habub,"Gagag rase kelakar everytime my adik dpt like adult privilage i xkan complaint coz gaga aq yg tua ni pon still kejut my adik suruh masak when im hungry…i cant cook,cant drive,cant rempit,keta sendiri pon x penah bawak servis sendiri gagag",Eh kau
2022-03-24 23:33:48+00:00,1507138641596129281,superwomankaur,Hungry af,
2022-03-07 04:02:23+00:00,1500683252427804677,ellobello_my,"To excited butterflies in your stomach. 
To hunger for adventure without restraint. 
To getting lost in each other’s eyes over a hot scoop of gelato.
See you around in Ello Bello 😉 @ Ello Bello https://t.co/nHOvISFQOt",
