Datetime,ID,Username,Text,Location
2022-07-12 06:35:47+00:00,1546745116106170370,CurryKhoo,"Very hungry and angry! Everywhere traffic jam, long Q and foods sold out! Walau eh, Penang really the place for Tourism and foods. This is what I manage to get for my lunch! 😭 #Penang #NFTcity #CityOfFoods https://t.co/KGVlb1r2zw","Penang, Malaysia"
2022-04-23 04:00:27+00:00,1517714994175135746,sharm78,"Arrived Penang in time for breakfast, so pit stop at @thehillsidecafepenang .
Of course we had 'The Works' ! 🤩 

#anderssonlangkawi #Penang #breakfast #foodie #hungry #food #coffee @ The Hillside https://t.co/j3lf9Kzgd8","Langkawi, Malaysia"
