Datetime,ID,Username,Text,Location
2023-03-30 01:56:01+00:00,1641257944779202561,sinardailymy,"To be in charge of a hunger strike was a great responsibility, all I worried about was the fate of the strikers and the desire of the hungry souls for freedom, not food. #IsmaatMansour #ThePalestinianDiaries #HungerStrike #Palestine #Israel https://t.co/KpRdIZ9fF9","Shah Alam, Selangor, Malaysia"
2023-03-29 07:47:25+00:00,1640983987802742785,Lialarsen,"@nziradzemasoja @KingJayZim @TeamFuloZim Perfect example of why not to cook when you are hungry. I hope @nziradzemasoja that you are a serious bodybuilder because that way too much protein for one person. 

So why are the eggs not peeled? Why is the food not served on a plate? 
There is zero creativity here 
Score 4/10",Kuala Lumpur City
2023-03-28 12:18:13+00:00,1640689749206745090,kennleandre,"@tenoq If you're hungry, anything looks tasty. Hence the focus on presentation rather than taste. I realize the lack of the aroma of freshly cooked food at the TTDI one that day",Kuala Lumpur
2023-01-27 10:05:36+00:00,1618913101591777281,miesunbae,"Such a good taste of food and nice place for hangout ☺️👌 Last picture, si kecik already woke up and hungry 😂 #foodie https://t.co/IjmyjtiX3b",Kuala Lumpur
