Datetime,ID,Username,Text,Location
2023-03-30 01:56:01+00:00,1641257944779202561,sinardailymy,"To be in charge of a hunger strike was a great responsibility, all I worried about was the fate of the strikers and the desire of the hungry souls for freedom, not food. #IsmaatMansour #ThePalestinianDiaries #HungerStrike #Palestine #Israel https://t.co/KpRdIZ9fF9","Shah Alam, Selangor, Malaysia"
2023-03-29 07:47:25+00:00,1640983987802742785,Lialarsen,"@nziradzemasoja @KingJayZim @TeamFuloZim Perfect example of why not to cook when you are hungry. I hope @nziradzemasoja that you are a serious bodybuilder because that way too much protein for one person. 

So why are the eggs not peeled? Why is the food not served on a plate? 
There is zero creativity here 
Score 4/10",Kuala Lumpur City
2023-03-28 12:18:13+00:00,1640689749206745090,kennleandre,"@tenoq If you're hungry, anything looks tasty. Hence the focus on presentation rather than taste. I realize the lack of the aroma of freshly cooked food at the TTDI one that day",Kuala Lumpur
2023-01-27 10:05:36+00:00,1618913101591777281,miesunbae,"Such a good taste of food and nice place for hangout ☺️👌 Last picture, si kecik already woke up and hungry 😂 #foodie https://t.co/IjmyjtiX3b",Kuala Lumpur
2022-06-22 10:25:56+00:00,1539555278621790208,OkaforMaxi,"Go 2 school-ASUU Strike
Go 2 farm-Herdsmen
Go 2 Mosque-Gunmen/Bomb
Go 2 Church-Gunmen/Bomb
Travel by road-Kidnappers
Travel by train-Bandits
Graduate from school-No job
You're hungry-Food is expensive
Stay at home-No fuel and Light
So get your PVC. Let's vote right for once! PO",Nigeria & Malaysia.
2022-05-31 03:07:12+00:00,1531472332731973632,ceciliacsyi,"I have come to the phase where I am constantly hungry 😆 My goodness, always always looking for food!",
2022-03-10 16:03:49+00:00,1501951973092126721,FxndTaha,Waiting for #MyrideEp7 on GMM25 and this food show is making me hungry and its 12.03am. https://t.co/rp5u4bFdqu,Kampung Chumphon
2022-03-06 02:13:32+00:00,1500293470279581696,neesasodirman,"Ok i hungry. Yesterday I eat like subway wrap for breakfast, ate burgers and wantan noodles soup only at Genting Skyworlds Theme Park. Btw foods at @GSWorlds is delicious and not too overpriced",
