Datetime,ID,Username,Text,Location
2023-03-29 19:11:52+00:00,1641156237466255362,Twentifo2420,Benefits like a reccession? Or no growth of the GDP? Or highest inflation in 40 years? Or high fuel prices? Or high food prices? Or high cost of living? Or decline in the stock market? Or decline in 401K value? That what he has delivered.,"Petaling Jaya, Malaysia"
2023-03-12 14:15:57+00:00,1634921172046589952,richard24003609,"@raishussin Agreed.  
Initiate something better &amp; more sustainable than Menu Rahmah. Already there are participants that have quited the provisions.

Rafizi's formula don't seem to have a great impact too. Food prices are still high, vegetables prices are spralling upwards by the day.",
2023-03-28 10:15:32+00:00,1640658875258142721,luxentX,"Can we have a price check for Bazaar Ramadan please @rafiziramli
Lots of complaint about the prices of food at the bazaar. What is the cause for the high prices?",Petaling Jaya
2023-01-21 11:33:04+00:00,1616760789301628930,chairman_GLC,This place is so BEAUTIFUL! I just found out about this place while randomly driving around Penchala. Very friendly waiters as well. And the food price is not absurdly high. Just lovely. https://t.co/aT8C2BI4Fy,Petaling Jaya
2023-01-13 09:56:09+00:00,1613837296675205120,shah_shnetwork,"Produk frozen line up price starting: RM7 (Karipap Daging) RM9 (Popia Sayuran) &amp; RM15 (Popia Begedil), RM X.XX (Popia Carbonara- To Be Confirm) 👍👍

Flying high my wife 👏👏🎉🎉 Queen Foods MY","Selangor, Malaysia"
2022-12-24 03:57:56+00:00,1606499389119553536,PisauKarat,"Anak aku juga akan kurangkan makan luar, kurangkan Starbucks, Tealive, Coffee Bean, Seafood and all fast food mcm KFC, McD, A&amp;W etc. 
Afterall it's time to 'change a bit' on the lifestyle since food price is unrealistically high if we eat outside.","Hokkaido, Japan"
2022-12-05 12:55:57+00:00,1599749418483228672,razzmann12,"#RestoranSambalHijau 

Paid Review (acah je 😝)

Huge variety of super delicious Malay foods. Try their Sup Tulang/Daging, it’s to die for! (Over nya! 🤣) 

However, please note that the price is a little on the high side.

Dress code: Light &amp; airy clothing to fight the heat! 😂 https://t.co/2Y03dpTCVw","Kuala Lumpur City, Kuala Lumpu"
2023-03-29 19:11:52+00:00,1641156237466255362,Twentifo2420,Benefits like a reccession? Or no growth of the GDP? Or highest inflation in 40 years? Or high fuel prices? Or high food prices? Or high cost of living? Or decline in the stock market? Or decline in 401K value? That what he has delivered.,"Petaling Jaya, Malaysia"
2023-03-12 14:15:57+00:00,1634921172046589952,richard24003609,"@raishussin Agreed.  
Initiate something better &amp; more sustainable than Menu Rahmah. Already there are participants that have quited the provisions.

Rafizi's formula don't seem to have a great impact too. Food prices are still high, vegetables prices are spralling upwards by the day.",
