﻿Created-At,From-User,From-User-Id,To-User,To-User-Id,Language,Source,Text,Geo-Location-Latitude,Geo-Location-Longitude,Retweet-Count,Id
18/3/2023,"Alyssa Tulis, Aman Baca.",1.29197E+18,yrsmtgsweet,1.29197E+18,in,"<a href=""http://twitter.com/download/iphone"" rel=""nofollow"">Twitter for iPhone</a>",Which means kami dinner ala kadar. Weh nak menangis rasa bila kelaparan macam tu. Masuk angin jangan ceritalah. Then esok pagi Abang NJ tolong hantar makanan yang mak dia kirim (nasib rumah dia dekat) & mak dia bekalkan 3 set makanan plus air milo panas lagi ??????,,,,1.63683E+18
16/3/2023,blank,1.51588E+18,,-1,in,"<a href=""http://twitter.com/download/iphone"" rel=""nofollow"">Twitter for iPhone</a>",Kelaparan…masih di green….,,,,1.63626E+18
15/3/2023,Arulll ????????,857223020,,-1,in,"<a href=""http://twitter.com/download/iphone"" rel=""nofollow"">Twitter for iPhone</a>","Kalau video camni lalu time Bulan Puasa nanti, memang pengsan kelaparan ???? https://t.co/dZyROPIiVm",,,15,1.63586E+18
13/3/2023,??DeanePitt??????,1.50719E+18,DianMha,1.50719E+18,in,"<a href=""http://twitter.com/download/android"" rel=""nofollow"">Twitter for Android</a>","I pernah Ada 2 ekor cat I Jaga sampai diaorang past away. Since that dah tak sanggup nak Ada kucing sbb it's very hart to move one bila kehilanhan benda yg kita syg mcm anak. Since then, I will treat any stray cat yg lapar so diaorang takkan sedih or tido dlm kelaparan.??",,,,1.63522E+18
11/3/2023,PENYOKONG SETIA RTM ™,608171718,,-1,in,"<a href=""http://twitter.com/download/android"" rel=""nofollow"">Twitter for Android</a>",Zaman Sekarang Dengan Harga Barang Naik dan Kos Sara Hidup Tinggi ... Ada Yang Kelaparan dan Ikat Perut ... Ini Realiti Bukan Fantasi.,,,,1.63458E+18
23/3/2023,Nurdin Hasan,352155370,nh_nh_,352155370,in,"<a href=""http://twitter.com/download/android"" rel=""nofollow"">Twitter for Android</a>","Kami pasti akan mengujimu dengan sedikit ketakutan dan kelaparan, kekurangan harta, jiwa, dan buah-buahan. Sampaikanlah (wahai Nabi Muhammad,) kabar gembira kepada orang-orang sabar, (QS Al-Baqarah: 155)
#Ramadan
#AyatoftheDay 
#RamadhandiAceh",,,,1.63878E+18
22/3/2023,४,1.26516E+18,,-1,in,"<a href=""http://twitter.com/download/android"" rel=""nofollow"">Twitter for Android</a>",ya Allah saya dah kelaparan ???? https://t.co/lwVokmqHc2,,,,1.63855E+18
3/3/2023,ladyofleisure ????,2588363720,,-1,in,"<a href=""http://twitter.com/download/android"" rel=""nofollow"">Twitter for Android</a>","Jemput makan semua. Kelaparan dikala hujan turun lebat.
Alhamdulillah.
#nasikandarayambawang 
#nasikandar https://t.co/0BhumwQuc3",,,,1.63156E+18
3/3/2023,.m,2497943126,,-1,in,"<a href=""http://twitter.com/download/iphone"" rel=""nofollow"">Twitter for iPhone</a>",Suruh celup tangan kanan pulak tu. Lepastu kena pergi lunch. Anda rasa saya masih berselera time tu!? Berselera je kut lepas dah cuci dgn sabun (tak ingat). Benda pun lapar. Duk hostel ni sentiasa kelaparan https://t.co/BLtsF7jXWu,,,,1.63146E+18
2/3/2023,Penyuka Bonsai,1.04123E+18,,-1,in,"<a href=""http://twitter.com/download/android"" rel=""nofollow"">Twitter for Android</a>","Kehidupan ku nggak mewah, tapi akan kujamin perutmu nggak akan kelaparan dan badanmu nggak akan kedinginan maupun kepanasan",,,,1.63131E+18
2/3/2023,Atap coklat,1.3407E+18,,-1,in,"<a href=""http://twitter.com/download/android"" rel=""nofollow"">Twitter for Android</a>","lu bagi ya kaya kenapa sih kalau harta lu banyak gabisa bagi-bagiin sama orang yang lebih butuh?
lihat tuh banyak diluar sana yg miskin kelaparan. kenapa ga dibagi dua? sayang kalau lu mati sia-sia hartanya ga dibawa. maksud gue biar lebih bermanfaat tuh uang.",,,,1.63122E+18
1/3/2023,Awie,1.41803E+18,,-1,in,"<a href=""http://twitter.com/download/android"" rel=""nofollow"">Twitter for Android</a>","Ya Rahman ya Rahim, dalam suasana sahabat dan saudara kami diuji dengan banjir ya Allah. Kami terbayang anak-anak mereka yang kesejukan ya Allah. Kami terbayang anak-anak yang kelaparan ya Allah.... Ampuni kami Ya Allah... ?? https://t.co/BzmmoM9spo",,,,1.63086E+18
1/3/2023,Yellow_s,1.59143E+18,SinaRhu,1.46485E+18,in,"<a href=""http://twitter.com/download/android"" rel=""nofollow"">Twitter for Android</a>",@SinaRhu @amaklaun Heheh berdasarkan pengalaman konseran dalam dan luar negri pasti kelaparan sedangkan orang jual makan susah wkwk,,,,1.63085E+18
1/3/2023,Zai,1.0857E+18,brgsjks,328045907,in,"<a href=""http://twitter.com/download/android"" rel=""nofollow"">Twitter for Android</a>",@brgsjks Balai polis Chaah tenggelam. Anak pun terkandas kat sek x boleh blk. SPM paper hold hari ni. Bdk² dh kelaparan x blh balik. Semua jln dh tutup. Harap ada bantuan pergi ke SMK Seri Bali Chaah @HRHJohorII https://t.co/xDXl40vQYz,,,169,1.63083E+18
28/2/2023,Abg Bae??,1903557152,,-1,in,"<a href=""http://twitter.com/download/iphone"" rel=""nofollow"">Twitter for iPhone</a>","Omg dayah, roti kosong 2 keping td mampu bertahan selama 1 jam stgh je ke???skrg sy dah lapar balik???? anak ibu ke ibu yg kelaparan ni????‍????",,,,1.63042E+18
28/2/2023,Melly_11,1.62866E+18,,-1,in,"<a href=""http://twitter.com/download/android"" rel=""nofollow"">Twitter for Android</a>","Semenjak transfer kapal , tiap malam pasti kelaparan trus :( 
#kgn_gd",,,,1.63024E+18
26/2/2023,Mr.A,201264489,,-1,in,"<a href=""http://twitter.com/download/iphone"" rel=""nofollow"">Twitter for iPhone</a>","Selesai!

Masih lagi mengantuk dan kelaparan. https://t.co/lPgwbox9aF",,,,1.62981E+18
26/2/2023,Unggun Untuk Uni ?? ™️,1.55757E+18,mns_biasa99,82009511,in,"<a href=""http://twitter.com/download/android"" rel=""nofollow"">Twitter for Android</a>",@mns_biasa99 Perlu donasi yang banyak untuk anak anak dan orang orang yang kelaparan dimana pun mereka berada.,,,,1.62962E+18
26/2/2023,Mono Irawady,1.6165E+18,watieygtrskt96,1.49184E+18,in,"<a href=""http://twitter.com/download/iphone"" rel=""nofollow"">Twitter for iPhone</a>",@watieygtrskt96 Sungguh kamu kelaparan?,,,,1.62958E+18
30/3/2023,Coach Reagen,234548838,,-1,in,"<a href=""http://twitter.com/download/iphone"" rel=""nofollow"">Twitter for iPhone</a>","Tengah malam kelaparan, #miinstan tetap juara jadi penolonh pemadam kelaparan. 

Mi instan favoritmu? #indomie #miesedap #supermi ? Sebutkan!",,,,1.64145E+18
29/3/2023,jian mw baizhu (45/152),1.35541E+18,,-1,in,"<a href=""http://twitter.com/download/android"" rel=""nofollow"">Twitter for Android</a>",Ni org kelaparan aj gntng bener https://t.co/canZ1dKa2e,,,,1.64109E+18
29/3/2023,donacaddo70,8.43347E+17,,-1,in,"<a href=""http://twitter.com/download/iphone"" rel=""nofollow"">Twitter for iPhone</a>","terbaik Timbalan Speaker Dewan Rakyat, Datuk Ramli Mohd Nor. Sgt2 tegas menegur MP's yg macam monyet dlm zoo kelaparan sbb nak nampak hebat depan tv & tiktok. Ayat dia padu, ""Saya bukan kayu ye""",,,,1.64092E+18
28/3/2023,Adaanor,1.39523E+18,,-1,in,"<a href=""http://twitter.com/download/iphone"" rel=""nofollow"">Twitter for iPhone</a>","dulu sahur untuk diri, susu segelas + kurma 7 biji pun dah cukup. sekarang dah ada EmbunAyesha, kena makan nasi bondenya pepagi. Kalau tak, menggigil kelaparan ??",,,,1.64065E+18
28/3/2023,Ariqfizz™,336882224,ShopeeMY,2989403819,in,"<a href=""http://twitter.com/download/android"" rel=""nofollow"">Twitter for Android</a>",@ShopeeMY @happinessss23 Kucing saya dah kelaparan makanan tak sampai2,,,,1.64064E+18
9/3/2023,Al-Fajr Travel & Tours Official,1.56771E+18,,-1,in,"<a href=""http://twitter.com/download/android"" rel=""nofollow"">Twitter for Android</a>","KURMA NAGAL ISTIMEWA DARI UAE!

Rasulullah SAW bersabda, “rumah yang tidak ada kurma di dalamnya, penghuninya kelaparan”. (HR Muslim 2046)

Promosi Kurma Nagal kini kembali! Dapatkan segera sementara stok masih ada! ?? https://t.co/bR6GDZqrhO",,,,1.63369E+18
