﻿Created-At,From-User,From-User-Id,To-User,To-User-Id,Language,Source,Text,Geo-Location-Latitude,Geo-Location-Longitude,Retweet-Count,Id
2023-03-03,ladyofleisure ????,2588363720,,-1,in,"<a href=""http://twitter.com/download/android"" rel=""nofollow"">Twitter for Android</a>","Jemput makan semua. Kelaparan dikala hujan turun lebat.
Alhamdulillah.
#nasikandarayambawang 
#nasikandar https://t.co/0BhumwQuc3",,,,1631563746543026178
2023-03-03,.m,2497943126,,-1,in,"<a href=""http://twitter.com/download/iphone"" rel=""nofollow"">Twitter for iPhone</a>",Suruh celup tangan kanan pulak tu. Lepastu kena pergi lunch. Anda rasa saya masih berselera time tu!? Berselera je kut lepas dah cuci dgn sabun (tak ingat). Benda pun lapar. Duk hostel ni sentiasa kelaparan https://t.co/BLtsF7jXWu,,,,1631459893021659138
2023-03-02,Penyuka Bonsai,1041227591112224769,,-1,in,"<a href=""http://twitter.com/download/android"" rel=""nofollow"">Twitter for Android</a>","Kehidupan ku nggak mewah, tapi akan kujamin perutmu nggak akan kelaparan dan badanmu nggak akan kedinginan maupun kepanasan",,,,1631309109512503302
2023-03-02,Atap coklat,1340695552829267968,,-1,in,"<a href=""http://twitter.com/download/android"" rel=""nofollow"">Twitter for Android</a>","lu bagi ya kaya kenapa sih kalau harta lu banyak gabisa bagi-bagiin sama orang yang lebih butuh?
lihat tuh banyak diluar sana yg miskin kelaparan. kenapa ga dibagi dua? sayang kalau lu mati sia-sia hartanya ga dibawa. maksud gue biar lebih bermanfaat tuh uang.",,,,1631220422602792961
2023-03-01,Awie,1418025513373691908,,-1,in,"<a href=""http://twitter.com/download/android"" rel=""nofollow"">Twitter for Android</a>","Ya Rahman ya Rahim, dalam suasana sahabat dan saudara kami diuji dengan banjir ya Allah. Kami terbayang anak-anak mereka yang kesejukan ya Allah. Kami terbayang anak-anak yang kelaparan ya Allah.... Ampuni kami Ya Allah... ?? https://t.co/BzmmoM9spo",,,,1630859185104785408
2023-03-01,Yellow_s,1591428555233456128,SinaRhu,1464845353950322689,in,"<a href=""http://twitter.com/download/android"" rel=""nofollow"">Twitter for Android</a>",@SinaRhu @amaklaun Heheh berdasarkan pengalaman konseran dalam dan luar negri pasti kelaparan sedangkan orang jual makan susah wkwk,,,,1630853561260339204
2023-03-01,Zai,1085700278643351553,brgsjks,328045907,in,"<a href=""http://twitter.com/download/android"" rel=""nofollow"">Twitter for Android</a>",@brgsjks Balai polis Chaah tenggelam. Anak pun terkandas kat sek x boleh blk. SPM paper hold hari ni. Bdk² dh kelaparan x blh balik. Semua jln dh tutup. Harap ada bantuan pergi ke SMK Seri Bali Chaah @HRHJohorII https://t.co/xDXl40vQYz,,,169,1630826383793623041
2023-02-28,Abg Bae??,1903557152,,-1,in,"<a href=""http://twitter.com/download/iphone"" rel=""nofollow"">Twitter for iPhone</a>","Omg dayah, roti kosong 2 keping td mampu bertahan selama 1 jam stgh je ke???skrg sy dah lapar balik???? anak ibu ke ibu yg kelaparan ni????‍????",,,,1630416942732566528
2023-02-28,Melly_11,1628662876260159488,,-1,in,"<a href=""http://twitter.com/download/android"" rel=""nofollow"">Twitter for Android</a>","Semenjak transfer kapal , tiap malam pasti kelaparan trus :( 
#kgn_gd",,,,1630239121238274049
2023-02-26,Mr.A,201264489,,-1,in,"<a href=""http://twitter.com/download/iphone"" rel=""nofollow"">Twitter for iPhone</a>","Selesai!

Masih lagi mengantuk dan kelaparan. https://t.co/lPgwbox9aF",,,,1629808197241573378
2023-02-26,Unggun Untuk Uni ?? ™️,1557566642565001216,mns_biasa99,82009511,in,"<a href=""http://twitter.com/download/android"" rel=""nofollow"">Twitter for Android</a>",@mns_biasa99 Perlu donasi yang banyak untuk anak anak dan orang orang yang kelaparan dimana pun mereka berada.,,,,1629621087112941568
2023-02-26,Mono Irawady,1616495370938515461,watieygtrskt96,1491843737785229316,in,"<a href=""http://twitter.com/download/iphone"" rel=""nofollow"">Twitter for iPhone</a>",@watieygtrskt96 Sungguh kamu kelaparan?,,,,1629581713440673793
