﻿Created-At,From-User,From-User-Id,To-User,To-User-Id,Language,Source,Text,Geo-Location-Latitude,Geo-Location-Longitude,Retweet-Count,Id
2023-03-18,"Alyssa Tulis, Aman Baca.",1291965568350687233,yrsmtgsweet,1291965568350687233,in,"<a href=""http://twitter.com/download/iphone"" rel=""nofollow"">Twitter for iPhone</a>",Which means kami dinner ala kadar. Weh nak menangis rasa bila kelaparan macam tu. Masuk angin jangan ceritalah. Then esok pagi Abang NJ tolong hantar makanan yang mak dia kirim (nasib rumah dia dekat) & mak dia bekalkan 3 set makanan plus air milo panas lagi ??????,,,,1636834957527240704
2023-03-16,blank,1515877005799362562,,-1,in,"<a href=""http://twitter.com/download/iphone"" rel=""nofollow"">Twitter for iPhone</a>",Kelaparan…masih di green….,,,,1636257391254835200
2023-03-15,Arulll ????????,857223020,,-1,in,"<a href=""http://twitter.com/download/iphone"" rel=""nofollow"">Twitter for iPhone</a>","Kalau video camni lalu time Bulan Puasa nanti, memang pengsan kelaparan ???? https://t.co/dZyROPIiVm",,,15,1635855002572046336
2023-03-13,??DeanePitt??????,1507187758497902593,DianMha,1507187758497902593,in,"<a href=""http://twitter.com/download/android"" rel=""nofollow"">Twitter for Android</a>","I pernah Ada 2 ekor cat I Jaga sampai diaorang past away. Since that dah tak sanggup nak Ada kucing sbb it's very hart to move one bila kehilanhan benda yg kita syg mcm anak. Since then, I will treat any stray cat yg lapar so diaorang takkan sedih or tido dlm kelaparan.??",,,,1635219335701741570
2023-03-11,PENYOKONG SETIA RTM ™,608171718,,-1,in,"<a href=""http://twitter.com/download/android"" rel=""nofollow"">Twitter for Android</a>",Zaman Sekarang Dengan Harga Barang Naik dan Kos Sara Hidup Tinggi ... Ada Yang Kelaparan dan Ikat Perut ... Ini Realiti Bukan Fantasi.,,,,1634577432362749954
