﻿Created-At,From-User,From-User-Id,To-User,To-User-Id,Language,Source,Text,Geo-Location-Latitude,Geo-Location-Longitude,Retweet-Count,Id
2023-03-23,Nurdin Hasan,352155370,nh_nh_,352155370,in,"<a href=""http://twitter.com/download/android"" rel=""nofollow"">Twitter for Android</a>","Kami pasti akan mengujimu dengan sedikit ketakutan dan kelaparan, kekurangan harta, jiwa, dan buah-buahan. Sampaikanlah (wahai Nabi Muhammad,) kabar gembira kepada orang-orang sabar, (QS Al-Baqarah: 155)
#Ramadan
#AyatoftheDay 
#RamadhandiAceh",,,,1638777890157502464
2023-03-22,४,1265160961876357120,,-1,in,"<a href=""http://twitter.com/download/android"" rel=""nofollow"">Twitter for Android</a>",ya Allah saya dah kelaparan ???? https://t.co/lwVokmqHc2,,,,1638551064038260738
