﻿Created-At,From-User,From-User-Id,To-User,To-User-Id,Language,Source,Text,Geo-Location-Latitude,Geo-Location-Longitude,Retweet-Count,Id
2023-03-30,Coach Reagen,234548838,,-1,in,"<a href=""http://twitter.com/download/iphone"" rel=""nofollow"">Twitter for iPhone</a>","Tengah malam kelaparan, #miinstan tetap juara jadi penolonh pemadam kelaparan. 

Mi instan favoritmu? #indomie #miesedap #supermi ? Sebutkan!",,,,1641453825449168897
2023-03-29,jian mw baizhu (45/152),1355414397825417218,,-1,in,"<a href=""http://twitter.com/download/android"" rel=""nofollow"">Twitter for Android</a>",Ni org kelaparan aj gntng bener https://t.co/canZ1dKa2e,,,,1641091284210429956
2023-03-29,donacaddo70,843346895162359808,,-1,in,"<a href=""http://twitter.com/download/iphone"" rel=""nofollow"">Twitter for iPhone</a>","terbaik Timbalan Speaker Dewan Rakyat, Datuk Ramli Mohd Nor. Sgt2 tegas menegur MP's yg macam monyet dlm zoo kelaparan sbb nak nampak hebat depan tv & tiktok. Ayat dia padu, ""Saya bukan kayu ye""",,,,1640923010021601280
2023-03-28,Adaanor,1395234074038476802,,-1,in,"<a href=""http://twitter.com/download/iphone"" rel=""nofollow"">Twitter for iPhone</a>","dulu sahur untuk diri, susu segelas + kurma 7 biji pun dah cukup. sekarang dah ada EmbunAyesha, kena makan nasi bondenya pepagi. Kalau tak, menggigil kelaparan ??",,,,1640647517703639040
2023-03-28,Ariqfizz™,336882224,ShopeeMY,2989403819,in,"<a href=""http://twitter.com/download/android"" rel=""nofollow"">Twitter for Android</a>",@ShopeeMY @happinessss23 Kucing saya dah kelaparan makanan tak sampai2,,,,1640636652841467904
