﻿Created-At,From-User,From-User-Id,To-User,To-User-Id,Language,Source,Text,Geo-Location-Latitude,Geo-Location-Longitude,Retweet-Count,Id
2023-03-09,Al-Fajr Travel & Tours Official,1567708387835809793,,-1,in,"<a href=""http://twitter.com/download/android"" rel=""nofollow"">Twitter for Android</a>","KURMA NAGAL ISTIMEWA DARI UAE!

Rasulullah SAW bersabda, “rumah yang tidak ada kurma di dalamnya, penghuninya kelaparan”. (HR Muslim 2046)

Promosi Kurma Nagal kini kembali! Dapatkan segera sementara stok masih ada! ?? https://t.co/bR6GDZqrhO",,,,1633689350281236480
