﻿Created-At,From-User,From-User-Id,To-User,To-User-Id,Language,Source,Text,Geo-Location-Latitude,Geo-Location-Longitude,Retweet-Count,Id
27/1/2023 14:32,Don Dale,178021354,ramdan87,178021354,in,"<a href=""http://twitter.com/download/android"" rel=""nofollow"">Twitter for Android</a>",Before beli korang jgn lupa tgk review dulu guys.. Rasa sayang sgt sbb tak tgk komen before beli.. Sebab terkesima tgk gamba makanan mereka yg fake tu.. Dah la mahal.. https://t.co/UYRcUG03mH,,,0,1.61886E+18
27/1/2023 14:32,Don Dale,178021354,ramdan87,178021354,in,"<a href=""http://twitter.com/download/android"" rel=""nofollow"">Twitter for Android</a>",Before beli korang jgn lupa tgk review dulu guys.. Rasa sayang sgt sbb tak tgk komen before beli.. Sebab terkesima tgk gamba makanan mereka yg fake tu.. Dah la mahal.. https://t.co/UYRcUG03mH,,,0,1.61886E+18
27/1/2023 19:04,Iliani,72518229,,-1,in,"<a href=""http://twitter.com/download/iphone"" rel=""nofollow"">Twitter for iPhone</a>","Food security ni kalau buat research memang akan meletop kebabom. Isu yang takkan berakhir, contohnya baru ni yang rafizi dok cakap “makanan mahal” tu one food security isu lah",,,0,1.61893E+18
27/1/2023 19:04,Iliani,72518229,,-1,in,"<a href=""http://twitter.com/download/iphone"" rel=""nofollow"">Twitter for iPhone</a>","Food security ni kalau buat research memang akan meletop kebabom. Isu yang takkan berakhir, contohnya baru ni yang rafizi dok cakap “makanan mahal” tu one food security isu lah",,,0,1.61893E+18
29/1/2023 8:28,Naim Zaini,1581983814,3da_nash,48667411,in,"<a href=""http://twitter.com/download/android"" rel=""nofollow"">Twitter for Android</a>","@3da_nash Dlm konteks makanan yg disembelih, org Islam ada pertimbangan lain selain harga. Ada je ayam murah yg blh dibeli tapi hati rasa tak yakin dgn tahap halal tu. Mereka ni lbh rela beli ayam yg sedikit mahal asalkan hati rasa yakin. Ini pemerhatian saya bila sembang dgn org² tua la.",,,0,1.61949E+18
29/1/2023 8:28,Naim Zaini,1581983814,3da_nash,48667411,in,"<a href=""http://twitter.com/download/android"" rel=""nofollow"">Twitter for Android</a>","@3da_nash Dlm konteks makanan yg disembelih, org Islam ada pertimbangan lain selain harga. Ada je ayam murah yg blh dibeli tapi hati rasa tak yakin dgn tahap halal tu. Mereka ni lbh rela beli ayam yg sedikit mahal asalkan hati rasa yakin. Ini pemerhatian saya bila sembang dgn org² tua la.",,,0,1.61949E+18
29/1/2023 13:29,??,123125166,,-1,in,"<a href=""http://twitter.com/download/iphone"" rel=""nofollow"">Twitter for iPhone</a>",Terpaksa naikkan harga makanan sebab barang basah mahal sekarang. ?? Sorry guys,,,0,1.61957E+18
29/1/2023 13:29,??,123125166,,-1,in,"<a href=""http://twitter.com/download/iphone"" rel=""nofollow"">Twitter for iPhone</a>",Terpaksa naikkan harga makanan sebab barang basah mahal sekarang. ?? Sorry guys,,,0,1.61957E+18
30/1/2023 21:52,Alinosourawr,95909274,,-1,in,"<a href=""http://twitter.com/download/android"" rel=""nofollow"">Twitter for Android</a>","Restoran che' lah sek 13??????
1 hantar makanan x order.
2 memandai tambah makanan + minuman kita tak order pn dkt cashier.. Paksa bayar plak tu. 
3 pricey, semua above rm10.. Aku marhein je, bihun goreng rm12. 90 mahal tau?! Aku geram! Sb terpaksa stop mkn sb org lain stress..",,,0,1.62006E+18
30/1/2023 21:52,Alinosourawr,95909274,,-1,in,"<a href=""http://twitter.com/download/android"" rel=""nofollow"">Twitter for Android</a>","Restoran che' lah sek 13??????
1 hantar makanan x order.
2 memandai tambah makanan + minuman kita tak order pn dkt cashier.. Paksa bayar plak tu. 
3 pricey, semua above rm10.. Aku marhein je, bihun goreng rm12. 90 mahal tau?! Aku geram! Sb terpaksa stop mkn sb org lain stress..",,,0,1.62006E+18
31/1/2023 13:33,#IWantToThankMe,74956915,,-1,in,"<a href=""http://twitter.com/download/iphone"" rel=""nofollow"">Twitter for iPhone</a>","Nak buat mcm mana, makanan kat Malaysia ni asyik kena scam je. Pergi tempat mahal pun so so je raso. Tapi aku tetap la belanja dlm Malaysia. Dr Mersing ke Rompin makanan ????. https://t.co/DjAsoN1vLP",,,0,1.62029E+18
31/1/2023 13:33,#IWantToThankMe,74956915,,-1,in,"<a href=""http://twitter.com/download/iphone"" rel=""nofollow"">Twitter for iPhone</a>","Nak buat mcm mana, makanan kat Malaysia ni asyik kena scam je. Pergi tempat mahal pun so so je raso. Tapi aku tetap la belanja dlm Malaysia. Dr Mersing ke Rompin makanan ????. https://t.co/DjAsoN1vLP",,,0,1.62029E+18
31/1/2023 19:47,????,2353096452,outlaw__J,2353096452,in,"<a href=""http://twitter.com/download/iphone"" rel=""nofollow"">Twitter for iPhone</a>",Tak tau gaji aku yg ciput sgt or makanan yg mahal nak mampos.,,,0,1.62039E+18
31/1/2023 19:47,????,2353096452,outlaw__J,2353096452,in,"<a href=""http://twitter.com/download/iphone"" rel=""nofollow"">Twitter for iPhone</a>",Tak tau gaji aku yg ciput sgt or makanan yg mahal nak mampos.,,,0,1.62039E+18
31/1/2023 22:21,iam.fuzy ???? | Blogger | GW | #umifuzy,40663669,iamfuzy,40663669,in,"<a href=""http://twitter.com/download/iphone"" rel=""nofollow"">Twitter for iPhone</a>","utk masuk ke sini, anda akan melalui hutan simpan yang berpagar. Memang cantik dan tenang.

Harga makanan pun tak mahal tapi portion nasi lemak tu tidak terlalu besar ya.

Nak tahu lebih lanjut, jengah https://t.co/P6pqjfPzxh nanti #iamfuzykongsi https://t.co/5YR4dR2noz",,,1,1.62043E+18
31/1/2023 22:21,iam.fuzy ???? | Blogger | GW | #umifuzy,40663669,iamfuzy,40663669,in,"<a href=""http://twitter.com/download/iphone"" rel=""nofollow"">Twitter for iPhone</a>","utk masuk ke sini, anda akan melalui hutan simpan yang berpagar. Memang cantik dan tenang.

Harga makanan pun tak mahal tapi portion nasi lemak tu tidak terlalu besar ya.

Nak tahu lebih lanjut, jengah https://t.co/P6pqjfPzxh nanti #iamfuzykongsi https://t.co/5YR4dR2noz",,,1,1.62043E+18
1/2/2023 1:27,sehidangrasa29,2307772124,,-1,in,"<a href=""http://twitter.com/download/android"" rel=""nofollow"">Twitter for Android</a>","Antara sebab harga makanan dekat kedai pun dah mahal sekarang, cuba kau tengok harga benda yang sama deme jual dekat platform Grab, Food Panda, Shopee Food bagai tu. Sama ke atau lebih mahal?",,,0,1.62047E+18
1/2/2023 1:27,sehidangrasa29,2307772124,,-1,in,"<a href=""http://twitter.com/download/android"" rel=""nofollow"">Twitter for Android</a>","Antara sebab harga makanan dekat kedai pun dah mahal sekarang, cuba kau tengok harga benda yang sama deme jual dekat platform Grab, Food Panda, Shopee Food bagai tu. Sama ke atau lebih mahal?",,,0,1.62047E+18
1/2/2023 16:41,Azah,1457075432,,-1,in,"<a href=""http://twitter.com/download/iphone"" rel=""nofollow"">Twitter for iPhone</a>",Cane ek minyak petrol kan mahal kt thailand tp apesal makanan die murah?,,,0,1.6207E+18
1/2/2023 16:41,Azah,1457075432,,-1,in,"<a href=""http://twitter.com/download/iphone"" rel=""nofollow"">Twitter for iPhone</a>",Cane ek minyak petrol kan mahal kt thailand tp apesal makanan die murah?,,,0,1.6207E+18
2/2/2023 16:33,xeraheadstrong??,152566138,,-1,in,"<a href=""http://twitter.com/download/iphone"" rel=""nofollow"">Twitter for iPhone</a>","Hahahahahahah.
Ko bukak kedai makan dlu bru sembang.
Kesian kat peniaga konon.
Habis kat rakyat nk mkn ni ko tak kesian?

Bila brg mahal,suruh kerajaan turunkan harga.
Kerajaan turun harga makanan,ckp kesian peniaga.

Asal Pertikaian Nasional,semua benda nk pertikai. https://t.co/Z2UWCggqfb",,,1,1.62106E+18
2/2/2023 16:33,xeraheadstrong??,152566138,,-1,in,"<a href=""http://twitter.com/download/iphone"" rel=""nofollow"">Twitter for iPhone</a>","Hahahahahahah.
Ko bukak kedai makan dlu bru sembang.
Kesian kat peniaga konon.
Habis kat rakyat nk mkn ni ko tak kesian?

Bila brg mahal,suruh kerajaan turunkan harga.
Kerajaan turun harga makanan,ckp kesian peniaga.

Asal Pertikaian Nasional,semua benda nk pertikai. https://t.co/Z2UWCggqfb",,,1,1.62106E+18
25/2/2023,Miraa Ibrahim,103239338,,-1,in,"<a href=""http://twitter.com/download/iphone"" rel=""nofollow"">Twitter for iPhone</a>","Dating dengan husband ?? 
Lama tak makan steak????
Bila dinner semalam best pulak sebab tak ramai orang ??
Last datang sini tahun lepas, tahun ni datang harga dah naik??  
Tapi apa apa pun alhamdulillah syukur makanan sedap ???? https://t.co/43gdd1aJpC",,,,1.62931E+18
2/3/2023,Ahmad Tarmizy,1.40188E+18,RajaPetra,37378395,in,"<a href=""http://twitter.com/download/android"" rel=""nofollow"">Twitter for Android</a>","@RajaPetra Bukan setakat harga sayur jer, harga ayam naik, harga telor naik, paling terok harga beras pun naik, hari tu kata bantu petani, pembekal beras xboleh monopoli, bagi rakyat mudah jer, harga makanan dan bahan keperluan harian utama, perlu murah, dan mampu dibeli dan membantu rakyat",,,,1.63116E+18
9/3/2023,Hezeri Samsuri,456568207,,-1,in,"<a href=""http://twitter.com/download/iphone"" rel=""nofollow"">Twitter for iPhone</a>","Bagus bela binatang ni. Cuma aku rasa makin lama makin mahal harga ubat makanan apa semua dia. Kalah manusia. Cuba kau try tanya berapa charge nak cabut gigi kucing. 

Cuba la, kawan aku kata. 

Aku diam je tapi mmg aku akui, harga semua naik.",,,3,1.6338E+18
10/3/2023,Shafiq Amran ??????,447940084,,-1,in,"<a href=""http://twitter.com/download/iphone"" rel=""nofollow"">Twitter for iPhone</a>",Nak tanya hang ni penternak ka? Tau dak harga dedak dan makanan unggas mahal? Tak termasuk dengan segala vaksin nak elak penyakit.  https://t.co/2cQjb2w6kQ. PKC ni memang kerajaan dan banyak penternak dah guna tapi harga tu masih terlampau tinggi untuk penternak. https://t.co/olhaqK3kQS,,,,1.6342E+18
23/3/2023,qãrl,1.23948E+18,,-1,in,"<a href=""http://twitter.com/download/android"" rel=""nofollow"">Twitter for Android</a>",Makanan kt bazar banyak dah naik harga....maybe boleh buat bazar rahmah,,,,1.63888E+18
26/3/2023,KucingKèrong,28998288,,-1,in,"<a href=""http://twitter.com/download/android"" rel=""nofollow"">Twitter for Android</a>","Ketupat palas pun dah naik harga dr last year. But mmg akan order tiap2 tahun wat cicah rendang.

Tak dapat dinafikan, harga barang semua dah naik, pulut pun. https://t.co/O9oAyDYW3a",,,5,1.63996E+18
27/3/2023,Musafir Rindu.,1117602174,,-1,in,"<a href=""http://twitter.com/download/iphone"" rel=""nofollow"">Twitter for iPhone</a>","Tapak Bazar mahal. Bila peniaga jual mahal, dorang tuduh kerajaan sebab harga barang naik. Padahal puncanya dari tapak bazar yang mahal. https://t.co/LoGxY34BpN",,,,1.64006E+18
30/3/2023,Amer Al-Jeffrey,1.41907E+18,,-1,in,"<a href=""http://twitter.com/download/iphone"" rel=""nofollow"">Twitter for iPhone</a>",Komplain harga barang naik tapi DP dengan air Starbucks ?? https://t.co/Ns504NuUQ1,,,2,1.64143E+18
