﻿Created-At,From-User,From-User-Id,To-User,To-User-Id,Language,Source,Text,Geo-Location-Latitude,Geo-Location-Longitude,Retweet-Count,Id
2023-03-30,Amer Al-Jeffrey,1419065846689779715,,-1,in,"<a href=""http://twitter.com/download/iphone"" rel=""nofollow"">Twitter for iPhone</a>",Komplain harga barang naik tapi DP dengan air Starbucks ?? https://t.co/Ns504NuUQ1,,,2,1641428108808167426
2023-03-27,Musafir Rindu.,1117602174,,-1,in,"<a href=""http://twitter.com/download/iphone"" rel=""nofollow"">Twitter for iPhone</a>","Tapak Bazar mahal. Bila peniaga jual mahal, dorang tuduh kerajaan sebab harga barang naik. Padahal puncanya dari tapak bazar yang mahal. https://t.co/LoGxY34BpN",,,,1640056103752044545
2023-03-26,KucingKèrong,28998288,,-1,in,"<a href=""http://twitter.com/download/android"" rel=""nofollow"">Twitter for Android</a>","Ketupat palas pun dah naik harga dr last year. But mmg akan order tiap2 tahun wat cicah rendang.

Tak dapat dinafikan, harga barang semua dah naik, pulut pun. https://t.co/O9oAyDYW3a",,,5,1639962161522020355
