﻿Created-At,From-User,From-User-Id,To-User,To-User-Id,Language,Source,Text,Geo-Location-Latitude,Geo-Location-Longitude,Retweet-Count,Id
2023-03-10,Shafiq Amran ??????,447940084,,-1,in,"<a href=""http://twitter.com/download/iphone"" rel=""nofollow"">Twitter for iPhone</a>",Nak tanya hang ni penternak ka? Tau dak harga dedak dan makanan unggas mahal? Tak termasuk dengan segala vaksin nak elak penyakit.  https://t.co/2cQjb2w6kQ. PKC ni memang kerajaan dan banyak penternak dah guna tapi harga tu masih terlampau tinggi untuk penternak. https://t.co/olhaqK3kQS,,,,1634203126881484800
2023-03-09,Hezeri Samsuri,456568207,,-1,in,"<a href=""http://twitter.com/download/iphone"" rel=""nofollow"">Twitter for iPhone</a>","Bagus bela binatang ni. Cuma aku rasa makin lama makin mahal harga ubat makanan apa semua dia. Kalah manusia. Cuba kau try tanya berapa charge nak cabut gigi kucing. 

Cuba la, kawan aku kata. 

Aku diam je tapi mmg aku akui, harga semua naik.",,,3,1633802256884830209
