﻿Created-At,From-User,From-User-Id,To-User,To-User-Id,Language,Source,Text,Geo-Location-Latitude,Geo-Location-Longitude,Retweet-Count,Id
2023-03-02,Ahmad Tarmizy,1401877221401235464,RajaPetra,37378395,in,"<a href=""http://twitter.com/download/android"" rel=""nofollow"">Twitter for Android</a>","@RajaPetra Bukan setakat harga sayur jer, harga ayam naik, harga telor naik, paling terok harga beras pun naik, hari tu kata bantu petani, pembekal beras xboleh monopoli, bagi rakyat mudah jer, harga makanan dan bahan keperluan harian utama, perlu murah, dan mampu dibeli dan membantu rakyat",,,,1631159569152868353
2023-02-25,Miraa Ibrahim,103239338,,-1,in,"<a href=""http://twitter.com/download/iphone"" rel=""nofollow"">Twitter for iPhone</a>","Dating dengan husband ?? 
Lama tak makan steak????
Bila dinner semalam best pulak sebab tak ramai orang ??
Last datang sini tahun lepas, tahun ni datang harga dah naik??  
Tapi apa apa pun alhamdulillah syukur makanan sedap ???? https://t.co/43gdd1aJpC",,,,1629314689741225984
