﻿Created-At,From-User,From-User-Id,To-User,To-User-Id,Language,Source,Text,Geo-Location-Latitude,Geo-Location-Longitude,Retweet-Count,Id
2023-02-02 16:33:11,xeraheadstrong??,152566138,,-1,in,"<a href=""http://twitter.com/download/iphone"" rel=""nofollow"">Twitter for iPhone</a>","Hahahahahahah.
Ko bukak kedai makan dlu bru sembang.
Kesian kat peniaga konon.
Habis kat rakyat nk mkn ni ko tak kesian?

Bila brg mahal,suruh kerajaan turunkan harga.
Kerajaan turun harga makanan,ckp kesian peniaga.

Asal Pertikaian Nasional,semua benda nk pertikai. https://t.co/Z2UWCggqfb",,,1.0,1621064175433953280
2023-02-01 16:41:53,Azah,1457075432,,-1,in,"<a href=""http://twitter.com/download/iphone"" rel=""nofollow"">Twitter for iPhone</a>",Cane ek minyak petrol kan mahal kt thailand tp apesal makanan die murah?,,,.0,1620703974214213635
2023-02-01 01:27:59,sehidangrasa29,2307772124,,-1,in,"<a href=""http://twitter.com/download/android"" rel=""nofollow"">Twitter for Android</a>","Antara sebab harga makanan dekat kedai pun dah mahal sekarang, cuba kau tengok harga benda yang sama deme jual dekat platform Grab, Food Panda, Shopee Food bagai tu. Sama ke atau lebih mahal?",,,.0,1620473984268763136
2023-01-31 22:21:28,iam.fuzy ???? | Blogger | GW | #umifuzy,40663669,iamfuzy,40663669,in,"<a href=""http://twitter.com/download/iphone"" rel=""nofollow"">Twitter for iPhone</a>","utk masuk ke sini, anda akan melalui hutan simpan yang berpagar. Memang cantik dan tenang.

Harga makanan pun tak mahal tapi portion nasi lemak tu tidak terlalu besar ya.

Nak tahu lebih lanjut, jengah https://t.co/P6pqjfPzxh nanti #iamfuzykongsi https://t.co/5YR4dR2noz",,,1.0,1620427047599505413
2023-01-31 19:47:27,????,2353096452,outlaw__J,2353096452,in,"<a href=""http://twitter.com/download/iphone"" rel=""nofollow"">Twitter for iPhone</a>",Tak tau gaji aku yg ciput sgt or makanan yg mahal nak mampos.,,,.0,1620388286375297025
2023-01-31 13:33:00,#IWantToThankMe,74956915,,-1,in,"<a href=""http://twitter.com/download/iphone"" rel=""nofollow"">Twitter for iPhone</a>","Nak buat mcm mana, makanan kat Malaysia ni asyik kena scam je. Pergi tempat mahal pun so so je raso. Tapi aku tetap la belanja dlm Malaysia. Dr Mersing ke Rompin makanan ????. https://t.co/DjAsoN1vLP",,,.0,1620294051420581889
2023-01-30 21:52:41,Alinosourawr,95909274,,-1,in,"<a href=""http://twitter.com/download/android"" rel=""nofollow"">Twitter for Android</a>","Restoran che' lah sek 13??????
1 hantar makanan x order.
2 memandai tambah makanan + minuman kita tak order pn dkt cashier.. Paksa bayar plak tu. 
3 pricey, semua above rm10.. Aku marhein je, bihun goreng rm12. 90 mahal tau?! Aku geram! Sb terpaksa stop mkn sb org lain stress..",,,.0,1620057414472171522
2023-01-29 13:29:16,??,123125166,,-1,in,"<a href=""http://twitter.com/download/iphone"" rel=""nofollow"">Twitter for iPhone</a>",Terpaksa naikkan harga makanan sebab barang basah mahal sekarang. ?? Sorry guys,,,.0,1619568337020911627
2023-01-29 08:28:08,Naim Zaini,1581983814,3da_nash,48667411,in,"<a href=""http://twitter.com/download/android"" rel=""nofollow"">Twitter for Android</a>","@3da_nash Dlm konteks makanan yg disembelih, org Islam ada pertimbangan lain selain harga. Ada je ayam murah yg blh dibeli tapi hati rasa tak yakin dgn tahap halal tu. Mereka ni lbh rela beli ayam yg sedikit mahal asalkan hati rasa yakin. Ini pemerhatian saya bila sembang dgn org² tua la.",,,.0,1619492557041602560
2023-01-27 19:04:46,Iliani,72518229,,-1,in,"<a href=""http://twitter.com/download/iphone"" rel=""nofollow"">Twitter for iPhone</a>","Food security ni kalau buat research memang akan meletop kebabom. Isu yang takkan berakhir, contohnya baru ni yang rafizi dok cakap “makanan mahal” tu one food security isu lah",,,.0,1618927995397488642
2023-01-27 14:32:40,Don Dale,178021354,ramdan87,178021354,in,"<a href=""http://twitter.com/download/android"" rel=""nofollow"">Twitter for Android</a>",Before beli korang jgn lupa tgk review dulu guys.. Rasa sayang sgt sbb tak tgk komen before beli.. Sebab terkesima tgk gamba makanan mereka yg fake tu.. Dah la mahal.. https://t.co/UYRcUG03mH,,,.0,1618859515772018688
2023-02-02 16:33:11,xeraheadstrong??,152566138,,-1,in,"<a href=""http://twitter.com/download/iphone"" rel=""nofollow"">Twitter for iPhone</a>","Hahahahahahah.
Ko bukak kedai makan dlu bru sembang.
Kesian kat peniaga konon.
Habis kat rakyat nk mkn ni ko tak kesian?

Bila brg mahal,suruh kerajaan turunkan harga.
Kerajaan turun harga makanan,ckp kesian peniaga.

Asal Pertikaian Nasional,semua benda nk pertikai. https://t.co/Z2UWCggqfb",,,1.0,1621064175433953280
2023-02-01 16:41:53,Azah,1457075432,,-1,in,"<a href=""http://twitter.com/download/iphone"" rel=""nofollow"">Twitter for iPhone</a>",Cane ek minyak petrol kan mahal kt thailand tp apesal makanan die murah?,,,.0,1620703974214213635
2023-02-01 01:27:59,sehidangrasa29,2307772124,,-1,in,"<a href=""http://twitter.com/download/android"" rel=""nofollow"">Twitter for Android</a>","Antara sebab harga makanan dekat kedai pun dah mahal sekarang, cuba kau tengok harga benda yang sama deme jual dekat platform Grab, Food Panda, Shopee Food bagai tu. Sama ke atau lebih mahal?",,,.0,1620473984268763136
2023-01-31 22:21:28,iam.fuzy ???? | Blogger | GW | #umifuzy,40663669,iamfuzy,40663669,in,"<a href=""http://twitter.com/download/iphone"" rel=""nofollow"">Twitter for iPhone</a>","utk masuk ke sini, anda akan melalui hutan simpan yang berpagar. Memang cantik dan tenang.

Harga makanan pun tak mahal tapi portion nasi lemak tu tidak terlalu besar ya.

Nak tahu lebih lanjut, jengah https://t.co/P6pqjfPzxh nanti #iamfuzykongsi https://t.co/5YR4dR2noz",,,1.0,1620427047599505413
2023-01-31 19:47:27,????,2353096452,outlaw__J,2353096452,in,"<a href=""http://twitter.com/download/iphone"" rel=""nofollow"">Twitter for iPhone</a>",Tak tau gaji aku yg ciput sgt or makanan yg mahal nak mampos.,,,.0,1620388286375297025
2023-01-31 13:33:00,#IWantToThankMe,74956915,,-1,in,"<a href=""http://twitter.com/download/iphone"" rel=""nofollow"">Twitter for iPhone</a>","Nak buat mcm mana, makanan kat Malaysia ni asyik kena scam je. Pergi tempat mahal pun so so je raso. Tapi aku tetap la belanja dlm Malaysia. Dr Mersing ke Rompin makanan ????. https://t.co/DjAsoN1vLP",,,.0,1620294051420581889
2023-01-30 21:52:41,Alinosourawr,95909274,,-1,in,"<a href=""http://twitter.com/download/android"" rel=""nofollow"">Twitter for Android</a>","Restoran che' lah sek 13??????
1 hantar makanan x order.
2 memandai tambah makanan + minuman kita tak order pn dkt cashier.. Paksa bayar plak tu. 
3 pricey, semua above rm10.. Aku marhein je, bihun goreng rm12. 90 mahal tau?! Aku geram! Sb terpaksa stop mkn sb org lain stress..",,,.0,1620057414472171522
2023-01-29 13:29:16,??,123125166,,-1,in,"<a href=""http://twitter.com/download/iphone"" rel=""nofollow"">Twitter for iPhone</a>",Terpaksa naikkan harga makanan sebab barang basah mahal sekarang. ?? Sorry guys,,,.0,1619568337020911627
2023-01-29 08:28:08,Naim Zaini,1581983814,3da_nash,48667411,in,"<a href=""http://twitter.com/download/android"" rel=""nofollow"">Twitter for Android</a>","@3da_nash Dlm konteks makanan yg disembelih, org Islam ada pertimbangan lain selain harga. Ada je ayam murah yg blh dibeli tapi hati rasa tak yakin dgn tahap halal tu. Mereka ni lbh rela beli ayam yg sedikit mahal asalkan hati rasa yakin. Ini pemerhatian saya bila sembang dgn org² tua la.",,,.0,1619492557041602560
2023-01-27 19:04:46,Iliani,72518229,,-1,in,"<a href=""http://twitter.com/download/iphone"" rel=""nofollow"">Twitter for iPhone</a>","Food security ni kalau buat research memang akan meletop kebabom. Isu yang takkan berakhir, contohnya baru ni yang rafizi dok cakap “makanan mahal” tu one food security isu lah",,,.0,1618927995397488642
2023-01-27 14:32:40,Don Dale,178021354,ramdan87,178021354,in,"<a href=""http://twitter.com/download/android"" rel=""nofollow"">Twitter for Android</a>",Before beli korang jgn lupa tgk review dulu guys.. Rasa sayang sgt sbb tak tgk komen before beli.. Sebab terkesima tgk gamba makanan mereka yg fake tu.. Dah la mahal.. https://t.co/UYRcUG03mH,,,.0,1618859515772018688
