Datetime,ID,Username,Text,Location
2023-03-29 12:10:03+00:00,1641050081448300546,ncermalaysia,"A Courtesy Call was held on 29 March 2023 between YBrs. Mr Mohamad Haris Kader Sultan, Chief Executive, Northern Corridor Implementation Authority (NCIA) and YB Datuk Seri Haji Mohamad Bin Sabu, Minister of Agriculture and Food Security.

Read more: https://t.co/cMjHzEeLiP https://t.co/mJBHtdIHTZ","Simpang Ampat, Pulau Pinang"
2023-03-28 05:24:55+00:00,1640585739179266048,FAMA_Malaysia,"28 Mac 2023 | Ramadan bazaar to help 131 traders | https://t.co/TAQDVn9jPX

KOTA KINABALU: The Agriculture and Food Security Ministry through the Federal Agriculture Marketing Authority (Fama) has set up three https://t.co/WJ2aMzG0T2","Batu Caves, Selangor"
2023-03-27 02:57:07+00:00,1640186157005955072,BusinessTodayM1,"Targeted Subsidies, Price Of Goods, Food Security Among Focus In Parliament On March 27 https://t.co/Y5fcZnbdCn",Kuala Lumpur 
2023-03-27 00:54:36+00:00,1640155324249440256,MNowNews,"Questions will also be raised about food security, the recruitment of teachers, and national harmony.

#MalaysiaNow #MNow #MNowNews #Malaysia #dewanrakyat #subsidies 

https://t.co/xs9mk2BpQ2","Kuala Lumpur, Malaysia "
2023-03-26 12:08:25+00:00,1639962506801319936,FAMA_Malaysia,"26 Mac 2023 | FAMA opens three Ramadan bazaars in Sabah | Daily Express Sabah

KOTA KINABALU: The Ministry of Agriculture and Food Security (KPKM) through the Federal Agricultural Marketing Authority (Fama) has opened https://t.co/1SYAmUbab7","Batu Caves, Selangor"
2023-03-22 14:48:07+00:00,1638553144341991425,haswendy,"Actly kan, isu nazak ni sejak zaman Tun M lagi sebab Tun tak nak fokus Malaysia sbg negara pertanian. Konon tak maju. Ramai geng pertanian kecewa.

Pastu bila lebih 3 dekad, baru kita kelam kabut hype on food security bila isu bekalan makanan meruncing. Sampai telur pun takde.","Tanjong Dua Belas, Selangor"
2023-03-21 17:07:06+00:00,1638225735126249472,theedgemalaysia,"Executive committee on food security policy wants more parties to give input, says Fadillah  - Bernama https://t.co/IELfdqiUST",South East Asia
2023-03-21 15:21:33+00:00,1638199171483070465,MakanTimes,Malaysia turns to smart farming to boost food security - The Straits Times https://t.co/POiN1KjLlZ,Singapore Focus
2023-03-21 14:26:34+00:00,1638185335564955649,STForeignDesk,Malaysia turns to smart farming to boost food security https://t.co/ogWgTfSLbU,Singapore
2023-03-21 13:00:04+00:00,1638163564790960129,Media_Selangor,"Selangor Journal | King hopes Malaysia, Singapore expand collaborations in food security, green economy https://t.co/zBrscAFmcn https://t.co/84lRnmpFUt",Shah Alam
2023-03-21 11:41:14+00:00,1638143726655803392,staronline,"King hopes for more Malaysia-Singapore collaboration in food security, green economy
https://t.co/L7PvJ78Ho2  https://t.co/L7PvJ78Ho2","Kuala Lumpur, Malaysia"
2023-03-03 04:41:50+00:00,1631515202163458050,Lourdhusatish,Live worms found in Hide-and-Seek biscuits from Haniffa Supermarket in Malaysia. Escalating to demand action by Parle Products and Malaysian Food Security authorities. #FoodSafety #ConsumerRights #ProductQuality https://t.co/IKfcmDmBLW,Hyderabad
2023-02-27 06:50:33+00:00,1630098043482816512,Media_Selangor,"Selangor Journal | Malaysia, Indonesia in pact to reduce poverty, increase food security in Southeast Asia https://t.co/ndbRHqnvp7 https://t.co/BMxzcgGQ3u",Shah Alam
2023-02-15 00:42:04+00:00,1625656654984523776,Media_Selangor,"Selangor Journal | Malaysia, Indonesia strengthen bilateral cooperation in food security, agriculture https://t.co/mWoTjJMPBG https://t.co/HlnqQDjS3X",Shah Alam
2022-11-21 00:22:24+00:00,1594486351100903424,Ashnashriq,Its all about economy and food-security for Malaysia yet people still choose Melayu &amp; Isley.,"Johor Bahru, Johor"
2022-11-18 05:06:09+00:00,1593470595404304390,Daliakudo,"Malaysia ni xyah tunggu jumpa vibranium. Skrg pon boleh jadi Wakanda.

In other word, kalau ade vibranium tp yg govern ialah mat sakau, tetap jadi 3rd world country. Bende asas pon x dpt. Food security xde, air berkeladak for years.","Putrajaya, Malaysia"
2022-11-15 17:03:36+00:00,1592563980475969541,liberationxxx,I have worked with small farmers in Tanjung Karang since 2015. It has the potential to solve Malaysia’s food security &amp; youth unemployment issues. Provided every agro-based institute there is run with integrity &amp; farming is viewed as a dignified job. Godspeed @CikguRahayu.,Malaysia
2022-11-08 10:26:00+00:00,1589927210173222915,ArveentPSM,"Expanding agriculture to ensure food security is a huge part of @partisosialis plan for Malaysia!

#PilihSuaraMarhaen","Batu Caves, Selangor"
2022-10-18 15:56:51+00:00,1582400325994319874,LawrenceLowAK,"How Malaysia can deal with a possible global recession in 2023, food security, pharmaceutical supply, shortage of labours, amid a worsening Russia-Ukraine war and China’s persisting zero Covid policy.",Kuala Lumpur
2022-08-26 05:17:28+00:00,1563032860080349184,ta_chandio,"@DrRafiqChandio1 @CM_Sindh @JamalMustafaSy1 @DAyoubshaikh @Arfana_Mallah @FatehMari @Akbarzaidi14720 Furthermore, they can work on proposals for extreme weather based town planning with case studies of malaysia... Agriculture unis  can propose seed varieties that are tolerant to environmental extremes. Food security will become an issue for 2-3 years",
2022-06-24 07:05:58+00:00,1540229729466617856,MrCrack_JzM,@groboc @Fird08 @gibaok25 @PalataoShow @bumilangit Bang…jepun tak kena impact sangat sbb food security dia strong…dia produce sendiri makanan dalam negara..compare dgn negara yg affected…brunei plak tgk la population dia banyak mana compare dengan malaysia…nak compare…compare dari semua aspect…baru fact tu betul…,"Singkang,Penang"
2022-06-21 05:36:53+00:00,1539120148149325831,elee618,Thank you @officialmosti Minister YB Dato Sri @DrAdhamBaba for visiting us at @futurexfarm to witness our smart farming systems to grow fresh &amp; nutritious produce with less water &amp; wastage to address food security thru sustainable farming in Malaysia. https://t.co/6v43SWZEeK,MALAYSIA
2022-06-05 10:09:52+00:00,1533390639223607297,MelGohCNA,"Food security aside, lovely farmland just outside Malaysia’s administrative capital Putrajaya. This was  right after a gentle cooling rain ❤️ #sustainability https://t.co/W6fmDK3OZo",KL
2022-05-11 14:34:08+00:00,1524397447463636992,iq_marz,"Teringat aku ada member aku yg jenis palatao ni cakap yg Malaysia ni xde masalah kekurangan makanan. 

“Makanan kat Malaysia ni byk lagi laa~”

Bila aku tanya kau tau pasal food security? Dengan selamba ckp tak tau..dgr je dia ckp cmtu, terus aku malas nak argue dgn dia 💁‍♂️","Selangor, Malaysia"
2022-05-09 13:52:05+00:00,1523662091021787137,lady_chantek,"@NoreenAmore We Malaysia, doesn't have any food bank and food security for our people.lg mahal la harga makanan","Kuala Lumpur, 📍 Malaysia 🇲🇾"
2022-04-18 07:40:42+00:00,1515958483489026049,eddydaud,"PM @IsmailSabri60 for your kind attention please...

The climate crisis turns up the heat on Malaysia’s food security https://t.co/SWi9UCs4rQ","ÜT: 1.50225,103.742992"
2022-02-22 06:58:17+00:00,1496016477799198722,eddydaud,"@SimpletonED Yes Bro, but better naikkan gaji minimum utk Rakyat Malaysia, buat universiti2, research centers for food security etc, hospital2, expanding the North South hiway from Air Keroh to JB, more sea ports, more money for modern agriculture n flood mitigation projects etc so much lost.","ÜT: 1.50225,103.742992"
2022-02-06 05:55:49+00:00,1490202549877501952,Haikalsupari,Malaysia ni ramai Phd holder yg bagus tp government tak pernah serius pun nak bangunkan R&amp;D utk food security. Idea org malaysia ni masuk pertandingan dunia mana mesti menang tp balik malaysia semua hancur,JHB-KUL
