﻿Created-At,From-User,From-User-Id,To-User,To-User-Id,Language,Source,Text,Geo-Location-Latitude,Geo-Location-Longitude,Retweet-Count,Id
25/2/2023,Pup Fiction,104758530,jjjove,104758530,en,"<a href=""http://twitter.com/download/iphone"" rel=""nofollow"">Twitter for iPhone</a>","Afternoon beach at low tide. Crazy zoomies again and she - for the first time ever- ran into the water knee deep to chase the housemate who was swimming! A once off but is definitely less scared of water now.
Then found a fish skeleton and ate it ?? https://t.co/yGRVVGP73d",,,,1.62933E+18
25/2/2023,Pup Fiction,104758530,jjjove,104758530,en,"<a href=""http://twitter.com/download/iphone"" rel=""nofollow"">Twitter for iPhone</a>","Afternoon beach at low tide. Crazy zoomies again and she - for the first time ever- ran into the water knee deep to chase the housemate who was swimming! A once off but is definitely less scared of water now.
Then found a fish skeleton and ate it ?? https://t.co/yGRVVGP73d",,,,1.62933E+18
