Datetime,ID,Username,Text,Location
2023-03-29 19:59:07+00:00,1641168126644572161,BoolieCro1930,"We’ve had 12 years of Tory, and an increase in food banks and their users, in the cost of living, in poverty, in homelessness in suicides and all you can say, after 22 years of Tory, is “Wowzers Liz looked good.”",asia
2023-03-29 15:45:18+00:00,1641104252008534019,OpenaRomy,"Until food producers are unshackled from the curse of poverty, Phils will always be a net food-importing nation. How can we depend on them, how can they be more productive, how can they insure food security when they themselves struggle to make ends meet? https://t.co/0E7mLln646",Philippines
2023-03-29 14:29:18+00:00,1641085126619561984,AnakbayanCebu,"exploitation and feudal bondage. The peasant class comprises the biggest socio-economic class as it provides food for itself and for the entire country, and yet in a cruelly ironic display, they are the ones mired in deep poverty, hunger, and landlessness. (2/?)","Cebu Island, Philippines"
2023-03-28 01:55:34+00:00,1640533053264257030,KanekoaTheGreat,"Bing Chat says the US-backed regime change in Libya caused ""millions of people to suffer from displacement, poverty, food insecurity, health problems, human rights abuses, and lack of basic services"" and enabled the rise and spread of extremist groups such as al-Qaeda and ISIS. https://t.co/USFpYBF3vW",Hawaii
2023-03-27 11:50:23+00:00,1640320355838615554,UNDPasiapac,"Converging crises in Asia-Pacific are pushing millions more into poverty, setting back #SDGs by 3 decades if not addressed. See approaches to ramp-up energy-food-finance efforts, in new report by @UNDP @ADB_HQ &amp; 
@UNESCAP #APFSD #AsiaPacific #GlobalGoals 

https://t.co/IkxG1e0pqR https://t.co/0WxgkQIg8m","Bangkok, Thailand"
2023-03-27 07:27:00+00:00,1640254075433353216,AsadAToor,"The stagnation in farming means that the trade balance will keep worsening while food insecurity and poverty will continue to surge unless the trend is reversed. That will require a change in our decades-old policies, increased use of technology. https://t.co/bUyqvmqi7K",Islamabad
2023-03-26 14:46:05+00:00,1640002185344978945,princism67,"I've my boards tomorrow of Poverty &amp; Food Security. Trying to concentrate on my studies but Quinny has some other plans 🤯
#RSAvsWI",Nepal
2023-03-26 02:53:32+00:00,1639822867595669504,cheanchung,I was briefed that JCI PJ Chapter has been assisting and servicing the communities within PJ for many many years. Among the notable programs is the FoodHero Campaign initiated together with TedBoy bakery to help reduce food wastage addressing urban poverty within PJ &amp; Selangor. https://t.co/BHygUJFNYT,"Petaling, Selangor"
2023-03-11 01:49:14+00:00,1634370865122115589,xanwara,"These factors may worsen ADHD symptom, but does not cause ADHD.

- Eating too much sugar
- Consuming artificial food colorings and flavorings
- Watching too much television
- Bad parenting styles
- Family chaos
- Poverty

#MentalHealthAwareness","Kuala Lumpur, Malaysia"
2023-03-01 12:00:20+00:00,1630900778763436033,noami888,"Proverbs 30:8-9
8 Remove far from me vanity and lies: give me neither poverty nor riches; feed me with food convenient for me:
9 Lest I be full, and deny thee, and say, Who is the Lord? or lest I be poor, and steal, and take the name of my God in vain. My daily prayer 🙏",Cagayan de Oro City
2023-02-27 06:50:33+00:00,1630098043482816512,Media_Selangor,"Selangor Journal | Malaysia, Indonesia in pact to reduce poverty, increase food security in Southeast Asia https://t.co/ndbRHqnvp7 https://t.co/BMxzcgGQ3u",Shah Alam
2023-02-18 00:22:44+00:00,1626738953410990080,ggonzzalezz,"In practical terms, social protection systems help addressing #inequalities when accessing basic services, food, shelter items and protection. Good targeting, reliable technology and inclusive approaches make them a powerful tool to fight #poverty",Philippines
2023-02-04 16:12:00+00:00,1621904413718880257,Sunil_Deodhar,"Thread👇

“Earlier, when women of Indian households belonging to Below Poverty Line used to prepare food on चूल्हा, they suffered health issues.

But @narendramodi Ji has changed this. Under #PMUjjwalaYojana, around 1Cr cylinders were distributed for free”.

#G20India (1/4) https://t.co/fEsGG0a5C6",New Delhi
2022-12-29 11:38:27+00:00,1608427223140433920,GL1962,@RaggedTP Good luck comrade. Poverty and empty food banks may be an alternative if a crash course is required.... ;),"Bangkok, Thailand"
2022-12-12 09:44:45+00:00,1602238013727076352,mannyges,"Our globe trotting President BBM is off to Europe to spread more disinformation about the country.After 100 days agri products are still high, food prices have sky rocketed, more people have joined the poverty line.Nothing has changed for the better. All talk,nothing done","Las Pinas City, National Capit"
2022-12-10 03:39:06+00:00,1601421220012240896,Asitdas_1988,"India's pace of poverty reduction has been unprecedented &amp; made possible due to PM Sri @narendramodi Ji's vision of #Antyodaya.

Schemes like Jal Jeevan Mission, PM Awas Yojana, PM Garib Kalyan Anna Yojana &amp; Ayushman Bharat have ensured food, shelter &amp; health security of the poor https://t.co/OlCEYMOn3O",India
2022-11-24 10:38:01+00:00,1595728436794109953,rajan_2009,"#AnwarIbrahimPM10  Can we have: 

1. cabinet &amp; shadow cabinet 
2.independent MACC, AGC &amp; the enforcement answerable to Parliment 
3.focus on Economy, Environment, education, food security, international relationship, poverty, disposable income 
4. Lean cabinet &amp; not bloated one",Batang Berjuntai/ K.Selangor 
2022-11-23 22:28:22+00:00,1595544815252672512,edsangco,"On the 1st of the 3-day Public Food Procurement Forum, participants were enlightened on the Enhanced Partnership Against Hunger and Poverty (PAHP) Program which, if strengthened, could be a vehicle to achieve food security and increased real income of Filipino farm families. https://t.co/PgTM0OZ0ur","Socorro, Caraga"
2022-11-21 11:13:01+00:00,1594650080644329472,radekrzehak,"Many families which survived #PaengPH lost their houses, source of food and income pushing them even into deeper poverty. It will take months if not years for them to recover. And the highest price will be paid by #children. Assistance is still needed @BangsamoroGovt @unicefphils https://t.co/fljfPaUyOv",Philippines
2022-11-13 04:57:18+00:00,1591656427097329668,ahameleers1,"Congratulations #PKSF on its anniversary! 
Incredible to see how the organization works to reduce poverty, improve food security, and bring economic transformation in rural #Bangladesh.",Dhaka
2022-11-08 13:15:32+00:00,1589969873232605184,joeyandamo78,"@jeroshje @coachsadji ""They rarely ever washed, had no bath tubs, no underwear &amp; wore the same clothes day and night. They lived in utmost poverty, slaved long hours, even the children worked. They drank heavily of alcohol, ate like hogs of spoiled, unnatural food and suffered from malnutrition."" 6/6",
2022-10-15 22:47:42+00:00,1581416556122505216,ud_farmer,"Proverbs 28:19
The one who works his land will have plenty of food, but whoever chases fantasies will have his fill of poverty. https://t.co/DfWj8HRDz1",Republic of the Philippines
2022-10-07 16:51:02+00:00,1578427693523034119,SangethaJ,"When we want to understand multi dimensional poverty, then we must move beyond the “food basket” modus operandi. Clothes cost way more than food at times, esoecially if one has growing children.",Malaysia
2022-09-26 13:12:11+00:00,1574386353374056448,hmd_tanvir,"Public rally 2022 to demand food security, end poverty and discrimination

Gcap Bangladesh. https://t.co/sI9wENTKwa","Barishal, Bangladesh"
2022-09-25 03:40:51+00:00,1573880183580332033,siegeism,"@BootstrapCook @Effiedeans 3) My luxury isn’t money it’s time. I can cycle around around London, find cheap deals and buy what I can carry in my backpack. My other luxury is not having a family to navigate, so more power you for solving food poverty one bag of oats at a time.","Lewisham, London"
2022-09-11 13:28:26+00:00,1568954623196823558,jeffmagnifixII,"Getting out from poverty feels great. I no longer feel bad for eating good food, and buying the clothes that I am craving to have.","Manila, PH"
2022-09-07 13:58:31+00:00,1567512640184008705,Alexand20879300,@FiorellaIsabelM Time to measure food supply chain lower price helping poor countries but realistically western businessmen/entrepreneurs don't eagar do immediately it. Food shortage question is dragging for a considerable time. Poverty &amp; hopeless country is still siffering famine souring price.,
2022-09-07 13:49:46+00:00,1567510440753897472,Alexand20879300,@FiorellaIsabelM Time to measure food supply chain lower price helping poor countries but realistically western businessmen/entrepreneurs don't eagar do immediately it. Food shortage question is dragging for a considerable time. Poverty &amp; hopeless country is still siffering famine souring price.,
2022-09-05 08:12:49+00:00,1566700868899991552,mgb819,"If not partying, he’s traveling and in both cases Dayunyor doesn’t give a damn about 31M mired in poverty, high prices, food shortages, traffic mess &amp; typhoon destruction.",
2022-08-13 13:42:18+00:00,1558448862838132744,yansibree,"Ive been browsing through Grab Food for the past hour and decided to just reheat last week's leftovers from the fridge.

Ayun, muntik na naman po tayong kumain ng panis na tortang talong. 

This hunger and this poverty are not aligned. 😒",Philippines
2022-07-18 10:34:36+00:00,1548979543834509312,bahabidari,"Is this really necessary? Many Malaysians are going without enough food, living below the poverty line and we want to do this??? Maybe we should drink warm water. 

https://t.co/M2wGj8hij3",Sarawak 🇲🇾
2022-07-09 02:11:47+00:00,1545591515728453633,ZaxZoul,"Richest countries fighting for their geopolitics &amp; economic interest, poor countries suffering a lot for economic crisis, fuel &amp; food price rises that will cause many peoples into poverty... 😪😪😪","Sarawak, Malaysia"
2022-07-05 02:52:44+00:00,1544152270710788096,ArleneIcasiano1,"He did not mention "" poverty,per se,but he mentioned food sufficiency..he just have a more positive way of saying it!!",
2022-06-30 15:39:19+00:00,1542533246541475842,zoewaye,And grocery for food pa namin 🥺 Di ako pumapayat sa diet kundi sa poverty 💀🤡🥲,behind your back
2022-06-30 06:19:58+00:00,1542392482474127360,JoegreenIam,The plastic pollution problem in our country is not caused by plastic it's caused by poverty. Climate change or plastic pollution is far from many families priority it's food on the table that matters most. #sachetNation,Davao City
2022-06-30 02:05:19+00:00,1542328395001843712,ANKYIIMR,"@AdeParimal Bass karo apna time waste cities ke Naam change krne me.

Bahut mudde hain solve karne ke liye
Employment
GDP
Economy
Inflation
Education
Infrastructure
INR/USD 
Poverty
Electricity
Food &amp; Water
Environment
Happiness Index

Pehle ye sab solve karo fir cities ke Naam par aana 🙏🏼",Jakarta
2022-06-15 10:44:24+00:00,1537023208503021574,sarahjhtaylor,Read this thread to understand how #PutinsWar has increased food insecurity and poverty worldwide— including here in #SoutheastAsia. One more reason to #StandWithUkraine.,"Bangkok, Thailand"
2022-06-15 03:38:42+00:00,1536916077447639040,SohanBMYP,"Hundreds of millions of humanity’s most vulnerable live in South Asia, where rising temperatures make it more difficult to address poverty, food insecurity and health challenges. @RazzaqNahim @SaleemulHuq @saberhc https://t.co/zsX38IdTx0","Barishal, Bangladesh"
2022-05-30 01:18:30+00:00,1531082589343076353,World_Farmers,"Small volume harvest today on our eggplant as we are still getting out of the dry season. The big harvest is still ahead. Our mission farm helps in creating jobs, producing food and fighting poverty that is prevalent in our country. @ADAlvarez7 @GlobalFarmerNet https://t.co/U8G0eoZcre",
2022-05-26 15:35:42+00:00,1529848761614143489,toypattaree,"Environmental concern is a good thing but it seems too far fetched, it’s like developed country issue priority 
While you struggling with the earth
We struggling with hunger, poverty, living each day filled with pain and worries, Are we going to have food to eat tonight?",Shanghai
2022-05-12 00:59:46+00:00,1524554893650198529,MgTagkawayan,"""Poverty is a very complicated issue but feeding a child isn't   -Jeff Bridges-

3rd Special Operations Unit (SOU) Tagkawayan Detachment personnel led by PCPT BERNARDO A DEL MUNDO JR Team Leader, conducted barangayanihan thru food feeding program to the children resident of Brgy.",
2022-05-01 03:17:47+00:00,1520603362256859136,dameyon,"As an FN Territorian, where 45 %  
of mob are below the poverty line, I’d prefer to see cash spent on housing &amp; food security in remote communities. Spending millions on telling the truth—in light of how our truth has been consistently &amp; repeatedly ignored—doesn’t make any sense.","NT, Outback - Australia"
2022-04-29 09:38:58+00:00,1519974513433538560,UKRinMAS,"According to the UN, over 1.7 billion people may risk poverty and famine as a result of disruptions in the food production system caused by Russia. 🇷🇺 continues to intentionally block sowing in 🇺🇦, destroying agricultural machinery, launching missile strikes across the country.","Kuala Lumpur, Malaysia"
2022-04-27 20:23:25+00:00,1519411918410158080,kidswhofarmph,"Today is Stop Food Waste Day! ✋ Food waste is central to some of the key challenges facing the world today, including hunger and poverty, climate change, health and well-being and the sustainability of agriculture and oceans.

#StopFoodWasteDay
#KidsCanCompost

🗒️ COMPASS Group https://t.co/32MkAumWki",Zamboanga City 
2022-03-28 04:46:46+00:00,1508304566323855364,SanasyAppanah,Putin made hell for millions around the world. Food shortage due to short supplies like grains to third world countries. Hardly any left over for next day. Basic needs like breads are very essential item for poor people. Putin not only killing innocents but killing poverty nation https://t.co/i48BIR0Oxr,"Bandar Kuala Lumpur, Wilayah P"
2022-03-25 10:13:20+00:00,1507299587895177218,kimmbadbadon,"TLR: Pangilinan is no political lightweight. Throughout his political  career, Pangilinan has championed food security, providing support and interventions for farmers and fisherfolk to help address joblessness and poverty in the country.","Imus, Calabarzon"
2022-02-25 08:37:56+00:00,1497128718715678720,SanasyAppanah,Last days for Russian peoples food on the table. Sanction on the large scale will make poverty level worst for Putin self intetest and cronies. https://t.co/FEt3fhP4Nl,"Bandar Kuala Lumpur, Wilayah P"
2022-02-09 11:57:54+00:00,1491380834393522176,CorrokenKen,"Habang damo it nag ririsyo hini nga mga pictures ngan videos about Indian street foods, diri maaram it mga Pinoy kun gaano kakuri it kinabuhi hit mga Indian. Ha grabe it inequality, corruption and poverty ha era bansa, ++","Tabontabon, Leyte, Philippines"
