Datetime,ID,Username,Text,Location
2023-03-29 19:00:02+00:00,1641153255840550912,GeoSciences,Seasonal proliferation rates and the capacity to express genes involved in cell cycling and maintenance in response to seasonal and experimental food shortage in Laternula elliptica from King George Island https://t.co/4vqlWCQMoe,"Phnom Penh, Cambodia"
2023-03-29 11:05:40+00:00,1641033878902128640,Chinesepop,Jamus Lim: WP will continue to look into shortage of Muslim food options at coffee shops https://t.co/gXmm5ncYDQ via @Independentsg,Singapore
2023-03-28 22:41:42+00:00,1640846652914245634,inquirerdotnet,"The Department of Health warned against a possible outbreak of gastrointestinal, and food and waterborne diseases amid the threat of El Niño and a water shortage. | @kdevillaINQ @MegINQ /PDI https://t.co/Dus0g5pXlx",Makati City
2023-03-28 14:42:32+00:00,1640726067278217216,MrNiceGuy945,"@POTUS With all of the things that you want to do in your administration. You are costing people more money to live… The electric cars, the ever rising cost of living, the federal interest rate, the food shortage, the egg shortage, the shortage of just about everything",Thailand
2023-03-28 08:51:27+00:00,1640637715971706881,MarkCatama11,"A mis-calculated monthly budget can get you food shortage for 1 week.. 😣
#DamnMonthlyBills 🙄🙄","NCR, Philippines"
2023-03-27 19:30:13+00:00,1640436079450025984,CrastinatorA,"""…In addition ... Tragic depopulation created the shortage of working people. This shortage caused wages to rise. Products prices fell too. Consequently, standards of living increased. For instance, people started to consume more food of higher quality.”",CA
2023-03-27 02:53:39+00:00,1640185282296438785,Ronym96650835,"@RedeemedMortal @WallStreetSilv Start growing our own food
could be chicken,goat,cow,etc
.
Coz food price will get soo expensive
If commodity price going up
Or if there any shortage","Central Java, Indonesia"
2023-03-27 01:59:56+00:00,1640171767527514115,NewsBFM,"1. The Agriculture and Food Security Ministry assures, that there will not be any shortage of perishable goods throughout Ramadan and the Hari Raya Aidilfitri season.

It says it has yet to receive any complaints on supply shortages for raw materials and foods. https://t.co/NqEYTXuWWy",Kuala Lumpur
2023-03-26 20:27:46+00:00,1640088174637764608,WriterEbadul,"The #hunger crisis has been intense around the world. People in some poor countries are suffering from a drastic shortage of adequate food. We must provide the affected people with sufficient food and medical support to keep them alive.

#humanity #peace #hunger #ebadulhaque https://t.co/xLnKenCTbU","Dhaka, Bangladesh "
2023-03-17 14:53:21+00:00,1636742523338235910,walf_,"NAIA airport in Manila is on the worst list. What do you expect? 

Some of our domestic airports here are nothing but terminals, with shortage of seats sometimes, limited and expensive food options, no recreation, long queues &amp; complicated processes. What do you expect? 😵‍💫",Makati | Bacolod | Philippines
2023-03-12 03:50:48+00:00,1634763847646212097,RoMujif,"The most #merciful month called #Ramadan is about to arrive and the Rohingya are facing the shortage of food ahead of this Ramadan, may Allah SWT make this #Ramadan for Rohingya easier. Donate your Zakat to the fire #victims and the needy people.
Photography by @Abdulla_AH7 https://t.co/O7oznk3oX6","Cox's Bazar, Bangladesh"
2023-03-10 04:43:47+00:00,1634052405318017025,VitaminCee25_,@iskolarium Hahaha. Food shortage - solution: magtayo tayo ng palengke! Chz. LOL,"Makati City, National Capital Region"
2023-02-05 02:01:39+00:00,1622052804763480064,Adambarr100,"@akbartmiko @TrueCrypto28 @SatoshiFlipper There is a labor shortage for sure. Lots of ppl retired and left the workforce (working online etc) but economy is contracting (earning misses by big 3) and cost of living is up dramatically (rent, food, energy) Ppl in crypto don’t feel it- make big money but average worker does",
2023-01-22 05:50:22+00:00,1617036933879980033,vinbu,"https://t.co/xm4U7Ln95D

Some of my workmates living in Cavite, halos lahat na ginawang mall ni Villar. Ung mga magsasaka nabenta daw nila lupa dahil sa pandemic. Tapos epekto nito, food shortage. Condo pa more!!!",Manila
2023-01-05 07:29:58+00:00,1610901405585510400,Reyesssean,Tangina pati dog food may shortage??,
2022-12-25 04:37:41+00:00,1606871783134883840,redzayusoff,"@rafiziramli In an iview, you've been babbling about youth to start small scale farming to overcome food shortage before. Remember? You said you weren't paid 80/90k to think about that problem. And why does condemning your copy paste solution makes it ""geng PN""?",Malaysia
2022-12-23 06:39:05+00:00,1606177558646894592,HelloSunilGupta,"When ANI is facing the issues like NON-EXISTENT OF NH (obs by judge), AIRPORT CLOSED, SKY HIGH FLIGHT COST, SHORTAGE OF DOCTORS IN GBPANT, SHORTAGE OF EQUIPMENT IN HOSPITALS ACROSS ISLANDS, SHORTAGE OF FOOD IN INTER ISLANDS HOSPITALS, IN EFFICIENCY IN POLICE, DBRAIT ISSUE,","Ward 09, Junglighat"
2022-12-21 05:08:29+00:00,1605429981974528001,Srisaku1Ekachai,"Food world #weedfood #420girls 
#weedsmokers #WeedLovers  #FoodTruckBattleSS2 #foodshortage #foodie https://t.co/5cd7g6dErt",เกาะลันตา
2022-12-10 01:18:18+00:00,1601385784640032768,ByUrSyd07,"Bawal ta mag crave2x ug food outside Kay shortage sa budget.

Pero di man ko kaluto kay wala mapalitan refill sang botane sa mga duol nga tyangge.

Rice cooker to the rescue duman eh.",Republic of the Philippines
2022-12-08 00:40:33+00:00,1600651511544967168,BijoyJohn7,"What war ukraine all fake any how say food shortage all fake, there is enough food for the people in this world it's the greedy funds which wanna make easy money ,come January see the next leg down in pulses ,crude oil is great example 120 usd today is 72 USD be humble stay #urad https://t.co/hM40NHzSgA",yangon
2022-11-28 15:44:21+00:00,1597255080683925504,zephyrkhambatta,"https://t.co/UG0dyB9HnZ
Are we advanced? Or quite primitive and stupid as a species? 
#humanity #love #spirituality #awakening #awaken #love #foodshortage #banks #finance #artists #music #producer #leadership

@_tealswan @rustyrockets @adriangrenier @jessicaalba @FakkahFuzz",Vancouver
2022-11-28 09:22:15+00:00,1597158920686276609,johnny_samson,"""Instead, these ships of the desert have fatty tissue stored in their humps, which becomes their source of nourishment in case there is a shortage of food.""","Kota Kinabalu, Sabah"
2022-11-15 03:14:49+00:00,1592355412300681216,sidhant,"Flash: ""Today's fertilizer shortage will be tomm's food crisis"", warns Indian PM Modi at G20 summit","New Delhi, India"
2022-11-04 03:23:52+00:00,1588371421570691074,cckkpr,Malaysia is headed for better days with so many candidates promising a better future for the country. We are witnessing a hike in food prices amidst a shortage n yet no one has a solution to it. Sigh!,"Kinta, Perak"
2022-10-26 10:24:36+00:00,1585215812151185409,ShangGabales,Average of the Filipinos' staple food is rice and the current admin should do something about its possible shortage next year!!! Ako pakakainin ninyo ng unli kamote?? Buti sana kung unli samgyup o unli wings 'yan!!!,Central Perk
2022-10-18 15:56:51+00:00,1582400325994319874,LawrenceLowAK,"How Malaysia can deal with a possible global recession in 2023, food security, pharmaceutical supply, shortage of labours, amid a worsening Russia-Ukraine war and China’s persisting zero Covid policy.",Kuala Lumpur
2022-10-07 00:17:55+00:00,1578177766926974977,TheRedz_,"Protein food items are pricey now. Eggs are the cheapest option for low-income group. There's a high demand for eggs to be consumed as the main dish for dinner and lunch because many people can't afford to buy chicken or fish. 

Stop hatching the elections, solve egg shortage!","Central Region, Singapore"
2022-09-12 10:01:11+00:00,1569264854334345222,OrmanPogi,"JPE responds to MT: The Pres is very busy. He is dealing w/ deeper,more substantial &amp; pressing problems of the country such as looming energy scarcity,inflation,food security,water shortage,employment &amp;the stressed economy due to the pandemic.Let us give all the support he needs. https://t.co/KqwQYfY2io",Philippines
2022-09-07 13:58:31+00:00,1567512640184008705,Alexand20879300,@FiorellaIsabelM Time to measure food supply chain lower price helping poor countries but realistically western businessmen/entrepreneurs don't eagar do immediately it. Food shortage question is dragging for a considerable time. Poverty &amp; hopeless country is still siffering famine souring price.,
2022-09-07 13:49:46+00:00,1567510440753897472,Alexand20879300,@FiorellaIsabelM Time to measure food supply chain lower price helping poor countries but realistically western businessmen/entrepreneurs don't eagar do immediately it. Food shortage question is dragging for a considerable time. Poverty &amp; hopeless country is still siffering famine souring price.,
2022-09-05 06:41:55+00:00,1566677992235212801,arrnaav,"@SaveSoilGermany @cpsavesoil So true. It is the forest which will prevent us from famine, flood, water crisis and food shortage ; and not the high rising buildings that are being built by cutting down trees. 
#SaveSoil #forests https://t.co/O4QaFREww2","Khowai, India"
2022-09-05 06:41:11+00:00,1566677807052500993,arrnaav,"So true. It is the forest which will prevent us from famine, flood, water crisis and food shortage ; and not the high rising buildings that are being built by cutting down trees. 
#SaveSoil #forests","Khowai, India"
2022-09-01 02:01:28+00:00,1565157865295585281,DmdkSkek,@POTUS Human beings will have a shortage of food. Disease is not something that is scary to people. The most important thing is survival.,
2022-08-28 05:54:17+00:00,1563766902354513921,iskrukutoy,"Hoarding aggravates the news of the shortage in prime food commodities like rice, sugar, onions, and now, salt. Sana prudent ang media and government regarding this. Baka di naman malala talaga. Nasasamantala tuloy ang sitwasyon.","Manila City, National Capital Region"
2022-08-26 02:34:26+00:00,1562991833583845377,AgnerRufina,"@15_zenthinel_27 Di naman yan camote mag shortage alternative food yan ng rice, maski ako once a week la kung mag luto at 1 kilo lang.","Eastern Visayas, Republic of t"
2022-08-25 06:49:51+00:00,1562693724169453568,eak_pimthai,"There is no shortage of happiness to be found here.

#ขนมจีนน้ำยาไก่ 
#family #hometown #friend #food #smile #beloved @ ขนมจีน ปูราชาหาบทอง https://t.co/3h3sjFqsHI",
2022-08-19 00:48:33+00:00,1560428472807264256,jphoenix_bla,"Or ask our officials to act in order to decrease level of inflation, to Atleast lower basic commodity prices. Kahit yun lang, its so ironic na ang isang agricultural country ay nagkakaron ng food stock shortage 🤦🏻‍♂️",Batangas city 
2022-08-17 06:41:49+00:00,1559792598973235200,tobyroca,"Unpopular opinion:
Sugar shortage = less sugary drinks, prohibitively expensive processed foods, and more reason to take your coffee black. I think this will be good for many people. Balik prutas at gulay na tayo mga mamsir, and y'all will be fine.","Antipolo City, Calabarzon"
2022-08-13 06:11:55+00:00,1558335522892029952,Elbogz1,"I don't know why there are still people who categorizes themselves as apolotical, is it that hard to admit that you are privilege? Na di ka ganun ka affected with inflation, food shortage, corruption, killings, downgrading quality of our education and etc.? https://t.co/mVUGFy334w","Binan City, Calabarzon"
2022-07-20 16:48:48+00:00,1549798488808259589,fairfuture,"In order to be able to provide assistance, @fairfuture &amp; @kawanbaikindo must fully understand the living conditions of villages located in ultra-rural areas.
Shortage of food, no water, scarce medical care, no electricity... They lack everything. https://t.co/Ou24AGZqsv",Switzerland
2022-07-10 14:23:52+00:00,1546138138334076929,truelovej,Crazy dinner by the beach. Last meal with the cousins before ✈️🥹🥹 will def be back for more food hunting (minus the water shortage 😝) @ Northam Beach Cafe https://t.co/p1rDtPpNKn,"iPhone: 0.000000,0.000000"
2022-07-09 11:58:08+00:00,1545739074895355904,UKRinSGP,"#Russia’s war on #Ukraine has its implications worldwide. It will reportedly cause food shortage for 40 million people.

Now #Russians fire the #Ukrainian fields. The flames are spreading widely across hundreds of meters.

📸 libkos
#RussiaHungerGames
#Ukraine4FoodSecurity https://t.co/C4wEWCoX0Q",Singapore
2022-07-05 15:08:12+00:00,1544337356668686336,Itsmenaviii_,Even other food establishments has chicken shortage. Andami nang ganap pero yan gusto unahin,National Capital Region
2022-06-28 02:19:54+00:00,1541607292751073286,Kris_404_p,"Buckle up. Fuel price crisis just doesn't mean car/transpo/commute crisis.

Upcoming food crisis too.

Expect food prices to 📈.

There's a shortage of chicken in groceries now. Vegetables and fruits might follow. Or just be really, really expensive.

A 🧵by a farmer's son. https://t.co/5F7W0d6oQJ","Panglao, Central Visayas"
2022-06-27 09:02:35+00:00,1541346242978013185,PrasantoChakra4,"Dear National media please cover #AssamFloods2022 
 #BarakValleyUnderWater we need help.our beloved city. The city of love silchar is under water. There is shortage of drinking water,candles,food. We need help please help us to come out of this tough situation.🥺🥺
@ZeeNews",
2022-06-24 17:55:50+00:00,1540393276674408448,Soumitradey112,"@RubikaLiyaquat  Silchar is facing the worst flood in its decades where we r facing shortage of food, drinking water and no electricity more than 50+ hrs. Where cities r fully submerged under water &amp;still we haven't got any media coverage. Why?.
#silcharfloodsAssam","Silchar, India"
2022-06-21 05:51:46+00:00,1539123894103195648,egggish,Hahaha may shortage na din sa Holistic dog food 😂,"Bacoor, Calabarzon"
2022-06-14 05:40:25+00:00,1536584320650883072,PLinKualaLumpur,"Russia uses food as weapons again!
Threat of shortage of food supplies and famine - not only in Ukraine 🇺🇦 but also Africa and Asia is getting more and more realistic.

We must stop 🇷🇺 from causing Holodomor again!

#StopRussianAggression 
#FoodSecurity

@FAO @WFP @_AfricanUnion https://t.co/DK92qlqoEk",Malezja
2022-06-14 05:35:04+00:00,1536582978092298245,JoAnnaJurczyga,"Russia deliberately uses information and #FoodSecurity as another weapon from its vast non-military arsenal, aimed at @Ukraine and the rest of the world.

Threat of shortage of food supplies and famine - not only in 🇺🇦 but also Africa and Asia is getting more and more realistic. https://t.co/VtMfQiiasO","Kuala Lumpur, Wilayah Persekut"
2022-06-07 11:51:12+00:00,1534140919309475840,PetzGuerrero,@ABSCBNNews Really? No wonder why our food shortage and our peoples hunger is not due to the war in Ukraine but due to OUR OWN GOVERNMENT S NEGLECT. What a shame...,"Manila City, National Capital "
2022-06-04 14:26:42+00:00,1533092888908771333,HuggaWaggaMusk,@mkolken His foreign policy is single-handedly responsible for the baby formula the shortage and the food security crisis within the United States.  By sanctioning all of Russia including ordinary citizens against them having or doing business with the US dollar is stupid.,"Kuta, Indonesia"
2022-06-03 10:22:59+00:00,1532669165924122624,AhmadOllie,Food shortage yang akan menjurus kepada world hunger ni aku yakin adalah salah satu senjata moden zaman ini. Roti akan jadi amat bernilai dari emas berlain mahupun nyawa.,Bumi
2022-05-31 23:24:08+00:00,1531778583605420032,iamharizrahim,Yup ! Korang kena start hasilkan makanan sendiri. Food shortage memang boleh berlaku. Jangan negatif sangat. Tak rugi pun tanam sayur ternak sendiri kalau berkemampuan. Yang makan pun korang gak nanti.,"Johor Bahru, Johor"
2022-05-30 11:26:09+00:00,1531235512597393408,anuragkotoky,"Sri Lanka is recommending airlines carry enough jet fuel to last return trips or fill up elsewhere, as the island grapples with a shortage of everything from oil to food due to a foreign-exchange crisis https://t.co/44Fz7FWeqd via @markets",Singapore
2022-05-29 15:26:41+00:00,1530933657367900162,immprincess_,May shortage ba tayo sa potato? Madalas wala ng fries sa mga fast food at kung meron man regular size nalang.🥺,"Manila, Philippines"
2022-05-28 10:48:22+00:00,1530501226885894144,zaileefd2,Bab food shortage ni aku tak kisah sangat. Rokok Dunhill habis stock ni aku risau.,Kuala Lumpur Federal Territory
2022-05-27 12:34:06+00:00,1530165447533858823,DubesDenmark,Honored to join ⁦@fpcindo⁩ and ⁦@dinopattidjalal⁩ in a discussion with Ukrainian president ⁦@ZelenskyyUa⁩. Important messages on the need to stop the humanitarian catastrophe - inside Ukraine due to shelling and outside with food shortage due to Russian blocking https://t.co/CgKoPe5Yek,"Jakarta, Indonesia"
2022-05-23 07:39:49+00:00,1528641837195575299,wforneetha,"When we heard climate change, we saw changes seasons messed up, now we know soil is degrading, we have time to reverse it back to atleast minimum 3% of its organic content. Do we have to wait till its ‘ food shortage’?Lets Do It Now. @cpsavesoil @KeTSAMalaysia @KASA_Malaysia",Malaysia
2022-05-22 20:27:55+00:00,1528472747244154881,HopSunnyBunny,"We’re experiencing a huge baby boom because of the pandemic lock downs! This “shortage” was done on purpose to create this panic &amp; hike up prices! A hungry baby is a woman problem,yet men control production of baby food! It profits male run corporations &amp; that’s why we are here!",Digital Nomad
2022-05-22 01:52:37+00:00,1528192071936319488,SanasyAppanah,"One after one problem challanging Team Biden government? Where are Republicans to help Americans in need for solutions! Trump left with dirt all over in WH DC so to keep cleaning since Biden took office. Pandemic, Ukraine attack by Putin ego war made whole world shortage of food? https://t.co/G9gQFMWKxQ","Bandar Kuala Lumpur, Wilayah P"
2022-05-21 15:51:00+00:00,1528040673068232706,HuggaWaggaMusk,"@GerberKawasaki @elonmusk I always wanted to know who was behind the Gerber baby food brand.
Now, I understand that you're the guy who invented delivery of baby food via racing motorbikes. How many years was your business set back by using slow mopeds &amp; the current baby formula shortage? Hugga Wagga","Kuta, Indonesia"
2022-05-18 02:36:03+00:00,1526753451518005250,airnews_pb,"In a stringent action against black marketing &amp; illegal stockings enforcement teams raided 18 places in Port Blair. Seized 14,000 kg Potato &amp; 2530 kg Onion from 5 godowns.

Shortage of essential food items are being experienced.
@SuneelAnchipaka
@civil_supplies
@AndamanPolice","Port Blair, India"
2022-05-16 15:53:23+00:00,1526229332221317121,Gvan89,"@GSCinemas I went to Times Square branch, you’re totally shortage of staff. I missed my movie for 30 minutes just to redeem my food. Only 1 counter open. Pity that guy need to handle more than 40 customers. They’re working very hard. Please support them. 😢","Kuala Lumpur, Malaysia"
2022-05-16 02:02:50+00:00,1526020316157227008,Faeqah92,Food shortage + economic crisis is real.,Malaysia
2022-05-14 15:15:03+00:00,1525494909251112967,wanderlustwlee,I don’t understand the debate on formula. Why is there even a debate? Formula shortage needs to be fixed. Babies need reliable sources of food. The end. 🍼,"Taichung, Taiwan"
2022-05-11 02:10:00+00:00,1524210181164650496,abd_jabbar,@ZZulfikli Xde knowledge utk bela lembu dan ikan. Kitorg akan start bela ikan. My wife mmg ada degree aquaculture so mmg dh ada plan utk atasi food shortage. Cuma carbohydrate susah sikit. Kitrog slowly nk shift to potato rather than nasi sbb senang tanam sendiri. Nampak serius kan? 🤣🤣,Lives in Tuaran
2022-05-05 14:35:42+00:00,1522223517961363457,arrnaav,Exactly Braun will rule the world once there would be food and water shortage. It's high time for ACTION NOW. #SaveSoil #SaveSoilAmman #SaveSoilJordan #Sadhguru #UNCCDCOP15 #water #food,"Khowai, India"
2022-04-28 14:48:29+00:00,1519690019962646529,meowfrgrl,@_Idzham_ dont eat outside la waktu bln puasa ni. supply chain problem and food shortage,Malaysia
2022-04-20 11:38:03+00:00,1516742989984399366,gabhumilde820,"Kahit ginagawa kong light ang usapan tungkol sa shortage ng fries sa mga fast food, hindi pa rin natin maitatago ang katotohanang lugmok pa rin ang ating mga magsasaka dahil sa land grabbing, walang sariling lupa, mahal na gastos sa pagtatanim hanggang pag-aani, at marami pa.",Republic of the Philippines
2022-04-14 10:05:46+00:00,1514545441282539520,Nalyn215,"I suddenly remember the documentary  ""breaking boundaries"" were scientist stated that all categories except ozone is in danger category . They stated also said that by the year 2025 there will be food shortage and drought in the planet
#LetTheEarthBreathe 
#ClimateActionNow",
2022-04-14 02:27:58+00:00,1514430232178036737,AliHumdani,"@Again_Manisha @SaveUyghurs_ @TarekFatah @joshrogin @MFA_China Did they call you and said no food, to show no food they could have right a banner. Nobody put fridge to show no food. I face three lockdowns here and never saw shortage of fruit, vegetables and never saw prices going crazy high.",Dongguan China
2022-04-07 05:56:44+00:00,1511946055046541313,fais_mohder,Beb kita tengah ada food shortage ke sampai makan lemak?? 😭😭😭😭,"Kelang, Selangor"
2022-03-28 04:46:46+00:00,1508304566323855364,SanasyAppanah,Putin made hell for millions around the world. Food shortage due to short supplies like grains to third world countries. Hardly any left over for next day. Basic needs like breads are very essential item for poor people. Putin not only killing innocents but killing poverty nation https://t.co/i48BIR0Oxr,"Bandar Kuala Lumpur, Wilayah P"
2022-03-28 03:59:35+00:00,1508292691754631170,NC31Aug,"The White House first acknowledged the potential for a food shortage last week. Contrary to what Biden said during his remarks, Press Secretary Jen Psaki said then that the shortage would not have an impact on the United States.  https://t.co/7FsDmtfldq","13.734389,100.541229"
2022-03-25 14:38:23+00:00,1507366290973147139,rosogolla,The new world order wants to create hyperinflation and a food shortage.Many will perish of hunger as the sheeple sleep.,
2022-03-25 10:22:07+00:00,1507301799606501382,HBS_Eric,Yes he is right. We have a leadership problem which lead to a food shortage problem.,Hong Kong
2022-03-23 13:14:53+00:00,1506620498582589442,LiuSungTao1,"It will definitely affect world food production.

 The United Nations should consider my suggestion to encourage parks and green spaces around the world,  should try to plant fruit trees. Increasing fruit production will help the world's food shortage.",Singapore
2022-03-23 13:13:41+00:00,1506620199864528901,LiuSungTao1,"The reason why the world will face a shortage of food is: the United States has suffered an unprecedented drought, and the main food production will be greatly reduced!
 Russia, the world's largest fertilizer producer, announced a ban on fertilizer exports.  It will definitely",Singapore
2022-03-23 13:12:23+00:00,1506619870007693314,LiuSungTao1,"World food shortage!

 The good news is that the war will stop.
 People take food as their heaven, how can they fight without food!

 The bad news is that the poor in poor countries will be hungry!
 Starving to death is worse than fighting to death! https://t.co/IOrHA2bcbL",Singapore
2022-03-20 10:03:01+00:00,1505485049877397504,rechargelife90,"I love to come here and order my 1l of HB München. 
However there's a shortage of beer so they limit the beer and only serve regular size nowadays.
Global food supply chain disturbance? https://t.co/BuP0Dx1jjP",BKK
2022-03-05 06:29:44+00:00,1499995559096029184,Neoryder,Sounding the alarm now. Whoever was the genius that used the commodity futures market during GMAs time should teach the present bureaucracy. We are in for a world of hurt if we are not prepared for possible rice and other food related commodities shortage due to Ukraine ETC,"Quezon City, National Capital "
2022-02-27 01:27:02+00:00,1497745055431290891,HBS_Eric,"Global inflation, unemployment and shortage of chips and food will be a new normal.",Hong Kong
2022-02-25 16:05:02+00:00,1497241237002518528,hafizzakwan_,"akhir zaman.. fuhh tbe2 cuak dengan gempa tadi, ada dah perang2 sikit, food/medicine shortage. smoga Allah lindungi kita smua.","Selangor, Malaysia"
2022-02-24 06:38:04+00:00,1496736163519873025,HBS_Eric,Inflation and shortage of food supply is inevitable in short term.,Hong Kong
2022-02-11 06:07:10+00:00,1492017347988574209,StigmabaseU,"HKNR — Panic buying sets off in Hong Kong as 'zero-COVID' rules return: Shoppers thronged Hong Kong's markets fearing a shortage of food on Wednesday, familiar scenes in a city that is back under grueling COVID-19...  

View article... https://t.co/4zk9hW9zvS",WORLDWIDE
