Datetime,ID,Username,Text,Location
2023-03-30 23:41:11+00:00,1.64159E+18,NumanAfifi,@ashvinmenon Turns out they’re the best when they are hungry.,Kuala Lumpur
2023-03-30 23:27:07+00:00,1.64158E+18,agheenaa,Literally bgn sahur untuk minum air jaa pastu tak tido balik sbb main phone. And now I’m sleep deprived and hungry at 7 am. What a dumb person i am 😭,Malaysia
2023-03-30 19:51:35+00:00,1.64153E+18,nepxd01,@Lexiyia is it bad? since I only see a very hungry cat instead XD,Malaysia
2023-03-30 19:25:14+00:00,1.64152E+18,ainchatimeboba,"20 minit sebelum

Me : hungry la 🥺😫😣

After 20 minutes, he arrived HAHAHAHAHA",Malaysia
