﻿Created-At,From-User,From-User-Id,To-User,To-User-Id,Language,Source,Text,Geo-Location-Latitude,Geo-Location-Longitude,Retweet-Count,Id
7/3/2023,??Tantiga Ahgase ??,1.43E+18,,-1,en,"<a href=""http://twitter.com/download/android"" rel=""nofollow"">Twitter for Android</a>",I'm very worried dear ?? https://t.co/Fxe5nKrSJV,,,,1.63E+18
8/3/2023,Matthews Izzac,3178803116,,-1,en,"<a href=""http://twitter.com/download/iphone"" rel=""nofollow"">Twitter for iPhone</a>","I’m not worried about our defending now. I’ll only be worried when the clock hits 85min + extra time. 

That’s when we defend like Milwall FC,

It’s just a Chelsea thing. ??

#CHEBVB #UCL #CFC",,,2,1.63E+18
10/3/2023,Skid??,421947789,,-1,en,"<a href=""http://twitter.com/download/iphone"" rel=""nofollow"">Twitter for iPhone</a>",I hope Seungmin and Han get enough rest tonight. Hmmmmm so worried,,,,1.63E+18
10/3/2023,Fred Johns ????,190919109,,-1,en,"<a href=""http://twitter.com/download/iphone"" rel=""nofollow"">Twitter for iPhone</a>","Im totally not worried about a run on one of my banks because the chairman of the nation’s accounting regulatory authority sits on the board of that bank. 

Sounds like absolutely no conflict of interest.",,,,1.63E+18
10/3/2023,MD,139143222,,-1,en,"<a href=""http://twitter.com/download/iphone"" rel=""nofollow"">Twitter for iPhone</a>","I have a graduate trainee in my department. Our big boss didnt assign her to anyone in person. Whoever gives her assignments will do the monitoring. But I’m worried with this fella, even after a few months of her tenure, she still didnt know about our stakeholders in general.",,,,1.63E+18
10/3/2023,??,65624630,,-1,en,"<a href=""http://twitter.com/download/android"" rel=""nofollow"">Twitter for Android</a>",Happy that it got postponed but low key worried that this is never endingggg,,,,1.63E+18
10/3/2023,Sony Thang,24876821,PowerUSAID,1.38E+18,en,"<a href=""http://twitter.com/download/iphone"" rel=""nofollow"">Twitter for iPhone</a>","@PowerUSAID You should be more worried about the ecological disaster in the Baltic Sea after your govt blew up the Nordsteam pipeline. 
Vietnam is no dupe about USAID!",,,2,1.63E+18
11/3/2023,Andy Pickering,48756313,IncheonLuke,3118179028,en,"<a href=""http://twitter.com/download/android"" rel=""nofollow"">Twitter for Android</a>","@IncheonLuke @ajosshi I will going in Onion style multi layers.

My GF worried she hasnt been in vold weather for 4 years , plus she off to visit her Aunt in Sweden for a few days.

Dont think Singapore style gonn help her ????????",,,,1.63E+18
11/3/2023,Quentin ??,8.99E+17,,-1,en,"<a href=""http://twitter.com/download/iphone"" rel=""nofollow"">Twitter for iPhone</a>","Wow interesting to see all this fear in the space ??

I’m seeing a lot of threads saying they’re worried about USDC and the recommend to swap to cash to a bank account.

Thought banks were bad and web3 was the way ??",,,1,1.63E+18
11/3/2023,Quentin ??,8.99E+17,,-1,en,"<a href=""http://twitter.com/download/iphone"" rel=""nofollow"">Twitter for iPhone</a>","Wow interesting to see all this fear in the space ??

I’m seeing a lot of threads saying they’re worried about USDC and the recommend to swap to cash to a bank account.

Thought banks were bad and web3 was the way ??",,,1,1.63E+18
12/3/2023,Vilakshan Jakhu,29169920,RAJUPAUNIKAR,244368056,en,"<a href=""http://twitter.com/download/iphone"" rel=""nofollow"">Twitter for iPhone</a>",@RAJUPAUNIKAR @venkat1962 Little too late for that. Besides it’s not the lotus we should be worried about it’s the puppet masters of theirs! https://t.co/mdQ4AaC8Yq,,,1,1.63E+18
13/3/2023,{??tensai},59096339,,-1,en,"<a href=""http://twitter.com/download/android"" rel=""nofollow"">Twitter for Android</a>",i am sometimes worried that i am ungrateful. is the outside world much worst than where i am at?,,,,1.64E+18
13/3/2023,??????Brandish 100YQ Anime Confirmed??????,7.74E+17,,-1,en,"<a href=""http://twitter.com/download/iphone"" rel=""nofollow"">Twitter for iPhone</a>","Hated to say this but sometimes Shiki made us worried and uneasy due his desire of making friends; I mean as admirable as it was, he needs to understand that not everyone had redemption. @shikigranbellED @WorldOfAnime12 @OliviaBalafika @FirePhoenixFT @Mohamed79913530 https://t.co/6P7oOBjB06",,,2,1.64E+18
13/3/2023,?? Nat Kang Comedy ????,1.24E+18,,-1,en,"<a href=""http://twitter.com/download/android"" rel=""nofollow"">Twitter for Android</a>","Regarding the logic of the government office dress code for civilians...

... usually few counters open, not many civil servants to look at the 'indecent' clothing...

... and other civilians usually too lost or worried looking at the ticket numbers to bother looking also... ? https://t.co/MUpYcqoATI",,,,1.64E+18
14/3/2023,Syazleen Sies,23920407,,-1,en,"<a href=""http://twitter.com/download/iphone"" rel=""nofollow"">Twitter for iPhone</a>",I love how shawn is extremely worried of how this tropical girl is going to be in the cold. He’s been a little extra on the layers that I have to pack and checking every clothes I want to bring whether it’s “thick” enough.,,,1,1.64E+18
14/3/2023,sativa au chocolat,4722328103,,-1,en,"<a href=""http://twitter.com/download/iphone"" rel=""nofollow"">Twitter for iPhone</a>","Thai people are so sweet the waitress saw me eating tom yum with my nose running, eyes watering, and was so worried for me she offered me bread and ice cream (apparently that’s not a normal reaction ??). And she said sorry for the thai chili 10 times like ma’am I’m enjoying it!!",,,,1.64E+18
14/3/2023,El,243027396,,-1,en,"<a href=""http://twitter.com/download/iphone"" rel=""nofollow"">Twitter for iPhone</a>","My man @saylor is never worried about a bank run, because he runs the treasury with #Bitcoin https://t.co/Y8pcbhVRMx",,,,1.64E+18
14/3/2023,Ryssa Gonzalez,203884269,,-1,en,"<a href=""http://twitter.com/download/iphone"" rel=""nofollow"">Twitter for iPhone</a>","At A & E ,worried sick again, back tht feeling????heavy heart as mum admitted to hospital again ! Waiting still at the hospital at 3.57am here . I don’t really like hospital visit , brings sad memories! like who wld anyways ??hope mom will fight this like she use to last year! ????",,,,1.64E+18
14/3/2023,BrotherBatu Return,7.16E+17,morasaki12,7.16E+17,en,"<a href=""http://twitter.com/download/android"" rel=""nofollow"">Twitter for Android</a>","During his so-called vacations in London, Muhyiddin was incredibly worried that he might suffer the same fate as Najib. After weeks in the U.K., there were fears that the ex-premier might have fled to London to avoid prosecution and never returned to face the music.",,,,1.64E+18
16/3/2023,Sasha????,138132205,,-1,en,"<a href=""http://twitter.com/download/iphone"" rel=""nofollow"">Twitter for iPhone</a>","People/companies building in web3 should worry as much about onboarding web2 

as people/companies that built email worried about onboarding snail mail",,,1,1.64E+18
16/3/2023,loladiane008 ????????????,56960356,loladiane008,56960356,en,"<a href=""http://twitter.com/download/iphone"" rel=""nofollow"">Twitter for iPhone</a>","@sonymusicsg confirming I could join the exclusive event in SG so I rebooked my flight to 5am-ish next day. From Elyu, packed my bag and went to the airport but unable to board the plane so I rebooked again for 12noon-ish. Was worried I won’t make it to the event ?? +++ https://t.co/qWhKaSHhBj",,,1,1.64E+18
17/3/2023,iDollaSEA ????????,1.47E+18,idollaclub,1.27E+18,en,"<a href=""http://twitter.com/download/iphone"" rel=""nofollow"">Twitter for iPhone</a>",@idollaclub @nerdcremepuff That’s good coz worried I miss it too. You know la…I tidur awal.??????,,,,1.64E+18
18/3/2023,World Traveler Smitty,1.38E+18,NickCampana4,1.61E+18,en,"<a href=""http://twitter.com/download/android"" rel=""nofollow"">Twitter for Android</a>","@NickCampana4 @madmen_sports @uSTADIUM Played Rodgers last season as well. It was fun lol.

Bills will get back to running over the Jets. Not worried about anyone in the divison.",,,,1.64E+18
23/3/2023,Brad Burgess,598098584,ChuckCallesto,4765364386,en,"<a href=""http://twitter.com/download/iphone"" rel=""nofollow"">Twitter for iPhone</a>",@ChuckCallesto Why aren't they worried about the atrocities in Myanmar and other parts of the world ? Was peaceful there when Trump cared.,,,,1.64E+18
23/3/2023,Conny Brunnkvist,14175979,,-1,en,"<a href=""http://twitter.com/download/iphone"" rel=""nofollow"">Twitter for iPhone</a>","Perhaps not in the name of political correctness to say but, 
with regards to teen-fads, I worry that #GenerationTikTok is going to turn out the most retarded ever ???? https://t.co/4i7xFQSKmL",,,,1.64E+18
23/3/2023,???? ????? ????,724427402,,-1,en,"<a href=""http://twitter.com/download/iphone"" rel=""nofollow"">Twitter for iPhone</a>",I’m worried about my baby actually but she’s seems look fine inside the tummy.,,,,1.64E+18
24/3/2023,Jan Robert Nikkanen,1.38E+18,,-1,en,"<a href=""http://twitter.com/download/iphone"" rel=""nofollow"">Twitter for iPhone</a>","I don’t understand that china have Tiktok under own control, so Gay tiktok is! China government don’t accept that! I don’t worry at all about that! Impossible to control millions tiktok in second!",,,,1.64E+18
24/3/2023,SkinCo by The Daily Essencials,1.58E+18,,-1,en,"<a href=""http://twitter.com/download/iphone"" rel=""nofollow"">Twitter for iPhone</a>","Missed our Grand Opening day? Don’t worry, we’ve got you covered. Catch a glimpse of all the action during the event. (Part 1)

Enjoy watching ??

#SkinCoSGOpening
#AlexaGoesToSkinCo #TheDailyEssencials #AlexaforTheDailySkin #SkinCoSG #TheDailySkin https://t.co/ytYyJSGKiq",,,348,1.64E+18
24/3/2023,Aidah Samah,289368253,,-1,en,"<a href=""http://twitter.com/download/android"" rel=""nofollow"">Twitter for Android</a>","Dont worry, be happy... https://t.co/ZpszXr6dJ7",,,,1.64E+18
24/3/2023,Football Manager Ed ????,73765674,tsukiyaii,8.66E+17,en,"<a href=""http://twitter.com/download/android"" rel=""nofollow"">Twitter for Android</a>",@tsukiyaii It's a worry everywhere especially those aging nations macam Japan. Sebab tu time Shinzo Abe meninggal dulu meme ni popular sebab issue low population (I assume)... https://t.co/N3kPHob47q,,,,1.64E+18
24/3/2023,Dave_guan,26014614,,-1,en,"<a href=""http://twitter.com/download/iphone"" rel=""nofollow"">Twitter for iPhone</a>",So effective even veteran start to get worry abt it https://t.co/EK2OG7yCtB,,,,1.64E+18
24/3/2023,Matt Anderson,32323408,NeilPagey,1100301895,en,"<a href=""http://twitter.com/download/iphone"" rel=""nofollow"">Twitter for iPhone</a>","@NeilPagey I’ve been exercising a lot, fast 16 hours a day, don’t smoke, rarely drink. You can’t assume anything!
Well worth an annual checkup, too many of us just don’t worry…!",,,,1.64E+18
24/3/2023,Matt Anderson,32323408,lancaster_rona,1.48E+18,en,"<a href=""http://twitter.com/download/iphone"" rel=""nofollow"">Twitter for iPhone</a>","@lancaster_rona Agree on the tests, most people just don’t worry until something comes along! Good luck with your bypass.",,,,1.64E+18
24/3/2023,?? Nat Kang Comedy ????,1.24E+18,,-1,en,"<a href=""http://twitter.com/download/android"" rel=""nofollow"">Twitter for Android</a>","PN, PN. Always worried about youths being corrupted by the creative industries, but never by drugs, child marriage, or even not having clean water. https://t.co/fehmFgIBAj",,,,1.64E+18
24/3/2023,MC10,1.27E+18,jowen123456,1.51E+18,en,"<a href=""http://twitter.com/download/iphone"" rel=""nofollow"">Twitter for iPhone</a>",@jowen123456 @IFTVofficial Maybe for the first trial but Prisma trial is the one they are worried about !,,,,1.64E+18
24/3/2023,?,1.04E+18,indoorterror,1.11E+18,en,"<a href=""http://twitter.com/download/iphone"" rel=""nofollow"">Twitter for iPhone</a>",@indoorterror damn free you don't worry i'll keep streaming for you ????,,,,1.64E+18
25/3/2023,Mario Hennenberger,27828363,ProfessorF,108155579,en,"<a href=""https://mobile.twitter.com"" rel=""nofollow"">Twitter Web App</a>","@ProfessorF @elonmusk nothing to worry, microsoft will ruin it in the process, thats what they do best after all ;)",,,,1.64E+18
26/3/2023,Ranajit Dam ??,20745540,,-1,en,"<a href=""http://twitter.com/download/android"" rel=""nofollow"">Twitter for Android</a>","Of all the things Lebanon has to worry about, this shouldn't have been one https://t.co/tnLDfJMkas",,,,1.64E+18
26/3/2023,Adam,1.45E+18,eustachianRP,1060422656,en,"<a href=""http://twitter.com/download/iphone"" rel=""nofollow"">Twitter for iPhone</a>",@eustachianRP @trader1sz What tf- I’d only worry about daily tbh,,,,1.64E+18
26/3/2023,KING RAJA,1.43E+18,lawrencejmr,1.43E+18,en,"<a href=""http://twitter.com/download/android"" rel=""nofollow"">Twitter for Android</a>",More to worry... https://t.co/xmbzEXz0ie,,,,1.64E+18
26/3/2023,WOOF??,3284508540,,-1,en,"<a href=""http://twitter.com/download/iphone"" rel=""nofollow"">Twitter for iPhone</a>",You will be good. Don’t worry.,,,3,1.64E+18
26/3/2023,Dinesh Nair,26316116,,-1,en,"<a href=""http://twitter.com/download/android"" rel=""nofollow"">Twitter for Android</a>","""The party insider said national chairman Lim Guan Eng is behind the moves against the Ramasamy camp, and wants to bring in “his people” because “the Lim family is worried they might lose control of the party”.""

Well, well, well.
https://t.co/HTz9oIwVD8",,,1,1.64E+18
26/3/2023,Magdalene Tan,42173746,michaelturton,8132402,en,"<a href=""http://twitter.com/download/iphone"" rel=""nofollow"">Twitter for iPhone</a>","@michaelturton @donovan_smith @FormosanMacaque C’mon, Lai Ching-te is polling far ahead, and contrary to the Blue camp’s hopes, Ko will never leave the election. 2024 belongs to Lai. Don’t worry!!",,,,1.64E+18
27/3/2023,N E Y R A,22664411,,-1,en,"<a href=""http://twitter.com/download/android"" rel=""nofollow"">Twitter for Android</a>",So many kawan2 kena lung infection this month. Worried. All of em are non smokers. Mostly sebab batuk2,,,5,1.64E+18
27/3/2023,diyana lamin,192501533,Cakni_Aan,218719966,en,"<a href=""http://twitter.com/download/iphone"" rel=""nofollow"">Twitter for iPhone</a>","@Cakni_Aan Faham babe, went thru this early this year.sampai demam2.. but don’t worry.. meh pelukz.. the first step is to recognise where u fall short, knowing this is good enuf coz it’ll help u progress to solution .. boleh babe????????our failure does not define us. We are better than this!",,,,1.64E+18
27/3/2023,????????? ??,9.05E+17,iqasyaa___,2280228037,en,"<a href=""http://twitter.com/download/iphone"" rel=""nofollow"">Twitter for iPhone</a>",@iqasyaa___ Yeah everyone seen worry but I see dunk also enjoy party ?? just don’t have moment with Joong cuz Joong busy ship oother couple ?? I hope day 2 have many moment of JD too,,,,1.64E+18
27/3/2023,Dean Ujang,1.58E+18,,-1,en,"<a href=""http://twitter.com/download/iphone"" rel=""nofollow"">Twitter for iPhone</a>",Just feel a little bit down lately. Worry about my future. About everything! You have no idea!,,,,1.64E+18
28/3/2023,coupschan lover ?,2380397718,,-1,en,"<a href=""http://twitter.com/download/android"" rel=""nofollow"">Twitter for Android</a>",I cant help but keep worry about you when you are not feeling well :(  get well soon my lil baby ? https://t.co/qRbjnol4tA,,,,1.64E+18
28/3/2023,Joseph John Adams,1.28E+18,RichardGrenell,90480218,en,"<a href=""http://twitter.com/download/iphone"" rel=""nofollow"">Twitter for iPhone</a>",@RichardGrenell Where I live in Asia no kid has to worry about being gunned down in school. This shit in America is utter madness and no one out here takes America seriously. You’ve lost whatever moral authority you once had.,,,,1.64E+18
28/3/2023,Ooi Beng Cheang,270994792,,-1,en,"<a href=""http://twitter.com/download/android"" rel=""nofollow"">Twitter for Android</a>",So much to be grateful for that I am in Malaysia. One less thing to worry about - school shootings. https://t.co/KqaiypYGwG,,,,1.64E+18
29/3/2023,Sebastian Ng,331923141,xatyrosdi,54853721,en,"<a href=""https://mobile.twitter.com"" rel=""nofollow"">Twitter Web App</a>","@xatyrosdi I worry that all these stupidities will help them solidify support within their constituencies & voters.

We've seen it happen in the last 6 years in how citizens interact with politics in the US & UK, and the patterns are similar to here.",,,,1.64E+18
29/3/2023,???? ??????,269321125,,-1,en,"<a href=""http://twitter.com/download/iphone"" rel=""nofollow"">Twitter for iPhone</a>",She must have felt really ill this time. She slimed down by a lot and I’m just worried about her health.,,,,1.64E+18
29/3/2023,Abyad.,189771847,,-1,en,"<a href=""http://twitter.com/download/iphone"" rel=""nofollow"">Twitter for iPhone</a>","Struggle to cope with Client Editing Dateline and Raya Project, but worry not I will try my best to deliver all this Photos and Album as I can.

Bye.",,,,1.64E+18
29/3/2023,naz | Jisoo defenfer,223387755,,-1,en,"<a href=""http://twitter.com/download/iphone"" rel=""nofollow"">Twitter for iPhone</a>",Chu Chu mcm terenc*t nama. Worry about ha non existence career first. https://t.co/YcdMMFleMW,,,,1.64E+18
29/3/2023,Joseph John Adams,1.28E+18,tomricks1,2319632756,en,"<a href=""http://twitter.com/download/iphone"" rel=""nofollow"">Twitter for iPhone</a>","@tomricks1 Kids here in Singapore as well as kids of my friends in Aussie, NZ, Korea, Japan (where I am heading today) don’t have to worry about going to school or malls, or shops … from outside the US this looks like madness.",,,,1.64E+18
30/3/2023,shaklin sania ??????????,418724865,ztyyyrzli,133762140,en,"<a href=""http://twitter.com/download/iphone"" rel=""nofollow"">Twitter for iPhone</a>","@ztyyyrzli yes you should sbb virus banyak sgt nowadays, in shaa Allah ppl will understand dont worry. yg tak paham tu cubit je dia. safety & health baby boys no.1 ????",,,,1.64E+18
30/3/2023,Adrian Pereira #ViralisingSolidarity,63779716,,-1,en,"<a href=""http://twitter.com/download/iphone"" rel=""nofollow"">Twitter for iPhone</a>","I am worried about the whole labour sector. As long as employers can make any worker work in forced labour conditions, Malaysian workers will be the biggest losers. https://t.co/ne5OpJa9rf",,,10,1.64E+18
30/3/2023,Michael Yip ??,785814,,-1,en,"<a href=""https://mobile.twitter.com"" rel=""nofollow"">Twitter Web App</a>","Why is this MP making Langkawi voters feel like idiots for putting him into office.

Watched too many spy drama on telenovela until worried about his own shadow?

https://t.co/YTJ6hCXj4C",,,,1.64E+18
30/3/2023,dafreebec?????????????,1.54E+18,,-1,en,"<a href=""http://twitter.com/download/android"" rel=""nofollow"">Twitter for Android</a>","hello I'm from Indonesia
 I'm a freenbecky fan nice to meet you??
I'm just worried about p'freen I hope he gets well soon My days are happy because of their presence My life has become more meaningful since the presence of the two of them 
 Get well soon baby freen #srchafreen https://t.co/TGB6cdvint",,,,1.64E+18
30/3/2023,????|| D-18 Jay's birthday ??,1.50E+18,bbvxjj,1.44E+18,en,"<a href=""http://twitter.com/download/android"" rel=""nofollow"">Twitter for Android</a>","@bbvxjj @nongjakekub So that's what I said, like TXT at that time secretly went to Indonesia to make the MV. But the problem in Paris is in trouble, I'm so worried about their safety there. https://t.co/L4Tr1eUpKc",,,,1.64E+18
31/3/2023,D Raguram Reddy,7.29E+17,_sayema,1136996138,en,"<a href=""http://twitter.com/download/iphone"" rel=""nofollow"">Twitter for iPhone</a>",@_sayema Oh my Krsna why can’t  let people leave in peace. Must be this people agents of kaliyuga  . Don’t worry my friend keep disturbing peace of  others bloody morons it will haunt you soon .,,,,1.64E+18
31/3/2023,Emperor Alleef Ashaari,194783765,,-1,en,"<a href=""http://twitter.com/download/android"" rel=""nofollow"">Twitter for Android</a>","Riverdale 
#Riverdale 
#RiverdaleSeason7 
@CW_Riverdale 
Season 7 / Final Season Episode 1 
Chapter One Hundred & Eighteen: 
'Don't Worry Darling' 
Starring the beautiful & talented @lilireinhart, @CamilaMendes, @madelainepetsch, etc. 
Based on the @ArchieComics. 
On @NetflixMY. https://t.co/pTzE24W18r",,,,1.64E+18
31/3/2023,The Pattaya News Thailand,9.51E+17,,-1,en,"<a href=""http://twitter.com/download/android"" rel=""nofollow"">Twitter for Android</a>","#Phuket officials say black water on #Patong Beach is just plankton bloom and nothing to be worried about.

https://t.co/2wT89zmFHV https://t.co/D4ySHdw4kd",,,,1.64E+18
