Datetime,ID,Username,Text,Location
2022-10-01 07:09:38+00:00,1576107053277671426,muchawesomewow,"Memang rasa nak try je semua,but as with most festival food,they can be quite expensive 😅 https://t.co/LrR3SbQJU1",Kuala Terengganu
2022-02-01 22:51:26+00:00,1488646200760832003,vince_zack,"Bila aku pegi Philippines and aku tahu tangga gaji ppl on the streets, aku pelik how can these ppl survive dgn harga food depa.. aku bayar kat normal restaurant pun aku terasa mahal.. like i cant be paying like this daily for lunch or dinner.. its crazy expensive",
2022-02-01 22:51:25+00:00,1488646196654592006,vince_zack,"A very interesting graph dari article aku baca pagi ni..

Malaysian, Indonesian &amp; Filipino pays more for food compared to the developed and seen as ""expensive"" nation like singapore

But sapa2 je yg pernah kerja kat sana and makan kat hawkers will agree on this https://t.co/YLLZWLKWAN",
