Datetime,ID,Username,Text,Location
2023-03-29 16:02:01+00:00,1641108457377107968,asyrafmalekk,Bazaar food are expensive. But then again people went to like McD to buy a 24 ringgit burger. But then again the quality is not the same.,kuala lumpur
2023-03-27 04:08:31+00:00,1640204125848895489,devagaga,People now only realised bazaar ramadan food is expensive? Bruh it has always been!,Malaysia
2023-03-22 08:50:52+00:00,1638463241964888064,ibraaaahime,"It’s been a week I’m travelling but this city has got my attention 👀🥰 

Not so expensive 
Fresh food 
Warming Hospitality 
Clean 
Rich people are living in #klcc 

And tomorrow i have to go to Melbourne Australia 

Should i finish my travel plan ? 
Is there a way to make 💰 https://t.co/OGtehflUml","Paris, France"
2023-03-07 16:59:11+00:00,1633150310997979137,dettol_sprayz,Gonna ban Sebulek forever. Their food ok sedap not bad but... but their price is getting expensive tak masuk akal. Tak percaya? Try makan nasik campur kat Sebulek.,Dettol Manufacturing Factory
2023-01-26 00:21:50+00:00,1618403807024795649,zulaikhafadir_,I’m broke at but still cravings for expensive foods and things 🙂🙂 dasar tak sedar diri tgh miskin,
2023-01-11 11:49:28+00:00,1613141036397887488,igghtours,Always pack extra snacks. You never know when hunger strikes and airport food is just too expensive. #travellingtips #snackgamestrong,"Selangor, Malaysia"
2022-12-29 02:41:57+00:00,1608292207861157898,Kushfein_,@anthonyloke even the foods inside Air Asia Airlines are expensive!!! Over priced 🔪🔪🔪🤦🏻‍♂️🤦🏻‍♂️🤦🏻‍♂️,Wilayah Persekutuan Kuala Lump
2022-12-24 14:09:57+00:00,1606653410430062594,richard24003609,"@ShortyFir @DGHisham They May b able to buy IP14, but face with stiffness rent rates.  Food , travel are  expensive too. Working conditions are equally taxing. But one thing different,  they can get overtime allowance. MOH should look into this.",
2022-12-14 03:29:01+00:00,1602868232930881536,sirennextdoor,"@melatinungsari 3.5stars at least on Google reviews for normal places, 4.5stars for fancy cafes with pictures.. Aint spending expensive buck if the food doesn't at least seem like they're good...",
2022-12-11 03:12:39+00:00,1601776952788258816,fadzilharith3,"Now the price has soared for everything. Fuel, food, housing, and life in general got a lot more expensive very fast.  The people wasn't setting on board with the idea.  You cannot make this stuff up.

Please do not forget that the recession are a natural part of economic cycles",Kuala Lumpur Federal Territory
2022-12-05 06:08:20+00:00,1599646836280922112,Ralflis,"Go buy Oblong kedai burger tepi longkang lagi sedap dan berbaloi . McD expensive tak sedap , spend your money on real food guise !!!",Psychiatric Ward 📍
2022-12-02 07:26:59+00:00,1598579466439372800,elzalyff,@darren04451671 Food are quite similar to malaysia. Hse too expensive. Alhamdulillah we are still ok in Malaysia.,Mont Kiara W.Persekutuan
2022-11-17 23:23:15+00:00,1593384300614852609,navakris,"#healthyfood does not have to be expensive food. This is our latest #healthiness trended on our YouTube channel. Easy vegetarian potato Sambal. 
#CookWithNavaK 
https://t.co/gIxgjU4ZiM https://t.co/57guvR26xX","Kemuning Greenville, S.Alam"
2022-11-08 05:39:58+00:00,1589855225627947008,MuhammadKhasfi,"@anuar_ai @drmusanordin @maszlee I was thinking the same thing too ..  in SBP is already getting more expensive for food supply around 30 - 50 a day not mistaken .. if nk replicate to whole nation.. a lot of 
$$$..to me dont over promise.just teach the important of food production in school or targeted free meal",
2022-09-20 15:29:31+00:00,1572246586952122368,shahrezanoor,"Was back from langkawi. Food is expensive for 6 of us. Ikan bakar seketul lauk kari dengan 6 pinggan nasi cost rm75. Air kosong.
Dapat vios for rm150 per day because katanya kereta lain. semua dah fully book. Rupanya agent dah mark up siap siap.",
2022-09-19 18:01:44+00:00,1571922505627209728,DiyaSeesGhosts,And when we went to go get Panna Cotta and expensive cafe food https://t.co/quj5AhBRBZ,Malaysia 
2022-09-09 05:59:28+00:00,1568116860494946305,chrischongec,@alwyn_lau Oh you be surprised about the cost of food. Some places are more expensive than Kl,Malaysia
2022-09-09 05:45:32+00:00,1568113356527247361,adamidyrazlan,"Pizza monsters 🍕👾

On a side note, Dominos via Grab Food is super expensive 😰 https://t.co/I7uGQBambR",Malaysia
2022-09-07 00:04:49+00:00,1567302834361892864,sitikasim,"Some may not agree with me but I don't blame this family 4 bringing their own food. Airport food is just too expensive 4 many. As long they're not causing trouble to others,leave them alone. Easy for us to judge others unless you're walking in their shoes.https://t.co/9bfTsPl1hL",Kuala Lumpur
2022-08-23 06:13:08+00:00,1561959706226466816,_alissyaibrhm,"Same goes with me. Orang duk perlekehkan kenapa pakai waja. Oh come on. I have extra money i can go for travel, buy food, clothes and many other expensive things.",Malaysia
2022-08-05 00:54:44+00:00,1555356594879475712,Nashranamri,delivery food so fucking expensive but the riders still underpaid 🤡,
2022-07-28 05:35:19+00:00,1552528104467206145,AfilSyazwan,"The expensive sate in the middle of golden triangle.

#beforeandafter #lightroom #malaysia #wagyu #wagyubeef #wagyusate #wagyuskewers #streetfood #food #kualalumpur #bukitbintang #street #streetphotography #sony #sonya5100 #kamlan50mmf1 https://t.co/psvDzwKkWS","Shah Alam, Malaysia"
2022-07-14 08:07:43+00:00,1547493028679815168,ans47,"Salam @tzafrul_aziz ... please propose for ""PELEPASAN CUKAI HAIWAN PELIHARAAN"" RM500 setahun
to appreciate pet lovers in Msia.

Having pets is expensive (pet food, litter, vaccine and vet)

Pelepasan isteri dan anak tidak bekerja ada. Add one for kucing anjing tidak berkerja 🐈🐕",
2022-06-28 02:05:20+00:00,1541603625273008128,MSallehuddin05,True. It is so expensive. Not Rvp calibre. Pay over the odds. Food player but not a 20 goals a season player in my book. Not really a poacher but recently played out wide. Even sterling have better positioning in the box,"KUL, LHR"
2022-06-19 15:20:09+00:00,1538542154959556609,j9wgcnkn,Nice food. But a bit expensive https://t.co/WnLDPA7pHw,
2022-06-17 03:16:09+00:00,1537635181921652736,MarioJD90,We love Arab food but it's soo expensive 😫,"Kuala Lumpur,Malaysia"
2022-06-10 05:48:11+00:00,1535136727504891905,Eva7314,@ainsophea_ Erm yes but it was done properly with well-known caterers and proper guest management to minimise wastage on food as well as ensuring proper handling of food to avoid it going bad in the heat etc. Most important- well known and trusted caterer even if they are expensive,Malaysia
2022-05-30 14:01:54+00:00,1531274707420725248,jimmyjemii,@yulianamour I literally cried because foods are expensive. And its not my fault that i have a big appetite. 😭😭😭,"Kuala Lumpur City, Kuala Lumpur Federal Territory"
2022-05-15 09:12:08+00:00,1525765967401582592,faqihsyakiran,Di Manchester lunch food beyond 10 pound dorang panggil over expensive . Tapi di Malaysia fresh oren RM15 segelas dipanggil standard . Di Manchester kerja sejam dapat makan dan sehelai t shirt .kerja di Malaysia satu jam mampu telan air liur . Hmm k lah sis,"Wilayah Persekutuan Putrajaya,"
2022-04-23 12:17:12+00:00,1517840008521994240,kiddiepax,"I need things that money can't buy. That's the problem. I don't need presents. I don't need food. I don't need gifts. I just need time and attention. That's the most expensive things. It makes me insecure when my man didn't spend time with me. Insecure, is that the right word?",
2022-03-30 14:09:04+00:00,1509170850293256193,nabiswho,Why fast food is damn expensive,
2022-03-29 02:05:56+00:00,1508626478778691589,mynameiskakak,"Jangan lepas ni dia tambah jgn hantar brg kitty plak 🤣🤣🤣🤣. Tapi hangpa pun.. dulu lagi kan depa dh habaq no expensive item, foods 😅😅 https://t.co/eY3uBp95jL",Shah Alam 
2022-03-27 10:48:38+00:00,1508033248110161920,xatullee,@CeddyOrNot Ya laa the food quite expensive but i think the price mmg standard kalau masuk food festival mcm tu. All this while klau ada food fest mmg harga semua above rm10. Mybe these kids yg complaint never went food fest bfore kot 💁🏻‍♀️,"Muo → Klang Valley, MY"
