Datetime,ID,Username,Text,Location
2023-03-29 16:02:01+00:00,1641108457377107968,asyrafmalekk,Bazaar food are expensive. But then again people went to like McD to buy a 24 ringgit burger. But then again the quality is not the same.,kuala lumpur
2023-03-27 07:55:53+00:00,1640261344795725825,PreciousFaq,@noturbunga_ the food expensive ke?,Shah Alam
2023-03-27 04:08:31+00:00,1640204125848895489,devagaga,People now only realised bazaar ramadan food is expensive? Bruh it has always been!,Malaysia
2023-03-22 08:50:52+00:00,1638463241964888064,ibraaaahime,"It’s been a week I’m travelling but this city has got my attention 👀🥰 

Not so expensive 
Fresh food 
Warming Hospitality 
Clean 
Rich people are living in #klcc 

And tomorrow i have to go to Melbourne Australia 

Should i finish my travel plan ? 
Is there a way to make 💰 https://t.co/OGtehflUml","Paris, France"
2023-03-07 16:59:11+00:00,1633150310997979137,dettol_sprayz,Gonna ban Sebulek forever. Their food ok sedap not bad but... but their price is getting expensive tak masuk akal. Tak percaya? Try makan nasik campur kat Sebulek.,Dettol Manufacturing Factory
2023-01-26 00:21:50+00:00,1618403807024795649,zulaikhafadir_,I’m broke at but still cravings for expensive foods and things 🙂🙂 dasar tak sedar diri tgh miskin,
2023-01-11 11:49:28+00:00,1613141036397887488,igghtours,Always pack extra snacks. You never know when hunger strikes and airport food is just too expensive. #travellingtips #snackgamestrong,"Selangor, Malaysia"
2022-12-29 02:41:57+00:00,1608292207861157898,Kushfein_,@anthonyloke even the foods inside Air Asia Airlines are expensive!!! Over priced 🔪🔪🔪🤦🏻‍♂️🤦🏻‍♂️🤦🏻‍♂️,Wilayah Persekutuan Kuala Lump
2022-12-24 14:09:57+00:00,1606653410430062594,richard24003609,"@ShortyFir @DGHisham They May b able to buy IP14, but face with stiffness rent rates.  Food , travel are  expensive too. Working conditions are equally taxing. But one thing different,  they can get overtime allowance. MOH should look into this.",
2022-12-22 08:22:07+00:00,1605841100056326144,nlhaziqah,i stopped eating at sushi king bcs their food quality is.. 🤢 and expensive. Nippon sushi is betterrrr,"Selangor, Malaysia"
2022-12-21 03:12:25+00:00,1605400773332205569,nrysmn_hssm,Work hard ! Because food is expensive nowadays 🤑🤤 https://t.co/UEDcGSQKrD,Malaysia
2022-12-14 03:29:01+00:00,1602868232930881536,sirennextdoor,"@melatinungsari 3.5stars at least on Google reviews for normal places, 4.5stars for fancy cafes with pictures.. Aint spending expensive buck if the food doesn't at least seem like they're good...",
2022-12-11 03:12:39+00:00,1601776952788258816,fadzilharith3,"Now the price has soared for everything. Fuel, food, housing, and life in general got a lot more expensive very fast.  The people wasn't setting on board with the idea.  You cannot make this stuff up.

Please do not forget that the recession are a natural part of economic cycles",Kuala Lumpur Federal Territory
2022-12-06 00:04:28+00:00,1599917653715742720,luxentX,"Real maple syrup is expensive in Malaysia. In Malaysia, they have corn syrup instead which is cheap served in fast food joints for waffles.",Petaling Jaya
2022-12-05 09:10:26+00:00,1599692662961229824,neesasodirman,@missalvy__ Overly expensive too. Better go eat japonais or chinois food hahahha cheaper and tastes yum,
2022-12-05 06:08:20+00:00,1599646836280922112,Ralflis,"Go buy Oblong kedai burger tepi longkang lagi sedap dan berbaloi . McD expensive tak sedap , spend your money on real food guise !!!",Psychiatric Ward 📍
2022-12-02 07:26:59+00:00,1598579466439372800,elzalyff,@darren04451671 Food are quite similar to malaysia. Hse too expensive. Alhamdulillah we are still ok in Malaysia.,Mont Kiara W.Persekutuan
2022-11-08 05:39:58+00:00,1589855225627947008,MuhammadKhasfi,"@anuar_ai @drmusanordin @maszlee I was thinking the same thing too ..  in SBP is already getting more expensive for food supply around 30 - 50 a day not mistaken .. if nk replicate to whole nation.. a lot of 
$$$..to me dont over promise.just teach the important of food production in school or targeted free meal",
2022-06-22 10:25:56+00:00,1539555278621790208,OkaforMaxi,"Go 2 school-ASUU Strike
Go 2 farm-Herdsmen
Go 2 Mosque-Gunmen/Bomb
Go 2 Church-Gunmen/Bomb
Travel by road-Kidnappers
Travel by train-Bandits
Graduate from school-No job
You're hungry-Food is expensive
Stay at home-No fuel and Light
So get your PVC. Let's vote right for once! PO",Nigeria & Malaysia.
2022-06-22 00:11:09+00:00,1539400562604617729,kusahafiez,"After spending too much on food delivery service, eating at O'Briens doesn't seem too expensive anymore. https://t.co/jiR4qQDpKG",
2022-06-21 10:34:23+00:00,1539195014945058816,ryuhiro,"Good think i can't speak chinese and she can't speak english so speak rojak malay. But i really just don't like her attitude. Saying her food is expensive lar, medical bill is this much lar, and what am i suppose to do with that knowledge?",Malaysia 
2022-06-19 15:20:09+00:00,1538542154959556609,j9wgcnkn,Nice food. But a bit expensive https://t.co/WnLDPA7pHw,
2022-06-17 03:16:09+00:00,1537635181921652736,MarioJD90,We love Arab food but it's soo expensive 😫,"Kuala Lumpur,Malaysia"
2022-06-15 18:02:28+00:00,1537133451702194176,dyzulll,And all food at GSC Cinema is ridiculously expensive too! Please check 🙏🏼,Kuala Lumpur
2022-06-13 12:13:05+00:00,1536320753762971648,rahmanbaaqeel,"@aingerrrrrr No WiFi, expensive food, wild dogs and toilets aren't clean. What is wrong with IIUM?

Good enough right? hahaha","Kuala Lumpur , Malaysia"
2022-06-10 05:48:11+00:00,1535136727504891905,Eva7314,@ainsophea_ Erm yes but it was done properly with well-known caterers and proper guest management to minimise wastage on food as well as ensuring proper handling of food to avoid it going bad in the heat etc. Most important- well known and trusted caterer even if they are expensive,Malaysia
2022-06-06 06:41:09+00:00,1533700502495850496,_alissyaibrhm,"My mom always told me save my money. But i cant do that. I tried. Instead I spend my money go for travelling, buying some expensive stuff and good food. 🫠",Malaysia
2022-05-30 14:01:54+00:00,1531274707420725248,jimmyjemii,@yulianamour I literally cried because foods are expensive. And its not my fault that i have a big appetite. 😭😭😭,"Kuala Lumpur City, Kuala Lumpur Federal Territory"
2022-05-15 09:12:08+00:00,1525765967401582592,faqihsyakiran,Di Manchester lunch food beyond 10 pound dorang panggil over expensive . Tapi di Malaysia fresh oren RM15 segelas dipanggil standard . Di Manchester kerja sejam dapat makan dan sehelai t shirt .kerja di Malaysia satu jam mampu telan air liur . Hmm k lah sis,"Wilayah Persekutuan Putrajaya,"
2022-04-03 11:00:54+00:00,1510573046423121927,Bubbly1003,"After 20 years or so of hard labour and simpan duit, I manage to fly economy on @KoreanAir to Seoul and @jejuair to Jeju, South Korea in 2018. 10 days trip. Spent almost 9k (food + accommodation + transportation). That's my most expensive self reward by far. 😌",United Federations of Planets 
2022-03-30 14:09:04+00:00,1509170850293256193,nabiswho,Why fast food is damn expensive,
2022-03-29 02:05:56+00:00,1508626478778691589,mynameiskakak,"Jangan lepas ni dia tambah jgn hantar brg kitty plak 🤣🤣🤣🤣. Tapi hangpa pun.. dulu lagi kan depa dh habaq no expensive item, foods 😅😅 https://t.co/eY3uBp95jL",Shah Alam 
2022-03-27 10:48:38+00:00,1508033248110161920,xatullee,@CeddyOrNot Ya laa the food quite expensive but i think the price mmg standard kalau masuk food festival mcm tu. All this while klau ada food fest mmg harga semua above rm10. Mybe these kids yg complaint never went food fest bfore kot 💁🏻‍♀️,"Muo → Klang Valley, MY"
2022-03-11 09:04:03+00:00,1502208721187147778,apisulaiman,"It seems that I have to bring my own food from home, packing food from outside is very expensive.",
