Datetime,ID,Username,Text,Location
2023-02-06 15:24:48+00:00,1622617312145870848,izzatjonid,"This is what i call ridiculous. I dont understand why peope like to go to all this type of vendor shops &amp; buy all those viral foods/drinks but so-so taste yet expensive. And sanggup beratur mcm tu sekali. U can see the way instructions are given - walawey, mcm nak masuk kem.","Kulim, Kedah"
2023-01-27 13:59:50+00:00,1618972051829837825,5mithy87,"Talking with friends about omakase.
I totally don't buy those concepts in Malaysia. 

Then i was categorised by my friend as a person that hadn't tried any expensive and nice omakase.

Well..
Obviously they don't realize how much i spend on food a month 🤣","Penang, Malaysia"
2023-01-22 11:22:49+00:00,1617120596797829121,ynwa_Perak76,"@BooSoonYew67 Year end with cool breeze from the north is ok. 
Else it’s hot, humid and mosquito feeding 😂

Food is average and expensive.

The only plus point is the superb view.",Penang
