Datetime,ID,Username,Text,Location
2023-03-07 16:59:11+00:00,1633150310997979137,dettol_sprayz,Gonna ban Sebulek forever. Their food ok sedap not bad but... but their price is getting expensive tak masuk akal. Tak percaya? Try makan nasik campur kat Sebulek.,Dettol Manufacturing Factory
2023-01-26 00:21:50+00:00,1618403807024795649,zulaikhafadir_,I’m broke at but still cravings for expensive foods and things 🙂🙂 dasar tak sedar diri tgh miskin,
2023-01-17 12:56:04+00:00,1615332125653491713,azmilsyahmi,"Seafood dinner with the kiddos today. At one of our favourite seafood place in Port Dickson.

Food is tasty and not too expensive.

#portdickson #seafood #dinner #malaysia #negerisembilan https://t.co/trUzGBJFyN",Malaysia
2022-12-24 14:09:57+00:00,1606653410430062594,richard24003609,"@ShortyFir @DGHisham They May b able to buy IP14, but face with stiffness rent rates.  Food , travel are  expensive too. Working conditions are equally taxing. But one thing different,  they can get overtime allowance. MOH should look into this.",
2022-11-22 12:27:57+00:00,1595031329946882050,amirazairiii,Do I like expensive stuff? Yes I do. Do I like expensive food? No😂 I would go with my sambal tempoyak daun over steak every single time.,Malaysia
2022-09-27 23:39:21+00:00,1574906568830656513,mlllandy,@hichizarai1 pernah nampak yg beli expensive food dan pergi travel... 🙃,"Kajang, Selangor"
2022-09-09 05:59:28+00:00,1568116860494946305,chrischongec,@alwyn_lau Oh you be surprised about the cost of food. Some places are more expensive than Kl,Malaysia
2022-09-09 05:45:32+00:00,1568113356527247361,adamidyrazlan,"Pizza monsters 🍕👾

On a side note, Dominos via Grab Food is super expensive 😰 https://t.co/I7uGQBambR",Malaysia
