Datetime,ID,Username,Text,Location
2023-03-29 14:55:23+00:00,1641091689170477058,Penglipurodan,"Nyesal buka, dah lapar balik...","Cameron Highlands, Pahang"
2023-03-29 10:08:16+00:00,1641019432939192321,tyrararary,Harini aku rasa macam penat sangat sampai otak aku fikir nak benti kerja dan kerja je llaollao. Kenapa llaollao? Mungkin sebab aku lapar.,"Ipoh, Malaysia"
2023-03-29 06:58:10+00:00,1640971593714380800,anissyarafina,"Dah la lapar, kesedihan pula ni",Ipoh
2023-03-28 12:16:19+00:00,1640689272771555329,keemmazni,"Usia dah nak mid 30’s ni aku rasa aku mmg makan pun sikit je berbuka pun makan sikit tak lalu makan cepat kenyang! Aku perasan aku banyak minum air sbb dahaga, lapar, aku boleh tunggu makan lepas Isyak, sbb makan sikit kek ke kurma ke masa berbuka. 

Korang camni?",Kuala Lumpur | Ipoh
2023-03-28 06:38:24+00:00,1640604233782407168,AnjeMdArif,Lapar😢,"Ipoh, Perak "
2023-03-27 17:28:00+00:00,1640405320857161729,nrsofya_,@izwxnie hahahaha maggi tu kita tiga je🤣🤣 marrybrown tu aku call tanya lapar tak 🥲,Ipoh Perak
2023-03-27 01:27:18+00:00,1640163554740568064,YuariKwon,Ya Allah lapar weh duduk dalam aircond sejuk2 ni 😭😭😭😭😭 baru 9.30 kotttttt 😭😭😭😭,"Raub, Pahang/ Penang, Malaysia"
2023-03-25 09:47:05+00:00,1639564552898748418,RazinAsyraff,"salah ke bunuh something
 yang mak dia tak hilang tah ke mana..
 
still kecik tak makan 
bende lain selain susu..

Aku just nak bunuh n tiada yang siksa lapar
dan ia nya lebih cepat dari mati lapar","Perak, Malaysia"
2023-03-23 03:11:41+00:00,1638740272652894211,AzharKhilmy,Baru pukul 11 dah start lapar ni. Haha. Itu lah. Sahur 1 minit sebelum subuh lagi. 🤣,"Ipoh, Perak"
2023-03-18 06:14:06+00:00,1636974236379287553,aiensyamsul,@Uqashasen Jgn layan org psyco sya. Dia lapar perhatian. Sis doakan sya semakin baik dari trauma dan @kamaladli segera sembuh ya. Aamiin 🤲🏻,Malaysia
2023-03-18 03:48:14+00:00,1636937530565341184,tantannnnnnnnnn,Mengantuk plus lapar,Perak
2023-03-17 12:38:20+00:00,1636708544543350784,uvnanthinikumar,lapar weiii,
2023-03-15 15:30:49+00:00,1636027178428301313,khalisah_khalib,Tapi tulah lapar benor skrg ni.. nak masak megi rasa berdosa pada badan 😂,Ipoh perak
2023-03-11 12:50:17+00:00,1634537223642296320,emahmawaddah,Dah kenapa tl ni naik tweet ntah sape2 yg aku tak follow pun😿. Rindu zaman “lapar”,"Perak, Malaysia"
2023-03-09 09:20:17+00:00,1633759602574782464,solehkyo,Lapar,"Perak, Malaysia"
2023-03-07 04:22:41+00:00,1632959934127308802,ladyDanial65,Bertugas hari ni..n now lapar nak mamposss...satg nak p ppd hntr borang claim..xboleh jadi ni..kena grab something to eat kalau x xleh drive..ape yg cepat n sedap??dt mcd la wehhh...ddapnye cheeseburger 🤣🤣🤣..happy meal je 🤗🤗,"ipoh,perak"
2023-02-27 09:21:42+00:00,1630136079310557189,kednevercare,Garang sebab lapar. Cameron jammed cam apo pastu semua benda nak cash. Cari bank pun jammed,Johor Bahru
2023-02-26 02:30:37+00:00,1629670240710950913,nyNanaaa,"8.30 breakfast , 10.30 sudah lapar 😌😌",
2023-02-22 06:13:36+00:00,1628276801381474304,farahanummmm,tadi lapar sangat pastu bila makan tak habeh🙄,
2023-02-17 07:38:34+00:00,1626486247773597696,Affizulhakim_,Sekarang ni aku lapar popia SS Ali,1912 Columbia
2023-02-14 14:14:23+00:00,1625498695084158976,ainjuseyo,Asal aku asyik lapar je ni😭,Malaysia
2023-02-09 16:55:02+00:00,1623727182676910081,asyiqueennn,"baru je makan kul 10 tadi, dah lapar balik. ke usus bocor? 🥹🥹🥹",📍IPH
2023-02-06 22:45:21+00:00,1622728177671094273,fertheduchess,Bas pun delay apahey ☠️ Saya lapar ni nak makan kedai apa pun yillekkkk,
2023-02-04 15:22:05+00:00,1621891853246402560,aimankamil_,Harini bulan mengambang ke bang @nafisnba? Lapar sangat serigala tu yaa.. uhuk uhuk tercekik tulang ayam pulak,Ipoh
2023-02-01 06:34:48+00:00,1620671993313136642,_tyamohd,Iyaaa 😭😭😭 dia cam cepat nauu rasa lapar pastu dgn moody senggugut lgi 😭 kkdg tu tak sedar pun termakan kitkat 2pack 🥹🥹🥹 pastu nyesal kesudah.,
2023-01-31 08:50:26+00:00,1620343737351299072,PerakFood,"Lapar 🥲

Dinner mana harini?","Perak, Malaysia"
2023-01-30 10:40:11+00:00,1620008970403581956,raznilisnotsexy,"cb maggi pun nak kedekut bawak balik semua, lapar ni cb hujan",Malaysia
2023-01-29 14:32:15+00:00,1619704983624249344,azmidahan,Stress lah asyik lapar je malam2 hahahaha,
2023-01-26 10:47:08+00:00,1618561167353581568,earah92,Perut bunyi xtahu lah lapar ke penat,Ip0H pEr@K 
2023-01-22 09:53:23+00:00,1617098089281761280,cempedakhangit,Lapar as fuck,Ipoh
2023-01-18 10:07:47+00:00,1615652160817229825,sarah_azrahi,@Fasha77398377 nk lepak fm boleh?lapar,"Perak, Malaysia"
2023-01-18 01:52:53+00:00,1615527616588705792,alinanishaq_94,Berat dh turun asyik nak lapar je perut ni. Haihh😪,"Perak, Malaysia"
2023-01-11 20:48:01+00:00,1613276567031132160,aidamohdnizam,Semoga perut ku tak lapar lah japgi. Dah makan byk ni,"Ipoh, Perak"
2023-01-05 12:59:03+00:00,1610984219324612610,Leechansew14,Lapar lapar ni dapat onigiri family mart sedap,"Sungai Manik, Perak"
2023-01-02 13:03:56+00:00,1609898285938118659,Fhxx96,"sis ibu tersebut sarat mengadung dan lapar lewat mlm. si ayah pula terpaksa bawa keluar makan. 

Benda dah jadi. Kita doakan baik baik",Kuala Lumpur
2022-12-26 16:29:01+00:00,1607413181768695809,zillalalaaaa,Dah gosok gigi tapi lapar,Malaysia
2022-12-25 15:49:52+00:00,1607040939750739970,solehkyo,Lapar.. kriuk kriuk,"Perak, Malaysia"
2022-12-23 03:31:18+00:00,1606130299976310784,farahanummmm,lapar dan ngantuk ye,
2022-12-21 05:10:52+00:00,1605430581528973313,honeyyyylemon_,"Tak tahu kenapa..tapi kat sini best.. 🥰 makan dengan tenang..mgkin sebab lapar..keli dia pun best..sambal dia pun best..xpedas sgt..tapi masih berbisa.. cuma parking la..dah nak sampai baca doa mkn siap2..#ayamgepukganteng Pekan Ipoh.. 👍🏻
@MohKeIpoh @viralperak https://t.co/vSrB5S7Dyd",currently at IPOH
2022-12-19 14:45:20+00:00,1604850374212345857,syahi_rh,Sejuk2 ni cepat lapar pula,KV Sepang
2022-12-18 17:46:48+00:00,1604533653375442947,ThereIsAGoal,Aku dah lah lapar. Makan ayam mcd pun sedap jugak tapi mcd dah tutup time2 macamni,"MADE, Borneo"
2022-12-16 06:37:29+00:00,1603640437507428354,alan_thedoctor,@Atiqahhaneem_ Cian baby lapar 🤣🤣,ipoh
2022-12-15 01:29:13+00:00,1603200473145954306,rasyidahwafa,"pagi tadi lapar gila lepastu beli nasik lemak, dah sampai rumah dah nak makan rupa rupanya sambal takde. ya Allah perasaan amuk tu mmg takleh bawak bincang","Perak, Malaysia"
2022-12-12 03:36:45+00:00,1602145405651021824,aidamohdnizam,Lapar tp ngantuk,"Ipoh, Perak"
2022-12-11 13:43:05+00:00,1601935606379970560,tacawatisdis,Perut lapar tapi takde selera nak makan. Kenapa ni 😣,Ipoh
2022-12-08 15:59:21+00:00,1600882735748624384,nayue_,lapar nyaaaa terbayang kalau dapat makan roti canai teh tarik sekarng ni,"Perak, Malaysia"
2022-12-08 13:09:01+00:00,1600839869504565252,chicutlet,"first thing first jangan cari lelaki yang jenis cepat emosi bila lapar nak marah , fikir orang tak lapar jugak ke nok",
2022-12-07 05:56:18+00:00,1600368583296831488,capt040797,"Geramnya aku, dari tadi aku cari kedai makan , dalam iPoh nih, ada yang kena dengan tekak tapi tutup, bila tak kena dengan tekak buka plak 🤣

Kenapa laa kedai yg helok mesti tutup rabu?! 😂😭Adui. Nak cari starbuck jauh plak. Takdan nak drive time lapar ni. Emosi.","Bandar Sunway, PJ"
2022-12-05 16:08:59+00:00,1599797994840559617,luqhamdan1720,"@dinihusaini_ @mahrezz33570928 @catzz_khursani @Dxnial @PREMPUCHONG @mellyazizi Lapar perhatian Tu merujuk pade kau la, tiberr nak Kait pasal KWSP, tau la kau anak menteri mampu survive mase COVID... Hahahaha",
2022-12-02 02:20:11+00:00,1598502257544564737,aidamohdnizam,Kerepek ni yg sedap atau aku yg lapar,"Ipoh, Perak"
2022-12-01 16:47:28+00:00,1598358130106454016,wanieyaziddd,"Dengan alasan, “Ayah bangun pergi toilet pastu tibeh lapar” eh eh ewah",
2022-12-01 11:37:33+00:00,1598280134825775104,Leechansew14,Saya lapar ni. Sesiapa masakan macam ni please 😭,"Sungai Manik, Perak"
2022-11-29 11:11:55+00:00,1597548909584609282,Danialsahari,@QAMALIA_ Lapar pulak jadinya tengok maggie tu😅,"Perak, Malaysia"
2022-11-29 01:45:48+00:00,1597406441824210944,asyiqueennn,harini dia punya lapar teroksss tu taktiaw nak kabo cane,📍IPH
2022-11-28 11:21:38+00:00,1597188967220531201,asyiqueennn,"fikir makan bubur kenyang je, nohhhhh lapar nakram oi",📍IPH
2022-11-26 22:21:16+00:00,1596630191203549184,adiewaridi,Setiap kali bangun awal² pagi ni confirm perut meragam dan rasa lapar.,"Ipoh, Perak "
2022-11-26 06:24:11+00:00,1596389333875175424,asyiqueennn,lapar teroks,📍IPH
2022-11-26 00:14:15+00:00,1596296238127013889,ladyDanial65,Pagi2 dah lapar croiffle dip in hot choc/latte...dapnyee wehhh...,"ipoh,perak"
2022-11-25 14:20:51+00:00,1596146903154327553,asyiqueennn,auto lapar balik HAHAHA,📍IPH
2022-11-24 07:58:47+00:00,1595688363822321664,HamidNST,"@afifbahardin Makan sikit, nanti lapar. https://t.co/m3evOljpzT","Ipoh, Malaysia"
2022-11-24 02:54:36+00:00,1595611815899148288,tantannnnnnnnnn,Semalam balik lambat lepastu mandi solat lepastu tido. Lepastu emo sebab lapar. Hahaha,Perak
2022-11-23 14:27:52+00:00,1595423895279964160,nur_hamizah98,2 hari dhni rajin order foodpanda . sorang plak tu😂 lapar punya pasal,Malaysia
2022-11-23 03:05:59+00:00,1595252293045088256,alan_thedoctor,Terkini..saya lapar 🤣,ipoh
2022-11-20 13:00:02+00:00,1594314627537854465,nifi2408,Orang  lain kena covid tak lalu makan. Aku dok lapar je semedang,Ipoh
2022-11-20 11:08:22+00:00,1594286522999525376,Nadnarcotic,@Had1Nasution Kannnn. Anwar depa dok cakap gila nak jadi PM. Yang yidin ni macam lagi teruk je lapar dia.,Naddo's Crib Ipoh
2022-11-18 03:20:50+00:00,1593444091999981568,adiewaridi,Lapar. X makan lagi sarapan sbb dok sibuk ngan client. Ni masih berpakaian sukan sbb kang 12.30 nak kemas balik set up picnic. Pastu baru lah leh mandi betul. Cari mkn jap lah,"Ipoh, Perak "
2022-11-14 12:59:23+00:00,1592140135529054209,AhmadAzimAsri,Dinner nak buat salad ayam. Ayam dh berbau. Aku lapar wehh!!!,Ipoh
2022-11-13 18:54:42+00:00,1591867165313204224,Wxldflxwer_,@Ikhmal_K Salah tu. Its a sign for me to sleep 😂 Actually memang tengok iklan gcb tu la jadi lapar 😤,IPH
2022-11-13 18:48:04+00:00,1591865495242039297,Wxldflxwer_,Lapar la pulak...,IPH
2022-11-13 11:17:59+00:00,1591752230289702912,syahi_rh,Balik kerja terus lapar. Malasnyaaaaa nak masuk dapur,KV Sepang
2022-11-13 08:20:38+00:00,1591707598029737985,FammyThaw,Saya rasa saya lapar nasi la. How ek?,
2022-11-12 22:10:42+00:00,1591554104996016128,adiewaridi,Terjaga awal pg ni sure lapar. Selamat pagi,"Ipoh, Perak "
2022-11-09 08:46:59+00:00,1590264678718267392,areff_salihen,@ssyhz_ Knp petang2 mintak tosai(tokse)? Lapar ke? Hmmm,Ipoh & Johor. 
2022-11-08 09:29:05+00:00,1589912885786214400,mayamira07,"Penangan puasa. 3 menu on list. 
Nasi lemak sambal bilis ✅
Spaghetti (nak buat ke taknak 🤔)
Burger (Lapar kang baru buat)

Puasa selang seli tak terasa sangat sebenarnya. Tapi sebab aku direct 2 hari ni. Tu pasal menggelupur rasa lapar.",Ipoh
2022-11-04 23:56:06+00:00,1588681524832276480,fKamal3,"@matte_man23 Dah, agak jauh from where we are staying, so we picked the nearest mamak. Lapar sangat.",Nilai-Cyberjaya
2022-11-04 01:07:39+00:00,1588337143491235840,adiewaridi,Budak kecil meja sblh ni nangis sbb makanan dia x sampai lagi. Lapar sgt kot walaupun dia baru habiskan sepingggan nasi lemak. 🤭,"Ipoh, Perak "
2022-11-01 07:33:09+00:00,1587346994758324224,jzzcll,@NainnajwaNajwa Tak sedap weh. Aku makan sesuap pastu buang. Dah la lapar teruk masa tu pregnant.,KL
2022-10-30 15:15:00+00:00,1586738444646068225,tacawatisdis,1 hari tak makan nasi. Lapar perut wey! Dasar perut melayu!,Ipoh
2022-10-30 10:40:38+00:00,1586669398919905280,fertheduchess,Lepas derma darah tetiba rasa lapar semacam ya sgt lain macam,
2022-10-28 05:52:58+00:00,1585872230487293952,GemukBear,@ChentaaHatii Hahaha tau tapi pitstop kat lavender farm dulu… lapar x sarapan,"Selangor, Malaysia"
2022-10-25 04:37:06+00:00,1584765974716174336,DannydyaMK,Bile diet na makan roti je lapar pulokk,"Petaling Jaya,Malaysia"
2022-10-24 13:08:38+00:00,1584532319762673664,Hunain_,Lapar,Ipoh Perak
2022-10-23 14:28:15+00:00,1584189967764705281,ladyDanial65,Lapar cookies subway le pulok malam2 ni,"ipoh,perak"
2022-10-18 12:15:05+00:00,1582344514920120320,tantannnnnnnnnn,"Syg kalau lapar mmg jadi sedih ehhh

HAHAHAHA tantan 😂",Perak
2022-10-18 04:48:14+00:00,1582232059866927104,AsriiKamarudin,@bvrtrvb @rzk_rhmd Abang try roger dia. Dia ni jual burger. Kot masa turun tu lapar ke boleh dia masakkan. 🍔 https://t.co/YpjzKWS8gM,"Perak, Malaysia"
2022-10-17 15:28:49+00:00,1582030881891692546,aidamohdnizam,"Lapar &amp; decide nak tidur je. Pastu tetiba mama ws, ""tapi kamu lapar"" aaaaaa taknak taknak tido je","Ipoh, Perak"
2022-10-17 13:02:07+00:00,1581993961782411264,aidamohdnizam,Huwaaa penat dan lapar,"Ipoh, Perak"
2022-10-13 15:09:17+00:00,1580576415556112385,Nadnarcotic,Fuhh bikin lapar,Naddo's Crib Ipoh
2022-10-13 12:29:02+00:00,1580536087541592064,aidamohdnizam,Lapar tp dalam masa yg sama letih &amp; mengantuk,"Ipoh, Perak"
2022-10-13 07:28:49+00:00,1580460532116557824,farahanummmm,"apa nii lepas makan pun lapar lagi , benda yang jarang jarang berlaku ye 😐",
2022-10-10 08:07:04+00:00,1579382995513147395,mdshazuwan_azmi,"@amoilina Lapar bubur je, tak lapar tu semua 😪",MY
2022-10-10 07:34:27+00:00,1579374789353172992,mdshazuwan_azmi,"@amoilina Aaaaaahhh kena pergi cari ni, dah laaa lapar",MY
2022-09-29 04:21:17+00:00,1575339907811201024,xammaranuarx,"Lapar , nak makan apa niari ?",
2022-09-18 10:29:00+00:00,1571446182509170688,Leechansew14,Lapar nasi kandar,"Sungai Manik, Perak"
2022-09-13 04:06:39+00:00,1569538022483574784,OkinaFitto,@Benny_TehVerto Aduhhh... lapar,"Perak, Malaysia"
2022-09-12 05:51:30+00:00,1569202021336776706,JJCMPERAK,"Assalamualaikum, selamat petang orang ipoh. 

Semalam keluar dengan family masing masing lapar, anak buah nak makan burger. lepas beli burger Di klebang restu nak singgah beli air Di Save. 

👇👇👇👇👇👇 https://t.co/64ILQA5zRQ","Perak, Malaysia"
2022-09-07 19:36:14+00:00,1567597630376804352,ctnanad,Terjaga pkul 3 pagi terus lapar menggigil sedangkan sebelum tidur dh mkn nasik lemak yaaaaa.. pregnant kali ni tak boleh lapar langsung. Terus menggigil jadiii nyaaaa 😭😭🤮🤮,Ipoh
2022-09-07 13:24:18+00:00,1567504033157464066,qmrnazmnt,"Lapar (@ Wan Ikan Bakar Seafood in Ipoh, Perak) https://t.co/osSgh15BPS",Darul Hebat.
2022-09-07 12:43:55+00:00,1567493866483511296,madeyshadow,Lapar gila. https://t.co/y52cLJ67No,"Hulu Kinta, Perak"
2022-09-05 10:12:06+00:00,1566730888703983618,totenali,"singgah kat cafe nak makan, astu pergi balik bilik dah lapar balik 😔🤘",
2022-09-05 00:40:43+00:00,1566587092288778242,OkinaFitto,Lapar nampak nya... https://t.co/Pa9FP7yZB2,"Perak, Malaysia"
2022-09-02 09:06:44+00:00,1565627271993405440,tyraaidrus,dari semalam makan je muntah. mana tak nya lapar mcm nk mati je skrg ni🥹,
2022-09-02 09:02:28+00:00,1565626201347162113,tyraaidrus,lapar teruk 😞,
2022-09-01 11:00:07+00:00,1565293419966017536,simeiguy,Ishh Aku dah lapar nie ... Mane lak kwn Aku nie!,Singapore
2022-09-01 01:37:01+00:00,1565151710322229248,semutz,@_musalsadiela @MohKeIpoh Tuatu.. bikin perut jadi lapar,ipoh~kl
2022-08-29 10:43:41+00:00,1564202118621589505,f4izalhassan,Kenapa bila hujan kita mudah lapar??,"Putrajaya Federal Territory, Malaysia"
2022-08-27 12:11:10+00:00,1563499362059431936,matrockipoh,Kami dah kumpul VENDOR MAKAN MINUM dan KOPI KOPI best untuk anda try semua sampai kenyang. Besar hati kami bila geng F&amp;B pun beri sokongan padu nak meniaga di event kami. Tanpa vendor F&amp;B semua ni lapar dan dahaga lah pengunjung kami semua nanti.,"Taman cempaka,ipoh perak"
2022-08-26 11:30:54+00:00,1563126839220269057,aidamohdnizam,Lapar banget ya ampun,"Ipoh, Perak"
2022-08-26 10:54:52+00:00,1563117768651653121,solehkyo,"Malas pula nak keluar, beli ikan. Tapi kena Semangat semangattttt kang anak anak lapar... semangatttttttttt","Perak, Malaysia"
2022-08-26 08:04:14+00:00,1563074829355323393,FirasHanis,"📍Rock Garden Camping Resort Gopeng
🏔Recommended👍🏻
Nk sewa bilik boleh. Nk sewa tapak pacak khemah pun boleh. Toilet, surau, pantry semua ada. Kalau jenis yg asyik lapar tu better bawa bekalan makanan siap2. Dekat atas ni tak ada kedai. Kalau nk turun jauh. https://t.co/i31lmU6roj",Gombak 
2022-08-19 03:30:13+00:00,1560469157061472256,PrimadonnaMyra,lapar awal eh 😫,Malaysia
2022-08-17 06:45:38+00:00,1559793556662784003,AKOBs_daughter,"@FoxyPadusi Tong arh dingin,sejuk sgt nnt lapar plak,alasan je kan?ngantok la,lapar la,panas la,iblis semua ni🤣🤣",Pluto
2022-08-15 03:52:55+00:00,1559025316055875584,aidamohdnizam,Ngantuk &amp; lapar..,"Ipoh, Perak"
2022-08-14 07:41:42+00:00,1558720502994153472,littlemelon__,Lapar wei tapi nak order grabfood hujan pulak,"Ipoh, Malaysia"
2022-08-13 07:41:46+00:00,1558358134674292736,faizah86,"@zhrznl Hahahaha. Kedai bawah rumah je.
Biasa lah lapar kita tuit dulu, baru cari makanan.","Selangor, Malaysia"
2022-08-12 09:15:52+00:00,1558019426439417857,sulosshinni,Aku lapar lah💀 I DON'T WANNA EAT IKAN KELI😭,Malaysia
2022-08-08 04:06:40+00:00,1556492062757130241,CikRos93,"Menunggu dan terus menunggu. Nak amek geran keta je pun...sorg je handle.. kaunter ada 2.. yg mana nk sign agreement..yg mana nk bt settlement. Aduhaiii...parah²..amek lah staff baru..hmmm
Tak fikir ke org dri jauh2 dtg... Dah lah tgh lapar niee...  @CIMBMalaysia @CIMB_Assists https://t.co/zGak1tQNp2",taiping
2022-08-07 03:38:25+00:00,1556122565646888960,rashdanmarzuki,Macam lapar,"Johore, Malaysia"
2022-08-06 17:23:39+00:00,1555967855216115712,norhidayah0209,"Aku tidur lah. Sekali jam 12 tbgn sbb mau pegi tndas, pastu try mau tdur balik xdpt2 sbb lapar. Dekat sejam lebih juga la tahan lapar mau paksa tdur tapiii hmm. Tpksa chat lakiku yg tgk tv d luar 😥😥","Sandakan, Sabah"
2022-08-06 14:36:00+00:00,1555925661469945857,uuglygodd,Dah lah lapar gilee omg,"Damansara, Selangor"
2022-08-04 10:59:47+00:00,1555146474308390912,aidamohdnizam,Lapar rasa nak geget org,"Ipoh, Perak"
2022-08-02 12:43:36+00:00,1554447826142121985,sarah_azrahi,"12.30 am
Me”awk sy lapar”
Hus”awk tuh asyik lapar badan dok kering jugak”
Tips “jual produk kurus..kau auto kurus “","Perak, Malaysia"
2022-08-01 10:22:26+00:00,1554049913620938752,aidamohdnizam,Lapar dan mengantuk,"Ipoh, Perak"
2022-07-31 08:33:02+00:00,1553659993898921984,Ainnafiziiii,@iqaschaaa Iqa lapar sangat ke sampai telan budak,"Perak, Malaysia"
2022-07-30 17:38:08+00:00,1553434785439444995,norhidayah0209,Rupanya lapar 😭😭 nsib lakiku ptg kn buah jambu 😥😥 ble isi perut sikit,"Sandakan, Sabah"
2022-07-29 16:46:38+00:00,1553059434271854592,__mirzaMAIsarah,Pebenda lapar pulak ni 😭 it's not the time okeyyyy,Johor Bahru
2022-07-29 07:02:18+00:00,1552912381625659392,knz_mp_,Lain macam plak rasa lapar hari ni. Ipoh ni makan tengah hari kat mana sedap.,Malaysia
2022-07-28 14:08:30+00:00,1552657250371915776,rashdanmarzuki,Rasa lapar lak aduhhh,"Johore, Malaysia"
2022-07-28 11:37:34+00:00,1552619269497597952,sarah_azrahi,Lapar betul nie..padahal baru lepas makan..final exam simpton ke cepat laapar nie,"Perak, Malaysia"
2022-07-26 09:22:54+00:00,1551860604649910272,AKOBs_daughter,"Lapar tp xtringin nk mkn kari ayam seperiuk aku buat smlm haaa,so much of a problem yarrr????🤣🤣🤣",Pluto
2022-07-23 14:45:10+00:00,1550854540895072256,FaisalalRahman4,@nrsyazwinatiqah tidur jer bagi hilang lapar,Ipoh
2022-07-23 13:41:14+00:00,1550838448801452032,msyafizaly,@hellolhea__ @MohKeIpoh @PerakFood Terus auto lapar 🤤,"Hulu Kinta, Perak"
2022-07-17 10:47:19+00:00,1548620355048071170,fizz_ffaiz,lapar weii,Kedah
2022-07-17 02:52:37+00:00,1548500893280403457,aidamohdnizam,Lapar nya komer,"Ipoh, Perak"
2022-07-16 16:28:45+00:00,1548343892084281350,otherSim07,Penat... Abis run 55k.. Wlupun x finisher... Tapi lapar nak makan.. Adooo kedai buka lg ke...,"Kuala Lumpur, Wilayah Persekut"
2022-07-15 17:26:49+00:00,1547996116175962112,aidamohdnizam,Lapar tp dalam masa yg sama aku maleh nak makan,"Ipoh, Perak"
2022-07-14 18:31:45+00:00,1547650070723858432,DaddyToUwais,Nasib baik lepas makan malam tadi ada tapau nasi goreng kampung. Pukul 2 pagi terbangun lapar😢,
2022-07-03 14:27:24+00:00,1543602311049932801,syahi_rh,Lapar tapi diet :'),KV Sepang
2022-07-02 12:40:11+00:00,1543212942589558784,RenKeinji,Lapar ke lapar hahahaahha @ Burger NEON 22 https://t.co/iQFJBanh8f,"Perak, Malaysia"
2022-07-01 14:14:07+00:00,1542874191770558465,seketulrozita,Tadi sblm maghrib dah makan nasi tomyam + ayam percik. Skrg lapar 🥵,
2022-07-01 07:32:25+00:00,1542773102643269633,mdzamirzamri,Aku lapar tapi malas nak makan. Ada masa lapang ni memang nak baring ja sebelum sambung kerja petang ni.,"Perak, Malaysia"
2022-06-30 06:53:20+00:00,1542400879789080577,NazihahRaffai,Bila dah lapar ni nampak iklan makanan semua rasa nak order je😌😌,"Batu Gajah, Perak"
2022-06-29 04:39:56+00:00,1542004917308895233,nifi2408,"Dah 2x datang kpj pastu terbau tomyam. Sedap gila bau dia, dalam aircond pulak. Buat orang lapar je",Ipoh
2022-06-26 00:01:45+00:00,1540847747246747648,pinkyfish10,Aku lapar lapar lapar,ラルクアンシエルの世界
2022-06-24 12:28:08+00:00,1540310808085012482,izzuanshahrizan,lapar.,"Perak, Malaysia"
2022-06-21 08:12:53+00:00,1539159407115702272,AKOBs_daughter,"Aku dgn G mmg xkenal erti sarapan,kecuali kalau kitaorg mlm sampai pagi xtidur,sbb kdg aku paksa g teman aku buat keja,pagi tu lapar dia pelik,lepas mkn terus rsa sebu,perut mcm “wtf minah ni tiber mkn pagi?nahh ambik kau kuasa angin boboboi”",Pluto
2022-06-21 07:36:24+00:00,1539150224823791617,AKOBs_daughter,"Breakfast is optional utk setgh org sbb mmg perut dah biasa latih xmkn pagi,dan xrsa lapar,xsalah pun..yg salah tiber makan brekfast tiber sakit 3 serangkai,wrong2..kalau kau hari2 hentam roti canai,teh tarik,nasi lemak,kuih manis2 xkira pagi ptg ha itu baru dia…",Pluto
2022-06-18 03:25:14+00:00,1537999852797251585,earah92,Lunch ni lapar nasi tapi mengantuk cane ni,Ip0H pEr@K 
2022-06-15 12:34:42+00:00,1537050967895863296,PrimadonnaMyra,tgk chenom buat takoyaki ni teringat makan dekat Jepun 4thun lepas. sedapnyaaaaaaa 😭😭😭😭 sejuk + lapar + sedap 😩😩😩,Malaysia
2022-06-13 09:27:30+00:00,1536279080991002624,msyafizaly,Siapa punya teori yang kata kalau hujan je lapar?? Sekarang dah lapar.,"Hulu Kinta, Perak"
2022-06-13 09:23:50+00:00,1536278159728906241,Caramaelmachixt,Dia macam lapar nak makan tapi tatau nak makan apa,
2022-06-11 08:55:38+00:00,1535546286308753408,alinanishaq_94,"Tak makan lapar, makan gemok😆","Perak, Malaysia"
2022-06-11 07:51:26+00:00,1535530130457522176,sarah_azrahi,Food hunting dgn kawan..(ziarah)we do talk about agama..(kelas agama)sambil tuh belanja kawan(sedekah)..riadah?food hunting dekat pdg polo..jog dulu..mcm aktiviti riadah ada..buku?we do ebook..sambil lepak sharing pasal ebook..lepas membaca lapar..makan laa..food hunting laa..,"Perak, Malaysia"
2022-06-11 07:37:13+00:00,1535526550682181632,ThereIsAGoal,Lapar terukkkk,"MADE, Borneo"
2022-06-10 12:38:35+00:00,1535240005492166657,tantannnnnnnnnn,"Tadi time lunch ada sorg laki call aku marah2 aku kata aku blocked no dia. Dia say sorry kalau dia ws dlm group, ws tu merimaskan aku. Wth gila apa, aku blocked no sapa gila. Hg salah no bongok. Yang penting aku dah la lapar time tu mmg malas aku maki balik, baik aku pi mkn.",Perak
2022-06-09 06:00:08+00:00,1534777344279228416,Aunasyaa,lapar nak mampus tapi nak diet,
2022-06-09 05:21:12+00:00,1534767547878236160,pweeteh,Apa foodpanda ni lambat sangat ni saya dah lapar ni tak makan dari pagi tau 🫠😀,
2022-06-08 15:56:33+00:00,1534565052090822656,amalinaruslan,"Bila kau lapar tp still dlm train and will arrived by 12++ lepas tu esok nk amik darah kena fasting blood..

Wtf 🥹","Perak, Malaysia"
2022-06-08 12:42:24+00:00,1534516191334608896,Leechansew14,Tempat ni banyak jual makanan. Tapi tak selera nak makan. Tapi lapar. Aduhhh,"Sungai Manik, Perak"
2022-06-06 03:13:46+00:00,1533648313324433409,ahmadyasiryusof,"@fadhyDILA @Dane9217 Bukan xmkn, x gemar, tunggu lapar n xda maknan dlm dunia ni.. bolehlah.. 1 2 ulas haha","Pinang, Malaysia"
2022-06-04 09:29:57+00:00,1533018209317552128,earah92,Lapar nasi,Ip0H pEr@K 
2022-06-03 23:27:24+00:00,1532866571756277760,hafuzzzo,Lapar pulak pagi2 ni,
2022-06-02 22:18:46+00:00,1532486909884530688,tantannnnnnnnnn,Masih lapar.,Perak
2022-06-02 07:11:03+00:00,1532258476256219136,solehkyo,Mkan sarapan banyak tapi still lapar..,"Perak, Malaysia"
2022-05-28 10:48:35+00:00,1530501281101410305,earah92,Lapar rini malas turun kantin,Ip0H pEr@K 
2022-05-26 09:39:40+00:00,1529759160812072961,Nadnarcotic,@eykahamasuba Omg sama lah 😂😂 moody teruk bila lapar. My husband pun very understanding.,Naddo's Crib Ipoh
2022-05-24 04:48:26+00:00,1528961097155215361,shqirinisyrf,Perut ni dia lapar . tapiiiii tekak tknak makan em,Teluk Intan - Shah Alam 
2022-05-23 00:21:01+00:00,1528531407852957698,tantannnnnnnnnn,"Tantan sgt lapar. Bukak dabei tgk duit kecik yilek.. Ni bukan cashless, ni dah rabak hmm",Perak
2022-05-22 17:06:58+00:00,1528422175870312448,__mirzaMAIsarah,Hm time ni nak lapar 🥺,Johor Bahru
2022-05-22 14:54:38+00:00,1528388874296246272,_nnrain,"Lapar (@ FamilyMart Manhattan Business Centre, Station 18 in Ipoh, Perak) https://t.co/c7xTYo3LkT",Hati awak
2022-05-22 06:48:49+00:00,1528266615636529152,Sunan32495446,@Enginena Auto lapar,
2022-05-20 23:45:51+00:00,1527797784341991424,hamizahzawawi7,Lapar mat pagi ni,"Ipoh, Perak"
2022-05-18 12:55:25+00:00,1526909320918466560,sarah_azrahi,@Fasha77398377 Bila?sy lapar..bihun tomyam semalam kenapa dia tak asing?bihun dah kembang dgn tomyam..mcm mana nk makan?😢,"Perak, Malaysia"
2022-05-17 00:44:16+00:00,1526362933462466560,aimanizalie,Semalam dekat aeon 18 dah la ramai orang. Parking full jenuh pusing mencari parking. Aku dengan lapar teramat jumpa satu parking tapi ada 2budak jaga parking. Buat keras tk belah2.kereta depan2 aku semua tak masuk. Tiba giliran aku ahhh dia silap buat keras,"Gopeng,Perak"
2022-05-15 00:21:06+00:00,1525632325836427264,idazwei,Bulan 8 ni mawar 7m sudah jd senang sikit boleh bawak bekal utk dia makan@minum nda sudah 100% harap susu ibu jd nda berapa kalit klau dia lapar@haus,Ipoh 
2022-05-14 03:44:39+00:00,1525321165379469312,SatayAbangKay,Lapar la pula *sigh* https://t.co/cqKhxcchmu,"Perak, Malaysia"
2022-05-13 11:08:04+00:00,1525070365185421312,fatinramleey,Rider foodpanda yang salah hantar order ayamas ulu kinta aku entah dekat siapa siapa. Saya ucapkan fakyu. Tak call tak apa tetiba noti fp tulis delivered. Dahlah tunggu lama. Fp pun bagi voucher rm5 ingat cukup ke nak tebus lapar dan marah aku. @foodpanda_my,"Ipoh, perak"
2022-05-12 14:47:08+00:00,1524763108849643520,aimanizalie,"Kalau diet seksa dia mmg waktu nie la
Lapar gilo haha","Gopeng,Perak"
2022-05-10 12:19:14+00:00,1524001112415940609,aimanizalie,"Kena banyak bersabar nie
 Lapar tak boleh bawak bincang 😂","Gopeng,Perak"
2022-05-10 05:02:52+00:00,1523891299434188800,pweeteh,Eish lapar je takde mood. Takde mood je lapar.,
2022-05-09 23:29:02+00:00,1523807283549192193,manieeeV,baru jam7.29 lapar sudah 🤣🤣,"Tawau, Sabah"
2022-05-07 15:22:11+00:00,1522959991304376325,faiz_farhan98,Bila lapar tapi kene sabar beratur plak 🫥 https://t.co/Q3gV0EDSAd,"Perak, Malaysia"
2022-05-07 13:49:12+00:00,1522936590632652800,kiraryuk91,@Qilayani Lapar ke mek jawa kecik tu? Huhu. Ami bg la makan lebih sikittt,Malaysia
2022-05-07 02:13:07+00:00,1522761413214629888,earah92,Balik keja ritu terus balik umah adik jap and lepas mandi tu lapar cari la nasi,Ip0H pEr@K 
2022-05-06 13:32:46+00:00,1522570067179106304,ShamiraZamri,Ya Allah tak lalu dahhhh duduk dlm jem ni. Aku lapar ya Allahh 😫😫😫😫,Malaysia
2022-05-05 01:21:51+00:00,1522023739525050370,Caramaelmachixt,Kena kerja makanan takde nk order foodpanda mekdi tapi food sold out em pishang lapar 🥲 https://t.co/DMXp2KIVDl,
2022-05-04 08:28:22+00:00,1521768685668794369,adiewaridi,Lapar,"Ipoh, Perak "
2022-05-04 01:53:24+00:00,1521669291053314049,adiewaridi,Kerana lapar ramai yg x mampu mengawal sabar🤭,"Ipoh, Perak "
2022-05-03 23:24:28+00:00,1521631810438189056,fatboycanrun,"@miqajelita @nrwz_ Senang je nak paham. Perempuan ni selain dari kuat merajuk, dia kuat menipu. Kalau dia lapar dia cakap tak lapar, marah cakap tak marah. Tak puasa cakap puasa. Haaa itu lahh.",Kuala Lumpur
2022-05-01 17:38:32+00:00,1520819974352556032,ciklala26,Dah makan banyak gila actually tadi tapi now lapar balik. I need to eat but everyone is sleeping right now. Maybe i should just sleep,taiping|KL
2022-04-25 07:06:00+00:00,1518486465491075072,sulosshinni,Lapar gila nak mampos,Malaysia
2022-04-24 03:13:45+00:00,1518065632767799296,ikaVEia8,Period pain tu dia mcm kau derma darah sepanjang hari pastu buat aktiviti fizikal plus perut kena tumbuk. Kau kena makan sbb kau xde energy walaupun x rasa lapar sgt sbb kdg2 xlalu nk mkn pn sbb sakit. Begitulah.,
2022-04-23 07:40:13+00:00,1517770301089906690,MohdQusyairi__,"@___syafiq lepas tu, baru aku perasan. hahah. siot lah. lapar ni.",malaysia
2022-04-22 07:07:42+00:00,1517399732511199233,alternateziis,"Ya Allah lapar dan dahaga yang amat sangat hari ni. Dengan kerja berjalan sana-sini, Allahu jangan lah ada benda yang mencabar minda dan fizikal aku lagi petang ni",Malaysia
2022-04-22 03:59:24+00:00,1517352345419796480,Nadnarcotic,"Tiap tahun bahas benda yang sama. Nak kata aku conservative, ye aku bukan jenis makan in public kalau aku tak boleh puasa. Aku pregnant 1st baby, the whole Ramadan aku tak puasa. Tapau and makan dalam kereta lah. Kalau menggigil lapar and in public, aku makan oats biscuits dulu.",Naddo's Crib Ipoh
2022-04-21 08:07:28+00:00,1517052382697652224,fatinramleey,@amyranadyaa Nama pun menahan nafsu lapar dan dahaga bagai. Kau yang puasa kau lah tahan nafsu. Takkan tengok orang makan time puasa pun lemah? 😂  Ya faham nak kata perempuan tu makan tempat terbuka. Tapi masalahnya dia makan dekat tempat yang sepatutnya 😂,"Ipoh, perak"
2022-04-12 15:10:03+00:00,1513897238640345089,asyiqueennn,@Matnann @sakinah412 ni ke punca yang kita selalu lapar tu? yang asyik dok bunyi bunyi dalam perut tu dia ke?,📍IPH
2022-04-12 03:16:57+00:00,1513717783665983490,JJCMPERAK,"Tidak lupa korang juga dapat AKSES PERCUMA bahagian ‘Appetizer &amp; Dessert Buffet’. Yes, PERCUMA! 😘

Apa yang berbeza untuk tahun ni, kalau kome tak habis makan, boleh TAPAU bawa balik sambung makan dirumah bila lapar nanti 😍😘. Haa! Berbaloi sangat kan?? 😂😂 https://t.co/jdNXPfb5GV","Perak, Malaysia"
2022-04-12 02:11:40+00:00,1513701351691218946,xhuankenot,Kena avoid gi bazar lambat2 sebab masa tu dah lapar nak mati nanti semua nak beli,
2022-04-06 23:35:09+00:00,1511850025671745538,adelinerose__,@azelaroshimi Hahahaha sejuk sangat pun cannot la rojela. Kerja asyik nak makaaaaaaan je sebab cepat rasa lapar. Ni bukan berisi sikit ni ni ni ni dah kembang semangkuk ni🤣,"Cameron Highlands, Pahang"
2022-04-06 12:08:24+00:00,1511677199719747590,guysfawkes,Time lapar senyap je sunyi. Wait me berbuka ahh ko siap🤍✨,Malaysia
2022-04-04 11:44:25+00:00,1510946389261717505,Dd_Tinggi,Tak sekarang ni masalahnya aku lg cepat lapar bila sahur dari tak sahur ya. Whyyyyyy,
2022-04-02 11:45:03+00:00,1510221769994477571,TwitPerak,"Bulan Ramadhan bukan hanya untuk berpuasa, tapi juga memberi makan kepada yang lapar, membantu yang memerlukan, menjaga lisan kita dan saling memaafkan. Itulah semangat Ramadhan. 

Selamat menunaikan ibadah puasa kome! https://t.co/XvXuiAO9Qs","Perak, Malaysia"
2022-04-02 05:16:33+00:00,1510124003729764356,kednevercare,"Lapar so kita order jela grab since harini watak aku adalah isteri yg grumpy, cramp and malas nak bersiap.",Johor Bahru
2022-03-29 13:55:15+00:00,1508804984863080455,f4izalhassan,@mxstxnx Post-COVID ni memang lemau lesu lapar hambar albeit no symptoms at all. Driving pun rasa semacam. Not sure about others. Hope you ok.,"Putrajaya Federal Territory, Malaysia"
2022-03-27 15:48:29+00:00,1508108708173455361,pinkyfish10,"Kenapa saya suka makan? 😭
Kenapa saya selalu lapar? 😭",ラルクアンシエルの世界
2022-03-27 05:07:46+00:00,1507947464577282048,hongjxxngluvz,Lapar😶🏴‍☠️ https://t.co/LyaSduyeET,No 1 Like Hongjoong
2022-03-26 19:10:37+00:00,1507797188679651328,pinkyfish10,Lapar tengah² malam ni 😭,ラルクアンシエルの世界
2022-03-24 00:14:39+00:00,1506786534913052675,faarryyyy,Lapar gila nak makan tapi kena puasa sampai 10 pagi sbb minum air gula huaa,
2022-03-23 05:08:55+00:00,1506498202127994880,nifi2408,"Memasing udah sendawa ngalahkan orang besar pastu boleh cakap ""lapar laa, nak makan..."" Mommy is pengsan.",Ipoh
2022-03-22 17:48:36+00:00,1506326994434555906,MohdQusyairi__,@TifaZahrah lapar terus,malaysia
2022-03-22 11:18:57+00:00,1506228936568713219,OkinaFitto,"Ado sekor anok tupai atah julai mokte
Kudung ekor perut lapar jalan cari makan","Perak, Malaysia"
2022-03-21 04:05:30+00:00,1505757468294803457,syzwnifdzl,@anisszzulaikha @tunfaliq bukan lah lagi nafsu nak membeli sebab lapar 😂😂😂,"Ipoh, Malaysia"
2022-03-20 22:34:46+00:00,1505674236773294081,nor_ezatii,pagi2 lagi dah sesak dada pastu perut lapar ye.,"sp, ipoh"
2022-03-16 12:07:14+00:00,1504066762077196289,tacawatisdis,Not Ata coming to my room asking “ibu taknak masak ke? Ata lapar ni” 😅🤣,Ipoh
2022-03-15 05:53:12+00:00,1503610245213716480,tantannnnnnnnnn,"Hahhaha bapak aku bebel kenapa harini asyik lapar, mak pun sama lapar jgk. Hahahhahaha haaaa baru tau semalam aku lapar nonstop hahahahha mak masih tanjat ye tanya nak makan  asyik nak je hahahahhaha",Perak
2022-03-14 10:21:34+00:00,1503315391946567683,tantannnnnnnnnn,"Mak tanya nak makan sekarang ke... Macam nak tapi makan sekarang, satgi lapar balik 😂😂😂",Perak
2022-03-14 09:12:36+00:00,1503298035132301318,alinanishaq_94,Menjadi jadik lapar nyaa😵😵,"Perak, Malaysia"
2022-03-14 07:00:30+00:00,1503264792215109634,tantannnnnnnnnn,Aduhh masih lapar ye,Perak
2022-03-14 04:19:53+00:00,1503224374014672897,manieeeV,lapar dan tak tahu mahu makan apa,"Tawau, Sabah"
2022-03-13 06:36:07+00:00,1502896266698579974,nfarahin_z,"Sampai harini, tk boleh brain, org cakap lepas derma darah, badan naik.. 😑. 

Bila derma darah ni, kita akn hilang darah, its normal kalau rasa lapar... Lapar pun, jgn la melampooo, makan berpada² dh la.. lepas tu ramai org taknak derma darah sbb percaya naik berat badan tuje 😑","Ipoh, Perak"
2022-03-10 18:04:19+00:00,1501982296232325121,MohdQusyairi__,dah makan nasi goweng pun lapar lagi 😮‍💨,malaysia
2022-03-06 13:03:13+00:00,1500456969534328832,ABELIZZATI,Lapar 🥺,ipoh Perak
2022-03-03 01:52:55+00:00,1499201118928535558,ABELIZZATI,Lapar 🥺 but i kena kawal nafsu ni ya allah,ipoh Perak
2022-02-26 08:37:14+00:00,1497490928483041283,nyNanaaa,Breakfast minum milo dgn keropok ikan + 1  egg tart BC je . Sepanjang 6jam tak rase lapar . Nie dah baring2 tetibe lapar ehhhh,
2022-02-23 10:58:21+00:00,1496439280222281729,earah92,Lapar and malas nak nak jalan cari makan so drive true jelaaaaa benda senang,Ip0H pEr@K 
2022-02-20 23:59:08+00:00,1495548607394906112,_cunaa,"Paling takleh go bila breakfast, perut bukan main lagi lapar. Bila dah ada makanan depan mata alahhhhhhhh dan dan la selera tu hilang😩😮‍💨","Anfield, Liverpool"
2022-02-20 11:39:41+00:00,1495362518587699206,Wan_Zafirah28,Ohh btw ni gambar after makan.. Sebab lapar gila lupa nak ambek gambar before 😅,Kuala Lumpur
2022-02-19 21:09:53+00:00,1495143624199184385,miraradzi,Perut berbunyi (bukan bunyi lapar tu).,
2022-02-19 14:12:08+00:00,1495038496322781184,rasyidahwafa,lepas booster ni asyik lapar je 😳,"Perak, Malaysia"
2022-02-18 03:02:48+00:00,1494507666500386817,fvhmiazizi,Okay nak makan apa ni? Aku lapar.,"Ipoh, Perak"
2022-02-08 03:40:56+00:00,1490893381803057154,fvhmiazizi,Bilalah aku nak sihat ni. Tak larat dh ni. Dari Isnin lepas sampai hari ni. Selera makan apa semua kelaut. Makan jer muntah. Tak makan lapar.,"Ipoh, Perak"
2022-02-06 13:56:40+00:00,1490323561739071488,ctnanad,Lapar tapi takut gemuk. TAK SUKA PERASAAN NI!!!!!!!!,Ipoh
2022-02-06 11:03:54+00:00,1490280083021385735,nienahrd,Lapar nasi 😭,"Kuala Lipis, Pahang"
2022-02-05 15:47:00+00:00,1489988941428432897,tantannnnnnnnnn,Lapar sangat lepastu goreng nuggets. Now I'm sad.,Perak
2022-02-04 12:23:27+00:00,1489575327667875842,heyshahrul,"Post-booster shot : Sihat walafiat, mampu berjalan2 di Ipoh Parade &amp; AEON, lapar gilos dan cuma sakit kt tempat cucuk. Hopefully xdemam ke apa esok. ✌🏻",Perak | Kuala Lumpur
