Datetime,ID,Username,Text,Location
2023-03-30 11:04:30+00:00,1641395975574159360,dfrsha_,Lapar teruk harini,"Kota Bharu, Kelantan"
2023-03-30 07:01:32+00:00,1641334828837613568,shidasis,"Masa ni dah lapar gila 🤣 Dengan Hannah kuat menyusu. Siapa suruh sahur makan sikit, kurma pulak lupa makan. Padan muka kamu.","Kota Bharu, Kelantan"
2023-03-30 05:13:29+00:00,1641307635730513922,keme97693516,Baru jam 1 tengahari. Lambat pulak masa hari ni. Perut duk lapar doh. https://t.co/8IHXB1Rx5i,"Kota Bharu, Kelantan"
2023-03-30 01:23:36+00:00,1641249787638059009,amer_ohsem,@Ainonnnnn Hahahaah gilo ular ni. Lapar,"Pasir Mas, Kelantan"
2023-03-26 06:45:17+00:00,1639881187673120770,tinaketiketana_,Buang air besar 2 kali dh harini. Harap2 tak menggelupur lapar lewat ptg ni 🤣🤣,MALAYSIA
2023-03-24 13:46:21+00:00,1639262379455160322,tinaketiketana_,Whole day tak haus lgsung and start lapar bila dh pukul 6camtu. Suap anak makan pon rilek lg hahaha,MALAYSIA
2023-03-11 12:52:02+00:00,1634537664534937603,tinaketiketana_,Tbh org tak lapar pun pergi klinik private kalau setakat nk ubat. Baik pergi direct pharmacy kalau takat demam dgn sakit urat. Karang ckp klinik private kuat scam tau nk merentan pulak,MALAYSIA
2023-03-09 05:11:47+00:00,1633697062662590470,AnnemunisaHusin,"Aku punya frust takleh buat main. Punya terketaq-ketaq lapar g dapur nak buat roti telur for lunch. Sekali pecahkan telur dalam kuali, telur busuk. 

Terus kemas2 naik atas sambung keja. Spoil la 🥲",
2023-03-08 04:11:32+00:00,1633319514724261888,AwatifWardina,@f4izalhassan @OkinaFitto @JazminaAin @cheajibsayang @PerakFood @JJCMPERAK @AusMeshi @Hunain_ @azraeimuhamad SUA lapar gak takdok laaa news utk PMX 🤣,
2023-03-01 08:21:58+00:00,1630845820953333761,sasysss_,Lapar tp xtahu nk mkn apa akhirnya ku pilih subway,
2023-02-08 13:02:41+00:00,1623306320702242816,syumietera,Mesti dia lapar. Mesti dia haus. Mesti dia sejuk. Mesti dia nangis takda suara dah tu. Mesti dia cari mak dia. 🥺😭,
2023-01-21 15:59:53+00:00,1616827934882529281,pocongst,"Jenis kt luar tak makan , dah balik umah lapar ni pon satu perangai jgk 😭",Kubur 
2023-01-05 03:30:00+00:00,1610841013756760064,danialrustam,Mee celup jjadi molek sini. Harga murah &amp; sedap 😋. Gambar makane xigt ambik mugo lapar sgt. https://t.co/tIo8he8z4W,16150
2023-01-04 10:45:57+00:00,1610588335541747714,doctor_1998_usm,Saya lapar 🥹 Saya baru nak makan 🥺 Kesian kan saya ?,kediaman liyana
2023-01-02 16:53:56+00:00,1609956165496246273,aiman_ramlan58,"Busy betul hari ni, 16 murid sudah official di Bizara 2023. Sorang berak, sorang tolak2, sorang malu, sorang sorok2, sorang lapar, sorang nak peluk, sorang nak kena pujuk.

At the end mesti ada moment yg buat hati berbunga.",Malaysia
2022-12-28 13:36:43+00:00,1608094595275165697,chajaaaaaaaaa,Lega sikit nk tinggal balik ipoh xrisau dh suami bila lapar balik kerja. 💓,MY
2022-12-27 06:39:40+00:00,1607627253697105920,bashiiirah,Saya lapar…. https://t.co/9So4sOmSoL,Kota Bharu
2022-12-18 16:29:47+00:00,1604514271073034240,abusamaran,lapar tau tengah2 malam tengok bola ni menyesal tengok menyesal berjaga,New Castle
2022-12-07 14:43:50+00:00,1600501340870172680,abusamaran,kite lapar tau tapi kite puasa malam tibah,New Castle
2022-12-04 13:56:15+00:00,1599402204221542401,96aliasyafiqa,@wanmafiq Lapar 😂,
2022-11-29 16:09:59+00:00,1597623921595273217,zarafat1n,Lapar pulak dh,"Pasir Mas, Kelantan"
2022-11-19 07:37:58+00:00,1593871186769113088,pajeroll_,Lapar mee celup weh 🥺,"Krabi, Thailand"
2022-11-19 03:48:25+00:00,1593813417659621376,Aminadib_,Woii lapar ni 😤,Somewhere in your heart
2022-11-01 16:10:24+00:00,1587477164600881152,syiranatasha,lapar bual,KTN - KEL
2022-10-30 03:41:34+00:00,1586563936320598016,syumietera,"Baru je ambil si Mateen pujuk untuk susu dan tidur, si kakak Mirza datang dekat Mummy cakap ‘mummy, kakak lapar’.",
2022-10-30 02:27:54+00:00,1586545400018001920,arasfan,Sebab apa lapar,"Kota Bharu, Kelantan"
2022-10-21 19:58:52+00:00,1583548392084738048,cuhaaaaaaaaa,And boleh recommend tak food sedap sedap area kelantan. Mana tahu esok bangun lapar,
2022-10-17 16:52:32+00:00,1582051950555586560,Roszillawatii,"Tengah tido tiba2 raso perut lapar dooh2, lapar cerok gini nok tido pun susoh last2 bangun makan untuk sahur lalu",Kelantan
2022-10-08 14:53:57+00:00,1578760618223763459,mohaearman,Lapar jugok sero 😅 cerok perut,
2022-10-08 13:55:33+00:00,1578745918798512129,fakhrullahirfan,Lapar 😭,"Selangor, Malaysia"
2022-10-07 07:03:20+00:00,1578279794466095104,fakhrullahirfan,Lapar lapar ni memang mengundang lah jawab dia,"Selangor, Malaysia"
2022-09-19 05:53:20+00:00,1571739196058144774,AwatifWardina,@henzpawit @RajaMohdShahrim Paka maso hidup jah maso takdok gak gomo laa weh mugo lamo doh lapar dok tgk ore sajo jah make 🤣,
2022-09-17 09:24:20+00:00,1571067520773423109,sentiasasendiri,Lapar hiburan. Hahahaha https://t.co/auiv7bIqic,
2022-09-14 03:29:37+00:00,1569891088374321153,apamm02,@syak02 @syed_sunan saya lapar la 🫢,"Pendek, Kelantan"
2022-09-07 04:06:47+00:00,1567363728471109633,mohaearman,Mengantuk tapi lapar,
2022-08-21 01:45:34+00:00,1561167596267122688,mohaearman,Lapar pastu mengantuk 🥹,
2022-08-20 15:22:31+00:00,1561010799857897474,Syukm_,Teringat pon sero lapar doh,Malaysia
2022-08-19 14:15:34+00:00,1560631562529476609,Rabiatu63233082,Nk burger ado ramennn cri mno msa nim dk lapar nim...,dinyatakan di malaysia👣
2022-08-16 13:43:02+00:00,1559536213442191360,mohaearman,Lapar tapi xde mknan plok 😑 burger plok sero ni.,
2022-08-15 15:13:22+00:00,1559196556045103105,izzatyhusna_,Aaa kenapa lapar aaaaa,Sendawa
2022-08-13 15:23:28+00:00,1558474324859711488,musoddiqzakaria,Lepas jam 11 nih Grabfood area KB jalan lagi tak?Ke semua dah kaput?Tetiba lapar pulak https://t.co/D12V8C8Qbc service dah offline 😔😔😔 https://t.co/YtM60mCJTX,Sepang
2022-08-07 05:01:22+00:00,1556143438198091777,Nadaazmin,Marah betul aku org parking dpn rumah blok kereta ni. Parking elok2 la ruang punya la bnyk. Nk jgk blok kereta org. Haih dah la tgh lapar😤😤😤,HomeSweetHome
2022-07-28 14:47:42+00:00,1552667117585313792,tqahdila,"Smpai rumah, trus cari makanan. Lapar","Pasir Mas, Kelantan"
2022-07-25 04:15:43+00:00,1551420911584440320,adlyzulkefly,@syedamiruledros Aku tgh lapar nau ni. Tgh cari lunch after court ni mmg sengsara,Semenanjung Malaysia
2022-07-24 02:27:47+00:00,1551031358751150080,crodagozaimas,"Late nite semalam gi DT sesorang bought DCB sebab lapar but end up tak leh nak makan coz tak lalu. This morning cuba nak habiskan but I'm sorry takat ni je bole pegi. I'm not gross, rite? https://t.co/rrLgs4HnPJ",United States
2022-07-17 01:59:37+00:00,1548487557478219776,ach_ik,"Dengan lapar nya, dengan nk opening nya lagi. Dan2 time nie jgk la water filter nk pecah! Gg",Malaysia
2022-07-14 12:17:02+00:00,1547555770686140417,idgafzlnie,nak makan tapi kenyang tapi macam lapar,
2022-07-14 02:58:57+00:00,1547415323552657408,Nadaazmin,@misscasiolrmy A'ah. Skrng kalau lapar cari nasi dulu xcari dah buah😁,HomeSweetHome
2022-07-14 02:56:22+00:00,1547414674580570112,Nadaazmin,"@misscasiolrmy Dlu konon2 nak diet xnak makan nasi tp makan buah, sekali dah habis sepiring buah makin lapar makin teruk craving ada la siap pakej gastrik lg😂😂😂. Skrng dah kurg sgt2 mkn buah gastrik pun kurg",HomeSweetHome
2022-07-04 13:30:53+00:00,1543950474747191296,fakhrullahirfan,Kejap kejap lapar kejap kejap lapar buke dio dah ni,"Selangor, Malaysia"
2022-07-03 08:25:38+00:00,1543511270452006912,adlyzulkefly,@ladymissazira Lapar pulak rasa bila tgok pic ni tgh2 drafting ni 😂😭,Semenanjung Malaysia
2022-07-03 06:50:44+00:00,1543487387451654146,syumietera,"Bila orang ingat duduk rumah ni senang je, haihhh. Baru siap makan lunch pukul 2.30pm td sedangkan siap masak pukul 1pm td. Tu pun mula masak pukul 10am. Sebab banyak berhenti sambung berhenti then sambung balik bila ada anak kecil ni. Nanti petang kang lapar balik 😂",
2022-07-02 09:48:30+00:00,1543169737072726016,Nadaazmin,Huhu apa ni lapar tapi loya semua makanan🤢,HomeSweetHome
2022-07-01 03:10:55+00:00,1542707294852378624,bearyblossom,"Rasa serabut bila anak tak nak makan langsung ni. Serabut sebab kita risaukan dia, pastu dia dengan nak menangisnya sebab lapar tapi tak nak makan.",
2022-06-30 13:31:26+00:00,1542501065094201345,fakhrullahirfan,Lakkk roadblock pulak dah. Aduhh lapar ni,"Selangor, Malaysia"
2022-06-23 18:20:08+00:00,1540037004007993344,latteandflower,Kenapa lapar pulak ni.. rase nak makan maggi 😵‍💫,🇲🇾🇰🇷
2022-06-20 15:52:06+00:00,1538912584476332033,solehkyo,Auto lapar bila menu mcm ni,"Perak, Malaysia"
2022-06-18 06:44:55+00:00,1538050107819454464,beratnananngg,Aduhh lapar kemainn tp dah 3 suap kenyanggg.  Terlebih sumbat kang muntahh. Perut dah penuh air cengginilah haaa,knowwhere
2022-06-12 15:01:40+00:00,1536000788861886467,biyha_k,"Still dlm labour room right after setel beranak aku nak masuk toilet basuh tubuh.. nurse follow..dia takut rebah. Tapi segan giler. Sakit tu tak rasa sebab dah cucuk ubat tahan sakit ape semua.. cuma rasa ringan melayang. Lapar, nak tidur..",
2022-06-10 07:29:35+00:00,1535162242152677376,wenkt,@Aku_Survivor Eh tak. Projek lapar je,"Kajang, Selangor"
2022-06-05 12:25:10+00:00,1533424689426538496,hxydo,dia kalau stress stress ni rasa lapar manjang tapi setiap kali makanan ada depan mata camtu je la,Malaysia
2022-06-04 13:02:06+00:00,1533071595488481280,izzatyhusna_,Lapar. Nak tido ke nak order burger hahaha,Sendawa
2022-06-04 04:51:33+00:00,1532948144551792640,mobijoe73,@bnjourchocolat Hahaha dan dan lapar. Pi la makan.,"Tok Uban, Kelantan"
2022-05-28 20:37:42+00:00,1530649538486161408,MuhammadIkhman,"Tapi hok sungguh, pecoh muko g kijo esok. Aaaa lapar nak tengok bola napok teh. Kaloh ugok. Muaheheheh",Malaysia
2022-05-28 04:42:03+00:00,1530409041696296966,najuwadin,8.30am dh breakfast sekarang dh lapar. Pantas betul laparnya,
2022-05-26 15:46:10+00:00,1529851395645394949,biyha_k,Lapar.. tapi kalau makan skang xleh tidur nanti,
2022-05-24 06:21:30+00:00,1528984514332340225,hanysyafiqah,lapar . kempis dah perut ni😂😂,
2022-05-23 09:46:12+00:00,1528673642087092224,hasyirahradzuan,Sekarang makan nasik sebungkus pun duk smeta lapar plak 😅.  Ni anak serap zat cepat ko rano. haha .,
2022-05-22 12:44:23+00:00,1528356096494440449,hanysyafiqah,lapar😖,
2022-05-18 13:40:07+00:00,1526920571417952256,adlyzulkefly,Muka lapar @tlyadeen 😂😆 https://t.co/D43W0Xbtyn,Semenanjung Malaysia
2022-05-10 14:36:03+00:00,1524035543625236480,salihah_potter,"Dia mcm lapar nk mkn..tp rse mcm xlalu nk mkn..hurmmmm🥺

Me already missing home, dad and tutty fruity😭🥹",
2022-05-10 00:26:26+00:00,1523821731080679424,Jiejoyass,"Saya punya lapar, makanan sampai terus makan 😆 know2 peyut dah kempis.. xde peyut da ☺️",Bachok Kelantan
2022-05-05 03:24:57+00:00,1522054718549540864,mirsykr,Lapar woii breakfast tk lgi,"Kota Bharu, Kelantan"
2022-05-04 15:29:50+00:00,1521874750175285248,NabilTaki92,Babi. Aku lapar lah sial,"Petaling, Selangor"
2022-05-04 11:20:06+00:00,1521811904054063104,rumianni,@rumpelstilts16 Haha emo tgh lapar,"Kuala Lumpur City, Kuala Lumpur Federal Territory"
2022-05-03 10:56:57+00:00,1521443691642355712,fakhrullahirfan,Lapar terox,"Selangor, Malaysia"
2022-04-26 09:28:54+00:00,1518884815507910656,BULAN___,@cahayamalina Dia x cukup tidur + lapar. Nangis laaa cerita diaa 🤣,"Tumpat, Kelantan"
2022-04-22 16:13:29+00:00,1517537080242733056,izzahsugar,"Period time sekolah dulu walaupun semua schoolmates perempuan pun still malu nak makan terbuka &amp; pergi makan sorok tempat lain kalau tak tahan lapar.

Wahai wanita muslimah semoga malu memelihara dirimu,moga adab sentiasa comes first &amp; show some respect kawan semuslim kita ✨",+2
2022-04-20 14:00:49+00:00,1516778917998252033,latteandflower,Berbuka dgn laksa lepas tu mula la start lapar 😆,🇲🇾🇰🇷
2022-03-26 17:10:52+00:00,1507767050626039808,arasfan,"1.10 am wat lapar, camana nk kurus..!","Kota Bharu, Kelantan"
2022-03-15 11:20:30+00:00,1503692611109863427,afeeqahsilmi,"@wshahidatulaina Benarr sekali, aku hok quarantine sefamily ni pon sekso. Biar blh berlegar dlm rumah pon. Sero sakit jugok sbb nok g beli payoh. Tapi nasib baik mok sedaro, jiran2 aku hntr makanan sokmo, biar xmintok pon 😂 bui jugok makanan takut lapar duk dumoh ni 🤣",Malaysia
2022-03-15 06:07:39+00:00,1503613879863021569,dreamyrabia,Macam macam la kalu sari toksaru tokleh ko lapar nasi,
2022-03-14 01:25:08+00:00,1503180394589409281,zelan315,Lapar nok kalah,Kuala Lumpur
2022-03-13 05:32:03+00:00,1502880145773776897,izzatyhusna_,Lapar tapi mual,Sendawa
2022-02-28 05:39:04+00:00,1498170868106625026,AzriYusainey,"dulu roomate aku christian, dia makan dalam bilik and bau makanan dia sedap gila, aku pulak tengah lapar, aku mintak la sikit dengan dia nak rasa, dia pun cakap ""woi mana boleh, ini babi panggang"" aku pun tergelak kat situ hahaha, kalau dia tak bagitau confirm aku dah ngap😂😂😂",I am what i've been through
2022-02-24 15:47:48+00:00,1496874511786188802,tihamn_,Lapar tapi tak larat nak bangun makan dah. Seluruh badan jadi letih sampai nak demam🤧,Malaysia
2022-02-16 13:10:14+00:00,1493935755248365569,izzatyhusna_,Lapar lah pulak hmm,Sendawa
2022-02-08 18:10:32+00:00,1491112226128039938,_aifa96,Takleh tidur terlampau lapar! 😭,"Kelantan, Malaysia"
2022-02-05 08:41:05+00:00,1489881753275670528,dear_shila,"Rehat sekejap je, lepastu rasa lapar. Turun pergi Arnold Cycling Cafe, bangunan depan hotel je. Menu tak banyak. Harga air dengan sandwich berpatutan. Tapi tu la, order air banyak yg takde😅 https://t.co/c0TUFw1jXB","Johore, Malaysia"
2022-02-02 05:53:11+00:00,1488752338450153475,fakrymirza,lapar 🥺,Penang
2022-02-01 15:56:56+00:00,1488541889116745736,iroarhh_,"Tadi sakit perut sampai takleh nak makan sesuap pun.. laani, sakit perut sebab lapar 🥲",malaysia
