Datetime,ID,Username,Text,Location
2023-03-30 15:39:48+00:00,1641465254885597184,assyratulbalqis,Mengantuk tapi lapar,"Kuantan, Pahang"
2023-03-30 03:38:54+00:00,1641283834380697600,fatinadhrah,Baru pukul 11.30 tapi dah lapar 😅 adoi la adik 3x awak susu since morning. Boleh tahan ke mak kau puasa sampai petang ni 😫,
2023-03-29 12:35:16+00:00,1641056428508209152,syamxd,Sedihnya🥺,"Kuantan, Pahang"
2023-03-28 09:32:54+00:00,1640648146022993920,luqmanakiim,sahur kurma dengan air boleh tahan lapar ya 🤣,"Kuantan, Pahang"
2023-03-22 06:41:29+00:00,1638430680123338752,Jijieapplepie,"Dh mkn nasi, pizza pstu lapar lagi 🤣 ap ke masalah btul","Pahang, Malaysia"
2023-03-22 00:27:30+00:00,1638336564811161600,Jijieapplepie,Mcm mna nk puasa eh klau stiap masa lapar 😵‍💫😣,"Pahang, Malaysia"
2023-03-09 13:21:17+00:00,1633820251002638337,Akmalomar951,Tiada pilihan untuk berdua atau sorg. Cuma ada pilihan kekal lapar or kenyang😪 https://t.co/1ULwKqZDCt,Pahang
2023-03-09 13:01:29+00:00,1633815268412760065,_theeeeee,"Penat tau ber""lapar"" ni tp sedar diri. Tahan je la malu https://t.co/49Y8CvCqsT",
2023-03-07 05:18:50+00:00,1632974062141190144,biviirliana,"Kalau lapar tak boleh bawak bincang, dah kenyang rasa nak muntah balik😂","Kuantan, Pahang"
2023-03-04 07:26:04+00:00,1631918919870222336,AizatSays,Cousin kenduri malam. Now baru akad nikah. Lapar dah ni. 🥹,Kuantan • Bangi 
2023-02-27 22:37:34+00:00,1630336365543182336,charshid__,sampai semalam terus pengsan ahahha lepas tu bangun this morning terus lapar 🥴,
2023-02-23 05:27:53+00:00,1628627686976524294,Amir4h4mir,"Makan protein bar je pagi tadi sebab tak jumpa roti yang nak dekat 7e

Lupa nak bawak lebih protein bar. Sekarang aku dah lapar 🥲",kuantan 
2023-02-22 08:53:43+00:00,1628317099092508672,farrasikin,Lapar.. @hfrlsham_ terlambat order kan makanan,   
2023-02-12 07:12:17+00:00,1624667694711869442,Amir4h4mir,"Bila menyusukan anak, aku tak cepat lapar tapi haus.",kuantan 
2023-02-09 19:55:33+00:00,1623772609681973249,nansofea,lapar je keje bosan aa asyik makan je tapi tak besar,capi
2023-02-05 09:42:07+00:00,1622168685774503936,Amir4h4mir,"Lapar . 
Nak something spicy tapi malas nak masak. How ?",kuantan 
2023-01-31 19:33:57+00:00,1620505686882021376,PitAbrhm,Lapar nugget Tp xde mood nk bangun g masak.,Kuala Lumpur
2023-01-29 12:59:14+00:00,1619681574408310784,farrasikin,"Lapar, sakit pinggang, mengantuk",   
2023-01-28 18:09:21+00:00,1619397229609123840,xmmxxr,"Macam menarik. Lepas ni boleh tapau je la. Seronok makan dekat rumah je 🤣

Tengah lapar ni semua nampak sedap. Aisshh!",UPM — Hiatus
2023-01-28 17:59:37+00:00,1619394780018135040,xmmxxr,"Lapar ni, last makan pun sekali dengan kucing tadi lepas asar kot. Sampai subuh nanti dah kena tapau makanan. Takleh skip tunggu lunch, gastric dah muncul balik. Hmm",UPM — Hiatus
2023-01-27 02:52:55+00:00,1618804217061466112,wmnaimm,"Lapar, tapi takde selera.. so macam mana",Konoha
2023-01-27 01:51:20+00:00,1618788717325586432,aneemanimii,Oh anyway i shouldnt be mad last night. teruknya perangai aneem kalau lapar 😤,
2023-01-26 21:27:56+00:00,1618722431744757760,farrasikin,Ape la pkl 5 pagi dh lapar em,   
2023-01-19 07:38:31+00:00,1615976985855164422,_ajpestcontrol,Lapar betul tikus ni smpai tray umpan pun dia bahan gigit. https://t.co/PvKiFuBYDp,Kuantan
2023-01-14 05:03:44+00:00,1614126093728124928,tqahdila,"Sebabkn xingt nak kluarkan lauk pagi tadi, lunch beli maknan lah. Dah xde sihat²nya. Lapar","Pasir Mas, Kelantan"
2023-01-13 07:26:47+00:00,1613799703988285440,AIIIIIIFFA_N,Lapar tapi tak selera. Macam mana tu 😂,Kuala Lumpur
2023-01-12 11:50:11+00:00,1613503606011097088,aimirosly___,Hm lapar la. Nak masak tapi tak larat pulak dengan sakitnya ni,
2023-01-11 19:20:52+00:00,1613254633534939138,mieyismail1,Lapar burger ramly malam malam nie,Malaysia
2023-01-07 15:29:37+00:00,1611746887216009218,_iaaqilah,Tak rilekssss lapar dia 😔,
2023-01-06 16:23:12+00:00,1611397985061208066,jihan_noh,Harini makan tak bagus. Pagi tadi lapar bile pegi makan nasi goreng tak nak pulak. Balik keje dah penat dah terlelap. Malam lak makan. Makan maggi lak tu. Sebaik letak enoki😌,"Melaka,Johor,Pahang"
2023-01-02 09:58:30+00:00,1609851618127917056,luqmanakiim,lapar,"Kuantan, Pahang"
2022-12-28 11:06:50+00:00,1608056875920297984,LelakiSukaCat,"KISAH SERAM LPT2

KETIKA sampai Di Jerteh ngam waktu Maghrib singgah Beli kebab Dan roti John, makan dalam Kereta dalam Perjalanan risau Adam lapar nanti..

Terus pecut ke Tol Kuala Terengganu LPT2, Hampir jam 9pm baru masuk Tol.. https://t.co/yPPEkfgGUW","Bandar Klang, Selangor"
2022-12-27 15:48:45+00:00,1607765436292272131,EdieKuantan,"Tak sabar nk tgk eSok #HatiTanpaRasa @creativeskill1 @iamredzarosli aka nid &amp; @schaelinnea aka kaisara. Scene last skli ,K mkn nasi goreng....lapar ak tgk dia mkn.","Kuantan, Pahang"
2022-12-23 03:56:15+00:00,1606136577888882688,xxmeaaa,Lapar,"Sabah, Malaysia"
2022-12-21 13:49:43+00:00,1605561151387062272,ellysaadriana,lapar and mengantuk ye 🥺,"Kuantan, Pahang"
2022-12-21 04:35:35+00:00,1605421702477152256,dinaerejudy,tertidur tadi tapi terjaga sebab lapar hahaha,"Cheras, Selangor"
2022-12-19 18:50:10+00:00,1604911989704495104,ainacapikaaa,aril bagitahu dia makan kepci tiber perut bunyi rasa lapar pulak lamanya tak makan kepci,"Kuantan, Pahang"
2022-12-18 00:41:05+00:00,1604275522061893634,HlmiHnfi,Sepanjang malam hujan. Nak mandi pun malas tapi lapar 😂,"Perlis, Malaysia"
2022-12-15 04:28:54+00:00,1603245690460983296,aneemanimii,Lapar nak mmpus ye,
2022-12-14 12:27:50+00:00,1603003830328823808,akakRichkuasa2,@sirsazly Tetiba lapar,
2022-12-13 16:11:11+00:00,1602697650675257344,dinaerejudy,duduk sini asyik lapar do balik rumah tido je tak banyak sangat membazir duit beli makanan. sini ya Allah asyik berjalan lapar,"Cheras, Selangor"
2022-12-08 12:46:47+00:00,1600834273036025857,Jijieapplepie,"First time lily tantrum sbb lapar. Slalu ad prepare makanan. Dh bg biskut dia, dia campak. Trus ngamuk 😩","Pahang, Malaysia"
2022-12-07 02:25:38+00:00,1600315566258286593,xxmeaaa,@aeziera lapar terus :(,"Sabah, Malaysia"
2022-12-04 06:14:57+00:00,1599286114019573760,syxxxli,Risau sbb tak makan satu hari smlm n harini still rasa tak lapar sampai aku sndiri yg pi makan even takde rasa lagi nk makan,"Selangor, Malaysia"
2022-11-30 13:34:52+00:00,1597947271731359744,xxmeaaa,malar jugak lapar ☹️,"Sabah, Malaysia"
2022-11-24 11:48:12+00:00,1595746101826568194,PitAbrhm,Malam je lapar. Lapar je malam. Hmm,Kuala Lumpur
2022-11-22 00:06:33+00:00,1594844749495963648,Jijieapplepie,"Betul. Rsenya presiden dia sorg je lapar nk join jd gov. Relax je tngok perubahan; klau bagus kita dpt rsa benefitnya, klau tk perform kita boleh sama2 jerit this is not gov we want. Brkhidmat lah demi rakyat","Pahang, Malaysia"
2022-11-20 14:43:13+00:00,1594340592040873984,xxmeaaa,LAPAR WOI😭,"Sabah, Malaysia"
2022-11-20 13:26:41+00:00,1594321332535463936,atinanuardi,Lapar,
2022-11-19 12:17:02+00:00,1593941417453551618,xxmeaaa,"migraine on off. mau termuntah, lapar. bodok","Sabah, Malaysia"
2022-11-18 16:59:16+00:00,1593650055923146752,AizatSays,Lapar. Adakah I patut grab Mcd di waktu 12:59 pagi ini?,Kuantan • Bangi 
2022-11-18 10:15:10+00:00,1593548360338001920,ainacapikaaa,effort lahni even ada kerja pun tlong hantar temankan kita pergi terminal naik bas belanja mcd pulaktu 3 ketul ayam dia cakap takut aku lapar dalam bas hahahah ❤️❤️❤️ https://t.co/dUjko6jKBK,"Kuantan, Pahang"
2022-11-16 07:10:37+00:00,1592777140294275072,arina_,Lapar,"Perak, Malaysia"
2022-11-15 09:28:46+00:00,1592449519522045952,xxmeaaa,lapar ni kan semua mau makan 🥲,"Sabah, Malaysia"
2022-11-12 14:54:08+00:00,1591444237870329857,hahawawa,Bila cuti mesti rasa nak membeli makanan padahal taklah lapar sangat. Tadi dah bayar foodpanda baru macam tak beli pun tak apa kot tapi dah terlewat hahaha.,
2022-11-09 15:51:47+00:00,1590371582991818752,Jijieapplepie,Penat main bowling lgi. Tp lapar tp malas masak malas kunyah malas telan. Tp lapar ☹️,"Pahang, Malaysia"
2022-10-31 09:32:35+00:00,1587014664130396160,anemqilah,Nak diet tp asyik lapar,
2022-10-31 02:08:59+00:00,1586903025276198912,daidanial,"Lapar katanya sebelum ke sekolah ajak singgah. (@ Restoran Aisyah Maju ( Nasi Kandar ) in Kuantan, Pahang) https://t.co/XexfYnymV5 https://t.co/JNRVf6LcVB","Kuantan, Pahang"
2022-10-29 09:17:32+00:00,1586286097214341121,arina_,Kalau dekat baling lapar time petang ceni confirm keluar beli tapi skrg dkt sini susah dah,"Perak, Malaysia"
2022-10-29 02:34:39+00:00,1586184710728085504,tqahdila,"Saya dilahirkan dalam keluarga kalau lelaki lambat smpai kat meja makan,kami makan ja dulu. Benda lapar xboleh nak tnggu, dah penat² masak🤣","Pasir Mas, Kelantan"
2022-10-28 09:11:27+00:00,1585922178490327040,arina_,Lapar,"Perak, Malaysia"
2022-10-25 13:39:26+00:00,1584902458832482304,AmaniXiaEr,@shhraramli Samalah kita. Senaman la kononnya malam2 pastu jadi lapar makan tengah malam pula. Hmm,"Kuantan, Pahang"
2022-10-21 03:00:45+00:00,1583292175839686657,Jijieapplepie,Try control weight this time. Klau tk seksa nk loss msa breastfeeding sbb lapar selalu 🤣 tp mgkn auto loss sbb kena kejar kakak lily yg dh dpt kaki 🥲,"Pahang, Malaysia"
2022-10-21 01:18:52+00:00,1583266537464418305,Jijieapplepie,Bangun pagi je lapar 🥲,"Pahang, Malaysia"
2022-10-15 08:36:23+00:00,1581202311950442496,Jijieapplepie,Cmne nk control weight ni. Tk mkn je lapar gila. Mkn sikit je berangin,"Pahang, Malaysia"
2022-10-06 14:28:48+00:00,1578029510553112576,shuadakhairudin,Malam-malam ni perut tak behave erk. Lapar lapar lapar,Kuantan
2022-10-04 07:57:37+00:00,1577206289066647553,Jijieapplepie,Lapar ni nk mkn nasi tp mcm segan nk mkn kul 4 dkt meja ni. Klau boss lalu cmne 🤣 tp lapar sgt ni,"Pahang, Malaysia"
2022-10-04 06:36:06+00:00,1577185775464067072,Jijieapplepie,Nangis kt ofis sbb lapar tp tktau nk order apa,"Pahang, Malaysia"
2022-09-29 23:10:20+00:00,1575624045508206593,mieyismail1,"Bila dah teekwjut dari tido tu ,hmm lapar pulak. Yelaa , last makan lepas asar semalam. Pastu tak makan apa apa",Malaysia
2022-09-28 00:47:32+00:00,1574923728353230850,Jijieapplepie,Patut la pagi je lapar gila. Pdhal hritu IF tnghari bru mkn ok je. Lily msih bf bila tido malam. So over tired skit badan. Asyik rse nk tido 😪,"Pahang, Malaysia"
2022-09-25 14:16:34+00:00,1574040164304769025,teachernndjw,lapar tapi dah tak larat dah nak bangun😑,
2022-09-24 10:38:13+00:00,1573622830096584704,tqahdila,"Sdih lah. Nasi masuk smut. G mcd ayam xde, redeem tak boleh. Kita nyo lapar. Pahtu bwak keto pulak. Meme sero nk tepuh je smua ats jalan ni","Pasir Mas, Kelantan"
2022-09-22 04:28:01+00:00,1572804888962412545,frdaushaharudin,@nuranisadila_ sedapnya lapar pulak,"Kuantan, Pahang"
2022-09-19 12:18:05+00:00,1571836020634664965,NikZulizmanFaez,"lapar (@ Restoran Mat Rock Kuantan in Kuantan, Pahang) https://t.co/SdusjQwgA9","Kuantan, Pahang"
2022-09-15 03:57:05+00:00,1570260389325320193,teachernndjw,lapar tapi tkleh kuar. 😭,
2022-09-10 12:42:09+00:00,1568580589196034051,NurhazirahZahri,"Keluar LPT, lapar. Suami crazing roti paye. try lah kedai dekat dgn rumah. Perhhhh sedapppp weh. selama 2tahun. Baru tahun sedap. Boleh repeat berkali-kali https://t.co/l1Xy8CrGob",
2022-09-08 07:42:49+00:00,1567780482468954113,Jijieapplepie,Lately asyik rse lapar sgt sbb Lily tngh having growth spurts kot. Dia asyik nk direct feed  the whole night 😵‍💫 lapar dn tk ckup tido 🧟‍♀️,"Pahang, Malaysia"
2022-08-27 19:02:20+00:00,1563602833223843840,manlipa_,Duduk dekat tempat orang ni mesti kena berlajar berdikari kau sakit ke lapar ke semuanya kau kena buat sendiri,ملاك
2022-08-27 02:50:05+00:00,1563358156834885640,teachernndjw,"kelas pukul 12. meetig masih on going. 
lapar 😭😭",
2022-08-17 13:32:19+00:00,1559895903099834369,aylanajwa_,lapar gila but idw to get out of bed,"Johore, Malaysia"
2022-08-16 08:40:02+00:00,1559459959837904896,aylanajwa_,sangat lapar….. and then masakan panas muk decided to close 🥹,"Johore, Malaysia"
2022-08-14 01:45:49+00:00,1558630942746365952,Jijieapplepie,Losing weight while breastfeeding ni susah 😩 sbb ko lapar yakmat 24/7. Asyik nk telan nasik. So mental gila. Tp mlas nk declare tngh on diet. So kita mcm main2 je.,"Pahang, Malaysia"
2022-08-13 12:52:26+00:00,1558436313522905089,ainacapikaaa,order shushi la lapar taktahu nak makan mende,"Kuantan, Pahang"
2022-08-12 13:41:56+00:00,1558086384765702144,arjunahashim,"Hare bayu, status buat lapar je 😤","kuantan,pahang,malaysia"
2022-08-10 11:50:09+00:00,1557333477799800832,Bellazaidey,@CloverApple18 Wehh lapar ke boss kau tu? Hahah,"Kuantan, Pahang"
2022-08-08 11:11:04+00:00,1556598866408919040,aylanajwa_,what the brain…. brain is literally a sucker for glucose…. this whole time im studying setiap masa rasa lapar!!!!!!!!!!,"Johore, Malaysia"
2022-08-07 09:52:43+00:00,1556216758624612352,aylanajwa_,lapar 😭😭,"Johore, Malaysia"
2022-08-07 08:15:26+00:00,1556192280004161536,_hfiza,aku lapar niii,"Negri Sembilan, Malaysia"
2022-08-07 07:08:04+00:00,1556175323456086016,aylanajwa_,LAPAR,"Johore, Malaysia"
2022-08-06 21:29:54+00:00,1556029825327853568,shuadakhairudin,Alhamdulillah. Semoga bertahan lapar dan dahaga harini 😂,Kuantan
2022-08-01 14:10:20+00:00,1554107265686597632,irfxnfxthi,Asyik lapar je 😂,Malaysia
2022-07-31 12:17:31+00:00,1553716486979481601,aylanajwa_,omg lapar gilaaa dari pagi tak makan papeeee,"Johore, Malaysia"
2022-07-31 08:27:29+00:00,1553658595484397568,aylanajwa_,lapar gilaaaa,"Johore, Malaysia"
2022-07-30 04:56:15+00:00,1553243048762417152,aylanajwa_,lapar…,"Johore, Malaysia"
2022-07-29 12:27:27+00:00,1552994208377872384,irfxnfxthi,Selalunya kalau waktu malam lapar ni makan apa yg sesuai untuk orang diet ?,Malaysia
2022-07-28 15:56:44+00:00,1552684489750368258,teachernndjw,"lapar nak muntah.
then beli makanan, makan 3 suap je.!🥵",
2022-07-28 15:35:05+00:00,1552679039743057922,sitisuhaidaksm,Nak nangislah jugek bila lapar tapi tak blh makan😩,27🤟🏽
2022-07-27 16:36:41+00:00,1552332154797199361,irfxnfxthi,Tak seronoklah waktu macam ni rasa lapar lagi.,Malaysia
2022-07-26 10:52:44+00:00,1551883210430156800,teachernndjw,lapar. penat.,
2022-07-24 07:47:35+00:00,1551111839693488129,meylinggg_,"Tadi kruk kruk lapar, bila nasi tak de selera pulak, adoi",
2022-07-23 20:39:24+00:00,1550943683926982656,amykuantan,Lapar berat ni,Stay Home
2022-07-23 08:22:56+00:00,1550758347330072577,nawarahyusof,Mengundang betul lah dia lapar lagi 🥴,"Kuantan, Pahang"
2022-07-23 07:58:14+00:00,1550752132126875648,sitisuhaidaksm,Lapar yang amat😂,27🤟🏽
2022-07-22 06:59:22+00:00,1550374929693941760,macpunks,"Hilang lapar, 
Cukuplah…","3.194875,101.626117"
2022-07-18 16:20:29+00:00,1549066587889549312,irfxnfxthi,Waktu macam ni lapar pula dah.,Malaysia
2022-07-16 16:04:04+00:00,1548337679418671109,irfxnfxthi,Waktu macam ni lapar pula dah.,Malaysia
2022-07-12 17:18:05+00:00,1546906754570924032,ainjuseyo,"Bila stay up ni satu je la kurang dia, lapar 😔",Malaysia
2022-07-11 23:36:51+00:00,1546639686982332416,irfxnfxthi,Kenapa rasa tiba tiba lapar sangat pagi ni ?,Malaysia
2022-07-11 15:14:29+00:00,1546513263177121794,ainjuseyo,Tak lapar pun tapi rasa nak makan something arghh,Malaysia
2022-07-11 11:38:31+00:00,1546458913805340673,BNerdy13,@EncikBGs I yang kedua. Tapi kalau lapar sangat boleh jadi yang pertama,"Kuantan, Pahang"
2022-07-06 18:06:17+00:00,1544744560307638272,irfxnfxthi,Hmm waktu macam ni pula dah lapar.,Malaysia
2022-07-02 11:14:48+00:00,1543191453563699200,SyafiqaSyeba,@syahrainnabila Eh sama riana pun bangun awal sebab lapar tadi haha,Malaysia
2022-06-29 08:43:18+00:00,1542066166688251904,xxmeaaa,Tiap ptg mesti lapar. Haih 🥲,"Sabah, Malaysia"
2022-06-26 18:30:35+00:00,1541126795331678209,saufi_txt,"Bagus je hadap mende2 mencabar tiap hari, asalkan kau improve something.. tapi tulah dah biasa elak masalah, kau tak perasan kau makin manja.. nak mengadu tapi sampai tak boleh beza antara meluah dgn lapar engagement.. saje2 buat hauk",Malacca
2022-06-23 17:38:38+00:00,1540026559880241153,aylanajwa_,LAPAR 😭,"Johore, Malaysia"
2022-06-21 15:03:10+00:00,1539262658293051392,aneemanimii,Kite dahlah lapar perhatian ni org pulak busy kerja hm rasa nak cedok 😭,
2022-06-19 11:26:41+00:00,1538483403275718661,xxmeaaa,Kepingin maggi but takut lapar nda makan nasi.,"Sabah, Malaysia"
2022-06-12 15:31:22+00:00,1536008263178694656,aylanajwa_,lapar,"Johore, Malaysia"
2022-06-12 11:06:47+00:00,1535941681304182784,sitisuhaidaksm,Apa masalah aku pon tak tahulah. Tadi makan tak habis sbb kenyang nie lapar balik,27🤟🏽
2022-06-12 06:39:32+00:00,1535874425723027456,aylanajwa_,lapar pulaaaa bau burger dorang niiiii HAHAHAHA siot,"Johore, Malaysia"
2022-06-08 17:02:23+00:00,1534581617276030976,aylanajwa_,lapar dan rasa nak tercabut kaki u,"Johore, Malaysia"
2022-06-08 00:45:49+00:00,1534335858618163200,teachernndjw,lapar. rasa nak makan aiskrim,
2022-06-08 00:04:41+00:00,1534325505486655488,nohfee,"Lapar. But first, lemme take a selfie. Agittuuhh 🫠 https://t.co/xhfjHJR6LJ",PJ
2022-06-04 02:39:49+00:00,1532914993628614656,NasYummy,Lapar 😩,"Johor Bahru, Johor"
2022-05-28 16:03:27+00:00,1530580521301966849,izaninashtasya,@ridaudinyasin Dappnye. Dah lapar balik 🥹,Malaysia
2022-05-20 04:48:20+00:00,1527511517071310848,xxmeaaa,lapar but kenyang. geddi?,"Sabah, Malaysia"
2022-05-18 20:58:46+00:00,1527030958662160384,ziqohhh,Asal 4pagi je lapar 🥲,"Sungai Buloh, Selangor"
2022-05-17 22:25:32+00:00,1526690407320473600,aylanajwa_,sesungguhnya… saya sangat lapar,"Johore, Malaysia"
2022-05-15 06:44:29+00:00,1525728811207528449,amykuantan,Takde open open ke harini? Lapar molek,Stay Home
2022-05-14 05:12:56+00:00,1525343381261471744,aylanajwa_,lapar ://,"Johore, Malaysia"
2022-05-13 01:19:27+00:00,1524922238394585088,ainacapikaaa,lapar sik gowengggg,"Kuantan, Pahang"
2022-05-11 14:11:54+00:00,1524391855902756865,_IMaya_,"tak tau laa .. harini .. kenapa ..

Rasa lapar .. Rasa sedeh ...","Pekan|Kuantan|KL, Malaysia"
2022-05-09 23:19:50+00:00,1523804969459412992,fahmizuhaidi,@WanZulWanHalim Pade level ore kg. Kedai kopi sudoh. Lapar nk tgk woyam laa,🇲🇾|🇪🇬
2022-05-06 17:17:26+00:00,1522626604798668800,Iraairara_,Sudah nya lapar. Pukul 1 apa yang bukak nya. 😩,"Kuantan, Pahang"
2022-05-06 01:10:17+00:00,1522383215092150272,noorshaheeraa,Lapar,
2022-04-30 22:29:32+00:00,1520530821693669376,cik_hanani,"Bukan bermusim. Kena berterusan. Makanan ni perkara asas rakyat. Bila lapar, tak cukup zat , ramai sakit . Kesihatan pun akan terbeban.",Pahang
2022-04-21 10:08:20+00:00,1517082802142937088,saufi_txt,"Muscle susut, lemak yg bertambah ni.. sebab bulan ni takde buat kerja berat sebab tak cepat lapar.. astu berbuka mcm setan",Malacca
2022-04-05 01:34:41+00:00,1511155329312391171,NasYummy,Tak lapar. Ngantuk je sbb tak dpt minum coffee masa clinic 🥺,"Johor Bahru, Johor"
2022-04-03 11:04:55+00:00,1510574059167567873,NasYummy,"Lapar ❌
Mengantuk ✅ https://t.co/21f9NqNutE","Johor Bahru, Johor"
2022-04-02 12:57:26+00:00,1510239987366723590,ainsufira,Touchdown kontan wkwkkw lapar woi,
2022-04-01 15:55:33+00:00,1509922425357889537,muslim_johari,@nisafarahana_ Lapar betul sa,
2022-03-29 11:23:51+00:00,1508766882689687553,kasezzaty,"I lapar (@ Pasar Malam Taman Indera Sempurna in Pekan, Pahang) https://t.co/8srYPwrAnw","Kuantan, Pahang"
2022-03-23 04:54:54+00:00,1506494676186054658,MohdHilmIsmail,"Saja tahan lapar dari KL, sebab nak makan dekat sini 😂 🍛 🍗 (@ Nasi Kukus Mama Outlet Gambang in Gambang, Pahang) https://t.co/QEuwjr0G7P https://t.co/v7VYXrfEUq",Malaysia
2022-03-20 18:22:42+00:00,1505610801109168128,Iraairara_,"Balik awal, tak boleh sleep, lapar, tengok video ramen, lapar, kempunan dan sekian.","Kuantan, Pahang"
2022-03-14 15:57:22+00:00,1503399898347057154,sitisuhaidaksm,Saya tersangat lapar😩,27🤟🏽
2022-03-08 12:59:26+00:00,1501180795800616961,teachernndjw,lapar sangat 😓😓😓,
2022-03-04 02:44:04+00:00,1499576379205353473,nasrulhafiz_,"Target diet macam Atkin ini untuk buat korang ambil kalori sedikit dalam masa sama tak lapar.
Tapi bg aku diet Atkin agak syadid nak amal.

Yang penting, waktu makan, makan. Waktu rehat, rehat.","Temerloh, Pahang"
2022-03-04 01:26:40+00:00,1499556901696475137,nasrulhafiz_,"Sama juga dengan naik berat. Kalau hari ni kita makan sikit da kenyang, bila kita ubah kuantiti makan kita, sebulan selapas itu makan sikit mesti akan rasa lapar. 

Sebab itu ujian di awal itu adalah penting untuk hari-hari mendatang.","Temerloh, Pahang"
2022-03-04 01:24:47+00:00,1499556429191163950,nasrulhafiz_,"Dari itu jugalah kita lihat kalau dulu kita makan sikit, kita akan rasa lapar. Tapi bila sebulan kita da tak rasa lapar even makan sikit. 

Kita sudah pun tukar kebiasaan kita. Otak akan dapat isyarat bila ada perubahan kalori pada satu-satu hari.","Temerloh, Pahang"
2022-03-04 01:22:26+00:00,1499555838390071303,nasrulhafiz_,"Lapar ni wujud bila satu hari tu, kalori intake kau kurang dari hari sebelum. Usus akan beri isyarat kepada otak yang kau kurang kalori, jadi otak ubah isyarat itu kepada lapar.

Sebab itu untuk turunkan berat, kau kena paksa kalori intake yang rendah pada permulaan diet.","Temerloh, Pahang"
2022-03-03 14:45:02+00:00,1499395431213989892,izaninashtasya,"Hmm tangan sakit, perut lapar, mata ngantuk",Malaysia
2022-02-28 00:40:07+00:00,1498095635438120960,nursarahannisa,Me : 24 jam = LAPAR 🙃,"Kuantan, Pahang"
2022-02-25 05:44:00+00:00,1497084947399843841,azieazmannnnnn,lepas +ve covid susu badan drop habis 😭 kesian baby mummy mula mula taktau kenapa la dia asyik meragam je taknak tido. dua hari dia camtu lepastu baru tahu rupanya lapar tak cukup susu 🥺,Malaysia
2022-02-19 17:56:43+00:00,1495095012421685248,blspdn,Asal lapar pagi buta je mesti terbayang maggie. Illuminium betul,"Kuantan, Pahang"
2022-02-15 06:30:37+00:00,1493472800874504192,SyafiqaSyeba,Lapar emmm,Malaysia
2022-02-11 14:45:13+00:00,1492147718122512396,NasYummy,Lapar lah. Tak sentuh anything from morning sbb malas. Skrg tengah tunggu burger. 😩,"Johor Bahru, Johor"
2022-02-11 05:44:38+00:00,1492011675771629568,nursarahannisa,"Lapar tapi loya.. nak masak tak larat tapi lapar.. masak tapi tak thu nak makan apa.. dah masak makan sikit membazir.. order fp kang mahal, makan sikit membazir juga 🥲🥲🥲","Kuantan, Pahang"
2022-02-08 14:21:21+00:00,1491054549742010370,ainbedah,Nak tido tapi lapar,Malaysia
2022-02-07 05:08:09+00:00,1490552941500985344,nadiahsyuhadaaa,Don't know why mummy's patin tempoyak extra sedap hari ni.....maybe lapar sangat kot🤣,MALAYSIA
2022-02-05 07:20:56+00:00,1489861584700665862,aneemanimii,Lapar rasa nak makan orang,
2022-02-03 17:19:54+00:00,1489287544537706497,Ain_shooter,Lapar at this hour 1.19am. Not funny at all 😥.,
2022-02-03 09:00:21+00:00,1489161827519184897,ridaudinyasin,lapar tapi mengantuk dan penat.  baru teringat harini cuma makan roti canai je tadi,"Kuantan, Pahang"
2022-02-01 00:18:19+00:00,1488305678817103873,HZMLRN,"I is lapar 🥲 (@ R&amp;R Perasing in Perasing, Terengganu) https://t.co/GNtWzhex4o",Johor Bahru
