Datetime,ID,Username,Text,Location
2023-03-30 06:02:29+00:00,1641319968502599681,errashahira_z,Sejenis lapar attention,"Alor Star, Kedah"
2023-03-30 05:47:59+00:00,1641316320892588032,_akmalarif,"Ya Allah!! Menyesal makan kek batik soq tadi!! Rasa lapar seharian nih
Dah la dengan suhu Temerloh 📈📈","Pendang, Kedah"
2023-03-29 04:13:29+00:00,1640930152187322368,nurullawatif,Hello @ShopeeMY ShopeeFood saya order makanan sejam lebih kena sidai dgn rider nk cancel order punya la susah cuba buat app berguna sikit contact rider pun tkdpt.Saya ni mengandung saya lapar nk makan sampai skrg makanan saya tkdapat jgn tetiba jap g tolak duit dlm acc saya pulak https://t.co/B6hgpInEfi,alor setar
2023-03-27 19:44:22+00:00,1640439638283415553,asyrafali2,gila apa time time mcm ni lapar roti canai 😅 nohhh luppp hang asyraf 🤣,"Jitra, Kedah"
2023-03-08 05:35:16+00:00,1633340585837752321,Dinidy90,"Ghrelin = hormon yang dikeluarkan pada perut yang memberikan isyarat rasa lapar pada otak.

Leptin = hormon yg dilepaskan drpd sel-sel lemak.. ia menyekat rasa lapar &amp; menghantar isyarat kenyang kpd otak.","Jitra, Kedah"
2023-03-03 12:47:10+00:00,1631637338471403520,Dinidy90,"Cara elak terlebih makan waktu mlm..

1. Snacking ptg never miss
2. Minum air kosong sebelum &amp; selepas dinner
3. If dah habis dinner tp still lapar, boleh snacking dgn buah

Mkn mlm bukan punca gemuk, tp mkn berlebihan yes punca gemuk 🥹","Jitra, Kedah"
2023-03-03 12:46:20+00:00,1631637127162396672,Dinidy90,"Sebab perlu elak makan lewat malam utk turun berat badan: 

1. Kalori intake yg berlebihan di siang hari
2. Kurang bersenam
3. Tak sesuai bg yg low body metabolism 

If still lapar after dinner, boleh snacking dgn buah atau protein bar.","Jitra, Kedah"
2023-03-03 10:11:19+00:00,1631598116926365699,nazmihalim_,"Lapar saje klau pergi utagha ni😂

#ASHM2023 https://t.co/I7GN6whtBP",Manchester United
2023-02-27 03:21:39+00:00,1630045470163894273,AZRILROZALI,"Dulu time kat office, time2 cmni dah lapar.. pergi cafe cari kuih, roti, cuma tu laaa tak puas makan.. time lunch masih makan bertambah2","Jitra, Kedah"
2023-02-26 02:09:43+00:00,1629664978071597056,dillanur_,"Puasa bukan sekadar kita menahan lapar &amp; dahaga, tapi sangat banyak kebaikan pada tubuh badan kita. 

Siapa kat sini yg selalu ambil peluang utk turunkan berat dalam bulan puasa? 🙋🏻‍♀️

Biasanya menjadi atau tidak? Jom share. ☺️","Jitra, Kedah"
2023-02-22 11:22:15+00:00,1628354479090446338,sama2lawa,Mostly sebab makanan. Lagi lagi kalau mmg tengah lapar 🥹,Malaysia
2023-02-13 03:12:44+00:00,1624969795253989376,aliaattirvh,"Malam semalam i cooked maggi for husband. Lapar tgh malam, and suddenly dia ckp ""babe, i think you patut buka kedai makan la"" and i tanya kenapa? Dia ckp ""you masak semua onz. Tk kurang tu tak lebih ni. Just nice. Act ni da 4x dia suruh i buka kedai makan.","Kedah, Malaysia"
2023-02-02 08:30:32+00:00,1621063506945794050,neyrashazeyra,Few days tak sihat. Today dah sihat sikit tetibe mcm lapar teruks. I want fooooodds,Malaysia
2023-02-01 04:49:12+00:00,1620645419591278592,cikfatihahahaha,Tadi dah breakfast tapi rasa lapar  mcm tak makan apa woo~,LGK
2023-01-26 12:43:18+00:00,1618590402189340672,neyrashazeyra,Bila lapar.... https://t.co/IhAIzYdzts,Malaysia
2023-01-26 11:27:25+00:00,1618571305900703745,neyrashazeyra,Lapar tapi mcm biasa malasnya turun nak pakai tudung and cardigan,Malaysia
2023-01-25 14:01:04+00:00,1618247582953930753,neyrashazeyra,Makan juga sebab lapar teruks https://t.co/BNvjZ9EaaJ,Malaysia
2023-01-25 13:01:43+00:00,1618232650648678401,neyrashazeyra,Lapar tapi malas nya nak pakai tudung turun ke dapur. So esok je la makan ahahah,Malaysia
2023-01-23 03:39:36+00:00,1617366412183625730,aliaattirvh,"Bila tak puasa, perut elok je tak rasa lapar or bunyi. Kene harini puasa, ttbe sakit perut, ttbe lapar, ttbe la semua. I is stress. Im gonna take a nap till zuhur. Just to skip time 😅","Kedah, Malaysia"
2023-01-23 02:45:57+00:00,1617352911163650049,neyrashazeyra,@wnn_tasha Aah. Hahahaha kalau kurang lapar amek thin crust trus ahhahab,Malaysia
2022-12-26 12:25:19+00:00,1607351853087592448,Amighuding,Macam lapar tapi takpe kita buat teh je,"Kuala Lumpur City, Kuala Lumpur Federal Territory"
2022-12-23 02:14:26+00:00,1606110953971453953,FarrahWahida_,"harini tadak kenduri ke eh, lapar nasi kemduri lg yg kemarin lauk tak sedap😅😂😂",Malaysia
2022-12-22 11:24:23+00:00,1605886967769714688,Amighuding,Tapi dah lapar,"Kuala Lumpur City, Kuala Lumpur Federal Territory"
2022-12-18 12:41:33+00:00,1604456833078669312,JAMILABAKAR1,"@DBPMalaysia Ikan gelama digulai lemak,
Santap bersama di pinggan Ayan,
Kalau lapar jangan ditanggung,
Bekal juadah usahlah lapar,
Laut mana yang tak berombak,
Bumi mana yang tak ditimpa hujan,
Pasangkan layar sediakan payung,
Kita redah usahlah gentar... 💪🤩😎","Pendang, Kedah"
2022-12-18 12:41:20+00:00,1604456780419207169,JAMILABAKAR1,"Ikan gelama digulai lemak,
Santap bersama di pinggan Ayan,
Kalau lapar jangan ditanggung,
Bekal juadah usahlah lapar,
Laut mana yang tak berombak,
Bumi mana yang tak ditimpa hujan,
Pasangkan layar sediakan payung,
Kita redah usahlah gentar... 💪🤩😎","Pendang, Kedah"
2022-12-14 13:20:39+00:00,1603017122246197252,DikMie,Lapar Vila,Seri Kembangan
2022-12-08 15:55:52+00:00,1600881856135991302,NurEzziatiAmira,Dah baring dah siap tarik selimut... Then lapar and sakit kepala. So here I am eating ayam goreng alone in the kitchen hahahhahah.,KEDAH
2022-12-01 16:58:35+00:00,1598360927728197637,neyrashazeyra,Tetibe lapar sebab rupanya ni je Aku dinner tadi ahhaha https://t.co/IEIjFd7c4j,Malaysia
2022-11-29 13:12:19+00:00,1597579207147950080,DikMie,Masih lapar,Seri Kembangan
2022-11-29 09:20:37+00:00,1597520900848766976,Axsyah_,Adakah saya lapar,"Losong, Terengganu"
2022-11-28 23:44:59+00:00,1597376036110422016,neyrashazeyra,"Tengok channel iChang pagi2 ni buat Aku lapar. Teringinnya kacang pool, Asam pedas &amp; laksa johor",Malaysia
2022-11-26 13:55:16+00:00,1596502852964618242,FatinieNorzali,Aku baru ja keluar makan dengan mak aku makan charkuetiaw sejam yang lepas. Now aku dah lapar balik and teringin nak makan satay ayam. I really need my husband 🙃,"Alor Star, Kedah"
2022-11-15 15:23:04+00:00,1592538684548853760,syfazliana,Sesungguhnya saya sangat lapar. Laki aku nak p beli aku takmau. Nak dia beli tapi takmau dia keluar tinggai aku aku nak ikut jugak. Nak keluaq sama2 anak lena dah. Dilema betoi 😖,"Perlis, Malaysia"
2022-11-08 02:19:14+00:00,1589804708147126272,AteeeeenR,Dia punya tahap lapar sampai terbau nasi goreng makan dalam kereta semalam 😂 Aaa sedapnya laparnya 😩,
2022-10-26 06:53:13+00:00,1585162616913420288,fakhrulkentang,"my baby girl ni dia bagi warning kalau lapar bukan dengan menangis yaa,dia buat bunyi mulut mcm tengah sucking something 🤣 aku pulak yang tido tak lena sebab baby jenis tak nangis.","Jitra, Kedah"
2022-10-19 17:13:31+00:00,1582782004932009986,EhPatenn,Pagi buta duk lapar 🤦🏻‍♀️,Kedah 
2022-10-12 08:28:12+00:00,1580113091630886912,eycahhhhfuad,"Nasib orang tanya je tidak memang lupa nak makan, japgi tengah malam baru lapar nak makan itu ini",malaysian
2022-10-08 17:17:41+00:00,1578796785874587649,neyrashazeyra,Kenapa Aku lapar ni,Malaysia
2022-10-04 03:28:03+00:00,1577138451912151040,Axsyah_,Serabut gk noh lapar duit org ni,"Losong, Terengganu"
2022-09-20 05:32:27+00:00,1572096330385989637,QeeDragon,Ngko lapar ke nyahhhhhhh 😭😭😭😭,
2022-09-12 15:31:42+00:00,1569348031061041158,FiezAly,makanan kena cedok depan mata  bulus konon nya baru lagi 🤷🏾kalau kibbles yang tak suka tu dia rendam dalam bekas minum dia sampai kembang.. kadang sanggup mogok lapar dari makanan yang tak sedap🤦🏽‍♂️,"Kedah, Malaysia"
2022-09-10 10:44:05+00:00,1568550874838093825,KhahirulM,lapar nasik https://t.co/MJuNWrwACm,"Alor Star, Kedah"
2022-09-06 17:29:10+00:00,1567203267377262592,maimunahburn,Lapar ➡️ tgk video mukbang ➡️sambung lapar lagi,Malaysia
2022-09-05 17:20:37+00:00,1566838728039219205,EwanSyazwan,Td dah makan and now lapar lagi 😩,"Langkawi, Kedah"
2022-08-21 22:00:28+00:00,1561473333295624194,syfazliana,"Bangun awal, lapar awal. Lupa beli roti spare 😫","Perlis, Malaysia"
2022-08-14 04:08:17+00:00,1558666795212423168,aiensyamsul,@Mulut_Cabai Byk tu 😅 kalau satay besar tak lebih 5 kalau kecik boleh gak sampai 10 tapi kena betul2 lapar 🤣,Malaysia
2022-08-05 07:29:08+00:00,1555455853062303745,ricorinaldi,"Hai orang kedah 👋🏽 macam mana nak cakap ‘saya lapar, mana makan sedap kat sini?’ 😫",Kuala Lumpur
2022-07-25 13:42:23+00:00,1551563513810026497,MannJusteen,Ape dinner best kat Alor Setaq ni. Penat.. lapar plak tu https://t.co/RQ0AbId2Ss,United Kingdom
2022-07-25 06:27:56+00:00,1551454182372024323,safwanashadi,"My abah be like....

Abah : pukul 2 dah ni tak rasa lapar lagi ka?

Aku (muka lapar) : lapar, lapar gila.

Abah : bukan duk tanya mu, tanya kambing kambing aku ni tak lapar lagi ka? 

Aku (dalam hati) : aiee rembat kambing jual kut 😂","Kedah, Malaysia"
2022-07-21 20:50:58+00:00,1550221822821511168,syfazliana,Pukul 4 dia dah tendang2 lapar. Awal lagi dikkkk. Makcik nasik lemak pun baru dok mengeliat nak bangun masak 😩,"Perlis, Malaysia"
2022-07-15 03:41:46+00:00,1547788487730302976,eycahhhhfuad,Tak cukup tidur pening kepala harap tak muntah la perut tengah lapar ni,malaysian
2022-07-12 06:16:57+00:00,1546740375284436993,afizulmalek,"Ibu berupaya kuat agar kau tak merasa lapar, namun ayahmu lah yang mengajarimu agar kau tak kelaparan lagi, tanpa kau fahami...

Ibu menggendongmu (dengan memelukmu) di dada, namun ayahmu menggendongmu di punggungnya, tanpa kau perhatikan...",
2022-07-05 15:03:04+00:00,1544336062457454597,eycahhhhfuad,Tadi lapar sangat bila dah masak tak lalu pulak susahnya bela hang esahh,malaysian
2022-07-05 06:02:30+00:00,1544200026498273280,Akmxlllll,bagitau lapar je terus ayang belikan makanan 😭 hm rasa bersalah AAAAA,"Kubang Pasu, Kedah"
2022-07-02 16:55:48+00:00,1543277270823215104,hdyhlatif,Hmm mcm lapar tapi kena diett 🫠 Rasa nak makannnn tapi dh minum susu 🥹 Sabarrrrr,"Alor Star, Kedah"
2022-06-28 15:56:31+00:00,1541812797553508352,eycahhhhfuad,Sebab perut asyik lapar je lastly buat coco crunch dengan susu,malaysian
2022-06-21 13:33:51+00:00,1539240179038310401,nickmiraa,lapar tahap apa niiiiiiiiiiii?!!,
2022-06-11 16:49:48+00:00,1535665613024030722,eycahhhhfuad,Lapar tapi tak nak makan 🥱,malaysian
2022-05-31 10:43:54+00:00,1531587267659468801,eycahhhhfuad,Hujan2 ni lapar saja mulut tak berenti mengunyah,malaysian
2022-05-31 07:16:24+00:00,1531535046519099394,SyazaAufa,"Duduk rumah ni actually bagus sebab, lagi kurang kita bersocial lagi kurang la gossip sbb lagi kita kurang tahu cerita pasal orang. HAHAHAHAHA tapi kadang lapar nak bergossip tapi takde geng 🥲",
2022-05-28 14:38:40+00:00,1530559182201831424,eycahhhhfuad,Dari pagi bangun asyik gerak2 je perut ni lapar sangat ke awak 😂,malaysian
2022-05-26 11:06:25+00:00,1529780992084389888,60999_O,lapar tuna bun,"Johor Bahru, Kedah"
2022-05-23 08:51:35+00:00,1528659898380132352,anass_nabell,"Lapar MyLaksa, dekat sini ada dekat Aman Central jaaa malas ah nakpi","Alor Star, Kedah"
2022-05-15 07:23:39+00:00,1525738664202207232,EwanSyazwan,Im hungry tp decided to tahan lapar for cili kampung tonight. I nak makan dengan sepuas puasnya bersama apple juice asam boi ❤️,"Langkawi, Kedah"
2022-05-15 06:14:53+00:00,1525721362186539011,eycahhhhfuad,Menunggu orang untuk makan sekali lagi rasa lapar,malaysian
2022-05-09 14:55:10+00:00,1523677965921693701,Cheq_Huda,"@puterabulan37 Elehhh kalau lapar pun still behaved okeh..😎 Tak baik marah2 , makanan orang jangan buat hal..😂","Kedah, Malaysia"
2022-05-09 14:18:04+00:00,1523668630814466050,inasazays,weh nadhir ni beli nasi ka masak nasi lapar 😭,"Kedah, Malaysia"
2022-05-08 11:05:16+00:00,1523257721222426624,Cheq_Huda,@rosnita_nyuin Alhamdulillah sedappp..😋 Lelagi tengah lapar..🤭,"Kedah, Malaysia"
2022-05-04 17:35:55+00:00,1521906483071397888,nekosxfx_,"Singgah 7E sbb dia buka 24jam. Lapar, bagi kenyang, rehat sat, pastu tidoq. https://t.co/kiDAjlRWdb",Celestia
2022-05-04 00:24:14+00:00,1521646849257472001,Black_3309,Raya ke3 dh lapar sikmak..😆😆 https://t.co/2O4NUzcEaC,
2022-04-29 15:06:44+00:00,1520056997273804801,AinaaZulkefle,tiber lapar,
2022-04-29 05:24:45+00:00,1519910538322780160,itsmesyakirin,Bila kau dah kenyang tapi kau kena acah2 lapar dan penat..hahahaha,"Perlis, Malaysia"
2022-04-15 04:42:05+00:00,1514826371302051842,eycahhhhfuad,Kalau dilayannya termenung lagi lapar,malaysian
2022-04-15 03:09:12+00:00,1514802997620277253,izzzat26,Aik baru pukul 11 dah lapar 😣,KUL-KBR
2022-04-12 09:22:25+00:00,1513809754665066499,izzahkhaleda,@kyrahalya NAK KETAWA! TAPI TGH PUASA🥺 NAK KETAWA! TAPI TENGAH MENAHAN LAPAR DN DAHAGA!😂😂😂🖐🏼,"Me, myself & I🖤"
2022-04-08 22:24:09+00:00,1512556934804619265,eycahhhhfuad,Perut ni kalau lapar kuat betul dia menendang. Dah suap makan tahu pulak diam suruh gerak pun tak nak gerak. 😅,malaysian
2022-04-04 14:39:54+00:00,1510990550719434754,eycahhhhfuad,Tadi lepas magrib dah kenyang ni nampak cucur badak tiba2 lapar. Perangaiii...,malaysian
2022-04-04 02:06:40+00:00,1510800992799170564,DzaLittleGarage,Boleh berbuka tak? Bukan lapar pun tapi penat semacam. HB low ke? 🤔😓 Tapi sayang nak batal posa 😭,"ÜT: 3.1574492,101.5935515"
2022-03-25 05:04:14+00:00,1507221800035696646,shieldfx,lapar nasi kenduri aii,"Jitra, Kedah"
2022-03-24 08:58:07+00:00,1506918271140139008,shieldfx,adik depan ni awat lapar penampar 🙄,"Jitra, Kedah"
2022-03-23 01:02:39+00:00,1506436228681695235,aliaattirvh,Pagi2 da lapar nasi. Sbb smlm 1 hari tk makan nasi. Pkl 9am da buat ayam berlado,"Kedah, Malaysia"
2022-03-19 17:28:40+00:00,1505234813925556228,neyrashazeyra,@heyhudz @brgsjks Kebetulan tgh lapar.,Malaysia
2022-03-10 14:58:01+00:00,1501935411702415363,ikxmalnordins,"Lenguhnyaaaaa drive tetiba teringat video ayang drive i penat. Lapar, nak makan.",
2022-02-22 10:37:54+00:00,1496071745434189825,acap_raz,Bkn rajin sangat nk menyinggah ni tp dah lapar benti beli pau ja 🤤 https://t.co/Xw9SBBKgXj,kedahan ✌ single 
2022-02-20 16:49:50+00:00,1495440569035755520,syahida_95,lepas makan masih lapar 🙊,"Langkawi, Kedah"
2022-02-16 16:12:16+00:00,1493981562685194242,Wafa_Fairuzzaki,Anak mummy lapar but i cannot eat anything 😭 sorry sayang,AOR
2022-02-08 08:27:22+00:00,1490965466290221062,HaziqSulaiman7,Normal ke kalau duk hostel asyik lapar je 🥲,"Alexandria, Egypt"
2022-02-08 01:48:18+00:00,1490865036403044353,shieldfx,tadak orang berkahwin kaa lapar nasi kenduri,"Jitra, Kedah"
