Datetime,ID,Username,Text,Location
2023-03-28 20:02:02+00:00,1640806474560716800,MR_FBI_,Bangon2 dh lapar😂hmm hah.. jap pukul 5 hahaha aku makn lagi ..🤪,"Damansara, Selangor"
2023-03-23 14:01:56+00:00,1638903912370675712,yentheeb40,@arxxxxmand This is why uols lapar pukul 8!!!,Melaka
2023-03-15 04:11:27+00:00,1635856207947890688,beadsbysebbie,"@SyahidahDarmawi I seeeeee. Sbb family i jenis berbuka kuih2 je, lepas terawih baru dinner nasi, sebab tu sahur tu belum lapar. Tahun ni plan berbuka nak berbuka dgn nasi pulak, tp tgk la nanti terawih cemana dah kenyang tu 🤣🤣",Melaka
2023-03-11 15:51:07+00:00,1634582733166104577,musalmantoya_,sakit perut tapi lapar. nak makan tapi takut perut bertambah sakit. lemau siak macam ni. pocai dah berapa peket aku telan. adehhh,"Bandar Melaka, Malacca"
2023-03-11 14:47:20+00:00,1634566683405991936,wannnurazlin,"All and all it looks good. But on the side note of today's story;
1) Penat driving and menunggu
2) Duit minyak tak balik modal
3) Sampai melaka ja perut terus lapar balik 🙃",Malaysia
2023-03-09 13:20:51+00:00,1633820141065756675,anafarhanah15,Punyalah busy dengan kerja sampaikan nak rasa lapar pun tak sempat,Batu Pahat Johor 
2023-03-09 06:49:46+00:00,1633721720908681218,bergnsfw,"@emeir_faizal Kau lapar tak? Aku lapar la, dia macam tiba tiba rasa nak makan",Planet Namek
2023-03-08 10:24:22+00:00,1633413341472505856,harithnin,@lady_bugg11 Tetiba aku pun lapar burger. Jahat kau @lady_bugg11,Malaysia
2023-03-01 09:51:18+00:00,1630868305648160768,SashaAzman,Laparnya. Tiap jam lapar 🫠,JHR 
2023-02-27 17:56:53+00:00,1630265731140165632,mznxxnxx,2 pagi kau lapar ye nana 😭😭😭 huaa!,Kuala Lumpur Federal Territory
2023-02-27 07:49:40+00:00,1630112917554368512,noraaalee,Takkan lupa kawan2 yang selalu belanja aku makan eventho aku tak pernah cakap pun tengah sesak takda duit. Ada yang siap suruh aku makan makanan diorang sebab konon diorang kenyang and makanan banyak sangat. So haritu aku takda laa lapar sebab dah makan. 🥲🥲 Thanks sangat2.,"Malacca, Malaysia"
2023-02-25 07:12:42+00:00,1629378839578292225,SahiraIzhar_,Saya dah lapar ni jangan nak menyanyi lagi,MLK 
2023-02-23 13:37:51+00:00,1628750991255556097,kacamata25,Lapar la tapi takde selera nak makan,"Bandar Melaka, Malacca"
2023-02-22 15:08:15+00:00,1628411351524859906,SahiraIzhar_,"Selalu waktu macam ni aku da tidur , tapi sekarang aku lapar hm",MLK 
2023-02-22 09:23:12+00:00,1628324518170337280,najeeha_9,@najihahshahrel Nangis sebab penat &amp; lapar sangat. Pastu dah pukul 10 malam nak order foodpanda.. yang sampai tak sedap.. nangis lagi 🥹😭,
2023-02-21 01:55:16+00:00,1627849405364842496,noraaalee,"Mimpi boleh ada bau ke? Sebab teringat mimpi malam tadi lapar sangat dalam mimpi tu nak makan, pergi dapur tengok ada lempeng tp dh kena tuang sos cili tapi bau sos tu kuat sangat so tak jadi nak makan. Pastu ni teringat eh mimpi boleh ada bau ke?","Malacca, Malaysia"
2023-02-18 13:38:01+00:00,1626939094055141379,Rashiidee,Aku sumpah lapar nasi dengan lauk mak masak weh. Barai gila duduk hospital ni,Muar
2023-02-16 16:33:50+00:00,1626258561272811520,musalmantoya_,lapar.,"Bandar Melaka, Malacca"
2023-02-16 14:32:32+00:00,1626228035296051200,sakkawaiii,"lapar tapi tokse makan, gane tuuuu",
2023-02-14 17:31:50+00:00,1625548382541594624,nrlathrhaqlhh,Lapar la should i beli maggi kat lobby tapi 😫 ala dh pukul 1 makan maggi,Malaysia
2023-02-11 05:45:49+00:00,1624283546709024769,Faris111,Makanan paling sedap ialah waktu perut tengah lapar.,"Kuala Lumpur City, Kuala Lumpu"
2023-02-09 05:01:14+00:00,1623547548404449281,ashlyntpw96,I lapar &amp; mengantukk 😫😫,"Bandar Melaka, Malacca"
2023-02-08 09:59:39+00:00,1623260258633416704,yentheeb40,Kenapa aku lapar tengok TLOU ni? Those fungus kat kepala looks edible. https://t.co/xHQjPTXLav,Melaka
2023-02-06 16:15:46+00:00,1622630136830103552,sitiaminahdaud_,Memalam gini lapar maggie pulak hm,"JOHOR BAHRU , MALAYSIA"
2023-02-05 11:20:18+00:00,1622193392938799104,inursyamiza,"Aku x sihat dan aku bertugas di asrama. Tghari td makan bubur housemate orderkan(thanks Zati😘). Ptg bangun, lapar, order grab food. Buka makanan terus HILANV SELERA! Ayam kecik 2 ketul(satu leher ayam), beserta pakej TELUR LALAT! Last2 aku makan lauk DM je https://t.co/OZAeztLT4Y",Selangor
2023-02-05 05:43:25+00:00,1622108614579351553,Reenzky,"Nak makan asam pedas pak man sekali beratur panjang sampai ke luar. Kita try asam pedas berkat lah tgok mcmana. Sis lapar nasi, ada asam pedas or tak, tak kisah😂",
2023-02-01 12:51:28+00:00,1620766786445770754,Nrnnbdlh_,lepas muntah td sekarang terasa lapar pupakk😫,muar
2023-02-01 11:34:55+00:00,1620747521726504962,kacamata25,Hm DH marah marah mcmni lapar pulak,"Bandar Melaka, Malacca"
2023-02-01 04:27:13+00:00,1620639884888375296,SahiraIzhar_,Lagi setengah jam nak lunch . Aku dah lapar ni emmmmm,MLK 
2023-01-28 16:03:59+00:00,1619365682474528769,musalmantoya_,lapar teruk.,"Bandar Melaka, Malacca"
2023-01-27 08:31:30+00:00,1618889421532856323,thqtqf,Lapar lepas mandi ni macam em,
2023-01-26 23:03:03+00:00,1618746366339186689,DAzzirah93,Nak tidur malam jer mesti perut meragam.. lapar laa cramp laa.. ntah lah😫,Sabah - Shah Alam
2023-01-26 16:07:55+00:00,1618641896129318913,kacamata25,Tido awal sbb Elak lapar tgh mlm Kang pastu now dh terjaga SBB lapar😫😭😭😭,"Bandar Melaka, Malacca"
2023-01-24 15:11:18+00:00,1617902873643454466,SashaAzman,Takut tgk selera makan sendiri skrg. Lapar 24/7. Sehari berkali2 makan. Harap berat tak naik byk 😭,JHR 
2023-01-18 17:20:39+00:00,1615761097788919809,sirapsejuk1,Lapar laa pulakkk😩 1:20am,"Kedah, Malaysia"
2023-01-17 11:20:19+00:00,1615308028257144834,mastikaamalek,Rasa cam nk puasa esokkk tapi cam skang tgah cepat lapar asyikkk nk cari makanan jeeeer,Negeri Sembilan
2023-01-16 01:46:51+00:00,1614801321940615168,HanimNsr,Baca berita pasal baby meninggal dkt taska. Sbb kecuaian org lain. Sedihnya. Terus pandang anak. Mcm mana lah pelaku boleh sampai nak bunuh. Baby kot 😭😭 nangis sbb lapar susu pun dh luluh hati dgr. Allahuakbar,
2023-01-15 00:55:38+00:00,1614426043544408066,mohamadzamanii1,@doeeyeskook wasalam..lapar xmkn agar2 nina..hehe,"Malacca, Malaysia"
2023-01-14 04:10:24+00:00,1614112672584433664,nrlathrhaqlhh,Menyampah aku la bab lapar ni buat main,Malaysia
2023-01-12 14:32:35+00:00,1613544473279213569,musalmantoya_,lapar..,"Bandar Melaka, Malacca"
2023-01-12 03:27:34+00:00,1613377118217601024,sayakeli,Lapar. Tapi lemak dah banyak,"seri manjung,perak"
2023-01-11 23:16:50+00:00,1613314019749941250,Catheliadarcia,"Tanyalah ustaz
Ustaz kata
Kat syurga, makan bukan kerana lapar tapi kerana nikmat keseronokan
Kat dunia, makan kerana lapar
So
I think kat dunia nim I kenalah tahan nafsu makan
Simpan untuk makan kat akhirat dalam syurga boleh?","Kuala Terengganu, Terengganu"
2023-01-07 22:59:26+00:00,1611860088775659526,zuezamiah,Hari ni kita duduk rumah je ok . Jangan keluar . Kalau lapar mcm mana . Duduk je rumah 😂😂😂,
2023-01-04 23:56:35+00:00,1610787306902024192,AizatMuhammadY,Ini memang buka peluang untuk drama pagi.. “takpa meen makan la dadi boleh tahan lapar” ceyyyy tengah hari foodpanda jugekk,
2023-01-03 11:26:39+00:00,1610236191202488321,afqoh_,Lapar pun bolehhh emosi alahhh alahhh,
2023-01-01 00:33:18+00:00,1609346994493095936,deeda_uk,Yesss.. i bersalin hospital ade bg makanan tapi tak pantang compliance tp sbb lapar teruk makan ja lah..,Kuala Lumpur City
2022-12-31 04:37:20+00:00,1609046020167700482,dirikuboneka,Bosan pulak harini. Lapar tapi mls nak keluar cari makan,"Muar, Johor"
2022-12-29 00:32:19+00:00,1608259584334131200,faezahana,"Done easy run for 60’

Semput after 5 days duduk rumah tokmak yang senantiasa with food . Takdan lapar dah kena makan lagi dan lagi. 

😌😌😌 https://t.co/ncMDhsEeMf",Kuala Lumpur City
2022-12-27 12:25:45+00:00,1607714348675522560,_eykaajalil,Lapar tapi nak makan apa,Durian daun malacca
2022-12-26 14:45:40+00:00,1607387175016071169,nemophilist_xx,"Nak makan, lapar. Tapi sebab malas nak gosok gigi lagi",The Balkans 
2022-12-26 11:41:55+00:00,1607340931220639744,1knskn,aku siktaukla time pregnant mun lapar sikit pun nya mcm kebulur gilak rasa. mcmni ku nak ganti puasa cmtok🥹,"Malacca, Malaysia"
2022-12-26 11:41:20+00:00,1607340783027490818,1knskn,"sbb semalam aku tidur2 ayam then kena scam dgn laki bangun awal pagi tadi now mengantuk af, tapi sikpat tido sbb lapar","Malacca, Malaysia"
2022-12-24 01:52:51+00:00,1606467910863818753,Qynnn_,Sampai dh and damn lapar gila tp x mau mkn mkn sorg 🥲,Kuala Lumpur City
2022-12-23 13:02:52+00:00,1606274140289130496,SahiraIzhar_,"Setiap kali makanan ni lalu memang auto lapar eh ! Huargh sedapnyaaa 

📌Operations Hour : 12PM - 10PM
📍Waze : Ashhryshoshedap
☎️ Booking &amp; inquiries : https://t.co/y9J4gcviKF

#ashhryshoshedap https://t.co/c8oknMwmex",MLK 
2022-12-23 09:30:45+00:00,1606220757171838980,Arajaraj50,"Rmai btl org kat Mlka ni, adoi jam dlm kota bukan kat highway.. Lpas mkn ni tak ada lah nk kluar2.. Bsk aja trus gi work.. Kalau lapar order Grab or kalau ada yg dekat hotel walking distance.. https://t.co/EkghJ8bkyV",Damansara
2022-12-22 15:22:22+00:00,1605946857271824392,megataidil__,"Lapar nya (@ Mama Seafood Restaurant in Malacca, Melaka) https://t.co/F7JzvKBAza","Malacca, Malaysia"
2022-12-22 07:53:11+00:00,1605833816341327872,r_yussairi,Hidup ni simple bila lapar makan.. 🫥🫥,Cheras Kuala Lumpur
2022-12-20 17:42:19+00:00,1605257302306459649,WatashiJr,Lapar tp xde duit lak 🤣🤣,"Johore, Malaysia"
2022-12-20 05:15:05+00:00,1605069252087533568,kacamata25,Dh lapar gileee Nasi pulak lambat masak haih,"Bandar Melaka, Malacca"
2022-12-19 10:49:58+00:00,1604791143694467072,yentheeb40,Musim2 sejuk ni aku kalau lapar jenis kebulur payah nak tahan tau.,Melaka
2022-12-14 23:05:03+00:00,1603164194572230656,frahnad,Ngantok lapar hahaha,
2022-12-09 09:51:55+00:00,1601152653312266241,Rashiidee,Cikgu aku dulu rileks je. Takda lah over camni. Paling teruk pun dia cakap “ kan dah ajar. Takkan dah lupa” ada lah sekali camtu. JPJ sekali terus pass. Ini over sebab nak buat content. Lapar nak viral je,Muar
2022-12-07 01:17:06+00:00,1600298319355740160,mohamadzamanii1,"@mzsja hehe..klu lapar,nasi tlur kicap pun nmpk sedap kn.","Malacca, Malaysia"
2022-12-06 13:38:22+00:00,1600122478503686144,kacamata25,Baru senam sikit terus Rasa lapar😂,"Bandar Melaka, Malacca"
2022-12-04 09:44:47+00:00,1599338920646672385,adrnleonhart,lapar nak mampos jangan sampai aku makan ko,ljy
2022-12-01 20:01:19+00:00,1598406912445648896,acapjohari_,@IeshamRx Lapar gak,Malaysia
2022-12-01 15:14:27+00:00,1598334718118092800,ainnnsuraya,Lupakan je la isu lapar. Mata suh move on ni.. Takleh kompromi dah.,"Malacca, Malaysia"
2022-12-01 15:08:56+00:00,1598333331095310336,ainnnsuraya,Lapar pulek.......,"Malacca, Malaysia"
2022-11-30 01:52:16+00:00,1597770456597409792,Epoolz_,"@FateenNajwaa @silentkillerrr9 @ahy9610 @onlygood_1234 Saya tak tahu pape, saya baru bangun tido dan sekarang saya nak buat nasi goreng....saya lapar...yang lain perlu tahu nie.👀","Malacca, Malaysia"
2022-11-27 01:16:47+00:00,1596674361259589632,din_mesjid,@a_apitt Ghisauuuu nnt dia lapar lagi,"Kelang, Selangor"
2022-11-19 06:34:12+00:00,1593855142293430272,SahiraIzhar_,@OwToTheZie Orang perempuan kan . Dalam menyanyi kejapan ubah mood marah sebab lapar 😂,MLK 
2022-11-18 17:03:48+00:00,1593651197990567936,NeddYz,1.03 dan saya lapar 😅,PUBLIKA
2022-11-18 11:08:20+00:00,1593561741350563840,capt040797,"Sebelum mengundi pastikan sarapan dulu. 

Nanti lapar.","Bandar Sunway, PJ"
2022-11-16 21:37:18+00:00,1592995248992841728,LiezaHassan_,Lapar gila. Jangan sampai aku drive thru mcd je ni pukul 6 pagi 😭😭,Johore.MY
2022-11-13 17:20:45+00:00,1591843520918474753,nunurohas,@nayijaf IYE WEH 😭😭😭 padahal satu apa pun tak makan tapi tak lapar langsung mungkin sebab kenyang tengok mereka hsjsjshshs,
2022-11-11 18:58:31+00:00,1591143351927341057,mznxxnxx,Pkul 3pagi kau lapar ye nana ☹️ pejadahlah haiiiii,Kuala Lumpur Federal Territory
2022-11-09 22:44:05+00:00,1590475339842871296,_paraghhh,Tak kelakar tapi tu lah sedang lapar,"Cheras, Selangor"
2022-11-09 05:25:28+00:00,1590213966143553538,aiman_hakimmm,"Senang je jadi yang berhormat, kalau lapar order jew, seratus lebih tu apa lah sangat kan.","Bukit Piatu, Malacca"
2022-11-07 16:54:28+00:00,1589662580649635841,megatyusuff,darii pagii sekarang baruu rasa lapar 🤘🏻 https://t.co/NDIUSQzmvt,"Bandar Melaka, Malacca"
2022-11-07 16:45:39+00:00,1589660361879609345,namasayalyna,Banyak muntah sampai lembik and lapar. Nak makan rasa bersalah nanti mok lak 🥹,"Kuala Lumpur Federal Territory, Malaysia"
2022-11-07 13:43:51+00:00,1589614609602084864,MariatiSalleh,"@ConfessTweetMY For my girl, bfast, lunch, dinner at least rm15 sehari. Kalau brunch + dinner, rm12-13. Kdg2 utk jimat dia share seekor ikan/ayam besar dgn  roommate.  So dpt save rm2-5 sehari.  Mlm2 kalau lapar supper dgn roti / sekut. In total ktnya btwn rm300-400 sebln",
2022-11-07 02:37:27+00:00,1589446905041649665,amirahrohizad1,"Bila mini pantry tepi meja je, senang lapar, nak kunyah2 amik je.🤣🤣 https://t.co/jtvLeDqHCw","Muar, Johor"
2022-11-05 08:36:23+00:00,1588812460706115586,RaulAziz,Lapar je duk sini. Makan bnyk kali pun still lapar.. sb apa?? Sb dia pnya Portion makan tu sikit .. 😢,"Bandar Melaka, Malacca"
2022-11-04 15:36:34+00:00,1588555811361472512,kacamata25,Lapar,"Bandar Melaka, Malacca"
2022-11-04 02:31:50+00:00,1588358327926665217,yentheeb40,Semalam aku tertumpah air kelapa muda kat kereta. Dah keluarkan karpet apa semua and harini masuk expect bau busuk tapi sekali bau cheezy wedges and buatkankan aku lapar. Wth is happening!!,Melaka
2022-11-02 06:50:47+00:00,1587698719759118336,honeyarinaamran,@SudinBudiman Lapar je control je makan sikit hahaha minum air banyak,"Jasin, Melaka"
2022-11-02 05:15:53+00:00,1587674838986297345,noraaalee,Time lunch je tak tangkap gambar sebab lapar sangat. 😅 Sarapan roti 2 keping je mana cukup wehh. 🤣,"Malacca, Malaysia"
2022-10-27 10:24:11+00:00,1585578098200018945,aiman_hakimmm,Lapar mart,"Bukit Piatu, Malacca"
2022-10-25 08:03:23+00:00,1584817887512236032,farahSham92,Ya Allah angkat lah phone tu Vani!!! Dah lah tengah lapar ni 😭😭😭 Nak rant dkt Gyn pon tak boleh sbb dia tgh vacation. Haha stress ya 🫥,Malaysia
2022-10-24 14:22:55+00:00,1584551011645292545,afiqbarbarique,Tq temankan I . Saya lapar ~ https://t.co/ii648mrQGL,"Masjid Tanah , Melaka"
2022-10-24 09:20:35+00:00,1584474928375828480,hqjqr62,Lapar dan jem tak gerak 🥲,PM - KL
2022-10-24 08:30:15+00:00,1584462262386860032,daniel58716804,Perempuan kalau lapar be like cari pasal🤔 lapar carik makanan bukan carik pasal,
2022-10-24 04:14:14+00:00,1584397833251147777,MariatiSalleh,"@Riyshanuha @SyedAkramin Ms anak bongsu, ddk wad sampai anak 6 hr, mkn apa yg diberi (ada susu dan biskut&amp; roti bila.lapar). Mmg x pantang apa pun nurse x bg. pg n ptg pegi susukan anak. Last day sblm dischg bentan. Balik terus sapu param n pilis, baru rasa panas satu bdn!",
2022-10-22 10:03:24+00:00,1583760927580884992,ferraemellya,Lapar lah. Dkt melaka ni taktahu mana kedai yg sedap 😂,klang selangor
2022-10-21 08:16:40+00:00,1583371677970272256,megataidil__,"Lapar nya 🫶🏻🤍 (@ OldTown White Coffee in Malacca, Melaka) https://t.co/7ypgp62YK5","Malacca, Malaysia"
2022-10-20 23:26:13+00:00,1583238187161616384,lizzywzi,lapar nak duduk,sleep
2022-10-20 08:09:10+00:00,1583007402966011905,HanimNsr,"Bf baby ni mmg cpt sgt lapar ke? Aku baru je makan tgh hari nasi. Heavy meal kot. Skrg kol 4 lapar mcm tak makan nasi..

Aku mkn nasi byk kotttt.. adehhh",
2022-10-19 06:16:24+00:00,1582616638624772098,sn_farahan,Pahal lapar ngat ni mcm pose 2 hari kat padang pasir 🧩,Malaysia
2022-10-16 02:56:59+00:00,1581479286548021251,musalmantoya_,lapar tapi malas keluarrrrr,"Bandar Melaka, Malacca"
2022-10-14 15:18:30+00:00,1580941122100432898,sikenit_d,Lapar nyaaa,Singapore
2022-10-10 12:43:58+00:00,1579452680287948800,haiqal96,Lapar? Teringin Asam Pedas? Tak tahu nak makan mana? Kita terus pergi Melaka hahahahaha apa susah 🤣,
2022-10-09 15:02:03+00:00,1579125040360337409,mohamadzamanii1,"@nabillaxnamjoon xda kaitan ye..hujan,lapar..mkn megi pecah tlur..bkn nk namjoon.","Malacca, Malaysia"
2022-10-09 14:14:06+00:00,1579112975306084353,r_yussairi,Lapar nya. Takda partner nak ajak teman haihhhh,Cheras Kuala Lumpur
2022-10-08 13:42:26+00:00,1578742620456882176,r_yussairi,Lapar kepsi,Cheras Kuala Lumpur
2022-10-07 11:26:39+00:00,1578346060182827008,IzzzTheGreat,Dah cabut gigi ni terus rasa lapar manjang. Tapi tk boleh main bedal je makan selagi tak betul2 baik luka,Kuala Lumpur
2022-10-07 06:00:11+00:00,1578263900667416576,neesasodirman,I lapar giler aaaaaa,
2022-10-06 17:51:46+00:00,1578080590544326656,musalmantoya_,lapar tapi kena sabar.,"Bandar Melaka, Malacca"
2022-10-04 13:37:00+00:00,1577291697851363328,xhaiex,Lapar gila,Genting Highland
2022-10-03 13:59:57+00:00,1576935088881020928,mohamadzamanii1,@mimiemoniie sini dh brenti..yg tinggal hnya lapar.,"Malacca, Malaysia"
2022-10-03 10:47:39+00:00,1576886694837899264,namasayalyna,Lapar nak makan burger. Semalam dah drive jauh2 sekali burger tutup. Kalau harini dia tutup jugak camane 😭,"Kuala Lumpur Federal Territory, Malaysia"
2022-09-29 15:53:33+00:00,1575514124355706880,afqazt,Sebab tu bagus je tengah hari time lunch buat tidur cuma lapar jelah sebab lunch hour kita sekejap. Power nap membantu kita fokus untuk bakian jam kita bekerja. Itu aku lah.,SAC 
2022-09-29 14:23:02+00:00,1575491346189930499,shammyzzz,lapar tapi malas nak keluar makan,KUL-BKI
2022-09-27 14:57:08+00:00,1574775152327688193,fiedahussain,Lapar tapi kena sabar,
2022-09-27 03:29:56+00:00,1574602212411461632,SahiraIzhar_,@kaitozenta I kennot tahan . Lapar nok hahahahgaa,MLK 
2022-09-25 14:21:22+00:00,1574041374009176064,kacamata25,Dahlla lapar pastu sendu pulak.,"Bandar Melaka, Malacca"
2022-09-25 13:16:39+00:00,1574025088781135873,kacamata25,Hm lapar,"Bandar Melaka, Malacca"
2022-09-25 06:48:24+00:00,1573927382246838272,fhmiazz,"Saya hari ni memang lapar, apak dia ah. Lapau makan le anat.","Malacca, Malaysia"
2022-09-25 05:48:34+00:00,1573912325026873344,apengdaniel,"Lapar (@ R&amp;R Ayer Keroh (North Bound) in Malacca, Melaka) https://t.co/2nI1NHHDnR",Putrajaya
2022-09-19 19:34:15+00:00,1571945787613138944,mznxxnxx,330am hujan + lapar.,Kuala Lumpur Federal Territory
2022-09-19 08:09:17+00:00,1571773407230042113,HanimNsr,"Kisah ringkas. Makan kol 3 td. Makan nasi &amp; ikan goreng, kicap &amp; cili potong. Makan pun serupa lipas kudong sbb anak kejap2 bangun. Now, kol 4. LAPAR BALIK. 😅",
2022-09-18 16:11:14+00:00,1571532306460069888,megatyusuff,lapar tapi nak diet ... adoii,"Bandar Melaka, Malacca"
2022-09-17 08:13:30+00:00,1571049692842323969,faezahana,"Untuk ke seratus kali

When takdan lapar, isi lagi ya perut nya https://t.co/LNPfgYthlr",Kuala Lumpur City
2022-09-16 09:02:56+00:00,1570699748775976960,FathiJalil,"Lapar la pula (@ Marrybrown in Bukit Gambir, Johor) https://t.co/BMFjN6b1an https://t.co/42tmPnzK9J",Tanjong Karang ⬅️➡️ Shah Alam
2022-09-14 19:48:40+00:00,1570137475611525125,diana_najihah,"@izzatiraz Kau ni bodo ke ? Uncle tu cari duit rezeki untuk anak bini dia. Kau tolong la rasa kesian sikit. Kau pun bebal pkai motor nape bende bole pakai kereta. Kau nak salahkan uncle tu, pasal rm3 pun jd hal ke bodo 🥲😭 KAU KUAJA BODOOHHHH DENGAN ORANG TUA ! LAPAR DUIT KE ?","Alor Gajah, Melaka"
2022-09-14 14:02:48+00:00,1570050434626355200,kacamata25,Lapar pulak,"Bandar Melaka, Malacca"
2022-09-13 06:31:56+00:00,1569574581752709121,lyqman_,Lapar siot,Stewjon
2022-09-12 17:17:16+00:00,1569374596478173185,amzaryomar,"Me : mie please la aku tgk leak jela lama sgt
Emi: jangan sabar skit lagi..
Me: kita dah balik thailand x tayang2 lagi ni sabar..
//other context ( puasa)
Me : mie lapar doe . Aku berbuka ar lama sgt ni.
Emi: ikut kau la. 

😆  that my buddies hahaha","Bandar Melaka, Malacca"
2022-09-12 12:18:01+00:00,1569299291524710400,lollipopkertas,"solusi lapar
-tido",
2022-09-08 13:45:38+00:00,1567871788259885057,KifliMally,"Throwback lepak dengan baby miyaz 👶🏻 di tambah pulak dengan karenah si baby kutip 🐱

Baby miyaz ni anak yang baik jarang sekali nak dengar dia meragam unless dia lapar @ Malacca City https://t.co/msmWoeKfig",Permaisuri cheras
2022-09-07 08:50:42+00:00,1567435178720501760,ibuumardanlilo,"Lapar 😮‍💨🥲 (@ Mohd Chan By The Garden in Ayer Keroh, Malacca) https://t.co/q9URsVI0ji https://t.co/XU6zPkfw6a",Kuala Lumpur
2022-09-07 03:57:38+00:00,1567361426540625920,khairullmunir,@snajvl Ouhh last mkn 8.30 semalam ya... setakat ni okay je ya tak rasa lapar..,Malacca
2022-09-06 14:14:26+00:00,1567154257811623937,Nrnnbdlh_,"ak call angah, cakap lapar, lepastu tibe2 busu call nk hntr metabak😌.. nasiblah ad adik beradik yg ambil berat pasal aku lg.. 🥹 ni rasa baik aku stay rumah mak aku dr ak duduk rumah sewa sini 🤔",muar
2022-09-06 14:12:30+00:00,1567153772975226881,Nrnnbdlh_,"abg ipar bg upah jaga anak dia. niat nk g la belanja mkn tomyam td, tp apakan daya, ada laki, laki pun tknk ckp ngn kite. dia pun tak hiraukan aku lapar ke tak, penting lg phone dia dari ak rasanya😂 sudahnya order burger kat grab🤣",muar
2022-09-04 09:13:17+00:00,1566353695121772547,aaasyikinnasir,lapar pulakkk.. tadi takut nak makan banyak perut meragam,"Temerloh, Pahang"
2022-09-01 05:41:23+00:00,1565213208256073728,kacamata25,I'm always lapar nak mampus,"Bandar Melaka, Malacca"
2022-08-28 05:17:05+00:00,1563757539275116549,amzaryomar,Lapar seyh,"Bandar Melaka, Malacca"
2022-08-28 03:57:58+00:00,1563737628972707841,musalmantoya_,lapar geng.,"Bandar Melaka, Malacca"
2022-08-26 13:24:35+00:00,1563155446395183110,irishayang,lapar pulak,"Malacca, Malaysia"
2022-08-25 12:37:33+00:00,1562781225705930757,megataidil__,"Lapar nya, jom dinner 💛 (@ Restoran Sri Cindai in Melaka) https://t.co/1CpbTurFH5","Malacca, Malaysia"
2022-08-22 20:41:49+00:00,1561815928500658176,BalqissAbdullah,@muuurmaid Cik pun awalnye bangun. Lapar jugak ye 🥹,Malaysia
2022-08-22 20:32:47+00:00,1561813655926108160,BalqissAbdullah,Bangun terlalu pagi kerana terlalu lapar 🥲,Malaysia
2022-08-22 04:45:25+00:00,1561575243541774337,mohamadzamanii1,"@ftnwhdchdrs linda lapar,tu sbb xdpt bfkir dgn waras.","Malacca, Malaysia"
2022-08-20 17:51:30+00:00,1561048294050058240,syuhadahjep,Dia lapar malam² cenggini. Aku pun terjebak. Dah aku terbuat untuk aku sekali😂😂 https://t.co/Q8uZCze4pq,
2022-08-20 05:25:15+00:00,1560860490703962113,moshie_mosh,"Yup... Bila orang cerita anak dia tido lena berjam jam. Aku fikir gak tak lapar ke budak tu? Sbb masa adam, Dr &amp; nurse pesan, kejutkan dia dgn cara tepuk pipi guna jari utk bagi susu. Risau dehydration. https://t.co/rgUCwjpn0w",Rasa|kemaman|kajang|muar
2022-08-18 05:35:23+00:00,1560138265289560064,ammr94nnn00,Ok so sebenarnye….. aku lapar,Malaysia-Boston
2022-08-17 19:06:38+00:00,1559980036136267776,_paraghhh,Babi lah tgh lapar scroll feed asik keluar ads mcd je ni,"Cheras, Selangor"
2022-08-17 18:36:08+00:00,1559972360932904960,musalmantoya_,bila dah tidur awal tapi terjaga ni auto lapar. malas betul nak keluar cari makan.,"Bandar Melaka, Malacca"
2022-08-17 18:17:25+00:00,1559967649542467584,_paraghhh,Lapar genk,"Cheras, Selangor"
2022-08-17 15:19:44+00:00,1559922934151467008,ammr94nnn00,Lapar la. Maggi ke maggi? https://t.co/g4eF4XXkoN,Malaysia-Boston
2022-08-15 16:51:08+00:00,1559221163498557441,irishayang,haihhhh aku tengah lapar tau sekarang ni,"Malacca, Malaysia"
2022-08-14 14:40:43+00:00,1558825954411429888,fiedahussain,Bencinya bila lapar time macamni,
2022-08-13 18:34:53+00:00,1558522497456373761,amiraaaz_,"Semua sedap tak sure lapar ke apa tapi mmg sedap ah (@ Restoran Hadramawt Riverfront in Malacca, Melaka) https://t.co/Kbj67cnBeC https://t.co/5Tw0gUkxSt",
2022-08-13 09:17:40+00:00,1558382265717047296,faezahana,@kakalees Alhamdulillah.. takpe makan2 dlu💪🏻💪🏻 memang sampai atas tu auto lapar,Kuala Lumpur City
2022-08-07 05:21:10+00:00,1556148424185384960,namasayalyna,Kecewa dengan diri sendiri sebab selalu lapar,"Kuala Lumpur Federal Territory, Malaysia"
2022-08-06 12:28:16+00:00,1555893519235313664,hafizal_jai,Baru ptg td pkol 5 lebih makan mee udang. Ni pkol 8 lebih makan nasi plak. Perut takde laa lapar lagi tp kenapa nafsu makan ni.. 🙂,"Selangor, Malaysia"
2022-08-03 09:49:59+00:00,1554766523058728960,ct_nurulain,"Skrg perasan baby aktif dlm pukul 10 camtu. Baru nampak dia kick. Maybe dia lapar sbb mama dia still blm breakfast. Pastu gigih nak record. Tp bila record, sekali je dia kick. Kesian dada dia asyik tak nampak je..",JOHOR
2022-08-02 17:21:42+00:00,1554517812773003265,Pikarcoy,"Lapar bah tiba tiba 

#Tweetdarijohor","Kota Batam, Kepulauan Riau"
2022-07-30 16:16:12+00:00,1553414164743237632,mznxxnxx,Waktu2 gini kau lapar. Xbuat main eh dia punya lapar. Boleh xlelap kalau xdpt makan nie 😑,Kuala Lumpur Federal Territory
2022-07-30 02:34:00+00:00,1553207252273602560,MariatiSalleh,"@shamsul__kamal Hahahaha ya... Yg i selalu lupa, lunch, esp in btwn classes. Hbs kelas, solat, pastu siap2 cek itu ini, lupa ke kafe, tau2 msk kelas blk, ehh knp lapar? Upah std pegi belikan roti 😝😝",
2022-07-28 00:52:40+00:00,1552456974897655808,FarAwayss_,haah la aku baru perasan bila refresh twitter kluar bunyi burunggggg HAHAHAHA CUTE !!! mcm perut aku tngh lapar …,"Melbourne, Victoria"
2022-07-27 17:56:59+00:00,1552352364900020224,FarAwayss_,baru bangun at 1.30am.. bangun bangun terus lapar 😲😵‍💫,"Melbourne, Victoria"
2022-07-27 12:53:33+00:00,1552276002406993921,naqibazmann,Lapar sampai muntah air.,"Muar, Johor"
2022-07-27 12:06:16+00:00,1552264103648907264,HanimNsr,@terataicempaka Hahaha betul rasa lapar ni 😂 tp skrg ni nak makan.. tak tau nak makan apa.. tp lapar.. tak ke complicated tu hahaha 😂,
2022-07-27 11:59:46+00:00,1552262469015416833,HanimNsr,Pagi td mkn biskut. Kol 230 td makan nasi + asam pedas. Kol 7 td mintak laki tapau kerabu megi.. skrg… LAPAR LAGI.. agak agak kalau ckp nak makan lg kena cepuk tak? 😂,
2022-07-27 05:11:21+00:00,1552159687935938560,robani_ahmad,"Perkerja datang awal, jujur, rajin, amanah, tkde tipu, tk boleh pergi tandas kena tahan buang air kecil/besar, tk boleh santai lagi, tk boleh makan, tiada berehat dan tk boleh duduk sampai habis kerja 😭😭🥀Rasa lapar dan nak makan. Kena puasa dulu sampai habis kerja.","Muar, Johor"
2022-07-26 06:27:14+00:00,1551816393955627008,fadjallll,sedap juge lapar lapar dapat creamy butter chicken mcd 🤗,"Toronto, Ontario"
2022-07-22 18:04:58+00:00,1550542432852275200,ammr94nnn00,Bunyi Twitter refresh ni mcm bunyi cacing dlm perut time aku lapar,Malaysia-Boston
2022-07-21 11:00:36+00:00,1550073248364503040,paktarm,"Restoran Nasi Lemak Panas
Restoran Jejantas Ayer Keroh
E2 Lebuhraya Utara Selatan
#Melaka

harga nasi lemak ini RM 15.00

tidak pasti murah atau mahal

kerana lapar, ianya habis dimakan 😂

@plus2u 
@LLMinfotrafik 
@MOWorks 
@PetraJayaMP 
@KsuMoworks https://t.co/OtquafnNGo",Malaysia
2022-07-21 04:45:45+00:00,1549978914642358275,haneef90,Wakakakakakaka. Refresh twitter ada bunyi perut lapar. LoL,"Melaka, Malaysia.ʕ•̬͡•ʔ"
2022-07-19 10:19:22+00:00,1549338098664099840,maigolleri,"Semalam petang goremg cempedak, harini goreng jemput ikan bilis. Aku takleh ah kalau start kerja baru mesti asyik lapar macam bela saka 🫠",
2022-07-18 11:44:47+00:00,1548997203867291648,syuhadahjep,"Birthday untuk suami aku haritu. Orang lain celebrate kat hotel, kat tepi sungai, tempat romantik. Aku pulak bawak dia pi makan kat kedai korea😂😂😂 Yang penting makanan licin. 😂😂 Mesti staff situ ingat kteorg lapar. https://t.co/HbFXPqVG6N",
2022-07-18 04:03:23+00:00,1548881092739940354,saufi_txt,Ahli sidang dah start lapar tu tu yg garing tetiba,Malacca
2022-07-15 13:45:51+00:00,1547940509129523200,irishayang,dah gosok gigi lapar pulak haih apa benda ni,"Malacca, Malaysia"
2022-07-13 05:54:38+00:00,1547097150181453824,Epoolz_,Lapar!!!!,"Malacca, Malaysia"
2022-07-12 03:46:11+00:00,1546702434810363904,fiedahussain,Tak main main lapar dia,
2022-07-06 17:13:03+00:00,1544731162593185798,nysajennerr,Skarang aku dh confuse nasi aku tadi basi ke elok ahhhh😩lapar sgt tak perasan pun😭,🇲🇾
2022-07-06 06:11:10+00:00,1544564592621555712,ansamr_,NGANTUKNYAAA MAKAN NASI TGH HARI NIII. KALAU TAK MAKAN LAPAR PULAAAA,Malaysia
2022-07-05 14:57:52+00:00,1544334754656333824,amzaryomar,Lapar :/ tapi,"Bandar Melaka, Malacca"
2022-07-02 13:46:19+00:00,1543229584489193472,HanimNsr,Tadi last makan kol 4. Makan nasi. Kol 7 td makan buah. Skrg lapar lagi 😅,
2022-06-24 16:27:14+00:00,1540370977217196032,amzaryomar,Awak lapar ke sakit kepala ni ?,"Bandar Melaka, Malacca"
2022-06-23 12:44:57+00:00,1539952650552508419,Epoolz_,"Seharian,
Memenatkan,
Letih,
Lapar,
Malam,
Rehat,
Tidur..

Esok nak mulakan rutin yang sama lagi....","Malacca, Malaysia"
2022-06-23 08:31:36+00:00,1539888891955924992,nysajennerr,@maqsufff Dia memang kerap ii lapar ghisau bethol,🇲🇾
2022-06-23 01:07:23+00:00,1539777101603033088,saufi_txt,@kuaciiiiii Dah kenapa kau bha lapar skalipun jgn mkn gam,Malacca
2022-06-22 16:19:59+00:00,1539644375621283840,saufi_txt,Dah mula lapar waknut,Malacca
2022-06-21 08:22:07+00:00,1539161731012100096,maigolleri,Okay done for today. Nak sambung berhibernasi. Lapar pun tak tau nak makan apa. Semua lalu kat tekak rasa merenyam. Tidur jelah.,
2022-06-20 14:01:57+00:00,1538884865327697920,Athvrvhvyy,ya Allah kenit lapar,Pasta lover
2022-06-18 06:21:35+00:00,1538044235261394945,horlicks110,"Makan sbb lapar ❌ makan sementara kena sidai ✅ (@ KFC Klebang Besar in Tanjung Kling, Melaka) https://t.co/jVRlUKs8C5 https://t.co/VOgVWRcLyh","Seremban, Negeri Sembilan"
2022-06-16 14:35:47+00:00,1537443827518406658,fiedahussain,Bencinya lapar time gini,
2022-06-15 14:17:04+00:00,1537076729730068480,FirdausRosliii,Acit lapar https://t.co/PanLputfmY,
2022-06-14 14:09:27+00:00,1536712424509693952,AlyaaShah97,"Ibu tengah makan nasi + sambal telur

Ibu: Ibu lapar lagi lah. Tapi nasi dah habis. Macam mana ni?
Me: 👀 Haa lapar lagi? Biar betul.

Takpelah eh harini kita diet makan nasi sikit je. Malam ni je lah tapi 🤭.","Melaka, Malaysia"
2022-06-11 13:54:43+00:00,1535621553479913472,syafieqzubir,Kalau dekat Melaka lapar time gini memang start motor terus keluar https://t.co/cawbyFuIu2,Melaka
2022-06-10 00:49:55+00:00,1535061663883591680,itsmrssham,Sedap nasi lemak sambal paru kt sini. X sempat snap gambar sebab lapar sudah...,Johor Bahru Malaysia
2022-06-09 09:47:41+00:00,1534834610403962880,addajim,Lapar,"Jengka, Pahang"
2022-06-09 08:40:26+00:00,1534817685259042816,fiedahussain,Dah lapar hah mendapat,
2022-06-07 01:33:49+00:00,1533985547987087360,Epoolz_,"Malasnya nak masak,malasnya nak keluar....lapar.😮‍💨","Malacca, Malaysia"
2022-06-06 09:28:15+00:00,1533742553706532864,hohohhoney,lapar la tapi cafe tutup,Msia
2022-06-05 17:17:46+00:00,1533498326540177408,Myacella99,Lapar but rasa tak larat nk masak bila di fikirkn tdi lunch terpksa mkn maggie so terpksa lah masak jgk spaghetti nk elak mkn maggie,"Malacca, Malaysia"
2022-06-05 06:05:47+00:00,1533329216301076481,megatyusuff,okayy jom carii makan sat ! lapar weii,"Bandar Melaka, Malacca"
2022-06-04 04:18:02+00:00,1532939711244775426,amzaryomar,Tahan lapar,"Bandar Melaka, Malacca"
2022-06-03 04:06:03+00:00,1532574306005200896,aleennkamal,Lapar 😢,
2022-06-02 12:41:17+00:00,1532341584582569984,megatyusuff,@_expayex sebab tadii g dobi .. kemain lapar lagii ...,"Bandar Melaka, Malacca"
2022-06-02 12:35:31+00:00,1532340133273673728,megatyusuff,@_expayex now lapar kan ??,"Bandar Melaka, Malacca"
2022-05-28 04:11:12+00:00,1530401277724663808,asrafkaizen,"@enchik_coolfeve aku paham part IB extra bahaya sbb sembunyikan penyakit. Nah aku bagi analogi yg maybe lawa sikit

Dlm masyarakat ada yg kebulur lapar terpaksa makan babi. Jadi ad sesetengah org islam yg pergi makan babi

Then, ada pak lebai jual ""daging halal"", tapi sebenarnya babi disembelih","Cheng, Melaka"
2022-05-26 00:30:22+00:00,1529620927830540290,itsmirawrr,"tidur 2 lebih lena sungguh terjaga terus lapar. 

hahahaha so kita turun breakfast awal heheeh","Selangor, Malaysia"
2022-05-24 14:46:02+00:00,1529111484550086656,Messy_Sunflower,"Allah… perut da lapar ni, nak terkucil lagi hmmmmmm",
2022-05-20 13:00:30+00:00,1527635378538442752,Qirin_Sharin,"Penat, lapar, mengantuk 😭",
2022-05-18 05:19:58+00:00,1526794701961330688,Nurrzf,Orang lain bf anak asyik lapar je. Aku takde selera macam mana ni 😂... Dari malam tadi tak makan berat lek je,
2022-05-18 05:07:33+00:00,1526791578143973379,aidasyerina,Ehhhh. Laparnyeeeee. Tak boleh bincang lapar arie nie. Yang kat dalam nie dah macam gempa bumi dah,
2022-05-15 13:41:49+00:00,1525833835157794816,afearo__,baru terasa lapar,
2022-05-13 12:12:12+00:00,1525086507702226945,noraaalee,"Akhirnya jumpa jugak kedai western sedap dengan harga bawah RM 20 tapi portion banyak jugak. 😍🤩

Btw sorry gambar makanan dah kena makan sebab lapar and sedap sangat. 🤣 https://t.co/Eu7nKjpKyt","Malacca, Malaysia"
2022-05-12 09:06:52+00:00,1524677477645570048,ct_nurulain,I need to bring snack sebab asyik lapar je. At least ni healthy snack. Berat dah start naik. Bump pon dah start obvious. Hehehe. https://t.co/zDcI318F8U,JOHOR
2022-05-11 03:31:44+00:00,1524230752187355136,ieraadznan,Tak tahu nk beza sakit perut sebab lapar atau sbb nk turun darah 🥲,Currently at Ames Ia
2022-05-10 15:33:52+00:00,1524050093845848064,namasaya_idaa,Penat + Lapar . 😵‍💫,
2022-05-10 14:33:21+00:00,1524034864407744513,naqibazmann,"Lapar ni tak makan dari pagi aih, cepat la makanan","Muar, Johor"
2022-05-06 16:01:03+00:00,1522607382307561475,Mohfaszak87,Lapar....,Klang
2022-05-05 15:57:56+00:00,1522244212737318912,NursAmalin,Sejak2 pindah kedai ni.. aku smpai terlupa bila last aku makan makanan berat.. bila lapar always minum air susu kononnya jp lg makan.. at last xmakan.. hahahahahah,"Malacca, Malaysia"
2022-05-04 19:29:00+00:00,1521934937963655169,Messy_Sunflower,Lapar mat… haihh,
2022-05-04 17:01:15+00:00,1521897758797758464,phy3wong,Lapar dan penat.,sebelah riri
2022-05-04 04:07:07+00:00,1521702939584495616,adamapotek,@JohnDol83 @pja_chan Dulu2 jawa n minang nak berperang maka depa ajak lawan kerbau utk keputusan. Yg jawa bawa kerbau jantan yg minang bawa ank kerbau yg menyusu lapar tp tanduk eh lotak besi tajam. Masa bertanding anak kobau poie kek jantan nak menyusu ingat omak eh mako tusuk2 lah tanduk..,"Selangor, Malaysia"
2022-05-03 18:11:40+00:00,1521553089353773056,Mirrahb__,@izzafadzlani Entah babe. Ktorg ended up balik je. Hahaha sedih. Tp i tak lapar yg lain yg lapar,Malaysia
2022-05-02 17:32:02+00:00,1521180729526263808,farashaheera,Dah pagi buta ni lapar pulak dah. Dapat nasi lemak berlauk layan gak ek,Kuala Lumpur
2022-05-02 15:41:56+00:00,1521153019861409793,iffahkmrzmn,"Lapar pulak budak2 ni dah memalam ni.  Tadi dorang plan nak buat roti telur dah tu telurnya tak jumpa. Kita pulak dah nak tido, kena bangun masakkan megi goreng. 😅",
2022-05-01 18:30:57+00:00,1520833166730170368,musalmantoya_,lapar woi. mamak jom.,"Bandar Melaka, Malacca"
2022-04-19 14:46:00+00:00,1516427901205458953,afiqbarbarique,Bukan ke kalau berkongsi itu lagi manis? Tapi kalau lapar macam mana? https://t.co/Jh2HHNHu17,"Masjid Tanah , Melaka"
2022-04-18 20:03:56+00:00,1516145525908975617,dirikuboneka,Lapar pulak,"Muar, Johor"
2022-04-18 05:31:07+00:00,1515925871684878341,Epoolz_,Lapar.🤤🤤🤤,"Malacca, Malaysia"
2022-04-09 14:42:08+00:00,1512803050280591361,sadiqahhanim93,Aku lg sanggup tahan lapar dari bertembung.. like i do when at my family home when merajuk with abah or anyone else i wont go out until nobody is at dapur to eat .,Malaysia
2022-04-09 08:04:47+00:00,1512703056236154882,malrff,Ni kalau beli makanan buka banyak confirm masuk tong sampah juga even lapar gila sebab tak sahur,Malaysia
2022-04-08 17:38:17+00:00,1512484993917890560,ftnsyznaa,Saya lapar tapi takde orang nak suap☹️☹️,"Muar, Johor"
2022-04-04 10:53:44+00:00,1510933632340619264,StrongGirl19961,"Nak pikir beli apa,nak pikir bajet berbaloi ke tidak,nak pikir masak apa,lepas tu pikir, eh lapar lagi, lepas tu mengidam makan makanan manis, kek, air sirap ais, sya asyik pikir makan jer tiap tiap hari.assignments risau je pandai,tapi tak buat.susah kalau dibesarkan makan mewah",
2022-04-02 12:23:36+00:00,1510231473894625281,mhanif_noor,@ijat_asni Gitu lah kalau da lapar kata nya,"Malacca, Malaysia"
2022-03-31 09:08:35+00:00,1509457618963935232,dirikuboneka,Lapar tapi malas nak keluar sebab panas. So takpelah golek je,"Muar, Johor"
2022-03-29 02:38:44+00:00,1508634733693239300,HanimNsr,Dah lapar ni 🥲,
2022-03-27 04:26:53+00:00,1507937177484685312,musalmantoya_,lapar.,"Bandar Melaka, Malacca"
2022-03-22 07:53:06+00:00,1506177134326579205,dirikuboneka,"Apabila kau lapar tapi terpaksa jimat sbb tgh bulan, so takpelah sambung tido","Muar, Johor"
2022-03-18 17:28:37+00:00,1504872413523107847,musalmantoya_,"@qurratulain95 macam-macam. tengok movie, baca buku, memasak kalau lapar hahaha","Bandar Melaka, Malacca"
2022-03-18 02:59:09+00:00,1504653604732366848,shafina_99,@kdramadaisy Rindunya triplets ni🥺boleh buat lapar klau tgok diorng makan daging,malaysia
2022-03-17 03:02:32+00:00,1504292069908496386,syhznbsrn,asal lembab sangat erk aku lapar gila dah nie dgn baby bergerak2 lagi . dari pukul 830 smpi sekrg tak habis check up lagi benda erk,
2022-03-16 11:28:00+00:00,1504056884772634629,amxrstuv,+ve covid ni buat aku rasa lapar yg berleluasa,
2022-03-16 11:04:22+00:00,1504050940852465668,HanimNsr,"Lapar tp boleh tak tolong masakkan? Hahaha nak makan ikan tenggiri masak lemak &amp; kangkung belacan haihhh

Laki aku boleh masakkan tak? Malasnya ya rabbi nak masak.. tp tulah 😂",
2022-03-15 05:45:06+00:00,1503608205284634627,MariatiSalleh,Lapar weiiii https://t.co/9HbmiSGobU,
2022-03-14 05:27:51+00:00,1503241476653867012,zlhlmzd,"Lapar! (@ McDonald's &amp; McCafé in Ayer Keroh, Melaka) https://t.co/etQnHeufnl","Batu Pahat, Johor"
2022-03-09 13:18:27+00:00,1501547965504454657,arabellachester,Aku rasa @ezatapple dah lapar dah ni sebab last dia makan nasi lemak kat Hollywood pagi tadi,Masih Di Bumi
2022-02-28 04:33:20+00:00,1498154325943586817,HaeKiDoo,"Lapar, haus, mengantuk, panas, penat- Kecemasan Zon Kuning","Johor,Malaysia"
2022-02-23 06:22:06+00:00,1496369760757760001,annabilah__,Tadi macam lapar sekarang macam kenyang,MLK | MY 
2022-02-22 17:40:37+00:00,1496178124828311552,sampritismyloml,tengok kuey tiaw kungfu mai suaib lapar pulak,ig;misyanurquratu
2022-02-21 00:22:03+00:00,1495554374307057664,nrlhzrhnrn_,Dia macam kau dah makan nasi tapi masih lapar . Haa camtu lah . 2 tahun dah bang takkan tak faham lagi,"Melaka, Malaysia"
2022-02-17 18:08:22+00:00,1494373168600928264,LiezaHassan_,Gampangnya lapar. Penat lah lapat gila nak mati lepastu makan sikit jeeeeeeeee,Johore.MY
2022-02-14 02:23:21+00:00,1493048183626559491,megatyusuff,Lapar tak boleh hawa bincang langsung ... 🙃,"Bandar Melaka, Malacca"
2022-02-07 13:25:22+00:00,1490678070491361280,annabilah__,@IeyaIgha Penat lapar happy sedih boring hm semua lh,MLK | MY 
2022-02-06 02:29:23+00:00,1490150599656046594,fshyiraeha,Wey lapar,Malaysia
2022-02-02 09:15:53+00:00,1488803349634097153,annabilah__,Tidur . Bangun . Lapar,MLK | MY 
2022-02-02 02:35:57+00:00,1488702702104109058,annabilah__,@Aleaavendaaa Hahahahaha kenit lapar ni kan geram je dengar weh,MLK | MY 
2022-02-01 14:49:38+00:00,1488524953242812418,nurshfqhkmz,Lapar lah pula dah malam mcm ni😩,
