Datetime,ID,Username,Text,Location
2023-03-30 17:00:13+00:00,1641485494768001024,syfqhbchk,Not me at this hour scrolling Khairul Aming punya resepi masakan then lapar sendiri tgk video2 tu smua . hahahahah,"Kota Kinabalu, Sabah"
2023-03-30 07:09:12+00:00,1641336756753817600,zharifshu,"@pedoqpop Aku kalau ratus-ratus ni dah plan awal bagi lapar nak mampus , lepas tu buffet tak makan nasi langsung . Ayam dan Ikan pun tak sentuh , hanya makan yg rare cuisine","Kota Kinabalu, Sabah"
2023-03-30 04:42:08+00:00,1641299749025513473,ibohfollow,"Its important meeting tp all i can think is ""lapar, cpt la habis."" bahahaha",BKI
2023-03-30 02:29:15+00:00,1641266306250072065,azrinarusni,"Ramadan D7 - Ha tetinggal semalam sebab sakit perut. Bukan sebab lapar tapi waktu buka aku direct minum air sejuk terus, tahu la haus tapi rilek ba 😂 apakah.","Kota Kinabalu, Sabah"
2023-03-29 06:43:10+00:00,1640967820271046658,hvymin,Lapar nak mampos 😮‍💨,"Kota Kinabalu, Sabah"
2023-03-28 12:39:29+00:00,1640695103256764416,BoyEdison6,@GengBiasaCB Mahu isap please 🥺😭😭 lapar butu,"Kota Kinabalu, Sabah"
2023-03-28 09:40:02+00:00,1640649942296571909,CitraKinabalu,"Daripada Abu Hurairah RA lagi katanya bahawa Nabi SAW bersabda : “Sesiapa yang tidak meninggalkan percakapan bohong dan berkelakuan keji lagi buruk sedangkan dia berpuasa, baginya tidak ada kelebihan di sisi Allah selain daripada lapar dan dahaga sahaja yang didapatinya.” https://t.co/PoAWFjRxnx",kota kinabalu
2023-03-28 04:52:41+00:00,1640577625361125376,sifernaa,Sia lapar,BKI 
2023-03-28 04:29:02+00:00,1640571674067341312,terryAnth,"Mau makan light foods before lunch. Tapi tdk apa, tahan dulu. I can do this. Mnum air ja dlu bkin tahan2 lapar.",Land Below The Wind
2023-03-28 03:24:15+00:00,1640555372435083265,JerrilyA,"Setelah berbuka, rasa lapar dan haus hilang. Namun, rasa ingin
memilikinya masih tetap ada

#pasukanpatahhati","Kota Kinabalu, Sabah"
2023-03-27 21:58:45+00:00,1640473458269388800,Sukardi1987,"Puasa Tahan Lapar itu senang 
Puasa Tahan mulut mengumpat macam-macam susah betul","Kota Kinabalu, Sabah"
2023-03-27 12:50:43+00:00,1640335541072973824,dayangnurjazlyn,"The moment I say: Yang kmk lapar…
Semua benda terhenti until I can decide what I want and can eat 🥹","Kota Kinabalu, Sabah"
2023-03-26 14:15:40+00:00,1639994529418989568,azrinarusni,"Ramadan D4 - Harini baru rasa lapar betul, jadi 2 round makan, small portion a 😂 

Gambar si oyen, nda sah kalau nda minta kena peluk. Time subuh mengacau. https://t.co/SmXrQjgm2J","Kota Kinabalu, Sabah"
2023-03-22 11:49:28+00:00,1638508185291210754,haijiahhm,Ada juga niat mau berpuasa tapi risau bah susu drop😞 tidak pump sebab baby refused bottle feed. Btw sistur lapar every 2-3 hours hahahaha tu yg kin ghisauuuu jugak,"Paris, France"
2023-03-15 18:50:27+00:00,1636077417868722176,Lambankelupis,Yang trbangun jam skrg terus lapar terus xdpt tidur balik 🥲,"Borneo, KadazanDusun "
2023-03-15 08:24:58+00:00,1635920006662991873,junepeach21,Begini ka lapar kalau ganti posa.,"Birmingham, England"
2023-03-08 13:45:27+00:00,1633463944735260672,Xaref_Ismail,"Fat ‘Burning’ Workout for beginner 🔥🔥

Boleh cuba 3 set dulu. Kalau mampu buat 4 set. Rest 1 minit antara set 💪

#fat #lemak #bakarkalori #bakarlemak #kurus #metabolisme #turunberat #workout #senaman #fitness #makan #lapar #rotiwholemeal https://t.co/2jdkpn50ia",Asal ganu tinggal sabah
2023-03-08 09:07:19+00:00,1633393952731828224,haijiahhm,Kuat lapar oh😩 ada saja mau dimakan,"Paris, France"
2023-03-07 05:49:46+00:00,1632981845876043779,MAHA_namanya_2,Sendiri post sendiri lapar.. adui..,"Kota Kinabalu, Sabah"
2023-03-06 12:51:24+00:00,1632725565911490560,umarjiman,Rasa lapar tapi tonsil pula naik.,Sabah
2023-03-05 15:56:45+00:00,1632409824192495618,Xaref_Ismail,"5 Waktu makan diet kurus!

Selamat beramal 😁

#diet #kurus #turunberat #puasa #raya #makan #lapar #fitness #slim #lemak #kalori #coaching #onlinecoach https://t.co/i17qtFJ07t",Asal ganu tinggal sabah
2023-03-05 09:50:05+00:00,1632317548736958465,Misz_Liyaaa,@adiosadi79 Naaa itu laa 😂 lain yg dri yg aku bayangkan. Trus hilang lapar ku 🤣,Kudat Sabah
2023-02-27 08:16:41+00:00,1630119715657121794,bobby197980,@tipsy_glo Bikin lapar oo hujan2 ni..,"Kota Kinabalu, Sabah"
2023-02-25 13:44:04+00:00,1629477332154187779,khartini1912,Lapar tapi craving cerita macam imaginur. Tolong selesaikan masalah saya.,"Kota Kinabalu, Sabah"
2023-02-23 16:14:40+00:00,1628790453129846785,haijiahhm,"Patutlah cepat lapar, all this time sy blame pil😂","Paris, France"
2023-02-21 14:56:57+00:00,1628046122077028361,aneresxueysel,Masih lagi Rasa lapar :),
2023-02-20 19:54:11+00:00,1627758536255242242,haijiahhm,Paling sy benci lah terjaga pastu lapar aih memang tunggu pagi juga baru sy makan😂,"Paris, France"
2023-02-17 12:58:40+00:00,1626566803529891840,Mike_Devo,"Hi kk. Yang lapar 😭 (@ Kota Kinabalu International Airport - @my_airports in Kota Kinabalu, Sabah) https://t.co/QwwDst7shZ https://t.co/qJkT7TOUqu",BKI-KUL
2023-02-14 14:51:03+00:00,1625507920577445890,haijiahhm,"Ate a large tausa pau at 6pm, 10pm lapar trus p makan oatmeal. Boleh lakiku tanya how can I eat tu sebab nda ngam di tekak dia weh😂","Paris, France"
2023-02-07 15:20:12+00:00,1622978541305626625,rsyr__,sy lapar dan sy tda dapat tdur kalau lapar tapi kan sy malas betul mau p dapur sebab sejukkkkkkk,Sabah
2023-02-05 05:34:50+00:00,1622106454936391681,JordonMarcel,@FizFaiez Kann 😅. Daun pisang hangus dgn ikan hangus mkn tu hari hahaha. Lapar pnya pasal makan jak la,"Kota Kinabalu, Sabah"
2023-02-01 04:51:23+00:00,1620645969577775104,bobby197980,@JerrilyA Atukk jauh gia tu..tida mau la..pigi lapar balik lapar tu haha,"Kota Kinabalu, Sabah"
2023-01-30 11:19:39+00:00,1620018902389657601,elynaaqilahk_,"lama lagi ka ishak, lapar tapi mau tunggu juga ishak.","Kota Kinabalu, Sabah"
2023-01-20 03:45:15+00:00,1616280669210148864,elynaaqilahk_,jammed gila di kk 🥲 aku lapar sudah,"Kota Kinabalu, Sabah"
2023-01-17 01:29:38+00:00,1615159377828401152,BorneoBah,"Demikianlah setelah mencuci 4 kereta dan mengilatkan satu, lapar sudah sya. 🥲","North Borneo, Malaysia. Earth."
2023-01-16 15:20:29+00:00,1615006079435558912,melorisleybnus,tengah malam lapar @KKCity 🤣 https://t.co/YlqDBT4IME,"Kota Kinabalu, Sabah"
2023-01-15 11:05:12+00:00,1614579448594194433,Jynroarings,"Btl la cakap kawan sy, asal tgk drama korea mesti cepat lapar. 🤣🤣 Lapar btl sy tiba2 😂",BKI | Home💕BestEverSunsets
2023-01-09 21:07:28+00:00,1612556686644117509,bimbimslank89,@sugushijau lapar,Kota Kinabalu
2023-01-09 01:39:18+00:00,1612262708136771584,haijiahhm,Lapar tapi gusi bengkak jadi susah mau makan😓,"Paris, France"
2023-01-07 06:03:06+00:00,1611604319790575616,harmannorazman,Wehh lapar gilak,"Jesselton, North Borneo"
2023-01-06 23:49:22+00:00,1611510267816599552,zPeyi,"Dpt leader mcm beruk. Lapar berebut kuasa. Kerja x buat, negeri dibiar mundur lpstu modal salahkan Malaya..

Ahh taik sinalau bakass.",Sepang
2023-01-06 13:13:19+00:00,1611350197015318533,i96all,"haih malas la mau masak, malas mau mandi lg ni mau bangun pun malas suda huhuhu tp lapar 🥲","Sabah, Malaysia"
2023-01-06 08:13:34+00:00,1611274765012209664,amyallia,"bikin panas juga iklan hash brown ni balik2 limpas 😤 

lapar suda perempuan gemuk!","Kota Kinabalu, Sabah"
2023-01-04 07:51:40+00:00,1610544476103245825,PiaPinah_MH,"Nikmat lapar adalah dengan menikmati makanan yang mampu mengenyangkan perut yg kosong..

Selamat menjamu selera kpd geng² yg sentiasa terlewat makan tengah hari. Apapun jangan lupa utk selalu berbahagia😃😃😃 https://t.co/jQkOApFlWx","Kota Kinabalu, Sabah"
2023-01-04 00:52:25+00:00,1610438967585042433,PiaPinah_MH,"Chapter 4/365 2023

Sesibuk mana pun kita, curi sedikit masa untuk diri sendiri. sayangi diri dengan memenuhi tuntutan perut untuk bersarapan pagi. kesian caving-cacing dalam perut lapar mau makan 😃😃

Selamat pagi 🇲🇾 https://t.co/6xkgJR38u1","Kota Kinabalu, Sabah"
2022-12-27 07:26:23+00:00,1607639011929251840,IceMeloo,"Lapar tedapah,Asal itu bleh buat sya rsa happy.","Sabah, Malaysia"
2022-12-16 14:26:33+00:00,1603758482439667714,Mike_Devo,"Yang tiba tiba lapar 😂 (@ Starbucks Jalan Lintas DT in Kota Kinabalu, Sabah) https://t.co/sqbkJOv5Fx https://t.co/l1eQzH5bfE",BKI-KUL
2022-12-09 06:13:05+00:00,1601097585321971713,DayveRampas,"@Evazia1 @morishenri @Harold_SL Jangan imagine… Kalau lapar, pigi makan. https://t.co/OwwjKjrMpH","Kota Kinabalu, Sabah"
2022-12-08 04:30:26+00:00,1600709361294528514,AzizurRafidah,penatla asyik lapar ni 😞,
2022-12-07 11:42:54+00:00,1600455808239960065,AzizurRafidah,Dengan ini saya mengumumkan bahawa saya lapar,
2022-12-06 11:10:23+00:00,1600085236297400320,AzizurRafidah,"dah lapar, mengantuk pulak tu",
2022-12-01 05:24:30+00:00,1598186253194874881,nafaisssss,"Lapar (@ Kota Kinabalu International Airport - @my_airports in Kota Kinabalu, Sabah) https://t.co/nzmgjGxkqG","Selangor, Malaysia"
2022-11-30 16:27:27+00:00,1597990704894349314,dedektuds,Time macam ni la kan baru rasa lapar,"Bambangan Village, Inanam"
2022-11-27 17:18:42+00:00,1596916436492255233,mohdshazwi_,hmm lapar lgi .kuat jga lapar,hijau
2022-11-24 10:51:28+00:00,1595731824701214722,abe_tembikai,Sampai sija lapar,"Desper, Kuamut."
2022-11-23 07:23:34+00:00,1595317114059255808,reeanazulkefli,Daripda lapar terus takde selera nak makan haih,"Bandar Klang, Selangor"
2022-11-22 05:42:00+00:00,1594929166306115584,rahzamdy,@nurrahimovic @shaanizzle_ Oiii lapar kepsi ni... Share lah,The Last House On The Left
2022-11-19 19:30:24+00:00,1594050479289339906,MacEfran85,Menyesal inda order makanan. Lapar aku. Tidur saja la. 3.30am sudah,kota kinabalu
2022-11-19 14:47:23+00:00,1593979255536648192,newna8806,Ya Allah ak dah lapar balik tgu result. Nk mkn dh dekat kol 11 ni. Haha,
2022-11-12 10:01:04+00:00,1591370483811110917,AzizurRafidah,lapar ya,
2022-11-10 15:43:11+00:00,1590731804176416768,dksyhrh,Aihlah suda pakai skincarean lepastu dia boleh lapar pulak dah tu masak indomie chili oil 🤣🤌🏻,
2022-11-06 13:49:29+00:00,1589253638991798272,hvymin,"Lepas tu kami makan ke Grill Fish. Nada gambar sbb lapar banar tah 😂 sebelum mulih sampat cuci kereta @vnnbow_ &amp; jalan2 kejap . Hahaha 

Tu ja la Offday kami minggu ni banyak kena lanja uli kaka sama lakinya &amp; mama abah . Mudahan murah rezeki selalu 🤲🏼 . https://t.co/JI8OFqa5vQ","Kota Kinabalu, Sabah"
2022-11-05 16:07:21+00:00,1588925946287226880,mxdkun,bngun sbb lapar,
2022-11-03 16:49:08+00:00,1588211687169351681,mohdshazwi_,"baru sja mkn lapar lgi .klau di tahan,jerak pla nti😂😮‍💨",hijau
2022-11-02 18:41:17+00:00,1587877523408711680,AzriAidi,Babi laa jam begini lapar,North Borneo
2022-10-31 08:12:58+00:00,1586994627030093825,clareGAG,Tanda2 Darmian lapar. Tiberrr p buka icebox minta makan ubat. 😫🤣,"Sabah, Malaysia"
2022-10-26 09:00:58+00:00,1585194764903018496,adnilza8,"@dayang_khalidah Hahahha ya kan..suda la lapar, lambat lagi sampai. Klu d restaurant habis la terbalik meja 😂",I'm everywhere...
2022-10-26 06:37:59+00:00,1585158783973871616,wawa_weee,"Order nasi ayam goreng tapi dpt ayam bakar. Amek gambar la dulu pastu makan sbb lapar. After makan nk buat aduan kt fp, tp x leh attach image, kena  capture gambar directly from the app. Huh",Malaysia
2022-10-22 04:48:31+00:00,1583681686046666752,SClarynn07,Lapar tahap dewa tapi malas pun tahap dewa. Baring2 tengok fon minum air baring balik.,Malaysia
2022-10-21 07:04:19+00:00,1583353469473525760,fabyyisdinde,"Yesterday. I've been puasa sunnah as usual tapi yang tidak usually nya apabila i can finish straight the food that i bought 🤣. Imagine how lapar i time tu. Lucu pula kalau ingat balik 😶. Kenapa jadi dino sudah ni fibyy 🦕

The nasi, the waffle and the mayo corn.",somewhere in earth
2022-10-20 14:48:46+00:00,1583107967209308160,sljgn,Malam2 lapar. Kalau dengan dorang milyn dulu sudah kena bawa pegi kfc🥲,Stuck in trauma 노래나 부를래겨우 뱉어내는
2022-10-16 04:09:51+00:00,1581497625873854464,xwxwgoddess,More than 30 minutes suda tunggu order blm smpi2...lapar sudah 😫 https://t.co/hP7AGxpxeC,📍BKI || Sabahan 🇲🇾
2022-10-14 14:35:28+00:00,1580930292403277824,Mike_Devo,"Lapar ba pulaa (@ McDonald’s &amp; McCafe Drive-Thru in Kota Kinabalu, Sabah) https://t.co/0SsQ0yn5Pu https://t.co/VFz1zll65H",BKI-KUL
2022-10-14 13:32:38+00:00,1580914480674144256,AkmalJame,"lain tune lapar tiba2 dtg tu ah, smpai menggeletar badan tu","Kota Belud, Sabah"
2022-10-12 06:09:50+00:00,1580078269550178304,khartini1912,Okay saya lapar and namau pi papar join audit. Cari saya thru call atau whatsapp ja. Panat kita jadi technician sana buat setting.,"Kota Kinabalu, Sabah"
2022-10-11 07:55:32+00:00,1579742482027663361,PandaiMasakNasi,Wangi betul bah jiran sebelah ni masak😋. Trus jadi lapar,"North Borneo, "
2022-10-09 13:50:46+00:00,1579107104052637697,sufjian,Sedapnya bau kau masak mihun goreng malam-malam ni saja nak bagi orang lapar kah?,
2022-10-02 01:21:01+00:00,1576381705820127232,intnndia_,"Betul. Tapi cuba fahami kenapa masalah macamtu terjadi. 
1. Kelaparan. Hisap gam sbb tahan lapar
2. Stateless. Tidak dapat hak sebagai warganegara
3. Sampah merata2 sebab penduduk xda rasa sense of belonging sbb mereka tiada warganegara
4. No proper education","Kota Kinabalu, Sabah"
2022-09-30 07:18:36+00:00,1575746919778787329,umarjiman,"Whoa rupanya selama ni aku ikut sunnah rupanya.
Cuma hari ni makan sebelum Jumaat awal pula lapar tadi. 😂",Sabah
2022-09-29 22:58:16+00:00,1575621006626295808,xwxwgoddess,Pagi2 mcm ni i am lapar...😣,📍BKI || Sabahan 🇲🇾
2022-09-25 06:42:08+00:00,1573925805515628549,imansinindak,Aishh lapar 😭😭😩😩,Sabah
2022-09-23 01:00:50+00:00,1573115138592604160,hislilo,"bila dah makan tapi still lapar like kebulur ? Or anxiety or depression or stressed or sad? Which is it? I mean, is it normal?","Kota Kinabalu, Sabah"
2022-09-21 02:17:08+00:00,1572409565291098112,GhazaliResab,Bro Anwar Ibraham tak berkokok sebab masa itu dia kenyang dlm kepuk padi PH Sekarang dia lapar dan mulailah berkokok,
2022-09-18 15:27:32+00:00,1571521309435392000,miraaanwar,"Lepas maraton semalam, tennis lagi niari.

Baring2 rasa lapar.

Tiba2 rasa ui macam sedap juga kalau megi2 ni. Haha","Kota Kinabalu, Sabah"
2022-09-08 05:08:35+00:00,1567741667465400320,y4n123,"@ShashaBlackKatz Lama lagi ni, 4th set now. If Alcaraz wins, there’ll be a 5th. Lapar dari tadi lg ni. Hahaha","Kota Kinabalu, Sabah"
2022-09-06 05:32:10+00:00,1567022826917629952,newna8806,Bile camping dlm hujan perut mmg cepat lapar. Bdk2 asyik nk mkn je.haha,
2022-09-06 04:43:19+00:00,1567010534960283648,DanaJames90,@flochrls Tdk bf pun cpt lapar oh sbb anak tlmpau aktif 😂 msih muda tpi badan mcm 60tahun sdh adadaaa,
2022-09-05 11:18:48+00:00,1566747670408208386,Anthonia_Pgg,lapar,Kota Marudu  North Borneo
2022-08-29 10:20:22+00:00,1564196250559213568,MKhairilRedza,Lepas marah-marah ni lapar pula. 🥲,"Lahad Datu, Sabah"
2022-08-27 17:01:10+00:00,1563572340780580870,Usran91,Suda makan ni tadi masih lagi lapar https://t.co/GNmlTdDIIG,"Kota Kinabalu, Sabah"
2022-08-27 17:00:24+00:00,1563572148828274688,Usran91,lapar pulak aku,"Kota Kinabalu, Sabah"
2022-08-25 12:16:17+00:00,1562775873807593475,elynaaqilahk_,"sejuk, penat &amp; lapar. tapi ngantok 🥺","Kota Kinabalu, Sabah"
2022-08-22 02:59:12+00:00,1561548515452809217,GyrleC,"Slept at 10pm woke up at 8am.
Down with flu. Jam 7pm suda ngantuk tp lapar. Nevertheless, thank God for another Monday.

Here’s Monday message for you ♥️ https://t.co/LHQHcqtY1T","Bintulu, Sarawak"
2022-08-22 02:52:51+00:00,1561546915254112257,y4n123,@Mike_Devo Sama. Tp jauh sikit la utk aku. Eeee ko ni cakap2 psl makan. Lapar aku.,"Kota Kinabalu, Sabah"
2022-08-22 02:27:42+00:00,1561540584572985346,y4n123,"@Mike_Devo Aku pun lapar suda ni. Kemarin aku pi try Sup Ikan Kudat, nyum! Boleh pigi lagi.","Kota Kinabalu, Sabah"
2022-08-20 03:58:26+00:00,1560838645635895296,adharic,Risau betul laki dia lapar awal² da bagi bekal 🥲 ❤️ https://t.co/6JIDtWqAXp,
2022-08-18 14:38:03+00:00,1560274833622966272,DanaJames90,Time bf dlu makan on time dan kena tekan btul 😂 skrg jarang bf sdh siang tahan lagi mkn skali mau dkt lewat mlm ni teiii lapar habuessss,
2022-08-16 01:11:30+00:00,1559347081386438658,MKhairilRedza,Lapar. 🤣 https://t.co/tB4dBYLmdb,"Lahad Datu, Sabah"
2022-08-15 08:14:41+00:00,1559091192750477313,MKhairilRedza,"Lapar! 😭
Mahu makan peria telur masin please. 🥹","Lahad Datu, Sabah"
2022-08-14 17:17:58+00:00,1558865524440068096,aindieukie,"betul! my usual order di sr, semua cukup rasa dgn dia punya udang besar2 &amp; scallops. haih limpas pula timeline jam bgini jadi lapar sudahh",
2022-08-11 22:18:11+00:00,1557853914078146562,faezahana,"Day 3

Haha bangun2 rasa lapar 😂😂",Kuala Lumpur City
2022-08-02 13:43:30+00:00,1554462900697591818,zPeyi,Normal ke dah makan banyak pun setiap sejam kena lapar?,Sepang
2022-07-29 10:51:13+00:00,1552969990156226561,Izzzyyyyy__,Lapar. Tapi sakit gusi 🥲,KK
2022-07-25 04:42:44+00:00,1551427708323655680,chees3cakeee19,Lapar tapi ndatau apa mau makan,
2022-07-22 20:20:19+00:00,1550576496053714944,hvymin,Kik betul ubat tu. Bangun tgh malam lapar la pulak .,"Kota Kinabalu, Sabah"
2022-07-22 09:45:09+00:00,1550416649555062785,chees3cakeee19,Duduk balcony menikmati hujan dengan feeling2 tengah on vacay .. tibeh keluar bau ikan masin kena guring. Spoil ba mood tapi sedap gila bau dia bikin lapar 🦦,
2022-07-20 14:17:45+00:00,1549760476858372096,MKhairilRedza,Lapar tapi malas mahu turun dan masih ndak cukup tidur. Help!!! 🤣,"Lahad Datu, Sabah"
2022-07-14 22:06:36+00:00,1547704139815104513,GhazaliResab,Masalah yg timbul sekarang ada pemimpin UMNO yg mahu ROS lulus pindaan perlembagaan UMNO adakan pemilihan selepas PRU15 terapi.ada juga pemimpin yg lapar haus dan dahaga kuasa mahu adakan pemilihan sebelum PRU15,
2022-07-14 07:17:33+00:00,1547480404831088641,Dachril_L,Bahaya berjalan time lapar. Mcm2 di fikiran mau makan. 🤤,"Sabah, Malaysia"
2022-07-14 03:22:18+00:00,1547421202183888896,y4n123,"@MrTandaha Lapar oh sa, belanja sa Mekdi.","Kota Kinabalu, Sabah"
2022-07-08 14:12:43+00:00,1545410555632304128,DayveRampas,@Evazia1 Lapar bah… lama inda makan sejak harga barang naik…,"Kota Kinabalu, Sabah"
2022-07-07 12:05:55+00:00,1545016259565473792,BaxterJunus,@ennietrando Hahahah senang lapar sja x perlu pg jauh mau cari makanan. Selamat lg x ada org Minta,Kota Kinabalu
2022-07-07 06:39:09+00:00,1544934024413839360,BaxterJunus,Lapar... Buka saja laci https://t.co/jjC2Pa6Rbt,Kota Kinabalu
2022-06-30 09:57:10+00:00,1542447139590381569,Izzzyyyyy__,Sudah makan pun lapar lagi. Macam perut kosong walaupun sudah isi. Memang ehh trimester ke 3 lapar seja,KK
2022-06-25 02:22:00+00:00,1540520654281183232,chicollette_,"My decision going out after 9pm is crayyyyyzyyyyyy. 

But i had fun last night. Minum guiness ja. X juga la hangover. Xda pening. Cuma lapar berabis sbb x dinner smlm.","Kota Kinabalu, Sabah, Malaysia"
2022-06-22 18:51:03+00:00,1539682393237245953,tendosouji,"Lapar tapi kedai semua tutup, adeh","Putrajaya, Putrajaya Federal T"
2022-06-10 07:26:59+00:00,1535161588205817857,haijiahhm,Hujan ni bikin lapar,"Paris, France"
2022-06-09 13:21:16+00:00,1534888361860603904,umarjiman,Adakah ubat lapar selain makan?,Sabah
2022-06-08 03:06:53+00:00,1534371357034545152,haijiahhm,"Mum called cakap kena tahan di bilik sbb high bp. Pastu dia bilang dia lapar tidak breakfast tadi. Setelah bebel kenapa tidak breakfast tau sdh ada appt, mummy cuma mampu cakap ""yala2 mmy pigi tandas dulu"" 🤣🤣 di syg ba mummyku ini tapi ni mesti dia takut gula tinggi","Paris, France"
2022-06-07 10:33:58+00:00,1534121482980364293,thaqifghaffar,"Lapar sial (@ McDonald's &amp; McCafe - @mcdmalaysia in Kota Kinabalu, Sabah) https://t.co/dZFi82SqTz",
2022-06-04 14:06:53+00:00,1533087899675402240,Leonel_samin,Hainaaa terus lapar baa time2 gni gara2 kalah IN game aiyaaaa lemas bestiee ako,Kota kinabalu
2022-05-24 10:21:31+00:00,1529044917502193665,MKhairilRedza,"Lahhh, patutlah lapar semacam. I chose to sleep over lunch sebab untuk meeting pagi tadi pukul 12 malam baru bagitahu apa yang diorang mahu tengok masa meeting. 🤣","Lahad Datu, Sabah"
2022-05-20 00:05:13+00:00,1527440268554690561,ShahRezzaShapie,Morning. 7.00 dah turun sarapan. Lapar teruk.,"Banting,Selangor 42700"
2022-05-19 03:05:25+00:00,1527123231903465472,terryAnth,"Tidak mau makan bekal sia, awass awal lapar bagi signal 🤣😅",Land Below The Wind
2022-05-15 09:18:13+00:00,1525767496719998978,y4n123,@MrTandaha Kasi beli sa makanan. Sa lapar.,"Kota Kinabalu, Sabah"
2022-05-15 06:33:11+00:00,1525725964398780416,haijiahhm,"I ate breakfast at 10am. Skrg belum lapar sangat tapi dia bawa makan mcd, apa nda tambah gemuk sy ni :')","Paris, France"
2022-05-15 06:32:35+00:00,1525725812816613376,haijiahhm,"Jam 12 baru makan. Jam 2 lapar sdh balik. Ako pun tara tau la dia ni, nda juga gemuk2🤣","Paris, France"
2022-05-14 08:58:42+00:00,1525400198620807168,SClarynn07,Lapar ka munchies ni 🥹,Malaysia
2022-05-14 08:33:04+00:00,1525393746661371909,zieyla88,Licin baaaa hehe lapar kaitu https://t.co/49RpNH9bU4,"Kota Kinabalu, Sabah"
2022-05-12 12:29:21+00:00,1524728432747180033,dinakantitek,"Penutup makanan untuk Hari Ini 😋😋😋…

Kalau di Sabah ni Memang nda rasa lapar lah ba 😂😂😂… https://t.co/VdBtTG5fHT",- BKI ~ KUL -
2022-05-10 13:55:15+00:00,1524025277927813120,tiaraabidin,@najbhr Lapar kerrr,"Kota Kinabalu, Malaysia"
2022-05-03 20:08:06+00:00,1521582392435085312,PrinceRayDauz,"Aq sebenarnya lapar sb ptg tdi pun makn jam 5 kot kat klia, sampai KK dh jam 11pm, kedai pun bnyk tutup singgah kejap kedai mamak tpi tgok dia masak pun macm org lari 100 meter.berpeluh  , lapar jdi kenyang..aq pun tk nk susahkn adik aq cri tpt mkn lain..blik rumah mndi tido..🥴","Kuala Lumpur, Wilayah Persekut"
2022-04-22 02:22:04+00:00,1517327851132911616,Memel_1508,"@sabahtourism @JesseltonDFMall @KKCity @TourismMalaysia @SabahInfo @SabahOnBorneo @sabahmajujaya @SABAHtwt @ERASabah @kk12fm @hitzsabah Tart nenas...aiya lapar suda..

#JesseltonRayaSale #Sabahchats","Kota Kinabalu, Sabah"
2022-04-13 15:32:11+00:00,1514265196927209477,shammyzzz,Lapar 😭😭😭,KUL-BKI
2022-04-13 07:35:13+00:00,1514145165283557377,Usran91,Hari ini lain matchiam rasa lapar dan dahaga. Ya ampun🤣,"Kota Kinabalu, Sabah"
2022-04-11 14:49:34+00:00,1513529698504290312,Dymnaa,Malam-malam meng'crop ayam. Lapar sis 😂,"Borneo, Sabah"
2022-04-11 08:41:52+00:00,1513437161206747136,elljanu,Lapar betul😌 https://t.co/gLAObBv6jZ,"Penampang, Sabah"
2022-04-04 06:45:17+00:00,1510871109528600578,bimbimslank89,@haart01 lapar 🥺,Kota Kinabalu
2022-03-30 22:59:48+00:00,1509304413839851520,umarjiman,Apa ni jam 7 lapar sudah. 😭,Sabah
2022-03-28 09:48:42+00:00,1508380550666817536,SyakillaChang,"Last makan tadi jam 9am 🥺 skip my lunch and now stuck in jem with heavy rain, lapar, sejuk... Rehearsal utk puasa 🥲","Kota Kinabalu, Sabah 🇲🇾"
2022-03-22 23:38:48+00:00,1506415127725494273,Capt_Mundy,@mkini_bm Kalau UMNO mau terus jadi Parti Keramat sumbat @DrZahidHamidi @NajibRazak dalam lobang ketam. Biar mereka dirakus terus oleh mahluk2 yang lapar ini. UMNO akan terus cemerlang dan gemilang minus yang tembirang.,The Lanes
2022-03-21 02:14:34+00:00,1505729549275123712,noorfazilariani,hari2 lapar 😂,"Kota Kinabalu, Sabah"
2022-03-18 04:51:02+00:00,1504681763422887936,mfaizhasni,@AwanGunong @KKCity Kakakaka. Pasar pasar. Lapar sangat ni,43900
2022-03-12 15:18:57+00:00,1502665456624484352,hvymin,Tamat di kokol . Kami lapar mencari makan pastu ke dobi 📝 https://t.co/csjIQuVBV9,"Kota Kinabalu, Sabah"
2022-03-03 11:11:22+00:00,1499341657866571782,tiaraabidin,@zt000tz Doi lapar laaaa haishhh,"Kota Kinabalu, Malaysia"
2022-02-27 16:42:46+00:00,1497975508520161281,tiaraabidin,@brgsjks Lapar tapi KFC TAK BUKA!!,"Kota Kinabalu, Malaysia"
2022-02-25 13:59:05+00:00,1497209538654576643,y4n123,@BurungXMarah Sejuk = lapar,"Kota Kinabalu, Sabah"
2022-02-20 14:35:45+00:00,1495406828460863493,starchaserAzz,@garytheberry Haha lapar,"Merlimau, Melaka"
2022-02-14 10:07:09+00:00,1493164902621462530,JordonMarcel,"@CharlYong Sama kita, lapar terus saja 🤣","Kota Kinabalu, Sabah"
2022-02-13 14:08:59+00:00,1492863376401133568,solehkyo,"@didieyxna Aah, tapi sbb lapar kami tak tunggu lama.","Perak, Malaysia"
2022-02-13 11:28:28+00:00,1492822982217011201,ydexlimx,"Tidur petang tadi, baru bangun. Lapar. Nak makan apa eh? Ayam penyet?","Ampang, Wilayah Persekutuan Ku"
2022-02-13 08:19:33+00:00,1492775437210034176,Abner92,"Sebelum Hujan.. pukul dulu. Mana tau besok susah mau bangun lepas Booster😀.
Lapar sudah d😂😂😂 Happy sunday. https://t.co/9unvCzFidA","Kota Kinabalu, Sabah"
2022-02-13 05:51:17+00:00,1492738126950776833,ydexlimx,@amldrss Skrg Lido Mal. Sudah mengoder makan minum. Lapar eh. Ko d kk ka? Ko makan apa? 😂,"Ampang, Wilayah Persekutuan Ku"
2022-02-11 10:18:09+00:00,1492080509349871617,tiaraabidin,@zt000tz Adoi lapar,"Kota Kinabalu, Malaysia"
2022-02-08 10:01:45+00:00,1490989219082534912,wehpaan,Lapar https://t.co/zYyQkqhnPz,Kuala Lumpur Federal Territory
