Datetime,ID,Username,Text,Location
2023-03-30 21:47:50+00:00,1641557875532390403,p_s1506,"Life before and after getting birth ? 

Baby : menangis masa mandi , lapar , nak tidur , berak , kencing 🤣
Mama : tidur tak cukup stress sbb dia nangis dan turun berat badan yang mendadak ( before 79 kg after 65 kg )","Perlis, Malaysia"
2023-03-30 04:54:12+00:00,1641302784002912257,fiyzziazhar,Awal hari ni aku lapar 😮‍💨,"Perlis, Malaysia"
2023-03-29 18:10:57+00:00,1641140904143749120,meeraasyikin,"Maksiat ibarat makanan yang ditelan oleh orang yang lapar,namun ia tak pernah merasa kenyang,malah membuatnya semakin lapar .(Ibnu Al-Jauzy)",Perlis
2023-03-29 11:14:54+00:00,1641036203532115968,daudanaqi,Lapar.,"Arau, Perlis"
2023-03-27 23:12:27+00:00,1640492003560488964,iqbalarifyaakob,Tengah menahan lapar dan dahaga ke @akuahmadbobby? 😂 https://t.co/75z5x51s5N,"Perlis, Malaysia"
2023-03-27 06:36:04+00:00,1640241256302530560,aimanwafii,Diam bukan beerti lemah tapi lapar😌,"Arau, Perlis"
2023-03-26 14:11:04+00:00,1639993372093063169,meeraasyikin,"Maksiat ibarat makanan yang ditelan oleh orang yang lapar,namun ia tak pernah merasa kenyang,malah membuatnya semakin lapar .(Ibnu Al-Jauzy)",Perlis
2023-03-14 17:29:13+00:00,1635694583890984960,MSazriman,Haaa..dah macam ni tak tidur lagi. Memang cari nahas. Kan dah lapar,"Perlis, Malaysia"
2023-03-13 08:05:07+00:00,1635190238707597312,Nrarshha,"Lapar manis2, nak chocolate wehh","Perlis, Malaysia"
2023-03-08 05:35:16+00:00,1633340585837752321,Dinidy90,"Ghrelin = hormon yang dikeluarkan pada perut yang memberikan isyarat rasa lapar pada otak.

Leptin = hormon yg dilepaskan drpd sel-sel lemak.. ia menyekat rasa lapar &amp; menghantar isyarat kenyang kpd otak.","Jitra, Kedah"
2023-03-07 14:09:28+00:00,1633107601591263234,hayatielee,Perut tak lapar sgt pun tapi jadi tabiat still nak makan🤯cemana tak naik badan gini😫,"Perlis,Malaysia"
2023-03-03 12:47:10+00:00,1631637338471403520,Dinidy90,"Cara elak terlebih makan waktu mlm..

1. Snacking ptg never miss
2. Minum air kosong sebelum &amp; selepas dinner
3. If dah habis dinner tp still lapar, boleh snacking dgn buah

Mkn mlm bukan punca gemuk, tp mkn berlebihan yes punca gemuk 🥹","Jitra, Kedah"
2023-03-03 12:46:20+00:00,1631637127162396672,Dinidy90,"Sebab perlu elak makan lewat malam utk turun berat badan: 

1. Kalori intake yg berlebihan di siang hari
2. Kurang bersenam
3. Tak sesuai bg yg low body metabolism 

If still lapar after dinner, boleh snacking dgn buah atau protein bar.","Jitra, Kedah"
2023-02-27 15:34:03+00:00,1630229786571464706,hayatielee,Dah tengah malam baru rasa lapar. Ee saja tau perut niii😫,"Perlis,Malaysia"
2023-02-27 07:11:27+00:00,1630103300573114368,miqhaaaa,Sekian lama lapar thenggggg,"Kedah, Malaysia"
2023-02-27 03:21:39+00:00,1630045470163894273,AZRILROZALI,"Dulu time kat office, time2 cmni dah lapar.. pergi cafe cari kuih, roti, cuma tu laaa tak puas makan.. time lunch masih makan bertambah2","Jitra, Kedah"
2023-02-26 02:09:43+00:00,1629664978071597056,dillanur_,"Puasa bukan sekadar kita menahan lapar &amp; dahaga, tapi sangat banyak kebaikan pada tubuh badan kita. 

Siapa kat sini yg selalu ambil peluang utk turunkan berat dalam bulan puasa? 🙋🏻‍♀️

Biasanya menjadi atau tidak? Jom share. ☺️","Jitra, Kedah"
2023-02-22 11:22:15+00:00,1628354479090446338,sama2lawa,Mostly sebab makanan. Lagi lagi kalau mmg tengah lapar 🥹,Malaysia
2023-02-13 11:48:20+00:00,1625099549705633793,tuanathirah31,lakiku dah risau nak tinggal bini lama kt pahang nanti takut dia makin kurus lapar 🤣,
2023-02-07 09:58:10+00:00,1622897500121362444,menantu_mak_awk,Kucing aku kalau aku still tidur lagi dia akan gigit kaki dengan hidung... lepastu dia gesel hidung dia yang basah tu dkt muka sebab dia lapar 😂...penatlaah,❤️
2023-02-07 07:12:33+00:00,1622855821112778753,MSazriman,Okay now dah lapar..but dah lewat nak gi bank. Omg hari2 rushing sebab bangun lewat.,"Perlis, Malaysia"
2023-02-04 21:54:25+00:00,1621990585388380160,MSazriman,Hari ni nak kena shoot music video. Tapi ni baru nak tidur..aaaaaaaaa..dengan lapar lagi,"Perlis, Malaysia"
2023-02-04 10:43:02+00:00,1621821628870168576,theAnwariah,"Lapar, tapi tak larat nak makan😮‍💨","Perlis, Malaysia"
2023-02-01 04:49:12+00:00,1620645419591278592,cikfatihahahaha,Tadi dah breakfast tapi rasa lapar  mcm tak makan apa woo~,LGK
2023-01-31 06:20:09+00:00,1620305917903532032,hayatielee,Lapar. Tapi malas nak masak sebab tinggal sorang2🥲,"Perlis,Malaysia"
2023-01-23 15:27:27+00:00,1617544550276542467,MSazriman,"Jam 8 mlm baru sampai rumah, keluar gi aman. Sampai2 dah tutup. Ngantuk nak balikkk tapi adik lapar ajak mkn.","Perlis, Malaysia"
2023-01-22 16:00:11+00:00,1617190397733920771,nazatulasheqin,combo penat + lapar 🥹,🇲🇾🇪🇬
2023-01-13 10:55:50+00:00,1613852316578480128,azmilwhoruns,"Baiknya org Perlis! Dlm pengalaman touring Semenanjung, hari ke-12 kami gerak dari Arau. Subuh kat Chuping. Perut lapar so stop di Masjid Osmaniah utk beli kuih. Sekali owner tu kata ""Hangpa pilih nk mkn apa, banyak mana pon takpa, aku halalkan"". Terkedu weh. Baiknya org peghlihh https://t.co/py41tUAu6y","Baile Atha Cliath, Ireland"
2023-01-10 17:34:18+00:00,1612865428140986369,rajahanifdli,Hmm lapar,in the clouds
2023-01-09 17:42:31+00:00,1612505106821578752,rajahanifdli,Lapar la. Tidur lu,in the clouds
2022-12-26 12:25:19+00:00,1607351853087592448,Amighuding,Macam lapar tapi takpe kita buat teh je,"Kuala Lumpur City, Kuala Lumpur Federal Territory"
2022-12-25 05:15:34+00:00,1606881313197555713,frzhyqlll,"9 nov 2019- malaysia vs tajikistan
Time ni ktorg dpt duduk granstand. Yela friendly mana orang layan. Pstu blk tu blh plk tertinggal train masa nak tuka mrt. Terus kena turun plaza rakyat. Seram mat stesen tu. Gelap gile luar dia. Ttbe ade mamak depan tu. Ktorg lapar lenjan jela https://t.co/Ldym7VjVxI",
2022-12-22 11:24:23+00:00,1605886967769714688,Amighuding,Tapi dah lapar,"Kuala Lumpur City, Kuala Lumpur Federal Territory"
2022-12-18 02:25:51+00:00,1604301887494184960,syahmimwrdi,lapar + hujan,Malaysia
2022-12-15 10:26:21+00:00,1603335645241696256,aaaerine__,Lapar betul sampai tengok kucing pun nampak macam chicken floss bun,"Sabah, Malaysia"
2022-12-08 15:55:52+00:00,1600881856135991302,NurEzziatiAmira,Dah baring dah siap tarik selimut... Then lapar and sakit kepala. So here I am eating ayam goreng alone in the kitchen hahahhahah.,KEDAH
2022-12-04 13:01:05+00:00,1599388320404221952,Axsyah_,"Baru lepas makan mi sup, tapi lapar agi😒","Losong, Terengganu"
2022-11-15 15:23:04+00:00,1592538684548853760,syfazliana,Sesungguhnya saya sangat lapar. Laki aku nak p beli aku takmau. Nak dia beli tapi takmau dia keluar tinggai aku aku nak ikut jugak. Nak keluaq sama2 anak lena dah. Dilema betoi 😖,"Perlis, Malaysia"
2022-11-14 06:39:05+00:00,1592044428122030083,normysarahh,takde specific food. sebut makan je tak kisah harga!!!!!!!! haih lapar pulak,
2022-10-16 14:21:38+00:00,1581651587474153472,nayue_,dia macam lapar tapi taktau nak makan apa 🥲 selalu ada je orang hasut suruh makan. sekarang orang tu pun dah duduk jauh 😪😭,"Perak, Malaysia"
2022-09-30 13:55:18+00:00,1575846754028687360,hayatielee,"Bila time period je asyik lapar, asyik nak mengunyah😩😮‍💨","Perlis,Malaysia"
2022-09-30 12:06:10+00:00,1575819288778526720,hayatielee,"Hujan2 ni, kerja lapar ja. Kerja nak mengunyah ja😮‍💨","Perlis,Malaysia"
2022-09-26 01:22:58+00:00,1574207869720752128,syfazliana,Patut la rasa lapar. Last makan nasik ayam kemarin pukul 12 😅,"Perlis, Malaysia"
2022-09-22 13:53:19+00:00,1572947149502881792,hayatielee,Lapar. Hm🥲,"Perlis,Malaysia"
2022-09-21 07:15:16+00:00,1572484590790647808,hayatielee,Hujan2 cmni mula la lapar macam2😮‍💨🥲,"Perlis,Malaysia"
2022-09-12 15:31:42+00:00,1569348031061041158,FiezAly,makanan kena cedok depan mata  bulus konon nya baru lagi 🤷🏾kalau kibbles yang tak suka tu dia rendam dalam bekas minum dia sampai kembang.. kadang sanggup mogok lapar dari makanan yang tak sedap🤦🏽‍♂️,"Kedah, Malaysia"
2022-09-06 17:29:10+00:00,1567203267377262592,maimunahburn,Lapar ➡️ tgk video mukbang ➡️sambung lapar lagi,Malaysia
2022-09-05 17:20:37+00:00,1566838728039219205,EwanSyazwan,Td dah makan and now lapar lagi 😩,"Langkawi, Kedah"
2022-08-27 12:47:52+00:00,1563508594108428291,hayatielee,Lapar. Tapi ntah la. Tak tahu nak makan apa🥺,"Perlis,Malaysia"
2022-08-26 13:01:18+00:00,1563149588315668480,EunderscoreZ,Awat harini asyik lapar ja ?,"kangar , perlis"
2022-08-22 14:15:03+00:00,1561718598522982400,afqasy_,Lapar,Malaysia
2022-08-21 22:00:28+00:00,1561473333295624194,syfazliana,"Bangun awal, lapar awal. Lupa beli roti spare 😫","Perlis, Malaysia"
2022-08-21 13:30:14+00:00,1561344929481502720,hayatielee,Lapar. Tapi taktahu nak makan apa😩,"Perlis,Malaysia"
2022-08-20 17:39:36+00:00,1561045296397766656,amirhaysss,"dah laaa tengah lapar, order chicken chop makan takhabis sbb rasa mcm dah full pastu hm skrg lapar lagi 😌 konpius dgn diri sndiri 😌","Perlis, Malaysia"
2022-08-17 15:37:28+00:00,1559927397277122560,NurulNadiah___,Lapar 🥺,
2022-08-14 04:08:17+00:00,1558666795212423168,aiensyamsul,@Mulut_Cabai Byk tu 😅 kalau satay besar tak lebih 5 kalau kecik boleh gak sampai 10 tapi kena betul2 lapar 🤣,Malaysia
2022-08-10 08:43:51+00:00,1557286592326184960,MSazriman,Apa ni asyik lapar ni 😅,"Perlis, Malaysia"
2022-07-21 20:50:58+00:00,1550221822821511168,syfazliana,Pukul 4 dia dah tendang2 lapar. Awal lagi dikkkk. Makcik nasik lemak pun baru dok mengeliat nak bangun masak 😩,"Perlis, Malaysia"
2022-07-06 12:06:05+00:00,1544653910971129857,Tekora22,@Shekuma_ @MatchaMatteCh @MatchaMatteCh  cptkanlah please aku nk nasi minyak dong aku lapar hanat,
2022-06-23 02:02:47+00:00,1539791044803706885,ajohnajona,"Semalam bawak kayra tengok jurrasic world. Selalu dia tengok dinasour comel2 je dalam kartun, tp dlm movie ganas gila. masa dalam hall tengah tengok tu dia tanya, 

‘Babah, why dinosaur semua angry2? Dia lapar ke?’ Yang lapar marah2 tu mama awak nak😂🤭",
2022-06-20 13:56:59+00:00,1538883614452367360,hazaihash,Lapar meggii laaa pulak,
2022-06-15 04:13:03+00:00,1536924724000743425,hrlainnn,Lapar beb,
2022-06-10 03:57:47+00:00,1535108942614831104,stormyandstarry,Saya macam okay tapi sebenarnya say lapar,"Langkawi, Kedah"
2022-05-30 13:32:26+00:00,1531267293446959105,filanike96,Secara jujurnya aku lapar sebab aku makan nasi sikit sangat . Sakit gusi ni aku boleh buka 1/4 ja mulut 🥹,"Putrajaya Federal Territory, Malaysia"
2022-05-29 13:50:42+00:00,1530909499669639168,mochiwonn,penatlah...harini keja lapar ja lepastu merungut berat naik🥹😭,manifesting seeing enhypen 🔜
2022-05-26 11:06:25+00:00,1529780992084389888,60999_O,lapar tuna bun,"Johor Bahru, Kedah"
2022-05-15 07:23:39+00:00,1525738664202207232,EwanSyazwan,Im hungry tp decided to tahan lapar for cili kampung tonight. I nak makan dengan sepuas puasnya bersama apple juice asam boi ❤️,"Langkawi, Kedah"
2022-05-05 14:57:08+00:00,1522228910649647105,Im_mingsmida,Lapar,personal account 
2022-05-04 00:24:14+00:00,1521646849257472001,Black_3309,Raya ke3 dh lapar sikmak..😆😆 https://t.co/2O4NUzcEaC,
2022-04-15 03:09:12+00:00,1514802997620277253,izzzat26,Aik baru pukul 11 dah lapar 😣,KUL-KBR
2022-04-12 13:03:23+00:00,1513865363922259971,hayatielee,Perut lapar. Tapi still tak da selera makan😫,"Perlis,Malaysia"
2022-04-12 09:22:25+00:00,1513809754665066499,izzahkhaleda,@kyrahalya NAK KETAWA! TAPI TGH PUASA🥺 NAK KETAWA! TAPI TENGAH MENAHAN LAPAR DN DAHAGA!😂😂😂🖐🏼,"Me, myself & I🖤"
2022-04-03 04:05:50+00:00,1510468593896493058,MawarZeeta,"Kenapa kalau lupa niat tak sah puasa?
Kerana puasa bukan nak tahan lapar tujuannya. Tapi utk melatih kesedaran.-ER-","Perlis, Malaysia"
2022-04-02 11:52:50+00:00,1510223730295078914,ainiazahtul,lapar,
2022-03-25 05:04:14+00:00,1507221800035696646,shieldfx,lapar nasi kenduri aii,"Jitra, Kedah"
2022-03-24 08:58:07+00:00,1506918271140139008,shieldfx,adik depan ni awat lapar penampar 🙄,"Jitra, Kedah"
2022-03-12 07:24:45+00:00,1502546118143463426,hrlainnn,"semalam masuk kedai ni nak beli air kosong je , tibe ada smoll cute kitten 🐱 datang out of nowhere towards us! But seems like he likes me more! Tgk la main hide and seek dlm kedai 😜 seb tak ramai org hehe, so tgk dia macam lapar kan? So i bought him a packet of whiskas! https://t.co/ViK3sV5FwK",
2022-03-10 14:58:01+00:00,1501935411702415363,ikxmalnordins,"Lenguhnyaaaaa drive tetiba teringat video ayang drive i penat. Lapar, nak makan.",
2022-03-08 14:13:35+00:00,1501199455294717955,hayatielee,Lapar. Tapi tak larat nak makan🥲,"Perlis,Malaysia"
2022-03-06 05:40:21+00:00,1500345518165151744,nadiahakemi_,Nak keluar gi dapur kerap pun takleh tapi saya lapar 🙃,"Perlis, Malaysia"
2022-02-23 09:10:29+00:00,1496412134779293698,narahzaanayil,Ah geram betoi time kuarantin lapar teringin macam macam 🤣🤣,
2022-02-20 16:49:50+00:00,1495440569035755520,syahida_95,lepas makan masih lapar 🙊,"Langkawi, Kedah"
2022-02-08 01:48:18+00:00,1490865036403044353,shieldfx,tadak orang berkahwin kaa lapar nasi kenduri,"Jitra, Kedah"
2022-02-05 15:47:40+00:00,1489989106876952577,theAnwariah,"Allahhh letih sangat harini, lenguh pinggang, mual mual, mengantuk, lapar.

Penatlah nak layan PMS ni😭🥴","Perlis, Malaysia"
