Datetime,ID,Username,Text,Location
2023-03-30 22:01:14+00:00,1641561244556722176,Fariszuone10,"Maka sia sialah puasa kita selama sebulan.

Tiada yang kita dapat melainkan lapar dan dahaga semata mata.

Nauzubillah...",Kuala Terengganu
2023-03-30 09:19:54+00:00,1641369651459543041,qieylahnan,Kenapaaaa hari hari lapar ni 😭,"Kuala Terengganu, Terengganu"
2023-03-29 12:57:22+00:00,1641061990260183040,chepuankells,"Memang bukan jenis nak makan apa orang makan &amp; mudah terliur

I suka makan apa yang tahu sedap, senang dimasak bila masa lapar 

Sesiapa buatlah resipi apa tak terasa nak follow😂","Kuala Terengganu, Terengganu"
2023-03-29 02:25:07+00:00,1640902880885604352,_shaheeraszln,Kan aku dh cakap.. kalau sahur makan nasi mesti lapar. Baru 1030 dah bunyik 😂,TGG
2023-03-28 17:12:39+00:00,1640763844984467457,puterabulan37,"@CitgulitaB Ya angah, nasib tak gigit sekali dengan bekal tu, lapar sangat2.. Boleh je lagipun angah dah biasa lauk camni kan..😃👍","Trengganu, Malaysia"
2023-03-28 01:26:45+00:00,1640525804546437120,miirusz,@tinotmenot lapar,"Kuala Terengganu, Terengganu"
2023-03-27 13:32:22+00:00,1640346020231135232,aisyahyasminnn,"si secebisan tu rasanya mmg dari dulu tak puas hati dengan KA. pathetic gila, lapar perhatian KA agaknya",Kuala  Terengganu
2023-03-23 07:49:01+00:00,1638810062335377408,hafizjvsoh,"Day 1 fasting 
Dahaga ✔️ 
Lapar ❌","Cairo, Egypt"
2023-03-16 16:48:15+00:00,1636409049339289600,khairul01ikhwan,@hianishere Maybe lah. Tengok lapar. Nok makang orang aje. Haha,"Terengganu, Malaysia"
2023-03-16 11:53:02+00:00,1636334757922611201,thelocalsskin,Hari ni makan dah banyak tapi masih lapar,Syamim’s
2023-03-13 18:00:01+00:00,1635339946990141440,nsmna_,Lapar youu. Baru nak dinner nasi ayam pukul 1.50 pagi waktu malaysia. Lol https://t.co/K4UuTqW0S6,
2023-03-03 16:46:08+00:00,1631697475802370049,Fariszuone10,"Serba serbi dok kena malam ni.

1. Member nak main2 tak kena waktu.
2. Filem aku tengok hampir semua bodoh
3. Lapar. Datang mekdi. Mekdi lembab...",Kuala Terengganu
2023-02-22 20:08:55+00:00,1628487015703650305,itsnadia910,Terkejut masa ni &amp; lapar woi 🥲,Malaysia
2023-02-21 02:42:23+00:00,1627861262112800770,ashy9610,"@bukanlogandah Klu lapar,dh xbeza dh.
Kasi bedal🤣",
2023-02-07 06:01:05+00:00,1622837836063076353,thelocalsskin,"Lapar dengan tak lapar sama banyak, jadi aku pilih untuk tidak lapar",Syamim’s
2023-01-31 13:27:08+00:00,1620413373807738880,nick_amirrul,Okey aku dah siap tapau Subway dah habis. Lapar tul. Busy tul harini,"Kuala Terengganu, Terengganu"
2023-01-28 13:54:49+00:00,1619333175272157187,hrlyqnsj,Aku dhlh lapar. Eeeee dia boleh main pusing pusing plak.,"Kuala Terengganu, Terengganu"
2023-01-27 11:41:00+00:00,1618937111213932544,hafizulhadi3,Tipu. Padahal sebab bainun lapar nak makan bella tapi tak sempat wekkkkk,
2023-01-24 09:44:37+00:00,1617820657798246400,hrlyqnsj,"Aku rasa arahan dalam apps Foodpanda aku mudah dah. Tapi tu lah, aku tak hbis cakap pun dia dah off handphone. Lepas tu aku tgk map, dia kemana mana ntah padahal tadi dah sampai dah. Eh geram. Aku lapar ni.","Kuala Terengganu, Terengganu"
2023-01-22 12:00:27+00:00,1617130067175571456,fazleyjalal,Asal buat IF je cakap kenapa nak seksa dengan berlapar. Dah tak lapar. Seksa mende. 😅,"Kuala Terengganu, Terengganu"
2022-12-25 05:03:40+00:00,1606878319433351171,B2utyIMA,Perut lapar tapi bile makan rasa cam dok lalu pule 😢,Rainbow Cloud🌈⛅️
2022-12-24 02:44:58+00:00,1606481027727519745,nick_amirrul,Aku kat parents now. Tunggu siblings siap nak p kenduri. Lapar nak makan nasi minyak,"Kuala Terengganu, Terengganu"
2022-12-20 09:23:53+00:00,1605131866553470976,nick_amirrul,"Balik kerja karang aku nak makan nasi putih panas, telur bistik, ayam masak merah, sayur kailan ikan masin. Aku lapar","Kuala Terengganu, Terengganu"
2022-12-19 01:16:57+00:00,1604646936572997632,nick_amirrul,Alhamdulillah settle urusan klinik aku. Now nak g breakfast pulak. Lapar la weh,"Kuala Terengganu, Terengganu"
2022-12-12 15:45:36+00:00,1602328827308695552,hafizanlootfi,@fzeyka aku lapar,
2022-12-11 16:42:01+00:00,1601980634729426946,mugiwar08330661,@winn1ethep0oh Lapar kot,"Kuala Terengganu, Terengganu"
2022-12-06 06:02:59+00:00,1600007879616266241,DAELOVATE,"Dah la lapar, anak buat perangai Tak boleh nk masuk dapur 🥲🥲",
2022-12-04 10:37:29+00:00,1599352182989811714,nick_amirrul,@Capiqsopian Alololo siannya. Lapar ek? Panas ek? Nak cendol?,"Kuala Terengganu, Terengganu"
2022-11-30 01:59:38+00:00,1597772311763255296,ashy9610,"@FateenNajwaa @Epoolz_ @silentkillerrr9 @onlygood_1234 Btul fakta menyata kn.
Pempuan klu marah mesti tgh lapar",
2022-11-29 04:14:37+00:00,1597443890298355712,ashy9610,"@Aida_kim Awat truk norrr....
Ante g lh tlg beli nye..
Sian lapar budak tu..",
2022-11-28 13:45:40+00:00,1597225211664879616,dendr0phila,Patutlah lapar semacam. Hari ni aku baru makan dorayaki kedai Eco je. 😂,
2022-11-28 04:56:59+00:00,1597092163753426944,sryzhr_,lapar,you&me
2022-11-25 12:55:11+00:00,1596125345916153857,nick_amirrul,Lamanya aku tunggu member sorang ni. Aku dah lapar ni,"Kuala Terengganu, Terengganu"
2022-11-23 23:28:13+00:00,1595559875429310465,nick_amirrul,Lapar. Menangis je sepanjang malam pun xguna gak hmm,"Kuala Terengganu, Terengganu"
2022-11-20 11:27:35+00:00,1594291360789516290,nick_amirrul,Lapar aku nak keluar la. Boring stay lama2 dlm bilik. Buat aku stress,"Kuala Terengganu, Terengganu"
2022-11-19 08:48:42+00:00,1593888988799987712,shuhada1203,Lapar la plak .. https://t.co/wAWEUFVS4c,bora bora island
2022-11-19 07:18:13+00:00,1593866219337064448,nick_amirrul,Xtaw nak makan apa. Hmmm tapi aku lapar,"Kuala Terengganu, Terengganu"
2022-11-19 05:48:39+00:00,1593843678573125632,Mohddez,@yasminmeor Tulah pasal. Lapar xleh bawak bincang. Padahal pagi td dah sarapan.,Kuala Terengganu
2022-11-14 14:28:42+00:00,1592162611772416002,DAELOVATE,Lapar tp tgk perut berlapis ni mcm haisshhhhhhh,
2022-11-14 12:43:11+00:00,1592136057407287303,amieaduka,Ngantuk tapi lapar 🙂,"Kuala Nerus, Terengganu"
2022-11-05 09:49:55+00:00,1588830962166923264,FammyThaw,"Dah mkn tp still lapar. Pastu ko xsihat pun nak kuar jenjalan menikmati alam. Dah menyesal g scroll ig tgk chocacake cafe tu. Esok nak blk KL dah, xlalu plak jalan tu nak singgah. I want that chonky soft cookies lg!",
2022-11-04 04:53:10+00:00,1588393896219856896,afizzihafiz,"Hidup di dunia ni cuma sementara saja,..biarlah xdipandang sesape pon,hidup perlu diteruskan jgk..Sapa masa nati aku tinggalkn jugak dunia ni...so,no women no cry but no money I is lapar kekgi..🤣🤣",
2022-11-02 10:35:57+00:00,1587755386454806529,frhanaizzati,Menyesal pula balik dulu sebab lapar pula 🤣,"Semenyih, Selangor"
2022-11-02 10:32:53+00:00,1587754614665138176,ridslife,lapar gila… kalau aku order grab atas bas bergerak ni rasa dia bole kejar tak,Malaysia
2022-10-29 09:24:07+00:00,1586287755436646400,_asmashaharudin,@frdsh_ Alhamdulillah. Tu pon sentiasa lapar je. Tapi kene control makan dia so maintain 5kg je. Lebih sikit kene diet. Hahaha.,"Trengganu, Malaysia"
2022-10-27 23:43:18+00:00,1585779201084645376,ziamijemi,Awal pulak rasa lapar. Nak pergi cari sarapan dekat luar hujan pulak. Member-member pun pakat belaka dibuai mimpi lagi. 😅,"Kuala Nerus, Terengganu"
2022-10-18 06:45:15+00:00,1582261510902284289,ashy9610,"@Aida_kim X,masalah nya kn tgh lapar,g lh mkn sana.
Solusi dh ad kot.
Yg ajak gaduh tu dh knp?
Bkn kenyang😭😭😭😭",
2022-09-28 04:45:17+00:00,1574983560770953216,wnnazeera,Asyik lapar je 😌,
2022-09-26 23:01:20+00:00,1574534615779647494,nurfaaa__,lapar lapar lapar . awal pagi lapar dh 🥲,
2022-09-24 04:04:10+00:00,1573523661184958465,Rikka_luxy,"@sarah__suhairi Bukan ker kita kena mkn bila lapar, bhnti sebelum kenyang ker? 🤔","Kedah, Malaysia"
2022-09-16 15:29:11+00:00,1570796948223066112,teachernndjw,pening kepala lapar,
2022-09-08 01:02:41+00:00,1567679783865286656,iamnurulislam22,Kepada pimpinan PH yang lapar isu sangat. Janganlah sampai jadi sampah tak bertamadun. Ni 2022 kot takkan nak main fitnah. https://t.co/RyFouvU9Tk,"Kuala Lumpur,Malaysia"
2022-09-07 15:46:55+00:00,1567539920868376581,FadeliDin,Hujan lapar,"Manir, Terengganu"
2022-08-27 07:56:11+00:00,1563435190554624000,ashy9610,@FateenNajwaa @iliism Dh cpat ckit lapar tu🤣🤣🤣,
2022-08-26 23:13:57+00:00,1563303768120492032,ashy9610,"@FateenNajwaa 🤣🤣🤣
X,sya cuma tlg nk bgi keje tu biar cntik klu siap 6ti...
Tu hasut jgn buat time lewat mlm.
Yg part asmr tu,dh sye lapar,sye mkn lh🤣🤣🤣",
2022-08-13 06:47:01+00:00,1558344355387125760,Fariszuone10,"Sembah Allah..tapi menda Allah suruh langgar...

Sama mcm tgh lapar...tapi update status.. makannya tidak",Kuala Terengganu
2022-08-07 03:34:11+00:00,1556121499257704448,aimansaqils_,Apapun terjadi lapar tetap kena makan ;),"Selangor, Malaysia"
2022-08-04 16:31:26+00:00,1555229938189381633,azrullazmi,"Astaghafirullah.. Hujan, lapar dan rindu.",Terengganu - Toxicity
2022-08-02 13:26:23+00:00,1554458591083790336,EiynaLOL,"place order 2038 , almost one hour masih belum nampak kelibat.. semua lapar mcd ke malam ni..","Kuala Terengganu, Terengganu"
2022-07-26 19:53:03+00:00,1552019184581632000,nnadiajaafar,Bangun2 mesti lapar dong! 🥲,Kuala Terengganu
2022-07-19 09:51:04+00:00,1549330977406988288,OpsSenyum,i miss my friends 🥹 i miss uia. dulu bila lapar je mesti roger je member pastu on on setting tempat. biasanya cafe bilal lah tak pun ali.,"Kuala Terengganu, Terengganu"
2022-07-15 04:43:29+00:00,1547804020659535872,ashy9610,"@Misserinorla Bkn rajin,sbb lapar jew.
Klu x,mmg telur jew kat dlam.
Atau just mkn telur🤣🤣",
2022-07-01 16:00:56+00:00,1542901074595835905,Axsyah_,tiber lapar,"Losong, Terengganu"
2022-06-22 04:02:36+00:00,1539458807067054080,amrafkz,sarapan membantu kita dari ambil makan tgh hari secara bnyk sbb lapar.,Currently in Malaysia
2022-06-16 15:10:23+00:00,1537452534599589891,byanmathers,Datang belah pata timo ni auto lapar sentiasa 😩,Malaysia
2022-06-14 06:24:09+00:00,1536595328161685505,Fariszuone10,"Nak menggelabah pun aku rasa akan menerukkan keadaan....

So....
Watlek watpis jelah 😵‍💫😂

Ok...aku lapar ni..",Kuala Terengganu
2022-06-11 14:49:40+00:00,1535635383236427777,najamboo,Add on makanan. Nanti lapar 🤣,"Kampung Ten, Johor Bahru"
2022-06-10 14:08:47+00:00,1535262704985776128,vastblueskyy,saya lapar..peruut dah berbunyikk,where i talk to myself
2022-06-06 06:17:55+00:00,1533694655078219777,fikrikacak,Top up caffein sebelum masuk highway. Kedai makan sana sini penuh. Perut lapar teruk ni. https://t.co/3rQ7DgTadw,
2022-06-03 06:44:00+00:00,1532614055772401664,payyinx,"penat, lapar, broke af, otak tepu buat assignment, mental breakdown. after all, yeah I'm hungry and broke",Busan
2022-05-28 22:15:47+00:00,1530674219889364992,lfmngg,Kesian dia lapar....,"Kuala Terengganu, Terengganu"
2022-05-27 23:42:32+00:00,1530333662788452352,ed2sarah,"Dia tak kisah ibunya lapar,
Kisah kan anak cucu nya yang lapar..'deep'.
Jangan menangis di hari dia meninggal kan kita krn semasa hayat nya ,tiada di ambik peduli",
2022-05-27 07:55:33+00:00,1530095349766901760,ez111112,"Nikmatnya kalau ada Albab Cookies dalam kereta. 🥰

Tengah hadap jammed pun masih boleh relax, bertenang lagi. Penyelamat bila tengah lapar. 😋

Takla boring dalam kereta bila ada peneman 3 sekawan ni.

Belanja like sikit kalau betul. ❤️

#TheSaudagaar
#AlbabCookies https://t.co/vNywIvFga9","Kuala Terengganu, Terengganu"
2022-05-22 19:22:54+00:00,1528456384555036673,azrullazmi,"Ingat tak boleh tidur sebab lapar, rupanya rindu.",Terengganu - Toxicity
2022-05-16 05:12:15+00:00,1526067986431619072,izzxtnxzmi,Lapar.,
2022-05-11 03:30:06+00:00,1524230338666704897,zkrmns,M2u down lg ke? Bana tul tengah lapar ni jgn main2.,"07, Singapore X south korea"
2022-05-10 12:53:55+00:00,1524009840615768064,alshnii,"Lapar, nak order grab tapi kesian abang grab kene redah hujan 🥹",
2022-05-08 13:15:22+00:00,1523290465101291520,noi_adin,Anak mengamuk2 sebab lapar. Lepas tu kau masuk kedai semua nasi habis. Tau tak macam mana helpless nya rasa?,Ipoh. Sepang. Next?
2022-05-03 14:50:50+00:00,1521502550494953473,AzimFadhli,"Hai @pizzahutmsia , saya order satu pan hawaiaan chicken, satu beef pepperoni. Tapi dapat dua beef pepperoni. Macam mana ni? Lapar ni https://t.co/BuaCYwN4Ag",Kuala Lumpur City
2022-04-23 11:52:19+00:00,1517833746673668096,muhaimin_amin,Jarang2 dlm kehidupan aku ni lapar tapi tak selera nak makan 🥴🤒,Malaysia
2022-04-21 11:05:05+00:00,1517097082724958209,Ainashfna,Jauh perjalanan lapar doh 😂😂,United Kingdom
2022-04-13 06:04:40+00:00,1514122379408330752,miisswanie,"Aku sejenis tk bngn sahur..sbb tidur dh 1@2 pg..mkn sblm tdur pun tak..jd smlm berbuka mok buat nasi air..jd td sahur mok call bnyk kali jugk suh bngn sahur..dhla phone silent..adik siap ketuk berkali2 lg..mok ckp stg lapar sbb berbuka nasi air jee..

Bless i have lovely family🥰","Kuala Terengganu, Terengganu"
2022-03-30 02:02:11+00:00,1508987922770702336,syzatty,"Dulu twitter, ringan² je. Tweet lapar, tweet sakit perut, tweet nak gi jalan. Sekarang twitter semua berat², semua isu semasa, kutuk sana kutuk sini, share tips belanja, rumahtangga.b",
2022-03-18 14:06:40+00:00,1504821594128261122,miisswanie,Perut laparrrr tapiii malas trunnn..peruttt laparrr..tapiii malass trun..lapar lah kau🤣,"Kuala Terengganu, Terengganu"
2022-03-15 06:06:06+00:00,1503613488606085121,rasyameyya,"Sebelum makan lapar nak mati. Lepas makan ngantuk nak mmpus.
Apakah???!!! 
Grrrr",Cyberjaya someday
2022-03-11 13:05:39+00:00,1502269521637560325,syzatty,"Ehh biar lah remeh je pun. Kalau dh lapar, and dh terbayang mknn tu, sampai lain, ehh frust jugakk",
2022-03-11 13:03:00+00:00,1502268853833068547,syzatty,"Frust ya, perut lapar harini order foodpanda. Order nasik goreng paprik. Yg sampainya nasi goreng kosong je yaa.",
2022-03-10 11:04:43+00:00,1501876701374025728,mdaimangg,Lapar tapiiii tkde selera nak makan 😅,
2022-03-07 04:19:31+00:00,1500687566122930179,lleaveee,lapar but cant even eat,Malaysia
2022-03-04 08:11:46+00:00,1499658846755000322,hafizjvsoh,"Masuk sini keluar mesti lapar! Sbb pusing punya pusing, tahu2 dekat 3,4jam dalam tu. 😅","Cairo, Egypt"
2022-02-20 06:35:49+00:00,1495286046665617410,rasyameyya,Tadi lapar beriya dah aku order mee champa skali bila smpai xselera plak.. adoi.. kalau stakat xselera xpe.. ni hypo ni haa tgn sejok ketor rse.. npe aku rse perut mcm berkocak sgt ea stress plak ase,Cyberjaya someday
2022-02-19 14:49:12+00:00,1495047824022847491,sarahadlyna,Sumpah lapar nak mampos :'),Malaysia
2022-02-07 01:38:29+00:00,1490500177165094915,xmshrx_,sebab nak kena cerap ni la tak sempat nak breakfast. lapar siottt,"Kuantan, Pahang"
2022-02-06 12:06:48+00:00,1490295914199945217,anasaiman_,Done submit. Otak aku dh menggelegak. Plus lapar nk keluar makan hujan pulak. Tdi skip lunch. Erm.,"Johore, Malaysia"
2022-02-04 03:49:11+00:00,1489445907615842305,Catheliadarcia,"Aku makan mengarut
Last-last aku lapar nasi jugak
Sepatutnya aku makan nasi dari awal
Mana tak gemuk aku nim","Kuala Terengganu, Terengganu"
2022-02-02 02:33:49+00:00,1488702163790401537,xmshrx_,bila lapar teringin nak makan semua benda. langsung tak boleh kawal. dah settle makan mula lah termenung kenapa gemok. siyel. sksksk,"Kuantan, Pahang"
2022-02-02 02:04:33+00:00,1488694799280779267,vince_zack,"Sbb dh lapar kita stop je la kat kedai tepi jalan ni..
Dapat Nasi Minyak then ada kuih gak
Alah comel je kayu keramat dia.. mcm @amer__aljeffrey punya ehhh..

Yg satu lagi tu apa nama dia Memer? Yg inti ikan tu.. kita dh lupa nama dia.. https://t.co/EyfdFeQzr9",
