Datetime,ID,Username,Text,Location
2023-03-30 07:16:49+00:00,1641338674989404160,chlowieyyy,@arthurzitam @HodohBodoh Kau diam aku tumbok klak ku lapar tok mok KFC burger cheezilla,"Kuching,Sarawak"
2023-03-30 05:13:57+00:00,1641307756627107841,denadiyana,"lapar eh ,,,,,,,",KCH 
2023-03-28 00:55:15+00:00,1640517873763516416,Ftfrhyf,Malas mok sahur heavy. Sama jak lapar dgn haus esok 😂,KCH
2023-03-28 00:01:44+00:00,1640504408843915265,mimiehaizaa,"Aku nanyak nya, “ktk sik puasa kah?” “Aihhh kelak kmk kepak bemain, kan kmk lapar kelak” katanya! 😤😤","Kuching, Sarawak"
2023-03-27 08:37:08+00:00,1640271726037831680,yshqlz,Aku lapar,"Kuching, Sarawak"
2023-03-27 03:02:10+00:00,1640187426730819585,iejannabdullah,"Lpk sahor,sempat minum aek jak. Tok dah terasa haus &amp; lapar 😭","KUCHING,SARAWAK"
2023-03-27 01:53:21+00:00,1640170110504824832,hafiqahsebi,awal gilak dah rasa lapar tok,"Kuching, Sarawak"
2023-03-26 16:24:37+00:00,1640026982116388867,dailycenoura,"@IAMPLITUDO ㅤ
ㅤ
Cecilia terkekeh. Yang sang puan tangkap— kekasihnya itu sudah lapar lagi, sudah pasti. Masih menggenggam tangan @IAMPLITUDO, keduanya pun melangkah ke meja yang masih kosong untuk mereka tempati. 

“Ayang, kapan-kapan ayo kita ke Warmindo?” 
ㅤ
ㅤ",Lintang🤍
2023-03-25 03:41:19+00:00,1639472502358556672,waveswho_,makan bukan main banyak gik time sahur tadik tok baruk kol 11 lebih dah lapar 😭😭,"Kuching, Sarawak"
2023-03-24 01:01:12+00:00,1639069821362147329,denadiyana,baruk kol 9 dah lapar kdk apa 🙂,KCH 
2023-03-21 03:32:19+00:00,1638020685913276417,chrystrcharles,Lapar bah asai ka meligan nemu ka,"Kuching, Sarawak"
2023-03-18 19:29:05+00:00,1637174302314467328,Dmeysrhwong,Selang sejam lapar. Setiap kali makan kdk makanan d mkn 2 org😂 mun sik gemok balit sik ku tauk la 🤣 tok nang usaha mena nak berisik kan bdn balit,"Kuching, Sarawak"
2023-02-26 19:31:10+00:00,1629927069638627328,Dmeysrhwong,Ngek. Lapar jam tok cravings steamboat pedas china sik lawak cok🥲,"Kuching, Sarawak"
2023-02-23 03:51:08+00:00,1628603337741582337,diraiskndr,"Bila posa oh, extra krok krok jak perut hahahaha coba mun sik posa, sikda nya cepat lapar 😂","Kuching, Sarawak"
2023-02-21 10:36:45+00:00,1627980641160527872,JrMathewKK,"Jika kamu mencari yang sempurna.. Maaf aku mundur.. 

Tapi jika kamu cari mi kolok, laksa, nasi ayam atau bihun belacan.. Aku mau.. 🤪🤣 #lapar https://t.co/LSAR7cKqXE","Kuching, Sarawak"
2023-02-16 16:00:08+00:00,1626250080683724801,ikramnasir95,Dia punya tahap lapar ni lain macam,"Sarawak, Malaysia"
2023-02-15 15:59:21+00:00,1625887496960905216,shfxazdx,Lapar nya. Langsong sik sempat nak makan.,"Kuching, Sarawak"
2023-02-11 09:47:59+00:00,1624344486284496896,NAzharBujang,😖 kenapa aku lapar je ni… patut la gemok.,"Kuching, Sarawak"
2023-02-07 18:15:18+00:00,1623022605992345600,deeeesya,cons of belajar mlm2= lapar,
2023-02-07 09:00:07+00:00,1622882891977097216,deeeesya,sy lapar,
2023-02-05 14:00:26+00:00,1622233692654694401,ibnu_m0hammad,Pilih utk tidur walaupun lapar selepas lari 11km tadi.. huhuhu,"Kuching, Sarawak"
2023-02-03 06:19:01+00:00,1621392797889855489,BrennenAba,@_expayex Alu lapar ngga. Haha,"Kuching, Sarawak"
2023-01-30 14:46:58+00:00,1620071076746379264,elsievalerie97,"Dah lari 5km balit alu lapar agik, makan maggie lah mcm biasaaa💀",Sarawak 
2023-01-28 19:52:41+00:00,1619423236143607808,HalimJaafar24,Lapar. Mok mkn p malas masak🥲,
2023-01-28 09:47:11+00:00,1619270856605331456,irfanjml,biasanya lapar tgn shaking.tok kaki shaking skali 😅,
2023-01-22 09:12:12+00:00,1617087724548427777,Yulie_Nurafnie,"Kak Su dropped anak dia si Baby ni kat rumah sewa aku. Sebab since hari tu lagi Baby mau tido sini. 
I thought I was gonna have a hard time to fulfill her needs. Takut dia lapar tapi tak cakap or boring nak cepat balik.

But she managed herself well. Siap kemaskan meja aku🤭","Tawau, Sabah"
2023-01-09 11:32:48+00:00,1612412065825853441,myeothman,Lapar lapar lapar lapar lapar lapar lapar lapar lapar lapar lapar lapar lapar lapar lapar lapar lapar lapar lapar lapar lapar lapar lapar lapar lapar lapar lapar lapar lapar lapar lapar lapar lapar lapar lapar lapar lapar lapar lapar lapar lapar lapar lapar lapar lapar lapar,
2023-01-03 08:13:03+00:00,1610187471408746497,unluckyXenough,dari lapar terus jadi kenyang 🙃,"Amsterdam, The Netherlands"
2023-01-02 18:01:59+00:00,1609973294383652865,denadiyana,lapar,KCH 
2022-12-27 12:59:05+00:00,1607722738919280641,azida_madaing,Lapar lapar 😪,
2022-12-23 04:52:51+00:00,1606150822936485891,omanawawi,"Organ manuaia aku paling benci setakat usus perut kot. Bayanglah, diorang buat kau rasa pedih tapi makanan yang diproses tak nak pulak dia bagi laluan keluar. Dah laa buat rasa lapar, tapi tak nak tukar lemak tu ke tenaga dulu. Kalau tahan makan, dia siap ambil otot dulu, njir.","Kuching, Sarawak"
2022-12-23 02:56:47+00:00,1606121611089698818,vtymhd,@SyiqinSBase Pura-pura kenyang tp lapar nak mamposs sebab diet,"Sibu, Sarawak"
2022-12-20 17:07:32+00:00,1605248549549092865,die_pura,"Nak beli makanan, tapi tula… takde kedai bukak, 7e pom jauh, nak order grab tapi grab tkleh masuk dalam uni, haih , nk tunggu pagi esok macam tk sempat, sebab lapar, nk makan maggi tapi tkde air panas, kenape kenape kenape",Kelantan
2022-12-20 17:05:38+00:00,1605248068688805888,die_pura,Lapar,Kelantan
2022-12-20 07:45:55+00:00,1605107210430087168,vtymhd,Bongok perut lapar ndah. Bok jak makan tek ehh.,"Sibu, Sarawak"
2022-12-18 18:06:44+00:00,1604538669347373057,denadiyana,lapar balit alu hm,KCH 
2022-12-18 12:23:54+00:00,1604452395085594624,vtymhd,Lapar tp sikda selera nak mkan. Minum calla chocolate jak gik. .,"Sibu, Sarawak"
2022-12-16 02:41:29+00:00,1603581048700669953,srsyamimi,Sik sabar nak makann 😫 Dari malam tadik lapar,
2022-12-15 16:54:06+00:00,1603433226516967424,srsyamimi,Mcm menyesal sik tapau mcd tek. Now lapar ndah 😫,
2022-12-13 06:11:42+00:00,1602546785146503168,_car_lost__nss_,Lunch anyone? Tak buat keje pun boleh lapar. https://t.co/45OGCgwwYp,Malaysia
2022-12-11 12:11:14+00:00,1601912489327104002,denadiyana,lapar gila,KCH 
2022-12-09 06:47:41+00:00,1601106291262623744,unluckyXenough,@captain68404915 blurppp abam lapar,"Amsterdam, The Netherlands"
2022-12-03 14:40:26+00:00,1599050935854329856,Elssie_Shaarawy,"Selama ni aku xpernh ada gastrik pn. Lapar mana sklipon, lepas makan..settle.
Skrg ni, xboleh lapar. Kalau lapar and trus makan.. perut xdpt trima. Sakit smpai xleh nak bdiri kdg 🥲","Kuching, Sarawak"
2022-12-03 11:08:24+00:00,1598997574610210816,puteriislah,"Lapar nak makan satay.. Tapi nk mkn dkt kedai dia.. Tapi hujan malas keluar

Banyak tapi nie mmg kena berlapar jer lah😅",::FuLL HouSe dan Rumah KAMI::
2022-12-03 01:54:00+00:00,1598858056687054848,HanzArry,@imnnrrzki 😩😩😩 lapar...,
2022-11-29 05:30:23+00:00,1597462957440786432,hzellusun,saya lapar,borneo
2022-11-28 15:41:06+00:00,1597254263377661952,MalissaMaryam,Kenak lapar time tok,"Sarawak, Malaysia"
2022-11-27 00:56:33+00:00,1596669271274557440,aynaakamal,"Hello pulis, saya lapar","Kuang, Sungai Buloh"
2022-11-24 03:57:58+00:00,1595627763515654144,unluckyXenough,hantar bos gi airport pastu pau dia nasi briyani 🥵 dah la lapar ni baru abis court hehe,"Amsterdam, The Netherlands"
2022-11-23 01:18:24+00:00,1595225219765272576,hzellusun,lapar gue,borneo
2022-11-22 04:21:12+00:00,1594908835214495744,lavilavider,Lapar,
2022-11-21 04:17:41+00:00,1594545560325095424,NAzharBujang,@emmskattie Kau suka nyuruh aku lapar. 😂,"Kuching, Sarawak"
2022-11-20 13:48:25+00:00,1594326803404857344,ChieyrAlbert,"Ku tok lapar. Tapi nasik puteh ja dapat masok tekak. Bila nak makan lamb chop, terus rasa nak muntah cium bau nya. Sia² la aku masak dengan semangat nya tadik. Dengan palak bendenyut² juak dari tengah hari tadik tok. Heh stress!",Kuching—Kota Kinabalu
2022-11-20 13:26:12+00:00,1594321210393128960,Elssie_Shaarawy,"Entah lah. Yg aku tau, perut aku skrg ni lapar. 

Drama brapa episode lah ni nnti. 😴","Kuching, Sarawak"
2022-11-19 19:47:51+00:00,1594054870214283264,mizaosan,"Weyh lapar. P sikkan nak makan, almosst 4 dh tok. Boleh sahur dh","Kuching, Sarawak"
2022-11-16 03:27:47+00:00,1592721065285156865,lavilavider,Lapar wai https://t.co/EA8TzUjYcx,
2022-11-15 04:54:55+00:00,1592380603579924481,Shangkee0808,Lapar doh,Kuala Lumpur
2022-11-09 15:28:56+00:00,1590365833272098817,remos_inspektor,Lapar doh,
2022-11-09 00:04:41+00:00,1590133238240260097,BatwomanKCH,Lapar eh. Hmmm,Borneo Island
2022-11-08 09:10:55+00:00,1589908312908525568,aynaakamal,solat dan tidur as always sbb dah makan brunch banyak lepastu lapar lagi. Never ending story of me being lapar,"Kuang, Sungai Buloh"
2022-11-03 15:30:53+00:00,1588191995834814464,sebf1994,@jai_rjuna @anwaribrahim Wat lapar,"Kuching, Sarawak"
2022-11-02 13:49:56+00:00,1587804203673878528,hzellusun,lapar....,borneo
2022-10-29 12:51:10+00:00,1586339862458044416,remos_inspektor,Nak jadi apa baru lepas makan dah lapar balik ni.,
2022-10-26 15:31:23+00:00,1585293017162076166,thenamesdaeng,asal semua orang lapar burger harini? nasib dinner aku tadi burger double beef cheese fuh,tamriel
2022-10-26 05:37:46+00:00,1585143630343581697,bellaminkarim_,"Lapar, tapi xtau nak makan apa…",Malaysia
2022-10-25 08:32:19+00:00,1584825169595334656,denadiyana,lapar,KCH 
2022-10-22 04:13:59+00:00,1583672995096440832,twitttul,Harap kepishangan aku tok tegal lapar ajak. Ku nak bertahan sampai petang tok,"Sarawak, Malaysia"
2022-10-20 04:19:15+00:00,1582949542919798784,andwanabdul_,Lapar https://t.co/6DnC4B54Jk,
2022-10-19 11:30:16+00:00,1582695625602174977,priestleykite,"Lapar. Sadly, I'm miskin","Sarawak, Malaysia"
2022-10-13 10:10:06+00:00,1580501123164942336,hzellusun,lapar tapi mengantuk,borneo
2022-10-11 15:33:58+00:00,1579857851098738688,remos_inspektor,Weh lapar terok ni mat adeh,
2022-10-10 14:01:51+00:00,1579472280056659969,denadiyana,lapar eh,KCH 
2022-10-03 05:11:44+00:00,1576802157877395456,aniqaqmarmual,If lapar tapi aku lapar aku mok post juak,
2022-10-02 22:44:32+00:00,1576704716561534976,shfxazdx,Good morning. Minum pun sik sempat apa gik makan. Lapar 😭,"Kuching, Sarawak"
2022-10-02 03:24:48+00:00,1576412859327995904,DaddyHAART,@HanzArry 🤣dua2 lapar tahap gaban,"Kuching, Sarawak"
2022-09-30 16:32:46+00:00,1575886379887665161,alysafarima,Lapar eh. Klah tdo hj,
2022-09-28 06:18:36+00:00,1575007045769523201,denadiyana,adoheh camne nk makan tok lapar eh,KCH 
2022-09-26 13:09:49+00:00,1574385754230251520,shfxazdx,Time tok juak nak molah hal. Dah lah baruk balit kerja. Hari hujan. Kepak. Lapar juak lagik. Haih combo diberik nya,"Kuching, Sarawak"
2022-09-24 16:40:50+00:00,1573714086021373953,alysafarima,Dh tdo tek tp tbgn ada kali dlm 15mins tdo tek. Emmm now lapar rasa,
2022-09-24 16:38:34+00:00,1573713515034312705,alysafarima,Lapar eh,
2022-09-24 07:58:16+00:00,1573582577495330816,HalimJaafar24,Lapar eh,
2022-09-22 14:53:03+00:00,1572962183004434434,Okupdul,"Aku lapar, masalahnya aku malas nak bangun pegi dapur. 🙄😫","Sabah, Malaysia"
2022-09-22 14:09:15+00:00,1572951162298716161,capt040797,i lapar walaupun MAS dah bagi makan tadi dalam flight. 😶‍🌫️ https://t.co/4wEz0XTNXV,"Bandar Sunway, PJ"
2022-09-20 03:09:09+00:00,1572060265281355776,alysafarima,Dh dr pgi mood ku tbalit kakya lapar juak gk. Org d call x pdy jwb. 🤬 sa nk ngamok,
2022-09-13 23:38:38+00:00,1569832958646951938,_aainanajwa,awal pagi dah bangun nak molah ayam goreng HAHAHHAA LAPAR KU NGEKK,"Kuching, Sarawak"
2022-09-09 10:07:44+00:00,1568179341271638016,JrMathewKK,"Waiting game strong ! #lapar #laksasarawak 
From this:.               To this: https://t.co/OKjFXQR1dd","Kuching, Sarawak"
2022-09-05 10:31:37+00:00,1566735796866252801,hairolhisham,@zergg Makan tok sik sampei sejam dah lapar balit. Saya lah yituu 🥲,"Kuching, Sarawak"
2022-09-04 08:18:51+00:00,1566340000127467522,shfxazdx,Haish lapar 😭,"Kuching, Sarawak"
2022-08-27 02:13:40+00:00,1563348992507154434,vtymhd,"Perut ko cramp, lapar, n ko kena ngemas rumah dolok. Mndik sklik gk bok pt klua tok ehhh.","Sibu, Sarawak"
2022-08-23 10:01:15+00:00,1562017115192045568,vtymhd,Ok sis diet rtok. Kepak dh workout. Mn lapar mnm esp jerrr 🤭,"Sibu, Sarawak"
2022-08-18 01:48:26+00:00,1560081152018247680,vtymhd,"Dh aku x bfast rtok, xda mbk klua. Dh aku breakfast pg, terpaksa mkn gk mn diajak. Aiyooo. Dh lapar perut tok.","Sibu, Sarawak"
2022-08-17 15:32:19+00:00,1559926102738419715,Okupdul,"Lapar, masalahnya aku dah baring ni, malas nak ke dapur. 😔😫","Sabah, Malaysia"
2022-08-16 15:07:17+00:00,1559557416756264960,ruffleseed,Lapar ah https://t.co/UuHVqYc5mu,Malaysia
2022-08-15 16:54:15+00:00,1559221945547497472,sarasyid,Hmm pande lapar indah tgh malam cmtok,Malaysia
2022-08-14 02:16:11+00:00,1558638583992700928,vtymhd,Dh perut cramp sik berapa nk nyaman tmbh lapar gk. Haish,"Sibu, Sarawak"
2022-08-13 07:16:16+00:00,1558351716558389248,azwanazmi7,Lapar eh.,"Kuching, Malaysia"
2022-08-08 14:34:39+00:00,1556650099694276608,BudakConfused,lapar.,"Kuching, Sarawak"
2022-08-05 02:43:35+00:00,1555383991255330816,vtymhd,Mencarik tulisan jak pun. Now lapar balik 😌 #nomu #kuchingcafe #comingsoon,"Sibu, Sarawak"
2022-07-29 16:21:05+00:00,1553053006530498562,srsyamimi,Lapar 😭,
2022-07-29 14:39:23+00:00,1553027413487284224,pidsyy,"“Aih lamak juak tok”
“Lapar eh kmk”
“Nasib full meja eh mek takut sikit orang” 
“Kepak eh senyum” hahahahahha",
2022-07-25 16:51:59+00:00,1551611229839302657,tyraaidrus,pahal harini lapar hanjeng eh. padahal makan je kot tadi ish,
2022-07-23 10:33:39+00:00,1550791244930236417,srsyamimi,Lapar 😭,
2022-07-21 11:07:38+00:00,1550075020877041664,HsmxJvmx,"lepas makan pn lapar lg nih, haisss tu la x lunch td drive ja mls lak nk lej beli jajan nih hurm","Sarawak, Malaysia"
2022-07-20 23:55:12+00:00,1549905796754186240,Dmeysrhwong,Selang sejam lapar yarabi 😌,"Kuching, Sarawak"
2022-07-19 14:42:43+00:00,1549404373448622081,irfanjml,lapar tapi...,
2022-07-18 00:22:21+00:00,1548825467666702336,vtymhd,"Aku rasa aku lebih suka kerja rah kedey jak. Sik stress drive, sik kepak berbeli brg. Duduk n polah kerja. Ckp time lapar, makan. . Tok kepak sekian an jem jak. Ya pun jem entah apa2 rupa bongok jak jem.","Sibu, Sarawak"
2022-07-16 09:26:44+00:00,1548237687852638211,azwanazmi7,"Mcm tau2 je aku lapar balik, ada nasi lemak kat dapur. Bukan account nasi lemak tu ye","Kuching, Malaysia"
2022-07-16 08:49:25+00:00,1548228297779122176,azwanazmi7,Ermm aku lapar balik hahahahah,"Kuching, Malaysia"
2022-07-15 12:13:53+00:00,1547917366289256462,giantdoodfus,lapar tapi nadai rasa ka makai 😮‍💨,Hawkins
2022-07-15 06:57:26+00:00,1547837727650897920,makcekeskrim,Lapar lagi 🥹,Putrajaya Federal Territory
2022-07-15 04:21:53+00:00,1547798580941180928,alysafarima,Kemain lapar tek kakya xabis makanan,
2022-07-13 13:22:01+00:00,1547209736897982464,shfxazdx,Bangun bangun tido lapar,"Kuching, Sarawak"
2022-07-13 08:50:41+00:00,1547141451276234752,hzellusun,dah sampe rumah bok lapar,borneo
2022-07-11 14:25:06+00:00,1546500833876971523,alysafarima,@alysafarina Kau lah. Ku lapar juak 🙄,
2022-07-10 16:36:38+00:00,1546171549241470976,AwanAnbar,Fuh lapar plak mlm tok..,Miri 
2022-07-09 18:45:07+00:00,1545841496414334978,zehaiszaha,Hmm aku lapar. Nak ke dapo tapi takut macam seram turun tanggak 🤣🤣🤣,Malaysia
2022-07-06 02:11:09+00:00,1544504192110567424,babblingnia,Tengah fikir nak pergi breakfast dekat Hi Bread ke tidak. Macam kenyang macam lapar.,"1,104km from her"
2022-07-05 06:59:31+00:00,1544214375120064513,irahhhhahahaha,@ketengahketepi mencuba nasib sebab perut lapar https://t.co/PZHQqbe9UU,
2022-07-04 19:13:16+00:00,1544036639680258048,tyraaidrus,lapar. kenot sleep,
2022-07-03 17:04:57+00:00,1543641961844047872,alieimran99,Tgk gambar ni time tgh malam dgn perut lapar. Perghhh,Malaysia
2022-07-02 00:15:13+00:00,1543025463400210432,alysafarima,Bgn trus lapar gue. Apahal lah aku bgn awal glak tok,
2022-07-01 09:43:49+00:00,1542806169320050688,babblingnia,Baru boleh rasa bertenang sikit. Baru terasa lapar teruk. Apa nak makan ni. Huhu,"1,104km from her"
2022-06-28 08:22:43+00:00,1541698594981289984,roobiechan,@linoirino02 @StayMoon0910 Ghisaulah IF😭 tak lapar ke do😭,Stay st. 🇲🇾
2022-06-27 06:18:08+00:00,1541304855834218499,andwanabdul_,Lapar lagi https://t.co/mzPfkZonsX,
2022-06-23 17:27:53+00:00,1540023851089666048,Elssie_Shaarawy,Menyampah nya tngok iklan mekdi lalu memalam mcm ni. Dh lah lapar. 🥲,"Kuching, Sarawak"
2022-06-22 14:01:59+00:00,1539609647090667520,hzellusun,lapar :(,borneo
2022-06-20 15:43:01+00:00,1538910297817133056,naloxone__,"lapar tapi ngantok, yah malas gik kuu","Kuching, Sarawak"
2022-06-18 14:32:47+00:00,1538167849826471938,alysafarima,Hmm lapar ndah eh,
2022-06-16 09:03:19+00:00,1537360158958817280,RusydiRabaie,lapar,"Kuching, Sarawak"
2022-06-14 10:55:22+00:00,1536663583484166144,shnadhirahwa,"Energy drained, drive balit dalam palak mike sampe rumah rasa nak gurin jak. Lepasya, xsampe 10mins gurin tek, tiber rasa lapar. Sedihnyaaaaaa. Kepak + lapar but no energy 😫","Kuching, Sarawak"
2022-06-12 16:51:39+00:00,1536028469569593345,irahhhhahahaha,gais lapar,
2022-06-11 14:58:10+00:00,1535637520188223488,waverly_gill,lapar,"Sarawak, Malaysia"
2022-06-03 17:02:48+00:00,1532769782654988288,Syahrul13S,Bila perut lapar tengah malam butak https://t.co/b76gmS7dVM,"Kuching, Sarawak"
2022-06-01 15:35:36+00:00,1532023062786617344,biolyni,Lapar la cb,
2022-05-28 12:37:36+00:00,1530528716568563714,harith_izzat149,"Abah: xmok singgah beli kfc ka?
Me: xmok * without hesitation

Me now: lapar... 😢","Kuching, Sarawak"
2022-05-25 07:21:19+00:00,1529361956888383488,achaiwong_,Lapar…,
2022-05-25 02:50:21+00:00,1529293767450464258,srsyamimi,Early lunch for anak bujang...before nya ngamok lapar 😣 https://t.co/Zw4T3XKEpz,
2022-05-24 05:31:34+00:00,1528971948835090432,farahjasenu,Semua ku nak coba molah blame tik tok. Ya jgn ngga brg makan mun lapar 😂 https://t.co/xqpf5WB0qY,Borneo
2022-05-23 13:44:05+00:00,1528733509711708161,myeothman,Lapar.,
2022-05-21 19:18:30+00:00,1528092891461332992,giantdoodfus,lapar jam tuk bah makai lah nama deh 😭,Hawkins
2022-05-21 13:07:23+00:00,1527999497925627905,tyraaidrus,tadi dah makan tapi masih lapar. nak masak maggie tapi malasnyyaaaaaaa,
2022-05-20 12:36:09+00:00,1527629250190118912,tyraaidrus,lapar nak mati smpai shaking tangan,
2022-05-20 04:34:34+00:00,1527508054404497408,azwanazmi7,Lapar la ya aulo,"Kuching, Malaysia"
2022-05-20 03:15:51+00:00,1527488246342909952,MalissaMaryam,"Of course! 
Hmm lapar eh","Sarawak, Malaysia"
2022-05-19 07:26:02+00:00,1527188815756300288,srsyamimi,My Nandos is coming 😍 Bangun2 tido alu lapar 😆,
2022-05-12 13:01:58+00:00,1524736642732683264,irfanjml,lapar eh,
2022-04-29 02:49:17+00:00,1519871411967324165,azwanazmi7,Ermm lapar la.,"Kuching, Malaysia"
2022-04-27 04:30:44+00:00,1519172167077810178,azwanazmi7,@ErryZach Lapar + ngantuk 🥲,"Kuching, Malaysia"
2022-04-27 00:47:45+00:00,1519116052491169792,azwanazmi7,"Selamat pagi, tetiba rasa lapar. Nak cari breakfast lu","Kuching, Malaysia"
2022-04-26 10:01:52+00:00,1518893113846079490,azwanazmi7,Lapar semacam harini,"Kuching, Malaysia"
2022-04-18 07:40:10+00:00,1515958349740724225,azwanazmi7,Omg seriously lapar,"Kuching, Malaysia"
2022-04-17 19:01:44+00:00,1515767485924282368,irfanjml,aih lapar,
2022-04-16 17:57:54+00:00,1515389033916289024,BatwomanKCH,Kotan lapar. Kol 2 pagi moreh kueh bongkol. Hahahaha,Borneo Island
2022-04-16 06:34:13+00:00,1515216977211817984,BatwomanKCH,Dahlah lapar tengah puasa nangga sharnaaz review nasi arab chef ammar 🥲 Lapar eh.,Borneo Island
2022-04-14 04:47:23+00:00,1514465317539352576,myeothman,Awal juak lapar tok ooooo,
2022-04-12 23:50:00+00:00,1514028089839595523,alysafarima,Lapar nya 🤧,
2022-04-12 02:44:14+00:00,1513709549479288832,tyraaidrus,lepas ni sahur minum air je la. makan apa apa mesti cepat lapar tau…,
2022-04-11 09:58:26+00:00,1513456431025983489,alysafarima,Lapar eh,
2022-04-11 04:34:55+00:00,1513375015152283650,medz41092,"Menyesal pula minum black coffee awal pagi..now perut rs lapar wlupun sbnrnya kenyang, sbb effect caffeine. In the end, makan dua biji Tablet Magnesium Trisilicate","Kuching, Sarawak"
2022-04-05 10:32:34+00:00,1511290693272367106,vtymhd,"Lapar time posa sik sama rasa lapar sikdapat posa. Especially girls yg on period ya eh, darah klua melobo tp ko x makan mmg lah pening lekakya","Sibu, Sarawak"
2022-04-03 12:11:54+00:00,1510590914552823814,NorfaizX,@qacush Awak lapar sangat dah ni. Makan la dulu,"Phra Khanong, Bangkok"
2022-03-31 16:46:29+00:00,1509572853238095884,irfanjml,lapar la pulok,
2022-03-31 00:00:29+00:00,1509319685409746947,pdzjml,@jules12anne Makan sis.Jgn ditahan lapar ya 😂,Kuching Sarawak
2022-03-26 20:28:23+00:00,1507816756244803584,zatiesh,lapar 🧟‍♀️,"Samarahan, Sarawak"
2022-03-22 17:23:29+00:00,1506320676277596161,al8aidi32,"bebunyi jak perut akuuuuu , maka udah makan banyakkk tdik lapar agikk","Kuching, Sarawak"
2022-03-20 08:03:23+00:00,1505454945436246016,syfqazmnn,@_expayex Mana? Lapar ni 👀,
2022-03-19 01:04:06+00:00,1504987041217409024,azwanazmi7,Good morning! Lapar tapi rasa nak berak. Mana satu dulu?,"Kuching, Malaysia"
2022-03-17 14:10:01+00:00,1504460046289477637,alushzkaTela,"@tiqtiq14 Mcm skerem Tiq, lapar akak","Miri, Sarawak"
2022-03-13 06:26:48+00:00,1502893924523806726,fatboycanrun,Opss lapar so makan dulu picture later hahaha. https://t.co/rqDsR7hdTn,Kuala Lumpur
2022-03-12 10:36:58+00:00,1502594491240235010,DJ_Fury19,"Lapar si kawan, awal dinner 😅 https://t.co/oyBFhg49MX",
2022-03-12 04:55:15+00:00,1502508495736020994,BatwomanKCH,Lapar sikda selera nak makan. Cium bau lauk pun dah mual tok. Chocolate jak dapat di makan.,Borneo Island
2022-03-06 11:50:56+00:00,1500438780985376775,DeeErnsxt,Cibai. Covid membuat kan saya kurang kasih sayang dan lapar perhatian 😂,"Kuching, Sarawak"
2022-03-05 15:51:18+00:00,1500136883162333185,azrihaziqq_,"Bukannya habuan lapar,
Hanyasanya gelagat jiwa,
Mengundang detik,
Sejenang panjang,
Puspita, secangkir coklat,
Selapis daging, sempurna~ https://t.co/ncNNaNfbMd","Kuching, Sarawak"
2022-03-04 14:57:58+00:00,1499761073993388036,azwanazmi7,"Maka bok keluar makan, lapar balit. Perut boyak kali","Kuching, Malaysia"
2022-03-01 12:59:53+00:00,1498644193488834560,DeeErnsxt,AKU BUKAN APA. AKU LAPAR NAK MAKAN 🙄,"Kuching, Sarawak"
2022-02-17 13:29:31+00:00,1494302996473483264,abzainazraai,Mcm lapar hmm,"Sarawak, Malaysia"
2022-02-11 07:09:22+00:00,1492032998912700419,vtymhd,"Sabila ko sahur awal dari biasa sbb mk tido awal , jam 3 lbh dh lapar. Nie gk ng polah kerja jak. Berenti pun kejap jak bab mk berdiri and solat. Huhuhu. Ya Allah, terimalah amalanku ya Allah.","Sibu, Sarawak"
2022-02-09 08:59:37+00:00,1491335970209206278,MarcyrilMarcos,"""Terpaling memahami keperitan hidup rakyat"", jangan2 perut lapar pun diaorang tak pernah rasa haha.","Sibu, Sarawak"
2022-02-09 08:07:53+00:00,1491322951987531777,vtymhd,"Bok rasa lapar eh. Cmtok lah time posa kelak, gago nyettle kerja apa yg ptt. Huhuhu. Nsb mostly dh siap. Dpt pass an accountant n tax agent gk kelak. Nsb lah aku x polah bookeeping. Mn x mkin angoi aku eh. Benda sik disuka ya plg bny dipolah time kerja. Aku suka molah event tp...","Sibu, Sarawak"
2022-02-09 01:24:40+00:00,1491221479056637953,AzlanNohara,"Before the pandemic, used to supper after abis job @ Lot 1 Cafe

1 meja semua baju hitam

Menu wajibul ghunnah 👇🏻

Nasi Ayam Penyet Nasi Butter

Rating: 5/5 (mungkin sbb lapar sgt) https://t.co/sifHyypKDz",Kuching
2022-02-03 08:52:34+00:00,1489159866958548994,yrhgnessnina,Tunggu adik balit bok kita keluar carik makanan. Lapar juak tok huhu,Borneo - SWK
