Datetime,ID,Username,Text,Location
2023-03-30 11:47:21+00:00,1641406759389757441,mhdsuhairi,Roti kukus kaya karamel ni sumpah sedap. Menangis makan 🥹 *tak sempat ambik gambar sbb lapar *,Penang
2023-03-30 09:21:05+00:00,1641369949326417920,sy4hiran__,"Kurma yg boleh buat tahan lapar adalah kurma ayam, kurma daging dan kurma kambing","Bertam, Penang"
2023-03-30 02:43:31+00:00,1641269895823507456,shraazman_,"Literally, lapar nok kena berfikir bulan puasa ni😮‍💨","Kulim, Kedah"
2023-03-28 19:44:37+00:00,1640802087759122432,OfficialFareezN,@bckupacc99 Lapar tu.. belum bukak lg.. lepas pekena bandung cincau sejuk la tu..,"Kulim, Kedah"
2023-03-28 04:48:19+00:00,1640576528357691392,farahhamiraa,mamaaaa tengok ni mamaaaaaaa ada orang buat saya lapar,Penang
2023-03-27 22:21:09+00:00,1640479096265404416,mrwhitecry,"Kembali kita dlm rancangan ""lapar perhatian"" didalam bulan Ramadhan..👏","Penang, Malaysia"
2023-03-27 03:46:08+00:00,1640198493276114945,ddelilahhh,Lapar pizza la harini,Penang 
2023-03-27 03:02:19+00:00,1640187465037393923,aayimm02,@iyak_mashem Tp dh lapar ?,Penang
2023-03-26 23:28:32+00:00,1640133663139713024,NurliHaniyyah,"@wahidahsahrir Normal la kan kalau ada rasa dahaga dan lapar kan… nama pun puasa 😂 thats the objective. Kena la rasa lapar dan dahaga tu, baru la real puasa 😂 Selamat berpuasa Wiwi 😘","Penang, Malaysia."
2023-03-23 04:51:22+00:00,1638765357359063040,shamsulbahari86,Tiba² lapar. Kedai apa sedap tengahari mcm ni yer. 😅😅🤣🤣,Kulim
2023-03-17 03:39:52+00:00,1636573035221389312,Aasril_53,Kalau kita yg tgh beratur dibelakang india ni mcm mana? Dah la lapar.,Your Mr 🧔🏻
2023-03-16 05:04:07+00:00,1636231850065788929,fatinkeprawi_,"Mata mengantuk,perut lapar 🥲",Malaysia
2023-03-15 07:13:56+00:00,1635902132271595521,rdllaaa,Kenapa ye org kata air gula x sedap.. aku hritu rasa sedap je 😅 relax je mcm minum sirap 😂 maybe sbb lapar &amp; haus kot dh puasa semalaman 🤔,
2023-03-14 13:39:01+00:00,1635636651430154240,thepaksheikh,"@syhr Saya lapar,saya nak makan.Awak dah makan?",penang
2023-03-13 14:14:48+00:00,1635283270085791748,bluefleur268,Sbb makanan mahal so kitorang masak je nasi goreng tomyam as bekal jimat duit and beli roti as backup in case lapar https://t.co/siUTHGWn3s,Malaysia
2023-03-09 15:27:44+00:00,1633852071983329287,azzuhaziq,Hidup ini keras tapi kalau lapar jangan lupa makan. Bismillahirrahmanirrahim... https://t.co/drW3BnA2l7,Malaysia
2023-03-06 07:21:32+00:00,1632642552024412161,M_D_Luffy_8897,"Hahaha, betul mitos, tapi bila derma auto lapar, auto makan banyak, auto berat naik 🤣🤣🤣","Pinang, Malaysia"
2023-03-04 03:38:12+00:00,1631861572955156481,fitrahafiqqah,Sumpah tengah lapar. Nak makan dekat stadium ja la #BLACKPINkinKualaLumpur,Penang ✈️ Labuan 
2023-03-02 23:54:21+00:00,1631442854496325633,thvrlip,Lapar nasik.,merryberry land
2023-03-01 09:04:24+00:00,1630856501039595520,thvrlip,Lapar woi.,merryberry land
2023-03-01 07:55:48+00:00,1630839235896049664,AthirahHassanal,"When you still bresfeed your baby, and at the same time fasting, trust me nya pun lapar mcm apa jak 😓",Kuching Sarawak
2023-03-01 00:44:17+00:00,1630730645134774272,kobayashi_kaito,@ciraplaici Lapar roti tisu plak.. https://t.co/dDzHLb2vPB,Bandar George
2023-02-22 02:43:23+00:00,1628223900634193920,nadleyqueen,"makan waktu petang ja ,sbb kalau makan pagi nnti cepat lapar😭😭😭😭",
2023-02-21 13:25:27+00:00,1628023095805235200,atkhhusin,lapar sambal petai,Pinang Tunggal
2023-02-21 05:00:46+00:00,1627896088186466305,LeLeyni,"Tp btul la dia kata, bila tgh mood mcmtu husband mai hantaq makanan tu touching gila kot. Jgn memain ehh kalau tgh lapar.",Penang 
2023-02-13 16:24:21+00:00,1625169011851030530,pegasus_amani,In my lapar tapi malas takda kuasa nak makan era.,
2023-02-12 07:50:29+00:00,1624677305795874820,saraaaakhai,lapar llao llao. tk boleh dlvry sini ke hmm. perut dok sakit trgin bnda gitu pulak,"Mukim 5, Pulau Pinang"
2023-02-11 07:41:25+00:00,1624312638091194370,NajihaRamlee,Susah sungguh buat keputusan nak makan mana bila mana perut tak berapa lapar tapi timing makan sudah lari,
2023-02-05 11:25:24+00:00,1622194676756537348,iFaziedahAria,"Dah redah hujan, lapar pulak 😂",Kuala Lumpur Federal Territory
2023-02-05 02:31:03+00:00,1622060201401815044,yayahchim,Malasnya Hidayah nak masak. Semoga Hidayah dimurahkan rezeki boleh order makan bila lapar aminnnn,"Bukit Pinang, Kedah"
2023-02-02 15:45:44+00:00,1621173027265482752,faqeeyaaz,"Kita sama dear,, rasa lapar tapi tahan sbb takut maa meninggal waktu kita tengah mkn tapi alhamdulillah waktu nafas terakhir maa semua anak2 ada dengan maa..
Al fatihah buat ibu awak dan maa kita..",
2023-02-02 11:47:46+00:00,1621113140267331584,Hadanialready,Tetiba lapar,"Kuala Lumpur, Wilayah Persekut"
2023-02-01 08:38:45+00:00,1620703188075827202,saraaaakhai,lapar tapi makan ja muntah haih🫠,"Mukim 5, Pulau Pinang"
2023-01-29 13:45:27+00:00,1619693206446407681,ammal_faiz,Harini lapar trok. Either guna banyak tenaga or terlalu bnyk drive,"Mukim 6, Pulau Pinang"
2023-01-29 12:21:34+00:00,1619672095373533189,cempedakhangit,"Aku ada crisis, nak order grab food tapi takde duit kecik, sebab mostly grab akan mintak duit kecik, nak keluar, aku malas nak tukar baju sebab aku dah selesa dengan pakaian aku pakai sekarang… babi la? Tapi aku takde la lapar takde la kenyang tapi aku risau satgi aku lapar?!",Ipoh
2023-01-27 07:30:05+00:00,1618873965635846144,iamfuzy,@zefybengkulu dah lapar makin lapar tengok nii 😁,"Kuala Lumpur, Malaysia"
2023-01-23 15:31:32+00:00,1617545574928220160,atinnnn_afy,"😩 jgn la time gini lapar. Nak masak maggie malas dkt pantry nuh. 

Dh 11 malam kot ni. St g takblh nak tido.",
2023-01-21 07:55:00+00:00,1616705908276625409,Arajaraj50,Grab few fruits utk kunyah2 kalau lapar...😊 https://t.co/1HG5XjOR1h,Damansara
2023-01-18 07:53:46+00:00,1615618436100685824,syakillanabilak,"Tgh meeting lapar pulak... 
Nasib baik dlm Team meeting...

Sejenis Nabila....
Take note minute meeting 2min pertama jer
Lepas tu records jer la malas nak tulis... @ Intel KM6 https://t.co/WRyfMLo5nd",Malaysia
2023-01-12 16:02:29+00:00,1613567097925435392,LeezaAbdWahab,"I nak tido tp x ngantuk. Td lapar giler mujur mmbe terjaga dari tidur ajak kluar makan. Dah kenyang makan mata i cerah pulak sbb i minum nescafe ais tadi🥴 Layan fon, line unstable pulok. Huh! Stress doh!",Malaysia
2023-01-12 14:01:40+00:00,1613536692203589634,LeezaAbdWahab,@MuhammadiQz @QAMALIA_ Abang @MuhammadiQz adindamu tak jadi tidur. Lapar😩,Malaysia
2023-01-12 06:26:55+00:00,1613422253890506753,cempedakhangit,Ya Allah…. Dari tadi rasa lapar ni kenapa…..,Ipoh
2023-01-09 05:14:58+00:00,1612316982896128001,wakkasmin,"Sangat lapar ya, kenapa la tak makan dulu before ke lab🥺",Malaysia
2023-01-08 14:22:53+00:00,1612092482480926724,_annarazali_,Rasa lapar tapi tak larat.,malaysia
2023-01-06 17:34:02+00:00,1611415810035322880,asjojes,lapar pulak 🙃,Selangor
2023-01-02 08:48:03+00:00,1609833890600091649,asyranazme,Bawak depa makan sebab I yang lapar! 🤪 https://t.co/8OdYXneThA,Bukit Mertajam
2022-12-30 05:24:36+00:00,1608695527507656704,HusnulLaili,"Lapar teruks wehh 😭😭😭

Sakit kepala aku sakit perut tahan lapar begini 😭😭😭",Batu Pahat | #UTeM Melaka
2022-12-27 19:22:12+00:00,1607819151028158464,_annarazali_,"Perut lapar, tidoo pon tak lena yee.",malaysia
2022-12-27 08:21:49+00:00,1607652960959619073,mugma,gila laa orang penang ni lapar nasi kandar 🤣 https://t.co/WZhm5n1qha,Malaysia
2022-12-26 00:18:43+00:00,1607168999749734403,asjojes,"dalam 4 orang, mesti yang senang kenyang, mesti ada yang masih lapar. dari sini lah nak pupuk sifat ihsan. orang cepat kenyang memberikan hak dia kepada orang lain.",Selangor
2022-12-22 14:58:40+00:00,1605940893877428229,smin_nr,lapar maggi kari🫠,SDK-BKI-PEN
2022-12-20 09:52:45+00:00,1605139130605637632,iamNazween,"bagi alasan tak tengok phone. haih, lapar kot.",SF ❤️
2022-12-19 21:26:06+00:00,1604951230580940801,HishamSohor,"@sekeping_idan @lysyqxywv Ya lapar tapi itu sudah undang bahaya untuk diri sendiri, air banjir itu penuh dgn kotoran serta bakteria yg boleh menjejaskan kesihatan undang pelbagai penyakit   itu mesej yg tepat disampaikan supaya difahami",
2022-12-19 10:05:39+00:00,1604779991472173056,HishamSohor,"@zhantafa @marioskyjuice Jika diperhalusi dgn tepat mkn roti cecah air kotor berlumpur ia sbg sindiran tajam, biasanya bila hujan lebat kesejukan perut lapar, dgn nyawa dlm bahaya air semakin naik  . Mcm ini tingkah laku bila keadaan terdesak itulah fitrah manusia.",
2022-12-12 12:37:30+00:00,1602281486736326656,saraaaakhai,lapar. tapi aaa semua kerja hem,"Mukim 5, Pulau Pinang"
2022-12-10 05:32:22+00:00,1601449726536486912,mamat_zura,"Sejuk2 ni ibu2 berpantang bersalin @ keguguran blh ambik ni ye utk hangatkan badan dan mengelakkan asik lapar aje.
Blh jg memperbanyakkan air susu dan mudahkan pembuangan

Ibu mengandung ❌❌❌❌ 
Sbb kopi ni ada herba ye sayang 😁
Jamu pun tak boleh ye

#AkakZuraJualJsd

💖💖💖 https://t.co/LVEBC5iNHx",
2022-12-08 15:42:00+00:00,1600878369209749504,firzanhakimi_,Lapar Penat Ngantuk,"Damansara, Selangor"
2022-12-07 09:15:04+00:00,1600418605203873792,farahnaabilah,Tak pernah makan ayam gepuk pak raden. Pastu ahad ritu beli. Slrg teringat ingat sebab sedap. Ka sebab aku lapar?,Malaysia
2022-12-06 01:51:14+00:00,1599944523077255169,yusnita_waty,@btsstuffs_ Menu berat pun licin jugak ...3jam kemudian...lapar laa ..,penang malaysia
2022-12-03 16:12:57+00:00,1599074218666491904,sn_ezzatie,"@eLjerla nasi goreng pataya, daging masak merah, tiberr rasa lapar pulak🤤",
2022-12-03 05:13:38+00:00,1598908296249114624,AfiqFirdausss,"Lagi pun silap aku mention mcd maybe abang tu terliur, lagi sedang bertugas berkemungkinan lapar. Aku pun rasa kesian dan serba salah buat orang terliur.

Jadi aku pun take away la untuk diorang skali sebab jalan tu jugak kami akan balik rumah.",TGG - KED - KUL - SEL - TGG
2022-12-02 17:07:31+00:00,1598725561060233217,kluangman_01,"BUTTERWORTH
NASI KANDAR 
KENA BERATUR
ABANG LAPAR https://t.co/PhZovmCctP",Bandaraya Iskandar Puteri
2022-12-02 16:50:21+00:00,1598721242856828928,kluangman_01,"BUTTERWORTH
NASI KANDAR 
KENA BERATUR
ABANG LAPAR https://t.co/lISbY0GNhG",Bandaraya Iskandar Puteri
2022-11-29 12:29:48+00:00,1597568510082703360,iamNazween,aku rasa exhausted yal. ke sbb lapar je ni hahaha mata berair je. tibahhh,SF ❤️
2022-11-24 15:33:16+00:00,1595802738956255234,shdws__,"tapi dia ikut sebab lapar je, sekali dah kenyang, fuhhh pandang pun taknak 💀",caratland 
2022-11-23 01:03:04+00:00,1595221358677348357,iFaziedahAria,@Nurintashaa Sedapnya lahai 😋 dah la tgh lapar,Kuala Lumpur Federal Territory
2022-11-20 08:48:05+00:00,1594251221699022848,porkikultur,kalau kat rumah memang asyik lapar betol,
2022-11-20 02:10:54+00:00,1594151267651452930,smin_nr,lain bah lapar pagi2 😂 https://t.co/5ww34DBc0x,SDK-BKI-PEN
2022-11-17 14:46:32+00:00,1593254263383560198,nikaminudin82,"Tibo-tibo mari lapar plok.... @ Original Penang KAYU NASI Kandar, Bukit Jambul Penang https://t.co/vkf5VsAG0S",Malaysia
2022-11-16 03:20:10+00:00,1592719145623490560,nrlnadiah15,"Tengah lapar gila.Tapi kena control makan sebab nak diet jugak,tapi laparrr lah hahaha kena makan sikit tapi kerap lah camni.",Penang
2022-11-12 05:26:51+00:00,1591301477464969218,HishamSohor,@embunkarinapoet Jawapan nya makan makanan kegemaran itulah ubat lapar,
2022-11-11 10:56:02+00:00,1591021928395190272,thepaksheikh,@FakhriSir Wakaka..lapar ni park.,penang
2022-11-10 03:38:58+00:00,1590549549797761024,smin_nr,berbunyi bah perut aku lapar,SDK-BKI-PEN
2022-11-04 12:40:40+00:00,1588511546590003200,thepaksheikh,@FirdausxPdoih Haha lapar jugak tapi tahan ja.minum ayaq kosong.,penang
2022-10-31 07:13:56+00:00,1586979768171307008,LeLeyni,"@brgsjks Ya kot. Sb  aku kalau nak diet dlu, minum secawan ja x rasa lapar sampai ke tghri/ptg",Penang 
2022-10-29 12:14:00+00:00,1586330506991669248,hajarposey_,Saya cuma lapar nasi kandaq dan papadom 1 baldi 🥺,"Pinang, Malaysia"
2022-10-28 03:01:34+00:00,1585829097250254848,_izwanhaziq,Lapar,Icuuu
2022-10-27 12:40:35+00:00,1585612424039669761,atkhhusin,aku ni lapar tp xnak makan malam2 ni ..ottokee,Pinang Tunggal
2022-10-26 04:29:53+00:00,1585126545500164096,cloudyoncure,lapar nya,somewhere
2022-10-25 12:29:18+00:00,1584884807036993536,_annarazali_,Mata mengantuk tapi perut lapar.,malaysia
2022-10-21 04:48:52+00:00,1583319384348844032,smin_nr,"lapar, belum breakfast. tengok transaction mcm siyel. buat kerja tah apa2. stress 😩😩😩",SDK-BKI-PEN
2022-10-19 10:30:18+00:00,1582680531149328385,ctismeee,idk why harini makan banyak sangat. dah makan lapar lagi. makan lapar lagi. rasa serbasalah takut gemuk. 😭 nak lari atas treadmill nak burn balik pun macam tak larat sangat harini.,"Penang, Malaysia"
2022-10-18 21:37:05+00:00,1582485946779324416,ctismeee,awal sungguh bangun. 5am bangun dah. now dah lapar 😂,"Penang, Malaysia"
2022-10-17 06:05:19+00:00,1581889070732840960,smin_nr,lapar lain macam hujan2 ni 🤡🤡🤡 https://t.co/OXuDiw9RAe,SDK-BKI-PEN
2022-10-10 06:01:14+00:00,1579351330036277250,LeLeyni,"Aku suruh dia makan, aku memang mati selera terus. Apa pon dah x rasa nak makan 😣

Padahal pagi tadi aku la yg dok cakap lapar lapar kat laki aku 😞",Penang 
2022-10-08 17:33:04+00:00,1578800658014408704,atreyustrange,Kena sidai dengan walid bai! Lapar dah ni 😭😭,
2022-10-06 13:52:07+00:00,1578020277619150849,EHninaaa,@_jahhhhhhhhhhh Lapar,
2022-10-06 13:22:03+00:00,1578012711505793024,Okupdul,"Aku lapar, nak makan. Tapi kena tggu. 😌😌😌","Sabah, Malaysia"
2022-10-05 04:47:16+00:00,1577520777456668672,yfis1,"Airasia staff dkt penang airport ni mmg rude, dah lapar ke. Sistem issue, and susahkana org I",MAS
2022-10-01 10:49:18+00:00,1576162331536392192,Eydabdullah,"Tak lapar tapi makan juga sbb tkmau makan malam

Ni la padahnya terlalu kenyang 🤢 https://t.co/40xVy5AVNY",Malaysia
2022-09-30 03:24:35+00:00,1575688026415562753,macayden_,"Lapar ! (@ Texas Chicken in Bandar Kulim, Kedah) https://t.co/d0b0G2b71g",Penang
2022-09-22 21:06:02+00:00,1573056049896361984,hafizahzoawe,And now lapar……..,Malaysia
2022-09-22 08:46:18+00:00,1572869887726596096,mhd_indriatno,Lapar rut den,"simpang ampat,Penang "
2022-09-21 16:32:52+00:00,1572624917249818624,kobayashi_kaito,Yeaa..skrg saya sgt2 lapar di tgh malam..sia2 jogging nih..😭 https://t.co/kudGyDrx9c,Bandar George
2022-09-21 13:09:38+00:00,1572573771059560449,amirrulashraf_,Lapar yong tau fu laaaa,Permatang Pauh
2022-09-17 04:10:48+00:00,1570988615861440513,Im_mingsmida,Lapar oiiiiii,personal account 
2022-09-15 12:25:15+00:00,1570388272060465155,nurulaissa,Aku tengok muka rider grab yg letih + lapar ni aku kesiannnn😫😫😩,"Pinang, Malaysia"
2022-09-14 02:20:49+00:00,1569873774211911680,zua_al_azmi,@DakPayed Ringan2 la kot kalau x lapar la,Malaysia
2022-09-13 17:37:15+00:00,1569742016741011458,bubblycat93,"Blessed ☺️
Having a birthday treat at my favorite place today.
Gambar makanan tak post coz lapar sangat dah makan separuh baru ingat nak ambik gambar 😅 https://t.co/51yI9zDibH",Kuala Lumpur City
2022-09-03 16:13:43+00:00,1566097116833136641,FarhanAiman4,"@localrkyt Kalau lapar tgh malam, bangun masak meggi. Jgn pikir2",Malaysia
2022-09-03 15:11:43+00:00,1566081510285127680,Black_3309,@hafizah56913311 Sedap..sbb lapar kot..😅,
2022-09-02 11:19:32+00:00,1565660695055986689,ainlighteye,Lapar nasi🥲,Ampang
2022-08-28 05:01:08+00:00,1563753524475097089,shahrulimran6,"Mama dah potong perut 
Tpi mama lapar
Mama order makan
Mama tak habis makan
Mama bagi imran makan
Lepas tu imran gemuk 
Lepas tu mama ejek imran gemuk

Repeat

#TrustTheProcess",Kuala Lumpur Federal Territory
2022-08-25 05:16:22+00:00,1562670197672390656,Hugh_Bub,Pi lunch jalan kaki kt zoomic ni lapar balik lepas sampai kilang..hahaha,Bukit Mertajam
2022-08-17 01:04:11+00:00,1559707629626458112,UletBookku,"Org yang haus pasti menghargai secangkir air walaupun hanya air kosong.
Org yang lapar pasti menghargai sepinggan nasi walaupun hanya nasi putih tidak berlauk.
Org yg bujang terlajak pasti menghargai seorang isteri setelah berkahwin walaupun isterinya biasa-biasa.
#pesanswacinta",
2022-08-13 12:02:02+00:00,1558423632585445376,mrsekhsan,"Sunning boleh buat kurus bila cukup vitamin D, bila hormon kita work efficiently, dan lepas tu dengan sendirinya tak crave makanan manis, minuman manis. Diet bodo2 tahan lapar buat apa? Sunning lah betulkan dalaman kita, tak payah tahan lapar sebab dgn sendirinya makan ikut time.",
2022-08-10 08:15:43+00:00,1557279512320430081,hafizah_11,"Mata terlalu mengantuk, tp xboleh tdo.. Sebab perut lapar, 😭",Kuala Lumpur
2022-08-06 07:40:41+00:00,1555821147236618240,noorshaheeraa,Weh lapar gila tapi tak tahu nak beli makanan kat mana 🥲,
2022-08-03 13:43:46+00:00,1554825356791537665,IzzatZulkanain7,Lapar la pulak 🥲,Malaysia
2022-08-02 15:34:53+00:00,1554490931432554496,asyranazme,Lapar pulak,Bukit Mertajam
2022-07-29 10:53:19+00:00,1552970522249465857,kuiepau,Lapar apa tah..nk msk megi grg or suun goreng??,Penang/Perak
2022-07-27 05:22:19+00:00,1552162447293030401,munqeez,@Husinii @zahirnain @alyashazzz Jangan diusik shaggy yang lapar 🤣,
2022-07-27 01:42:27+00:00,1552107114696298496,nzwxn,Um makan. Kalau lapar boleh bawak gaduh oi,Malaysia
2022-07-24 16:43:39+00:00,1551246744414875650,asyranazme,Lapar u https://t.co/ssraPck7iP,Bukit Mertajam
2022-07-24 12:25:31+00:00,1551181785546911744,abbadsyahir,Lapar la pulak🤔🍔🏖️🤣🤭 https://t.co/lZgSvVQNTb,"George Town, Pinang"
2022-07-24 09:21:48+00:00,1551135551230603264,farahnaabilah,"susah  nak nangis, ntah maybe sebab lapar sama.",Malaysia
2022-07-24 03:28:45+00:00,1551046700114259968,abcdefghermione,@Aizz_Irfan @seeetian @ButterBread27 Dahlah. Jom breakfast. Lapar.,Hogwarts
2022-07-20 04:36:23+00:00,1549614172312588288,smin_nr,lapar 💆🏻‍♀️,SDK-BKI-PEN
2022-07-19 14:47:37+00:00,1549405603843702785,IntanEdgar,Tiber lapar Nasi kandar now. Merepek Betul la perut ni 😒,"Dallas, TX"
2022-07-13 05:10:34+00:00,1547086060072894464,hafizahzoawe,Macam mana la nak puasa kalau asyik lapar cenggini. Banyak lagi kena ganti mak.,Malaysia
2022-07-11 14:38:40+00:00,1546504249580060672,hfarrah_,Tak lawak la duk baring elok nak tido tiba tiba lapar pulak dah eh eh 🥺,
2022-07-09 14:30:53+00:00,1545777517314785280,ChambakChallo,"Lega balik kampung naik ETS, semua pun dapat rehat,boleh tidor berdengkur2, bangun lapar boleh makan, rasa nak buang air takyah berebut pastu takde bau hancing, kang sampai on time boleh makan apa dulu, balik rumah mak muka pun glowing2 je sebab tak penat hadap jem ke ape 🤪",Shah Alam
2022-07-06 15:26:11+00:00,1544704270398033922,cloudyoncure,random food in your phone mmg melampau lah buat orang lapar 😫,somewhere
2022-07-06 08:16:50+00:00,1544596218977824768,Asyikin_naa,"awak lapar ye sayang, sejuk dengan berlumpur lagi. Itu je akak mampu, esok akak datang bawa lagi ye , untuk awak dan kawan- kawan awk 😭😭 https://t.co/BALOIFC7Mq",Penang
2022-07-01 01:01:14+00:00,1542674657123307526,cloudyoncure,lapar la,somewhere
2022-06-29 05:26:02+00:00,1542016520444071936,JoeHiga71489546,@GroselHaley Ayang masak ta abang lapar ahu makan,
2022-06-28 05:05:05+00:00,1541648858970607616,ahmadmuzhir,Lapar,"Parit Buntar, Perak"
2022-06-24 18:14:54+00:00,1540398073977143296,Sir_Megat,Aku lapar,Malaysia
2022-06-23 13:44:58+00:00,1539967753792040961,AHH0880_2,Lapar ~~~,"JB, Jhr, M'sia."
2022-06-23 11:14:57+00:00,1539930000656408580,AizzatAsyraff,Lapar,"Kedah, Malaysia"
2022-06-12 14:43:46+00:00,1535996284061880321,paanpogba,"patut laa rasa lapar lain macam, makan mashed potato ja harini","Kuala Lumpur, Wilayah Persekutuan Kuala Lumpur"
2022-06-08 13:47:58+00:00,1534532692305641472,cloudyoncure,dah makan tapi lapar lagi,somewhere
2022-06-08 05:31:26+00:00,1534407735407652864,chaleen_kamal,Saya lapar,Malaysia
2022-06-06 15:34:30+00:00,1533834727345360897,Raraiqiee,"Cakap lapar, ingat nak balik rumah buat apa apa. Husb kata 'jom' kata lapar  🤣 apa lagi kita on jala laa🤤","Bayan Lepas, Penang"
2022-06-03 13:47:53+00:00,1532720730202222594,farahnaabilah,@TyraHuda 😭😭😭😭😭 aku tengoh lapar ni tau dak. entah aku sebut jom ja,Malaysia
2022-06-02 12:25:43+00:00,1532337667253276673,fakrymirza,lapar :(,Penang
2022-06-01 12:35:20+00:00,1531977698305683456,LeezaAbdWahab,Apa nak buat ni🥺 Perut lapar. Nak kluar cari makan sendiri tak biasa area sini😩,Malaysia
2022-05-31 09:54:43+00:00,1531574888317988864,MRizalMSaad,Lupa pula tengahari tadi makan megi patut ler skrg ni lapar semacam 😜,
2022-05-31 09:53:11+00:00,1531574503167655938,wawa_NNi,Lapar KFC plak,MOON 
2022-05-30 10:59:54+00:00,1531228906774069255,LeezaAbdWahab,Lapar nasi. Kita try makan ikan bakar kat restoran ni naaa. #MyraIkanBakar,Malaysia
2022-05-29 13:51:40+00:00,1530909745267154944,zua_al_azmi,@kroolnizam Alaaaa taw la lapar..jauh pergi nya,Malaysia
2022-05-29 09:11:56+00:00,1530839345745104896,farahnaabilah,@syahmihazni_ me bila lapar fikir nak makan sushi. Sebab paling cepat. masuk² terus ada sushi. lain² kena tunggu. 🥺,Malaysia
2022-05-28 14:22:49+00:00,1530555193724530688,mikarunnia,Weyhhh. Mmng kalau nangis perut lapar eh? 🥲,grave
2022-05-28 06:41:32+00:00,1530439110896517120,wawa_NNi,Lapar cekodok bilis letak kentang,MOON 
2022-05-27 23:11:41+00:00,1530325902323687424,Raraiqiee,Nak puasa tak bangun sahur 🤣 Kalau tengah malam makan memang boleh puasa ja . Tapi ni awai awai pun dah lapar 😂,"Bayan Lepas, Penang"
2022-05-19 09:16:52+00:00,1527216710029148160,zulharis_gh,"Takdan nak tweet gambar makanan tadi, lapar sgt so mkn dulu.",Irbid
2022-05-19 02:15:25+00:00,1527110647527272449,zua_al_azmi,@HarrisNasir Padahal dia lapar pepek..dan2 guna alasan berkorban untun bapak..beria2 nau,Malaysia
2022-05-17 02:15:49+00:00,1526385972308774912,Hannani_Kamal,So lapar . Lagi 10 min,"seberang jaya , pulau pinang"
2022-05-15 04:43:41+00:00,1525698408107089920,taqiyuddinbakir,@_Idzham_ Boleh lapar balik tuh,Selat Melaka
2022-05-11 08:08:42+00:00,1524300449708666880,Hun_hunnyslee,"Berbuka makan suhoon, bersahur minum air kosong. Now lapar weyh.","Kedah, Malaysia"
2022-05-11 07:23:44+00:00,1524289134889607168,_pij4,"Alahai baiknya budak ambil parcel ni ha. Takde la lama pun aku tunggu tp siap cakap sorry tunggu, moga murah rezeki apa semua. Nasi nasi takde dik? Akak lapar ni 🥲",N's
2022-05-10 15:49:09+00:00,1524053940433985537,zulmohammad,"Dah makan petang tadi, tapi sekarang makin lapar.",Malaysia
2022-05-08 14:37:06+00:00,1523311031086305280,___znp,Cilaka kedai makan semua either tutup/makanan dah habis time time ni. Lapar hanat. Depa ni nak tutup sampai bila 🤣,Kurau Stoned
2022-05-04 05:07:07+00:00,1521718041834561536,LukAhSeng_,@fadmnf @Nasru_Den Okay aaa lapar makan jela https://t.co/idJmrKZUYC,LukAhSeng’s Crib
2022-05-03 14:57:50+00:00,1521504311158603777,rfrhz,"Cari kedai makan, jumpa. Dua jam juga la menunggu baru siap. Nasib lapar. 😂",Malaysia
2022-05-02 17:29:44+00:00,1521180150712438790,ZarulIqwan_,"Tau tau lapar (@ McDonald's / McCafé in Kulim, Kedah) https://t.co/SGhRf6Brlr https://t.co/TtMAGyfIqb","Selangor, Malaysia"
2022-05-02 11:22:08+00:00,1521087641273630720,M_D_Luffy_8897,"Tu lah tu, terasa lapar tapi tak nak makan 😅🤣🤪","Pinang, Malaysia"
2022-04-28 23:45:28+00:00,1519825156549799936,irmanhafidz,745 dah lapar ni cemano,"Samut Prakan, Thailand"
2022-04-28 14:59:49+00:00,1519692869384413186,MysrhhAzami,Lapar jejari oat tapi jejari oat yg tak sampai lagi 😤,"Butterworth, Penang"
2022-04-26 08:39:28+00:00,1518872377178079232,Hannani_Kamal,Kenit lapar. Hmm,"seberang jaya , pulau pinang"
2022-04-23 15:05:45+00:00,1517882423975022593,ohgoshArman,"Lapar boh (@ Seri Pantai, Pantai Seagate) https://t.co/IdwQqswdQ9",CodeFt ▲
2022-04-20 02:52:42+00:00,1516610781986824193,bakri_halim,"Come on panda nganjing aku ke, kul 10 daa hantar ckp aku lapar, tau tau je 😔😔😔 https://t.co/lKLW1Qm6SZ","Butterworth, Penang"
2022-04-19 11:19:01+00:00,1516375813545132039,hanisahedy,@sayajualkayman bila tengah lapar ni semua benda craving nak makan itu nak makan ini. Kalau dah kenyang hmmm nak pandang makanan pun rasa nak muntah 🤣🤣,
2022-04-14 08:21:05+00:00,1514519097572470787,Hannani_Kamal,"Lepas satu, satu lah. Dah la tgh lapar ni 😌","seberang jaya , pulau pinang"
2022-04-11 13:24:54+00:00,1513508390525636610,NajihahMuslie,ramadhan tahun ni tak rasa lapar macam tahun  lepas.,Penang 
2022-04-10 21:38:24+00:00,1513270193891725312,mohd_famy,@penjual_hati11 Bangun makan sikit na...nanti lapar...tak pun minum air saja...,Penang
2022-04-10 15:59:27+00:00,1513184897569271809,sahaborneo9798,"Lapar di tengah malam,,,
Makan mihun sup daging + redbull + Marlboro
#lapar
#mihunsupdaging
#marlboro https://t.co/AuhrtNHhc7",Malaysia
2022-04-07 06:28:25+00:00,1511954026660728832,JihahJihahAiman,Awad hari nie teruk sangat LAPAR,"Gergetown,Penang Malaysia"
2022-04-06 05:34:14+00:00,1511578005050519553,intnxintn,Hello pulis saya lapar,Malaysia
2022-04-03 10:53:09+00:00,1510571096084721665,NajihahMuslie,masih bertahan untuk tahan lapar dan mencarut 😍,Penang 
2022-03-24 15:06:56+00:00,1507011084301266959,ilhamishakaman,Gambar after ja ada. Lapar sangat waktu makanan sampai tadi hahaha https://t.co/bfTfsiBufu,
2022-03-22 14:07:37+00:00,1506271384955080713,iwnmdniel,@AidaFadh What is this behaviour aida. Kot ye pun lapar jgn makan sudu! Kan dh dpt eskem 😂,"penang, malaysia"
2022-03-22 14:05:09+00:00,1506270762260443144,syakillanabilak,Lepas alami detik seram x seram.... Perot lapar.... @ Ktm Family https://t.co/ru9mNLyGrN,Malaysia
2022-03-22 08:28:50+00:00,1506186123415998465,haajarfikiray,ni semua lapar mata . kejap lagi tak habis,71050
2022-03-22 01:49:54+00:00,1506085729918918659,sahaborneo9798,"Pagi2 udah lapar tapi #kfc belom buka lagi,,, https://t.co/4n4HqEq3Ci",Malaysia
2022-03-20 14:46:06+00:00,1505556290692558850,aqilahfauzii,Dah makan tapi masih lapar,penang
2022-03-16 11:27:51+00:00,1504056848940691457,aqilahnadirax,@_eeeereee Yg first tu kat manaaaaaa aaaa lapar plak tgok,doing good here
2022-03-13 13:52:12+00:00,1503006011950759939,vince_zack,"Ni nk tunjuk power dengan org tua, ibu mengandung &amp; budak2?
Terpekik mcm org keluar mental hospital

Apo barang bro
Semua org lapar
Semua org nk makan
Bukan aku potong queue kau
Kau mmg datang lepas kami kot

Ke depan awek kau, kau nk tunjuk power 

Keep that in bedroom je la bro",
2022-03-08 12:44:52+00:00,1501177126929661952,syhtulfqhh,"kedai makan dah boleh buka 24 jam, bilalah boleh ajak si shaf illi syae lepak pukul 3/4 pagi?

selalunya perut aku ja giat lapar tengah malam randomly.",
2022-03-06 04:34:39+00:00,1500328983598350340,cixma95,Maps tu tolong lah update. Kami da lapar cari kedai makan. Sekali rumah buruk. Babi taw...,"Johore, Malaysia"
2022-03-05 11:46:37+00:00,1500075307180883973,muhdkhalil07,@muazzamil46 balik cepat.. lapar ni..,"Petaling Jaya, Selangor"
2022-03-04 17:23:23+00:00,1499797666259402757,amirrulashraf_,arghhh lapar nasi lemak pandan pulak time ni.... malasnya nk keluaq !,Permatang Pauh
2022-03-04 13:51:09+00:00,1499744255744503817,Qarihahtajuddin,Jangan pelik kenapa tetiba pukul 3am bangun cari nasi sbb balik kerja buat keeja rumah settle anak dan rasa sangat mengantuk instead perut mintak makanan tp tidur dulu stg lapar sgt baru makan 🤣,"Penang,Malaysia"
2022-03-04 08:25:40+00:00,1499662346712608771,kriukmonster,Lapar kan. Jom👇,"Johor Bahru, Johor"
2022-03-02 05:50:36+00:00,1498898547810263042,safwanashadi,Lapar ah,"Kedah, Malaysia"
2022-03-01 07:27:29+00:00,1498560539487719425,MRizalMSaad,"@shahrizan_k Byk betul makan, mmg lapar betul ni… hahaha",
2022-02-28 07:22:08+00:00,1498196806085185539,syzwnyzlkfly,Lapar tapi taknak makan paham tak perasaan tu😭,"Pinang, Malaysia"
2022-02-27 07:52:17+00:00,1497842004616957957,fatimahmarwa17,Effect booster mmg lapar ke...kerap btul lapar ni....,
2022-02-20 05:33:41+00:00,1495270413030465539,Qarihahtajuddin,"tengok mummy outhere share pump session ya Allah rindunya all the moment , cuci part pump , lepastu lapar gila lepas pumping .. bangun 2-3 pg nak pumping ...","Penang,Malaysia"
2022-02-19 06:13:20+00:00,1494918001304293376,mohdfaizal_90,Tadi makan kfc dah stay lapar lagi 😩,"Pinang, Malaysia"
2022-02-18 14:36:28+00:00,1494682230202908675,mohdfaizal_90,Lapar 😩,"Pinang, Malaysia"
2022-02-13 16:36:26+00:00,1492900483731648516,mohdfaizal_90,Lapar 😭,"Pinang, Malaysia"
2022-02-13 12:38:36+00:00,1492840632112623616,jimykadir,"yang sikecik malas nak dah nak amik tahu

yang diraikan dah tak leh nak senyum..lapar + penat

last2, ummi ayah jugak yang sinyumm lebey..

#littlecaliphsihtifal2021
#LittleCaliphsAlma @ Bukit Mertajam https://t.co/DbbCeEsF93","Mukim 13, Pulau Pinang"
2022-02-13 11:45:08+00:00,1492827172704190464,atkhhusin,lapar eggtart tesco lah pulak,Pinang Tunggal
2022-02-12 11:15:07+00:00,1492457233694691330,atkhhusin,i lapar,Pinang Tunggal
2022-02-12 00:30:03+00:00,1492294898313138181,NUOWN27,Lapar plus nak cepat ..😂 https://t.co/G6qeg4pTVU,"Kulim, Kedah"
2022-02-11 08:00:40+00:00,1492045910703935489,iwnmdniel,Ok siap je kereta aku nk dinner sensorg dkt soul garden. Idfc. Lapar bodo tunggu dlm centre ni. Penat nk menapak g toilet,"penang, malaysia"
2022-02-10 09:38:55+00:00,1491708249229332480,atkhhusin,aku tak tahu lah sebenarnya aku lapar apa.. makan itu tak kena ini tak kena.. am I weird?!!,Pinang Tunggal
2022-02-07 02:33:42+00:00,1490514075477962765,Luqman_Muaz,Anak sy bila lapar tepuk perut dan cakap nyum nyum..😭😅.. 2.5y/o,"Kedah, Malaysia"
2022-02-06 14:43:30+00:00,1490335347925872641,mohdfaizal_90,Lapar ni 😈,"Pinang, Malaysia"
2022-02-06 11:12:47+00:00,1490282317054898176,hajarposey_,Lapar masak lemak udang asam belimbing mak 🥺 my fav all the time.,"Pinang, Malaysia"
2022-02-06 01:49:56+00:00,1490140671113498627,muhdbadrunamin,@Hfzhhsny_ Alolo awat ni?  Lapar cendol ka hahahahhaha,
2022-02-05 05:48:26+00:00,1489838306921570304,The_AngahAtok,"Mat, kalo ia lapar parking lah teksi tu elok.
Sampai tgh jalan ko parking.. https://t.co/QVP7qVESZe",alam the kubur
2022-02-03 12:55:54+00:00,1489221105613418496,fakrymirza,fakry lapar 🥺,Penang
