Datetime,ID,Username,Text,Location
2023-03-14 04:51:03+00:00,1635503785572454400,jaksrmd,Usaha2 untuk memastikan Negara tidak menghadapi masalah kekurangan bekalan makanan hasil pertanian di masa mendatang. https://t.co/G6iSfm9TMt,Selangor
2023-03-02 17:34:55+00:00,1631347364333236224,naimbinzaini,"Patutlah @rafiziramli ckp serampang dua mata.

Selain dpt atasi kekurangan bekalan makanan, dpt bantu tingkatkan pendapatan golongan B40.

B40 dpt pendapatan tambahan. ✅️
Bekalan makanan dpt ditingkatkan. ✅️

Kill two birds with one stone. Harap² program ni berhasil.",Kuala Lumpur
2023-03-02 05:12:14+00:00,1631160462485368833,ProudOrangAsli,Saya difahamkan bahawa tiada lagi agensi2 kerajaan yang turun membantu penduduk kampung. Mereka sekarang kekurangan bekalan makanan! @DrZahidHamidi @jakoamalaysia @niknazmi @anwaribrahim https://t.co/P6VkoV1omv,
2022-03-23 03:11:00+00:00,1506468529595248645,tokmathamzah,"Di Dewan Negara menjawab soalan Datuk Haji Bashir bin Haji Alias minta @mafimalaysia menyatakan apakah mekanisme bagi mengatasi masalah rantaian bekalan makanan ke Labuan yang mengakibatkan kekurangan bekalan makanan dan kenaikan mendadak harga barangan.
https://t.co/SVQdTuvL3o",
