Datetime,ID,Username,Text,Location
2023-03-27 01:59:56+00:00,1640171767527514115,NewsBFM,"1. The Agriculture and Food Security Ministry assures, that there will not be any shortage of perishable goods throughout Ramadan and the Hari Raya Aidilfitri season.

It says it has yet to receive any complaints on supply shortages for raw materials and foods. https://t.co/NqEYTXuWWy",Kuala Lumpur
2022-12-25 04:37:41+00:00,1606871783134883840,redzayusoff,"@rafiziramli In an iview, you've been babbling about youth to start small scale farming to overcome food shortage before. Remember? You said you weren't paid 80/90k to think about that problem. And why does condemning your copy paste solution makes it ""geng PN""?",Malaysia
2022-10-18 15:56:51+00:00,1582400325994319874,LawrenceLowAK,"How Malaysia can deal with a possible global recession in 2023, food security, pharmaceutical supply, shortage of labours, amid a worsening Russia-Ukraine war and China’s persisting zero Covid policy.",Kuala Lumpur
2022-06-14 05:40:25+00:00,1536584320650883072,PLinKualaLumpur,"Russia uses food as weapons again!
Threat of shortage of food supplies and famine - not only in Ukraine 🇺🇦 but also Africa and Asia is getting more and more realistic.

We must stop 🇷🇺 from causing Holodomor again!

#StopRussianAggression 
#FoodSecurity

@FAO @WFP @_AfricanUnion https://t.co/DK92qlqoEk",Malezja
2022-06-14 05:35:04+00:00,1536582978092298245,JoAnnaJurczyga,"Russia deliberately uses information and #FoodSecurity as another weapon from its vast non-military arsenal, aimed at @Ukraine and the rest of the world.

Threat of shortage of food supplies and famine - not only in 🇺🇦 but also Africa and Asia is getting more and more realistic. https://t.co/VtMfQiiasO","Kuala Lumpur, Wilayah Persekut"
2022-06-03 10:22:59+00:00,1532669165924122624,AhmadOllie,Food shortage yang akan menjurus kepada world hunger ni aku yakin adalah salah satu senjata moden zaman ini. Roti akan jadi amat bernilai dari emas berlain mahupun nyawa.,Bumi
2022-05-23 07:39:49+00:00,1528641837195575299,wforneetha,"When we heard climate change, we saw changes seasons messed up, now we know soil is degrading, we have time to reverse it back to atleast minimum 3% of its organic content. Do we have to wait till its ‘ food shortage’?Lets Do It Now. @cpsavesoil @KeTSAMalaysia @KASA_Malaysia",Malaysia
2022-05-22 01:52:37+00:00,1528192071936319488,SanasyAppanah,"One after one problem challanging Team Biden government? Where are Republicans to help Americans in need for solutions! Trump left with dirt all over in WH DC so to keep cleaning since Biden took office. Pandemic, Ukraine attack by Putin ego war made whole world shortage of food? https://t.co/G9gQFMWKxQ","Bandar Kuala Lumpur, Wilayah P"
2022-05-16 15:53:23+00:00,1526229332221317121,Gvan89,"@GSCinemas I went to Times Square branch, you’re totally shortage of staff. I missed my movie for 30 minutes just to redeem my food. Only 1 counter open. Pity that guy need to handle more than 40 customers. They’re working very hard. Please support them. 😢","Kuala Lumpur, Malaysia"
2022-04-28 14:48:29+00:00,1519690019962646529,meowfrgrl,@_Idzham_ dont eat outside la waktu bln puasa ni. supply chain problem and food shortage,Malaysia
2022-04-07 05:56:44+00:00,1511946055046541313,fais_mohder,Beb kita tengah ada food shortage ke sampai makan lemak?? 😭😭😭😭,"Kelang, Selangor"
2022-03-28 04:46:46+00:00,1508304566323855364,SanasyAppanah,Putin made hell for millions around the world. Food shortage due to short supplies like grains to third world countries. Hardly any left over for next day. Basic needs like breads are very essential item for poor people. Putin not only killing innocents but killing poverty nation https://t.co/i48BIR0Oxr,"Bandar Kuala Lumpur, Wilayah P"
2022-03-25 14:38:23+00:00,1507366290973147139,rosogolla,The new world order wants to create hyperinflation and a food shortage.Many will perish of hunger as the sheeple sleep.,
2022-02-25 16:05:02+00:00,1497241237002518528,hafizzakwan_,"akhir zaman.. fuhh tbe2 cuak dengan gempa tadi, ada dah perang2 sikit, food/medicine shortage. smoga Allah lindungi kita smua.","Selangor, Malaysia"
