Datetime,ID,Username,Text,Location
2023-03-14 18:12:15+00:00,1635705413927845888,xantababy,"Spontaneous dinner with your majesty last night. My photo didn't give justice to the food but it was delish! &amp; so glad this place got a sandbox where kids can play while the adults dine &amp; chat. Would definitely suggest dining here for future gatherings. 

#XantaEats #lifeintaiwan https://t.co/9uXOjUPjYi",🇵🇭🇨🇳✈︎🇹🇼｜30↥歲 / girlmama
2023-02-27 15:01:50+00:00,1630221675764805639,walf_,"Yesterday I ordered from Hummus Elijah via foodpanda. I suspect they delivered food that is not fresh, bcos it arrived in less than 30 minutes. I ate it anyway as it didn't smell or taste bad.

Today I'm having upset stomach and kinda unwell. It was the last food I ate.",Makati | Bacolod | Philippines
2023-02-17 06:13:55+00:00,1626464945608232960,HetoldmeXOXO,"I love Filet Mignon❤️
My last night dinner was salad and beef steak 🥩
There are only Thai food or Italian food in Khao Lak(around me), so i choose Italian food!
Most of people were having Pizza and pasta, but I didn’t feel like eating carbohydrates.
Pizza looked good though! https://t.co/3PDEfuMJDi",NOW Japan 🇯🇵 
2023-01-31 14:01:08+00:00,1620421929055449089,bangkokaussie,@krungthepeye @ThaiAirways I believe it. Was similar when i flew down last year economy (they skimped on the food) and even another business class trip to Sydney my headphones didn’t work - pretty poor for a 160k ticket that a client was paying for.,"Bangkok, mostly."
2023-01-27 05:04:27+00:00,1618837316096892928,jmrmrz10,"This day couldn't get any better. I got home this morning hoping there's some food in the house but none. I gave them money to buy something, no one wants to. Proceeded to sleep because I didn't have any sleep from last nights' shift.",Pangasinan
