Datetime,ID,Username,Text,Location
2023-03-29 07:01:46+00:00,1640972499117805568,DagangNews,"Coca-Cola, foodpanda bekerjasama sumbang bantuan makanan kepada golongan memerlukan  | DagangNews https://t.co/gBKSMoNHQH",Kuala Lumpur Malaysia
2023-03-29 06:21:50+00:00,1640962449473171461,YBKMalaysia,#SKR2023 - Rumah yang beliau dan keluarga diami adalah  sumbangan daripada Lembaga Zakat Selangor dan juga mendapat bantuan berbentuk perbelanjaan bulanan RM 500 serta makanan asas - https://t.co/VCN5QodeAO https://t.co/WA3LZN8ZR3,"Petaling Jaya, Malaysia"
2023-03-28 01:11:57+00:00,1640522079886794752,Media_Selangor,Seorang ibu tunggal bersyukur dan lega dengan adanya mesin layan diri (vending machine) yang menyediakan bantuan makanan dan penjagaan diri di bawah rumah pangsanya. https://t.co/1YXhExOb0G,Shah Alam
2023-03-27 08:11:19+00:00,1640265226732859392,Media_Selangor,"Seramai 100 penduduk berpendapatan rendah (B40) di Dewan Undangan Negeri (DUN) Bandar Utama bakal menerima manfaat bantuan makanan menerusi mesin layan diri (vending machine).

https://t.co/MPyTeugjv1",Shah Alam
2023-03-16 05:17:08+00:00,1636235126878392320,Media_Selangor,"Inisiatif bantuan nutrisi makanan negeri manfaat 2,800 kanak-kanak tahun ini https://t.co/IpNS8d9jgM",Shah Alam
2023-03-04 23:52:26+00:00,1632167145814777856,suffikamari,"Sudah sudah la update makan sana sini PMX, fokus &amp; serius bantu @onnhafiz MB Johor sedang hadapi banjir ni. Mohon semua menteri beri perhatian serius. Sedih sangat apa yang berlaku di Johor sampai limited  bantuan makanan di area Chaah! @anwaribrahim @saifnasution @fahmi_fadzil","Ulu Kelang, Selangor"
2023-03-03 14:30:14+00:00,1631663276349353984,outlaw__J,And the worst thing? Bantuan kat pps xsampai. Air takde. Camne nak kencing berak weh. Makanan pon xde. Basic necessities xde.,J's Pocket
2023-03-03 06:11:35+00:00,1631537788691820550,ProudOrangAsli,"Kerana kelihatannya masih banyak kampung yang terjejas dan memerlukan bantuan yang bukan sahaja barang makanan tetapi meliputi pakaian, selimut, tilam/tikar, air mineral, dapur gas dan lain-lain. https://t.co/9CJeQJj5zL",
2023-02-14 11:43:36+00:00,1625460746367954944,afaizalfy,Errrr… agak2 kos perjalanan tu boleh cover berapa banyak ubat ubatan atau bantuan makanan yg boleh dihantar eh,Damansara Heights
2022-12-30 17:04:05+00:00,1608871558088654850,AhmadZarulAfiq1,"Semoga rombongan sukarelawan #maribantu bersama bantuan perubatan, makanan asas selamat tiba esok pagi di Kelantan. Kami dah gerak! https://t.co/hVWVFNXKoM",
2022-12-26 07:12:07+00:00,1607273034821558273,ummah_today,"TUMPAT: Sukarelawan kenderaan pacuan 4 roda, MAPIM Rangers menggembleng tenaga untuk menyalurkan bantuan seperti keperluan asas dan makanan panas kepada penduduk terjejas banjir termasuk yang tidak berpindah ke pusat pemindahan sementara (PPS)

https://t.co/yA652UZXUZ",
2022-12-24 10:50:49+00:00,1606603293824028674,akmalarif90,"Sinar Harian

Agih 12.4 tan metrik bantuan makanan kepada mangsa banjir

25 minit yang lalu - https://t.co/s5hV0Owb1p",Malaysia
2022-12-22 06:26:23+00:00,1605811972414619649,AbangAirul,@mynewshub Are la pya banggang hal lama sibuk Nak dibangkitkan ..bangkitakn semula hal nuar tue banjir kat pantai Timur tue bole surut ker ?? Bantuan makanan tercampak dari langit ??,"Gombak, Selangor"
2022-12-19 01:11:03+00:00,1604645452171063296,Media_Selangor,"LZS hulur bantuan makanan, keperluan harian kepada mangsa banjir Sungai Besar https://t.co/b3Qmj49NkM",Shah Alam
2022-12-07 13:00:55+00:00,1600475441826910209,HelmiHarieri,"Aku takde lah suka pun dia ni. Tapi bab ini nampak dia ke depan. Dan penyampaian dia kepada orang kampung pun bagus. Sebab tu Kedah dapat ke PN.

Nak tingkatkan bantuan segera kepada petani bagus. Tapi nama kementerian pun ada keterjaminan makanan. Kena lah forward thinking sikit",
2022-12-01 05:57:58+00:00,1598194674636062720,F_SyimaM,"@KakchikAshaKC Sebab tu kena stop bantuan makanan ni. DBKL dah stop tapi ada je lagi yang buat. Kadang2 makanan lebih melimpah ruah. Kalau time puasa lagi lah.
Kat Anjung Singgah pun banyak buat program utk gelandangan under YKN. Tapi tu lah..","Setapak, Selangor"
2022-10-20 12:29:52+00:00,1583073009845227520,RakyatB40,"Cara mohon bantuan makanan RM 300 melalui Mykasih.

Cara mohon ⤵️
https://t.co/ZhAlGsZqzB",Malaysia
2022-10-07 12:39:19+00:00,1578364347419865089,farahfarawayyy,@OneNyta Sedihnya. Padahal tujuan bantuan makanan ni untuk pastikan anak2 cukup nutrisi. 😓,"Kuala Lumpur,Malaysia"
2022-09-30 09:14:08+00:00,1575775996296704000,yeolahv,"“Tapi pills mahal”

No, they’re cheap. Only if you bother to listen to the KK nurse lepas beranak tu mesti you tahu benda ni tak sampai RM10 at KK

Ye memang ada yang rasa lagi better beli makanan, so tanggung je lah anak nanti jangan memekak minta bantuan",Malaysia
2022-08-30 05:51:48+00:00,1564491052941471745,Fitri_Nizam,Ayuh kita hulurkan bantuan RM30 je utk keperluan makanan harian mereka🥺,Malaysia
2022-07-23 05:50:04+00:00,1550719875966205953,CheapremeBrand,"#LimaTuntutan #TURUN 

1. Potong Gaji Menteri
2. Kekalkan Subsidi
3. Salurkan Bantuan Bermaruah
4. Kawal Harga Barang 
5. Selesaikan Bekalan Makanan

#ByRakyat4Rakyat https://t.co/whBUi7yQgR",Wilayah Persekutuan Kuala Lump
2022-07-12 00:41:06+00:00,1546655856149667840,Media_Selangor,"Aidiladha: 100 penduduk Ijok terima bantuan makanan, daging korban https://t.co/5flTlj3Ovv https://t.co/zPimWtIAwW",Shah Alam
2022-07-05 09:50:20+00:00,1544257363019829248,AbdullahMY74,"@IsmailSabri60 Golongan yang paling terkesan ialah pelajar. Mohon juga dilihat golongan pelajar di sekolah² rendah dan menengah terutama golongan rentan dan B40. 

Bantuan Harga Siling Makanan untuk Pelajar IPT. Kami ucapkan ribuan Terimakasih.",Kuala Lumpur
2022-06-21 12:10:01+00:00,1539219084872626176,noraakira,Stress tengok berita minyak masak nak naik ayam pun nak naik lg..alasan subsidi tu nak bagi bantuan kepada yang tersasar..abis tu yng orang lain x perlu bantuan ke..harga makanan dah naik pasni takut naik lagi..geram plak kiter..,Malaysia
2022-06-18 00:04:34+00:00,1537949353695772672,Media_Selangor,108 pelajar asnaf Unisel terima bantuan makanan percuma https://t.co/AsSS3WGlH5 https://t.co/ZFOeowC9yu,Shah Alam
2022-04-02 11:15:29+00:00,1510214329764777984,UniMalayaSDC,"Selamat mengimarahkan bulan Ramadan, bulan tarbiyah terbaik menjadi insan lestari

1. Tadabbur Quran &amp; Hadith dlm kehidupan 
2. Guna air &amp; elektrik secara bertanggungjawab
3. Katakan tidak kpd pembaziran &amp; sisa makanan
4. Banyak memberi: sedekah, hadiah, bantuan

#salamramadan https://t.co/lCiduXiyDZ",Kuala Lumpur
2022-03-30 02:15:34+00:00,1508991292667093000,luxentX,"@pedoqpop Zaman covid. Situasi ekonomi setiap orang tak menentu. Ada yang T20 dulu pun jatuh B40, minta bakul makanan. Nak minta bantuan, ada yang tak tahu mana nak minta. IPT sepatutnya tanya student dan cari siapa dapat bantu.",Petaling Jaya
2022-03-12 03:09:03+00:00,1502481771996143619,Media_Selangor,LZS: Lima keluarga asnaf positif #Covid19 terima bantuan makanan https://t.co/yopgKtFlp8 https://t.co/qdg3muMsOS,Shah Alam
2022-02-27 15:39:02+00:00,1497959467228758016,adamapotek,Bukan deme je rasa nya semua mmg tak tahu tugas yg berbeza2. Itu tiap kali mintak adun jd pemberi wang/makanan/bantuan/repair jalan/ etccc,"Selangor, Malaysia"
