Datetime,ID,Username,Text,Location
2023-03-30 17:09:13+00:00,1.64149E+18,IwanFrankie,@mridho_17 @idextratime @gastonedul Respon palestina:  agar indon lebih sering dan bersemangat mengirim bantuan berupa uang dan bahan makanan yg enak enak ke palestin. Syukron.,
2023-03-30 15:32:49+00:00,1.64146E+18,PemdaKabJember,"BUPATI JEMBER BAGIKAN PMT DI DESA LAMPEJI

Bupati Jember Hendy Siswanto menyerahkan bantuan PMT (Pemberian Makanan Tambahan) kepada para ibu hamil dan balita di Desa Lampeji, Kecamatan Mumbulsari, Kamis 30 Maret 2023.
https://t.co/g1Y6CwS7Z2",Jember
2023-03-30 15:05:59+00:00,1.64146E+18,Juwaeny1,"Kenapa di bulan puasa banyak makanan? Apa tidak menguras kekayaan? 
Seorang muslim bekerja hanya untuk merayakan bulan ini, bahkan org ekonomi bawah mendapat bantuan
Begitulah rotasi kehidupan selama 1 tahun... Masya allah

٩ رمضان ١٤٤٤ ه‍",
2023-03-30 09:11:07+00:00,1.64137E+18,kumparan,"Bantuan tersebut berupa air minum, makanan dan beberapa obat yang dibutuhkan masyarakat. #newsupdate #update #news #text https://t.co/6BwPqVxijs",
2023-03-30 06:07:51+00:00,1.64132E+18,thereportermy,"""Saya dapat bantuan JKM (Jabatan Kebajikan Masyarakat) RM300 sebulan yang digunakan untuk membeli makanan dan minuman.""

https://t.co/C8VEhz1D2B https://t.co/sKR0R4V2dl",Malaysia
2023-03-30 05:28:11+00:00,1.64131E+18,getbeu,"Terdapat pelbagai cara untuk bersedekah sebagai contoh:

•Bersedekah kepada masjid atau organisasi kebajikan 
•Memberi bantuan makanan kepada yang memerlukan 
•Menaja bantuan untuk anak yatim dan keluarga yang dalam kesusahan",
2023-03-30 03:23:13+00:00,1.64128E+18,Barac30987,@knpiharis Lu kalo mau ngebela Palestina Lu dateng Sono ke Palestina bantuin perang kasih bantuan makanan dan pakaian juga jangan malah koar koar doang sampai mengubur mimpi anak muda Indonesia pakkkk!,
2023-03-30 03:19:27+00:00,1.64128E+18,siswapas,"‼️SEBARKAN - Due 9 malam, 30 Mac 2023

MENCARI 50 PENERIMA SUMBANGAN TABUNG MAKANAN MAHASISWA NEGARA - UIAM GOMBAK

SiswaPAS UIA mencari 50 orang mahasiswa UIAM Gombak yang kurang berkemampuan dan/atau memerlukan bantuan sumbangan makanan berupa makanan kering. https://t.co/DZP1cdlczU",
2023-03-30 02:59:13+00:00,1.64127E+18,Enviidii,"@pantungalimar Menanggapi komen ibunya yg bilang si dedek ga pernah mau lihat kamera.

Coba;
Poto minta bantuan org. Yg moto suruh bawa mainan/makanan kesukaan dedeknya. Meskipun syulit mgkn berhasil.",Bumi
2023-03-30 01:56:35+00:00,1.64126E+18,Fahri_Official,"Halo @ShopeeCare , saya Seller Shopee mohon bantuan penyelesaian pesanan dengan resi SPXID032833481343   

Disini Barang dikatakan gagal kirim, dan dikembalikan ke penjual. Loh sedangkan barang yg dikirim adalah makanan yg sudah pasti rusak saat dikirimkan kembali ke saya.","Medan, Indonesia"
2023-03-30 01:45:54+00:00,1.64126E+18,Fulan806464364,"https://t.co/cI6Yv5Gf9j

🎙 Berkata Asy-Syaikh Ibnu Taimiyyah رحمه الله,

""Memberi bantuan kepada orang fakir dengan makanan di bulan Ramadhan, merupakan sunnah-sunnah dalam Islam, sungguh telah bersabda Rasulullah ﷺ: Barangsiapa yang memberi

https://t.co/1jY3RJGJXK https://t.co/W5GjAunUxv",di bawah langit-MU
