Datetime,ID,Username,Text,Location
2022-12-13 05:52:53+00:00,1602542051584876546,Zaki_Yamani_,"Bagi bantuan kepada orang miskin ni sentiasa ada bantah.

Parlimen Hang Tuah Jaya mulakan bantuan makanan bulanan setiap bulan pada tahun 2019, ada yang tanya ""takkan setiap bulan nak bagi?"" Apa kau ingat orang susah makan sebulan, puasa sebulan? Atau makan masa kempen PRU saja?",
2022-08-28 09:40:53+00:00,1563823926459125760,allexseah_bm,"Memberi sedikit bantuan makanan kepada seorang ibu, anaknya dilahirkan tidak cukup bulan dan masuk wad selama 6 bulan.
捐助一些食物给予这位印裔妈妈，他的孩子早产，之前住院长达6个月。
#AllexSeah #谢守钦 https://t.co/DuYfZN3Fau",
2022-03-31 17:13:32+00:00,1509579659922800641,allexseah_bm,"Pusat Khidmat DAP DUN Kesidang bersama dengan NGO SXY memberi bantuan makanan kepada 20 keluarga yang memerlukan, semoga semua ahli keluarga mereka sihat sejahtera. 🇲🇾

*Terima kasih kepada semua penyumbang, sukarelawan dan ahli-ahli Unit Tindak DAP DUN Kesidang. https://t.co/UlT1raNeRH",
