Datetime,ID,Username,Text,Location
2023-03-29 07:01:46+00:00,1640972499117805568,DagangNews,"Coca-Cola, foodpanda bekerjasama sumbang bantuan makanan kepada golongan memerlukan  | DagangNews https://t.co/gBKSMoNHQH",Kuala Lumpur Malaysia
2023-03-29 06:21:50+00:00,1640962449473171461,YBKMalaysia,#SKR2023 - Rumah yang beliau dan keluarga diami adalah  sumbangan daripada Lembaga Zakat Selangor dan juga mendapat bantuan berbentuk perbelanjaan bulanan RM 500 serta makanan asas - https://t.co/VCN5QodeAO https://t.co/WA3LZN8ZR3,"Petaling Jaya, Malaysia"
2023-03-28 01:11:57+00:00,1640522079886794752,Media_Selangor,Seorang ibu tunggal bersyukur dan lega dengan adanya mesin layan diri (vending machine) yang menyediakan bantuan makanan dan penjagaan diri di bawah rumah pangsanya. https://t.co/1YXhExOb0G,Shah Alam
2023-03-27 08:11:19+00:00,1640265226732859392,Media_Selangor,"Seramai 100 penduduk berpendapatan rendah (B40) di Dewan Undangan Negeri (DUN) Bandar Utama bakal menerima manfaat bantuan makanan menerusi mesin layan diri (vending machine).

https://t.co/MPyTeugjv1",Shah Alam
2023-03-16 05:17:08+00:00,1636235126878392320,Media_Selangor,"Inisiatif bantuan nutrisi makanan negeri manfaat 2,800 kanak-kanak tahun ini https://t.co/IpNS8d9jgM",Shah Alam
2023-03-03 14:30:14+00:00,1631663276349353984,outlaw__J,And the worst thing? Bantuan kat pps xsampai. Air takde. Camne nak kencing berak weh. Makanan pon xde. Basic necessities xde.,J's Pocket
2023-02-14 11:43:36+00:00,1625460746367954944,afaizalfy,Errrr… agak2 kos perjalanan tu boleh cover berapa banyak ubat ubatan atau bantuan makanan yg boleh dihantar eh,Damansara Heights
2022-12-26 07:12:07+00:00,1607273034821558273,ummah_today,"TUMPAT: Sukarelawan kenderaan pacuan 4 roda, MAPIM Rangers menggembleng tenaga untuk menyalurkan bantuan seperti keperluan asas dan makanan panas kepada penduduk terjejas banjir termasuk yang tidak berpindah ke pusat pemindahan sementara (PPS)

https://t.co/yA652UZXUZ",
2022-12-21 03:12:39+00:00,1605400828981846016,saifnasution,"Ini merupakan sebahagian daripada rentetan usaha serta inisiatif yang telah KDN gerakkan. Misi bantuan kali ini merupakan usaha sama dengan Yayasan Food Bank Malaysia melibatkan serahan awal 1000 kotak makanan.

2/3 https://t.co/K5FzhS9Y4Z",Kulim Bandar Baharu
2022-12-19 01:11:03+00:00,1604645452171063296,Media_Selangor,"LZS hulur bantuan makanan, keperluan harian kepada mangsa banjir Sungai Besar https://t.co/b3Qmj49NkM",Shah Alam
2022-12-07 13:00:55+00:00,1600475441826910209,HelmiHarieri,"Aku takde lah suka pun dia ni. Tapi bab ini nampak dia ke depan. Dan penyampaian dia kepada orang kampung pun bagus. Sebab tu Kedah dapat ke PN.

Nak tingkatkan bantuan segera kepada petani bagus. Tapi nama kementerian pun ada keterjaminan makanan. Kena lah forward thinking sikit",
2022-10-07 12:39:19+00:00,1578364347419865089,farahfarawayyy,@OneNyta Sedihnya. Padahal tujuan bantuan makanan ni untuk pastikan anak2 cukup nutrisi. 😓,"Kuala Lumpur,Malaysia"
2022-09-28 03:40:44+00:00,1574967315401084928,AliBiju_my,"27 September 2022, Selasa  :

Penyerahan Bantuan Kebakaran Di Kampung Darat, Kabong

Sebentar tadi, kakitangan dari Pusat Khidmat P.205 Saratok telah turun padang untuk menyerahkan sedikit bantuan berupa bakul makanan barang keperluan asas sebagai bantuan awal https://t.co/mWcLg8FvpP","Saratok, Sarawak"
2022-08-30 05:51:48+00:00,1564491052941471745,Fitri_Nizam,Ayuh kita hulurkan bantuan RM30 je utk keperluan makanan harian mereka🥺,Malaysia
2022-07-12 00:41:06+00:00,1546655856149667840,Media_Selangor,"Aidiladha: 100 penduduk Ijok terima bantuan makanan, daging korban https://t.co/5flTlj3Ovv https://t.co/zPimWtIAwW",Shah Alam
2022-07-05 09:50:20+00:00,1544257363019829248,AbdullahMY74,"@IsmailSabri60 Golongan yang paling terkesan ialah pelajar. Mohon juga dilihat golongan pelajar di sekolah² rendah dan menengah terutama golongan rentan dan B40. 

Bantuan Harga Siling Makanan untuk Pelajar IPT. Kami ucapkan ribuan Terimakasih.",Kuala Lumpur
2022-06-21 12:10:01+00:00,1539219084872626176,noraakira,Stress tengok berita minyak masak nak naik ayam pun nak naik lg..alasan subsidi tu nak bagi bantuan kepada yang tersasar..abis tu yng orang lain x perlu bantuan ke..harga makanan dah naik pasni takut naik lagi..geram plak kiter..,Malaysia
2022-06-18 00:04:34+00:00,1537949353695772672,Media_Selangor,108 pelajar asnaf Unisel terima bantuan makanan percuma https://t.co/AsSS3WGlH5 https://t.co/ZFOeowC9yu,Shah Alam
2022-05-19 09:02:24+00:00,1527213066965831680,SDC_Nilai,"Desa Cempaka yang memerlukan bantuan makanan asas.

Jemaah atau penduduk sekitar yang memerlukan bantuan dialu-alukan untuk datang ke Gerobok Rezeki Surau Desa Cempaka. InsyaAllah 

“𝑹𝒆𝒛𝒆𝒌𝒊 𝑺𝒂𝒎𝒂 𝑫𝒊𝒌𝒐𝒏𝒈𝒔𝒊
𝑴𝒖𝒂𝒇𝒂𝒌𝒂𝒕 𝑴𝒆𝒏𝒋𝒂𝒅𝒊 𝑬𝒓𝒕𝒊”","Negri Sembilan, Malaysia"
2022-04-02 11:15:29+00:00,1510214329764777984,UniMalayaSDC,"Selamat mengimarahkan bulan Ramadan, bulan tarbiyah terbaik menjadi insan lestari

1. Tadabbur Quran &amp; Hadith dlm kehidupan 
2. Guna air &amp; elektrik secara bertanggungjawab
3. Katakan tidak kpd pembaziran &amp; sisa makanan
4. Banyak memberi: sedekah, hadiah, bantuan

#salamramadan https://t.co/lCiduXiyDZ",Kuala Lumpur
2022-04-02 03:39:56+00:00,1510099688547971076,limlipeng,"Dia bujang berumur 77 tahun, bermasalah berjalan, tinggal di bawah pencawang TNB dan bergantung kepada bantuan makanan daripada orang awam. Dia kata semua saudara dah meninggal. Dia enggan tinggal di rumah warga emas. Dia hanya nak pihak kami bantu dia dapatkan bantuan @JKMHQ. https://t.co/6idRcKgobP",Kuala Lumpur
2022-03-12 03:09:03+00:00,1502481771996143619,Media_Selangor,LZS: Lima keluarga asnaf positif #Covid19 terima bantuan makanan https://t.co/yopgKtFlp8 https://t.co/qdg3muMsOS,Shah Alam
2022-02-27 15:39:02+00:00,1497959467228758016,adamapotek,Bukan deme je rasa nya semua mmg tak tahu tugas yg berbeza2. Itu tiap kali mintak adun jd pemberi wang/makanan/bantuan/repair jalan/ etccc,"Selangor, Malaysia"
2022-02-25 08:16:55+00:00,1497123428184125442,muda_puchong,"Semalam, MUDA Puchong bersama @MUDAxBangi ke Kolej Universiti Islam Selangor (KUIS) untuk membantu pelajar-pelajar mendapatkan makanan kerana di kuarantin. 

Bantuan yang telah disampaikan
- 50 pek makanan (roti, biskut dan lain-lain)
- 60 kotak air mineral https://t.co/nbzfcFYixD",
