Datetime,ID,Username,Text,Location
2023-03-16 07:36:36+00:00,1636270225523093507,PerakFood,"Gaduh gaduh apa lagi ni pasal menu rahmah? 

Ni port makanan dan air RM1 sahaja. 

Takde bantuan dari gomen, cuma inisiatif dari peniaga dan masyarakat. 

Peniaga dapat habiskan jualan
Masyarakat dapat beli pelbagai jenis makanan. 

https://t.co/KPYOWhtHoC https://t.co/MXDASbTVe8","Perak, Malaysia"
2022-08-14 14:24:24+00:00,1558821846501318658,burningredberry,"Selesai serving yang ke-179. Bantuan makanan pada golongan gelandangan &amp; miskin kota

#DapurJalananIpoh https://t.co/Lmahp8uRLg",Ipoh | Malaysia
2022-03-09 23:19:42+00:00,1501699278007255041,nrhznsofea,"Ni nak habaq mai , the latest Opah aku org UMNO kan , Kuarintin waktu PKP sekor org UMNO pun tk mai bg bantuan . Aku la usung kotak Makanan YB PKR bg 😅 . Tolong org time nk PRU je lepastu hilang 😔","Perak, Malaysia"
2022-02-27 13:30:05+00:00,1497927017798733825,JJCMPERAK,"Ini bukan di Padang Ipoh, Ipoh tapi di Kampung Padang Ipoh, Kuala Berang, Terengganu. Sebuah lori Angkatan Pertahanan Awam Malaysia (APM) terbalik dibawa arus deras, hari ini.

Lori tersebut membawa bantuan makanan utk dihantar kpd mangsa banjir.  

📸Mohd Khairul Fikiri/Bernama https://t.co/rPsov1YpEj","Perak, Malaysia"
