Datetime,ID,Username,Text,Location
2022-12-21 03:12:39+00:00,1605400828981846016,saifnasution,"Ini merupakan sebahagian daripada rentetan usaha serta inisiatif yang telah KDN gerakkan. Misi bantuan kali ini merupakan usaha sama dengan Yayasan Food Bank Malaysia melibatkan serahan awal 1000 kotak makanan.

2/3 https://t.co/K5FzhS9Y4Z",Kulim Bandar Baharu
2022-12-07 13:00:55+00:00,1600475441826910209,HelmiHarieri,"Aku takde lah suka pun dia ni. Tapi bab ini nampak dia ke depan. Dan penyampaian dia kepada orang kampung pun bagus. Sebab tu Kedah dapat ke PN.

Nak tingkatkan bantuan segera kepada petani bagus. Tapi nama kementerian pun ada keterjaminan makanan. Kena lah forward thinking sikit",
2022-09-28 03:40:44+00:00,1574967315401084928,AliBiju_my,"27 September 2022, Selasa  :

Penyerahan Bantuan Kebakaran Di Kampung Darat, Kabong

Sebentar tadi, kakitangan dari Pusat Khidmat P.205 Saratok telah turun padang untuk menyerahkan sedikit bantuan berupa bakul makanan barang keperluan asas sebagai bantuan awal https://t.co/mWcLg8FvpP","Saratok, Sarawak"
2022-05-19 09:02:24+00:00,1527213066965831680,SDC_Nilai,"Desa Cempaka yang memerlukan bantuan makanan asas.

Jemaah atau penduduk sekitar yang memerlukan bantuan dialu-alukan untuk datang ke Gerobok Rezeki Surau Desa Cempaka. InsyaAllah 

“𝑹𝒆𝒛𝒆𝒌𝒊 𝑺𝒂𝒎𝒂 𝑫𝒊𝒌𝒐𝒏𝒈𝒔𝒊
𝑴𝒖𝒂𝒇𝒂𝒌𝒂𝒕 𝑴𝒆𝒏𝒋𝒂𝒅𝒊 𝑬𝒓𝒕𝒊”","Negri Sembilan, Malaysia"
2022-02-25 08:16:55+00:00,1497123428184125442,muda_puchong,"Semalam, MUDA Puchong bersama @MUDAxBangi ke Kolej Universiti Islam Selangor (KUIS) untuk membantu pelajar-pelajar mendapatkan makanan kerana di kuarantin. 

Bantuan yang telah disampaikan
- 50 pek makanan (roti, biskut dan lain-lain)
- 60 kotak air mineral https://t.co/nbzfcFYixD",
