Datetime,ID,Username,Text,Location
2023-03-29 08:58:03+00:00,1641001765683490816,pmrutckk,"Menteri Perdagangan Dalam Negeri dan Kos Sara Hidup, YB Datuk Seri Salahuddin Ayub berkata, sehingga semalam, sebanyak 26,150 Bakul Rahmah telah diagihkan ke seluruh Malaysia dengan bantuan sumbangan berbentuk makanan asas daripada Yayasan Global Mesra (YGM).
#JabatanPenerangan https://t.co/bzO7KuHdUj","Kota Kinabalu, Sabah"
2023-03-06 15:53:39+00:00,1632771433154633734,MyJAKIM,"Syukur alhamdulillah YBrs. Tuan Haji Ruslan Bin Said, TKPO JAKIM telah menyampaikan ‘Sumbangan Tabung Musaadah Dan Jom Ke Sekolah ’ pada petang ini bertempat di Dewan Kampung Libang Ranau Sabah.Seramai 296 keluarga telah menerima bantuan berupa makanan asas&amp; barangan persekolahan https://t.co/D3wXJvoilg",Kompleks Islam Putrajaya
2023-02-27 04:00:44+00:00,1630055306712711173,AnasAmdan,"Projek ini bermula ketika pandemik. 

Persatuan kami (BANTU) aktif memberi bakul2 makanan di sekitar Sabah.

Sambil bagi bantuan, kami juga terima aduan dari pekebun tempatan yang mereka tidak dapat jual sayur mereka.

Total waste boleh sampai 500kg! https://t.co/J0kdziD4Av","Kota Kinabalu, Sabah"
2023-01-28 10:55:05+00:00,1619287942362705920,JapenSabah,"2,586 KIR Terima Bantuan Bakul Makanan

🔗https://t.co/eMvQx7Ikd9

#JaPenSabah https://t.co/YJj6uBr8kf","Kota Kinabalu, Sabah"
2022-08-16 15:35:26+00:00,1559564499249958912,addien90s,"Bismillah, saya dan team @MyFundAction selamat tiba di Sabah. InsyaAllah bermula esok selama seminggu, kami akan masuk pedalaman Sabah beri bantuan pelajaran dan makanan kepada mualaf, kanak-kanak dan warga setempat. Ini adalah thread sepanjang misi kami disini. Stay tuned! https://t.co/AG57MiG6ty",
