Datetime,ID,Username,Text,Location
2023-02-14 01:40:31+00:00,1625308977331605504,sara_nikka,"Guys the price I put is the least of amount of money you will have to pay per one couple. Not the total I ate. Mine is probably more..or less..

Anyway, next....",Kuala Lumpur
2022-12-08 17:48:13+00:00,1600910132980092929,qishdarleena,Now I have less than 4 hours to sleep. Demmit. Blame it on the marshmallow I ate. I wasn’t supposed to eat anything sweet in the evening.. 😭,Galaksi Bunasakti
2023-03-13 06:21:42+00:00,1635164210656329728,nrsabrinashamin,👽 eat less sugar https://t.co/lKlhfeNjBt,"Selangor, Malaysia"
2023-03-10 03:27:52+00:00,1634033300137451520,Giccutweets,"The same way we malaysian indian behave malaysian but does not change the fact that our ancestors are of indian origin or we are less malaysian. We eat bak kut teh and nasi lemak, we sing negaraku. Mahatir you are almost 100 years old and not wise but a pure racist.",Kuala Lumpur City
2023-03-03 04:35:39+00:00,1631513645959217152,RockeRina,"To the less fortunate, that is a complete meal. Unless you have a better solution on how the B40 can eat a balanced meal they can afford perhaps you should just shut that piehole and stop embarrassing yourself",Where the Snakes are!
2023-02-19 12:11:09+00:00,1627279620138745856,REVLSHAI,"Today was the best day. Meet my friends. Tekak less sakit. Could eat something more than a soft food and menguap. Baru perasan lama tak menguap sejak surgery, 10 kali dah ni 😭 alhamdulillah getting better","Kuala Lumpur City, Kuala Lumpu"
2023-01-29 05:09:33+00:00,1619563377256460288,faizalhamssin,"After six months of trying to eat better food (less oil (particularly of seed variety), less carbs, less processed food, less fructose et al), I finally managed to fit in an old t-shirt from 7 years ago last night.

So good to be able to wear my old clothes lol. I feel 25 again.","Kuala Lumpur, Malaysia"
2022-10-18 07:20:46+00:00,1582270449203154944,athirawr,"my hand a bit shaking due to less sleep, less eat and less rest. even my jantung beat not as always 🥲",
2022-09-25 10:55:38+00:00,1573989599071727617,sirennextdoor,Honestly its getting depressing to find a balance meal in Malaysia that is worth less than an hour min wage. Idk how anyone surviving with 1.5K a month does it. Do you only eat once a day? Even this nasi goreng that only has carbs and barely any protein already cost RM9.,
2022-09-01 02:09:27+00:00,1565159872470994944,sirennextdoor,"When I see reports like this..Id be thinking, what are the alternatives though? 
Not eating or eating less is not really a good option because human beings gotta eat optimally too and that means we still need a good protein source",
2022-08-15 09:18:03+00:00,1559107140538605568,mirakoru7,"The point of eating whole food to keep us full longer = less eating = lower calorie intake = calorie deficit 

Im saying if we eat whole food , its not easy to consume till 2000 cal or more coz ull be so fullll .",Kuala Lumpur Federal Territory
2022-08-15 09:16:17+00:00,1559106692750536704,mirakoru7,"@Haziqmahmur9 Maksud i, tak senang nak capai 2000 cal kalau makan whole food. Thats the reason why we eat whole food . So that we feel fuller longer = hence eating less = calorie deficit .",Kuala Lumpur Federal Territory
2022-07-07 14:22:13+00:00,1545050557383331840,sunnyckf,"@cinemaniac25 Overall, I like it less. Find it a bit boring although there are several iconic scenes (eat the rice immediately comes to mind). So, sorry John Woo fans. BUT THEN, comes the finale. Balls to the wall craziness that has yet to be topped. Hard Boiled came pretty close.","KL, Malaysia"
2022-06-20 11:38:03+00:00,1538848652252577793,rasyad66,"@Twt_Jogging Mid run if less than 1 hour run, tahan je. One step after another, focus on breathing &amp; next goal post (simpang depan, etc). 
If more than 1 hour run, same but follow your fueling plan (drink/gel every 30 mins/5k/etc).
If not running, just eat but jgn gelojoh 😅",Kuala Lumpur
2022-05-23 03:19:35+00:00,1528576346544218113,SharaadKuttan,Eat less chicken. Discuss.,"Selangor, Malaysia"
2022-05-03 16:03:09+00:00,1521520749768765442,Ken_Fusion,Im still at war bcoz of food poisoning.. maybe will less eat for several day later...,Malaysia
2022-03-08 01:42:44+00:00,1501010495540989953,melvienlau,Talk less eat more . #hotpot #haidilao #follow #foodporn https://t.co/29EFjNPJtD,malaysia(kuala lumpur)
2022-03-01 11:30:59+00:00,1498621820349861889,neesasodirman,I try to work out and eat less,
