Datetime,ID,Username,Text,Location
2023-02-14 01:40:31+00:00,1625308977331605504,sara_nikka,"Guys the price I put is the least of amount of money you will have to pay per one couple. Not the total I ate. Mine is probably more..or less..

Anyway, next....",Kuala Lumpur
2022-12-08 17:48:13+00:00,1600910132980092929,qishdarleena,Now I have less than 4 hours to sleep. Demmit. Blame it on the marshmallow I ate. I wasn’t supposed to eat anything sweet in the evening.. 😭,Galaksi Bunasakti
2023-03-13 06:21:42+00:00,1635164210656329728,nrsabrinashamin,👽 eat less sugar https://t.co/lKlhfeNjBt,"Selangor, Malaysia"
2023-03-03 04:35:39+00:00,1631513645959217152,RockeRina,"To the less fortunate, that is a complete meal. Unless you have a better solution on how the B40 can eat a balanced meal they can afford perhaps you should just shut that piehole and stop embarrassing yourself",Where the Snakes are!
2023-02-19 12:11:09+00:00,1627279620138745856,REVLSHAI,"Today was the best day. Meet my friends. Tekak less sakit. Could eat something more than a soft food and menguap. Baru perasan lama tak menguap sejak surgery, 10 kali dah ni 😭 alhamdulillah getting better","Kuala Lumpur City, Kuala Lumpu"
2023-02-17 18:05:53+00:00,1626644115436994561,AlannaEloa,"Am afraid to eat in Malaysia, if they add something that my brain is less powerful, doing more foolish and low class standards that prevent me to fly overseas. I am more believe living and eating at my own Country Australia with my own people. I thought Malaysians are my people",
2023-01-29 05:09:33+00:00,1619563377256460288,faizalhamssin,"After six months of trying to eat better food (less oil (particularly of seed variety), less carbs, less processed food, less fructose et al), I finally managed to fit in an old t-shirt from 7 years ago last night.

So good to be able to wear my old clothes lol. I feel 25 again.","Kuala Lumpur, Malaysia"
2022-12-05 07:39:18+00:00,1599669728997707776,DeanUjang,"@JoeJi2050 Sometimes I test taste a bit just to make sure quality. Tu jer. I only eat cake at special occasions. My friends birthday semua i bg cake FOC. 

I will create new flavors for them. That I eat lar macam biasa. Otherwise I cut sugar out frm my diet, more protein n less carbo.",Kuala Lumpur
2022-10-07 03:57:52+00:00,1578233118846509056,atiqmisz,"@yourtimeseeker Oh my, u should eat for breakfast. And no instant drink. Milo especially,  very high in calories. Get yourself full before 8pm and sleep early. Less carb more protein and fibre. Apples and boiled eggs atleast. Keep eating moderately supaya x lapar. Berlapar adalah salah ye.",KUL-NS-TGG-LGK-KUL-JHB
2022-09-29 16:33:56+00:00,1575524286034432001,kiddiepax,Sebenarnya susah la nak ajak i makan. Becoming very less eat now.,
2022-09-25 10:55:38+00:00,1573989599071727617,sirennextdoor,Honestly its getting depressing to find a balance meal in Malaysia that is worth less than an hour min wage. Idk how anyone surviving with 1.5K a month does it. Do you only eat once a day? Even this nasi goreng that only has carbs and barely any protein already cost RM9.,
2022-09-19 17:31:37+00:00,1571914925936877568,medrouq,My mom said you can actually save a lot of you eat out less.,Borneo
2022-09-01 02:09:27+00:00,1565159872470994944,sirennextdoor,"When I see reports like this..Id be thinking, what are the alternatives though? 
Not eating or eating less is not really a good option because human beings gotta eat optimally too and that means we still need a good protein source",
2022-03-29 09:54:01+00:00,1508744278847418370,BigTreePanMee,Sorry we can’t do less spicy. Be a men and eat your chili. #chiliforlife https://t.co/8pijJA2wSl,"Taman Sungai Besi, WP KL"
2022-03-18 04:59:24+00:00,1504683869165191168,yidianlah,"Right food with right meal plan to keep your metabolic sustainable. lose Weight is simply just eat what you like but change the portion of Food you choose. Do not skip meal Or simply eat less with YoYo-Diet because this will bounce back easily. 

I have lost -7kg in a month. https://t.co/SSjYra68nf","Petaling Jaya, Selangor"
2022-03-08 08:39:22+00:00,1501115347390595077,kiddiepax,"Sometimes i feel bad because kenot eat much. So i'm trying my best to eat a lot when i'm with my man, and less when he's not around.",
2022-03-05 02:42:57+00:00,1499938486362963969,Erouliismail,@WebMD Hopefully less risk for vaccinated person especially with 3 doses / booster shot. Most importantly eat healthy food and clean eating.,"Petaling Jaya, Malaysia"
2022-03-01 11:30:59+00:00,1498621820349861889,neesasodirman,I try to work out and eat less,
2022-03-01 09:41:36+00:00,1498594290762616833,kusahafiez,"Dah 2022 pun ada orang buat thread panjang-panjang compare gaji Malaysia dengan (x). Masalahnya there's always someone else who is willing to do more for the same pay, or even worse, do what you do for less. Unless you're a specialist in a niche industry, eat the market standard.",
2022-02-17 03:41:43+00:00,1494155070409424896,FreeThinkerZone,@WalshyNick Eat less.,"Selangor, Malaysia"
