Datetime,ID,Username,Text,Location
2023-02-13 11:18:28+00:00,1625092036671180801,Mayarijuana,"Some days I really ingin zucchini…. My craving for zucchini is weird… just fry them with less oil, salt &amp; pepper… yumssss 😋 eat with any protein ✅",BORNEO ▲ KUALA LUMPUR 
2022-11-25 07:22:34+00:00,1596041637675040768,AziqKasim,"We talked about my uncles who has passed and my cousin battling with lung cancer, I said that it would be recommended subs for pain killer and its safe. I don't claim it would heal but it will be less pain and you will have the joy to eat.","Kuching, Malaysia"
2022-07-20 06:06:31+00:00,1549636852294254592,bahabidari,"Times are tough and the rakyat have to cut back, eat less and rely on home-grow food more. Some politicians give themselves a 40% raise.  Why do our politicians lack empathy?",Sarawak 🇲🇾
2022-06-02 01:04:44+00:00,1532166291603136512,ruffleseed,@swknative @CheapremeBrand Eat less taogey and we all look better.,Malaysia
