Datetime,ID,Username,Text,Location
2023-03-08 03:57:14+00:00,1.63E+18,AlannaEloa,"Off to KLCc soon, my head is dizzy because not enough healthy food and body gains weight. Swimming have to pay AUD8.",
2023-02-28 01:12:49+00:00,1.63E+18,AlannaEloa,"That time I didn't have Passport in Australia. After this I have Passport so no need to worry so much World. I'd loved you too💚. Hungry is my money enough/not to buy food. I said, healthy like protein bars, fresh blended fruits and veggies, nuts, beans are advisable in Pool part",
2023-01-24 14:18:21+00:00,1.62E+18,belleye,"@Emancipatedbla2 @TweetsOfCats Few rescued, the rest are my kitties. Not only loved but spoiled brats! 
The mom eats less so the kitties can the healthy and happy. That what matters. 
Their endless love is food enough for me.",KUALA LUMPUR
