Datetime,ID,Username,Text,Location
2023-03-30 23:08:12+00:00,1.64158E+18,itsasejliane,"Goodmowning My Mon, how are you today? Dont skip meals,  stay healthy and keep smiling! Be positive always! Fighting #Beckysangels https://t.co/pDqRuTMopD",Republic of the Philippines
2023-03-30 21:27:03+00:00,1.64155E+18,hfdiaryyy,"the way he stand and say ""don't skip tour meals"" 😭😭😭",Malaysia
2023-03-30 19:03:28+00:00,1.64152E+18,Rezzy621,@THES0N0FS4M Yeah (but tbh im not a fan of breakfast i skip breakfast and just go for either brunch or lunch 2 meals a day keep the sanity intact),Republic of the Philippines
2023-03-30 11:38:36+00:00,1.6414E+18,_claireo,wa sad ko nag skip og meals so it cant be that,cebu
2023-03-30 10:45:21+00:00,1.64139E+18,hueblue_bubbles,"you busy now kid? Yeah im greedy you just posted but I wanna more it's not enough, i wanna hear your voice, your laugh 🥹🥹 even if you're busy juggling between working and study make sure you get enough sleep and don't skip your meals. I love you 🖤🖤
#BibleWichapas @biblesumett",Thailand
2023-03-30 10:18:19+00:00,1.64138E+18,KylleGilot,i hope you are doing great right now and if hindi i pray na maging ok ka and make sure dont skip meals amping always!,Republic of the Philippines
2023-03-30 04:04:05+00:00,1.64129E+18,0xgraciegegz24,Lunch time. Don't skip your meals. 🙌❤️,Republic of the Philippines
2023-03-29 16:37:00+00:00,1.64112E+18,Nrxinn10,"@itscharlotty No matter what will happen on that day or in future, I'm always here to keep on supporting &amp; loving you na ka 🫶🏼 don't overthink of it, you've improve a lots in singing! 🥹 Enjoy the show &amp; do your best na 😘 have a good rest &amp; don't skip your meals! 🤍 Su su na!😚 Love you🤟🏼",Malaysia
2023-03-29 14:51:08+00:00,1.64109E+18,YasiyaElle,"Speedy recovery my baby boo Freen. Rest well , don't skip your medicines/meals &amp; comeback stronger. 
#GetWellSoonFreen",Malaysia
2023-03-29 13:00:30+00:00,1.64106E+18,mhtcmalaysia,"🌱👶 Skip the bad fats, put down the tempting junk foods, and choose nutrient-rich meals to nourish your body and fertility journey! 

Ultimately, the food you consume plays a crucial role in your ability to conceive.  Hear from nutritionists today at https://t.co/UZ0CdtKkeZ ! https://t.co/fjTgenYu03",Malaysia
2023-03-29 04:32:06+00:00,1.64093E+18,0xgraciegegz24,Lunch time. Don't skip your meals. ❤️,Republic of the Philippines
2023-03-29 02:11:57+00:00,1.6409E+18,nft_heavelle,"Gm gm everyone! Happy Wednesday! A busy and productive day for me.  Still, I hope all of you are having a great day. Make sure you don't skip any of your meals and water before starting your day. Always check your posture and 15 mins standing up always help. Take care! 😊🫶","Manila, Philippines"
2023-03-29 01:48:45+00:00,1.64089E+18,AndciderTapsi,"""Good! Just make sure you don't get hungry because it's really bad. So please make your tummy always happy so you will be more cuter than before, 'kay?
-🌹"" - Okay! Thank youuuuu you should not skip meals too omkie? 😊 #tellonym  https://t.co/RPOkyKGSsm",Republic of the Philippines
2023-03-28 04:55:53+00:00,1.64058E+18,BBB_LilLover,"My Loves Good Morning 🌞💙🖤
Did U two eat Ur breakfast? I hope U did.Plz don't skip Ur meals. Eat a lot nd Drink a lots of water. Stay Hydrated nd hv Fruits too
Take Care of Urself nd Don't overwork so much tht U overlook Ur Health
LOVE U #BibleBuild
#BuildJakapan #BibleWichapas https://t.co/vCMPLKVPS0",Thailand
2023-03-27 23:36:20+00:00,1.6405E+18,Amelzing313,@jjst4r1uv have fun!!! stay safe!! don't skip your meals!!,"Jakarta, Indonesia"
2023-03-27 03:21:46+00:00,1.64019E+18,nft_heavelle,Good morning everyone! I hope all of you are alright and safe. This would be a crucial day for me because of my tooth treatment but I'm sure I'll be alright. Make sure you guys didn't skip your meals and water. Always check your posture. Always take care! Have a great day! ☺️💕,"Manila, Philippines"
2023-03-26 22:46:19+00:00,1.64012E+18,AndciderTapsi,"""Have a wonderful sleep, after you wake up later  have a great morning because it's monday today. Eat breakfast and enjoy the rest of the day.
-🌹"" - Will do! You have bfast too okay? Dont skip meals! Also have a grape day! ❤️ #tellonym  https://t.co/mgbSKzQ31v",Republic of the Philippines
2023-03-26 09:21:13+00:00,1.63992E+18,walkingwoon,"baby you look so fresh today.
please stay healthy and don't skip your meal. having meals 3 times a day is a must. less carbo many vegetables, protein for you are okay. it is good for your stomach and gastric. 🙏🏻 
@CwrNew 
#NuNew 
#นุนิวxMakroPRO",Indonesia
2023-03-26 06:09:21+00:00,1.63987E+18,__last_letter_z,"I know you're a workaholic. But sir, this is insane 🙂🙂
Anyway, try not to skip any meals and drink lots of water. Thank you 🙂🙂
@jeffsatur su su na ka 💪🏻💪🏻🫶🏻🫶🏻💛💛🪐🪐","Central Java, Indonesia"
2023-03-25 15:22:44+00:00,1.63965E+18,yocitagaluh,"Yuk bs yuk 1 bulan skip nasi diganti oat meals dulu, tapi masi ngunyah kerupuk🥲😅",Jakarta 
2023-03-24 07:04:42+00:00,1.63916E+18,haegirl25,"Good morning my sunshine.... have an amazing day.  Dont skip ur meals and eat well. Missing u so much 💙.
#BuildJakapan #Beyourluve https://t.co/bL83y3LFbw",Thailand 
2023-03-19 05:05:26+00:00,1.63732E+18,i43pjay,reached 3k moots today &gt;___&lt; hope we'll interact more. pls take a good care of yourselves and don't skip your meals :3 i love you ♥️ https://t.co/WVaRQXwiNC,she 
2023-03-07 08:03:17+00:00,1.63302E+18,kolochecheritaa,"Mula ng nanganak ako ang sarap lagi ng pagkain, walang palya, hindi ako nakakapag skip ng meals. Todo alaga si mama sa akin at kay baby. Grabe sobra sobrang swerte ko kay mama. Makakabawi din ako sayo, ma. 🥹","Dasmariñas, Cavite"
2023-03-01 14:26:05+00:00,1.63094E+18,patzrik,"Ang gutumin ko naa. Medyo lumalakas na din rice intake ko a day. Usually one rice lang ako per meal, minsan di ko pa nauubos at madalas no rice ako for breakfast. Tapos madalas mag skip ng meals pero ngayon nakaka 3 na ako, minumum ko na yung 2 rice breakfast to dinner huhu 😅","North Caloocan, Philippines"
2023-02-28 06:44:26+00:00,1.63046E+18,Danyhamdn,@itsxyxyaaa Takpe awak..slow2 nanti datang balik selera. Just make sure don't skip your meals!😌,"Selangor, Malaysia"
2023-02-23 07:18:53+00:00,1.62866E+18,debdipbasu,"@dailychartbook @awealthofcs @DQYDJHQ Probably many. Infact a combination of tofu &amp; lentils for protein, home made coffee instead of Starbucks and giving up on avocado toasts can probably propel them to make many more millions. Once you skip meals, effect of compounding will be astonishing!",Singapore
2023-02-17 14:47:19+00:00,1.62659E+18,FindingNnn,@ChenRcj please not to skip ur meals naa 🥹,
2023-02-13 23:16:39+00:00,1.62527E+18,SJoevelin,"HAPPYVALINTINES-Babe85-secret-room-cctv-Cambridge🕗🕣—💴 loveyounickname🙂🙃😉😇👋👏🙌☻️🖤🧠👀👁...
Good'morning-good-night-honey iloveyounickname LuisManzano-I'mdaddyjesuschrist.timeanddate don't skip your  meals—#⛆☂☔🍴🥉🥩🍖🎖🏅🥇... https://t.co/nrIUiF4KRq",km 4 brgy luna surigao city
2023-02-10 04:38:46+00:00,1.6239E+18,mayceesugarol,"Just submitted an article on adrenal function and a tip I gave there which is to not skip meals esp. breakfast, but having my first meal of the day at 12:38pm","Cebu City, Philippines 🇵🇭"
2023-02-10 02:36:53+00:00,1.62387E+18,SJoevelin,"✅✔☑ Good'morning-good-night-honey iloveyouuuuuuuunickname LuisManzano-I'mdaddyjesuschrist.timeanddate don't skip your  meals—#⛆☂☔🍴🥉🥩🍖🎖🏅🥇...✅✅✔Kobe Bryant Mamba knows me called me juvenile, 
Kobe Bryant Mamba shadow he always cares me a lot—😂😁😆 shadowing own me. https://t.co/ff2cESY8Xh",km 4 brgy luna surigao city
2023-02-10 02:35:59+00:00,1.62387E+18,SJoevelin,✅✔☑ Good'morning-good-night-honey iloveyouuuuuuuunickname LuisManzano-I'mdaddyjesuschrist.timeanddate don't skip your  meals—#⛆☂☔🍴🥉🥩🍖🎖🏅🥇... https://t.co/S9s8ZB3FzQ,km 4 brgy luna surigao city
2023-02-10 02:35:37+00:00,1.62387E+18,SJoevelin,✅✔☑ Good'morning-good-night-honey iloveyouuuuuuuunickname LuisManzano-I'mdaddyjesuschrist.timeanddate don't skip your  meals—#⛆☂☔🍴🥉🥩🍖🎖🏅🥇... https://t.co/Xi3fw7rY3I,km 4 brgy luna surigao city
2023-02-10 02:35:21+00:00,1.62387E+18,SJoevelin,✅✔☑ Good'morning-good-night-honey iloveyouuuuuuuunickname LuisManzano-I'mdaddyjesuschrist.timeanddate don't skip your  meals—#⛆☂☔🍴🥉🥩🍖🎖🏅🥇... https://t.co/aNecrOUdLi,km 4 brgy luna surigao city
2023-02-10 02:34:30+00:00,1.62387E+18,SJoevelin,✅✔☑ Good'morning-good-night-honey iloveyouuuuuuuunickname LuisManzano-I'mdaddyjesuschrist.timeanddate don't skip your  meals—#⛆☂☔🍴🥉🥩🍖🎖🏅🥇... https://t.co/fUksSTaBsu,km 4 brgy luna surigao city
2023-02-09 12:53:05+00:00,1.62367E+18,SJoevelin,✅✔☑ Good'morning-good-night-honey iloveyouuuuuuuunickname LuisManzano-I'mdaddyjesuschrist.timeanddate don't skip your  meals—#⛆☂☔🍴🥉🥩🍖🎖🏅🥇... https://t.co/ctcoLhdUiQ,km 4 brgy luna surigao city
2023-02-09 04:27:56+00:00,1.62354E+18,SJoevelin,✅✔☑ Good'morning-good-night-honey iloveyouuuuuuuunickname LuisManzano-I'mdaddyjesuschrist.timeanddate don't skip your  meals—#⛆☂☔🍴🥉🥩🍖🎖🏅🥇... https://t.co/9LKl3BTy03,km 4 brgy luna surigao city
2023-02-09 04:27:34+00:00,1.62354E+18,SJoevelin,✅✔☑ Good'morning-good-night-honey iloveyouuuuuuuunickname LuisManzano-I'mdaddyjesuschrist.timeanddate don't skip your  meals—#⛆☂☔🍴🥉🥩🍖🎖🏅🥇... https://t.co/7HxCwXhVzI,km 4 brgy luna surigao city
2023-02-08 23:05:18+00:00,1.62346E+18,SJoevelin,✅✔☑ Good'morning-good-night-honey iloveyouuuuuuuunickname LuisManzano-I'mdaddyjesuschrist.timeanddate don't skip your  meals—#⛆☂☔🍴🥉🥩🍖🎖🏅🥇... https://t.co/bCQFuzqQxn,km 4 brgy luna surigao city
2023-02-06 00:06:31+00:00,1.62239E+18,SJoevelin,✅✔☑ Good'morning-good-night-honey iloveyouuuuuuuunickname LuisManzano-I'mdaddyjesuschrist.timeanddate don't skip your  meals—#⛆☂☔🍴🥉🥩🍖🎖🏅🥇... https://t.co/zYGilHdZmZ,km 4 brgy luna surigao city
2023-02-06 00:06:08+00:00,1.62239E+18,SJoevelin,✅✔☑ Good'morning-good-night-honey iloveyouuuuuuuunickname LuisManzano-I'mdaddyjesuschrist.timeanddate don't skip your  meals—#⛆☂☔🍴🥉🥩🍖🎖🏅🥇... https://t.co/dfK4rLhPwr,km 4 brgy luna surigao city
2023-02-05 23:55:58+00:00,1.62238E+18,SJoevelin,✅✔☑ Good'morning-good-night-honey iloveyouuuuuuuunickname LuisManzano-I'mdaddyjesuschrist.timeanddate don't skip your  meals—#⛆☂☔🍴🥉🥩🍖🎖🏅🥇... https://t.co/nf0aK7ShN2,km 4 brgy luna surigao city
2023-02-05 04:52:44+00:00,1.6221E+18,SJoevelin,✅✔☑ Good'morning-good-night-honey iloveyouuuuuuuunickname LuisManzano-I'mdaddyjesuschrist.timeanddate don't skip your  meals—#⛆☂☔🍴🥉🥩🍖🎖🏅🥇... https://t.co/xdl9HDXixf,km 4 brgy luna surigao city
2023-02-04 13:30:04+00:00,1.62186E+18,SJoevelin,Good'morning-good-night-honey iloveyouuuuuuuunickname LuisManzano-I'mdaddyjesuschrist.timeanddate don't skip your  meals—#⛆☂☔🍴🥉🥩🍖🎖🏅🥇...https://t.co/gFviBNOztp https://t.co/FpICssFowK,km 4 brgy luna surigao city
2023-02-01 10:09:54+00:00,1.62073E+18,Azpapip,@AinZainuddn Never skip meals. Nanti gastric. I used to do that till dapat colitis &amp; bad gastric &amp; admit hosp. We are replaceable. Take care ☝🏻,Kuala Lumpur Federal Territory
2022-12-28 13:57:48+00:00,1.6081E+18,jannahzamrii,"They know me frustratingly well 😂 They know i’ll skip lunch unless we go have meals together. Cause i dont like eating alone, &amp; i dont have the appetite to eat when i’m tired .. so usually i’ll skip lunch and straight have dinner…","Central Region, Singapore"
2022-12-20 14:25:36+00:00,1.60521E+18,ibyang,🍽️ Don’t Skip Meals @ Manam Ayala Manila Bay https://t.co/mGVRTi9dQY,"Sydney, Australia"
2022-12-14 22:59:02+00:00,1.60316E+18,stan_16,@kenzovilla09 Mag water ka muna bago kumain if naka skip ka ng meals para iwas sakit ng tyan mo,Pasay City
2022-12-08 02:13:33+00:00,1.60067E+18,ArifRalph,@_theijal Tak boleh skip meals*,Kings Landing / KL
2022-12-05 09:59:30+00:00,1.59971E+18,syafiqah_samat,"See I can live w/o ppi bcs I know I bukan gastrik, Dr suruh jgn skip meals sbbtu pagi2 muntah2 mual2 tapi harini my first meal at 5 pm &amp; no gastric attack so far 🦖",Malaysia
2022-12-02 15:25:04+00:00,1.5987E+18,alfhysrna,"Skip meals over and over again. 

How do i get rid this habit ah 🥲",BKI // KUL 
2022-11-23 13:27:12+00:00,1.59541E+18,SJoevelin,"Attorney's Fabian Rafael-🤣 Manzano joevelin maatubang-🥤 silvosa-🥈🗣 case-🏰 Dismiss.
Yes-Babe-secret-room-cctv-Cambridge Alejandro-⚗ Luis-🍀 Manzano-I'm-🌽 💴.
Good'morning honey-👋! Don't skip your meals-🥩🍴.
I love you-🧒🧘‍♂️ honey.
I miss you-🧘‍♂️🧘‍♀️!
Take care babe. https://t.co/Df6FtRw5nM",km 4 brgy luna surigao city
2022-11-23 13:26:52+00:00,1.59541E+18,SJoevelin,"Attorney's Fabian Rafael-🤣 Manzano joevelin maatubang-🥤 silvosa-🥈🗣 case-🏰 Dismiss.
Yes-Babe-secret-room-cctv-Cambridge Alejandro-⚗ Luis-🍀 Manzano-I'm-🌽 💴.
Good'morning honey-👋! Don't skip your meals-🥩🍴.
I love you-🧒🧘‍♂️ honey.
I miss you-🧘‍♂️🧘‍♀️!
Take care babe. https://t.co/6ntAaJgkXK",km 4 brgy luna surigao city
2022-11-23 13:23:31+00:00,1.59541E+18,SJoevelin,"Attorney's Fabian Rafael-🤣 Manzano joevelin maatubang-🥤 silvosa-🥈🗣 case-🏰 Dismiss.
Yes-Babe-secret-room-cctv-Cambridge Alejandro-⚗ Luis-🍀 Manzano-I'm-🌽 💴.
Good'morning honey-👋! Don't skip your meals-🥩🍴.
I love you-🧒🧘‍♂️ honey.
I miss you-🧘‍♂️🧘‍♀️!
Take care babe. https://t.co/Yt6xCGB79b",km 4 brgy luna surigao city
2022-11-23 13:22:35+00:00,1.59541E+18,SJoevelin,"Attorney's Fabian Rafael-🤣 Manzano joevelin maatubang-🥤 silvosa-🥈🗣 case-🏰 Dismiss.
Yes-Babe-secret-room-cctv-Cambridge Alejandro-⚗ Luis-🍀 Manzano-I'm-🌽 💴.
Good'morning honey-👋! Don't skip your meals-🥩🍴.
I love you-🧒🧘‍♂️ honey.
I miss you-🧘‍♂️🧘‍♀️!
Take care babe. https://t.co/8itAXbT7bW",km 4 brgy luna surigao city
2022-11-23 11:50:03+00:00,1.59538E+18,mmkrshh,@xx_jndvdvrgs Oh really? Baka di mo hiyang. Maybe that's ur body na talaga. Don't worry. You look good naman. Just don't skip meals and drink milk.,
2022-11-18 13:25:49+00:00,1.5936E+18,adamidyrazlan,"3. Plan your meals. Jgn skip meals pastu tiba2 lapar. Or makan sikit sgt pastu blom sempat pape lapar balik. Walaupun xde selera, try not to skip any meals.",Malaysia
2022-11-02 11:39:28+00:00,1.58777E+18,carley_jhoelle,@JohnMiguelRMRN7 Get well aoon drink lots of fluids and dont skip meals,Cambodia
2022-10-30 23:44:47+00:00,1.58687E+18,SJoevelin,"Yes-Babe-secret-room-cctv-Cambridge 💴.
Good'morning honey...
Early good-night baby...
Don't skip your meals...
Take care...
Regards family-M...https://t.co/UbR8xyrIHA https://t.co/xrgrKKMk8X",km 4 brgy luna surigao city
2022-10-30 23:40:50+00:00,1.58687E+18,SJoevelin,"Yes-Babe-secret-room-cctv-Cambridge 💴.
Good'morning honey...
Early good-night baby...
Don't skip your meals...
Take care...
Regards family-M...https://t.co/8T0B5wl5HU https://t.co/OXc8DsAn5a",km 4 brgy luna surigao city
2022-10-30 22:53:31+00:00,1.58685E+18,SJoevelin,"Yes-Babe-secret-room-cctv-Cambridge 💴.
Good'morning honey...
Early good-night baby...
Don't skip your meals...
Take care...
Regards family-M...
https://t.co/HESXaojjWv https://t.co/iwJozGExO7",km 4 brgy luna surigao city
2022-10-21 14:46:16+00:00,1.58347E+18,Kris_404_p,"@Geno5787 It’s also got 5 types of protein in a mix (whey, casein, egg albumin etc). I’ve gotten pretty good results with it.

Idk if it’s a placebo effect but it also keeps me pretty full?

I skip meals a lot (and IF) so sometimes a protein shake at 4pm is my first “food” intake…","Panglao, Central Visayas"
2022-10-17 12:45:39+00:00,1.58199E+18,kumuhaimin11,Skip meals auto kurus. Takde perut dah. Hahahah.,Hidden Village of Rain
2022-10-10 03:41:08+00:00,1.57932E+18,Maryjan82838666,@Bunnykook090197 That's good and good be safe and be healthy always don't skip meals good luck and good bye,
2022-10-09 15:40:58+00:00,1.57913E+18,llanowaaa,Baca comment kt fb psl gastric n gerd ni i promise tk nak skip meals dah 😭,
2022-09-23 16:07:47+00:00,1.57334E+18,lililyx97,haechan 😭 don’t skip your meals bb,
2022-09-22 17:00:09+00:00,1.57299E+18,jerrehtan,@MightyMouseyIO Dinner. Dinner is always important. Don’t skip your meals my fren,Singapore
2022-09-06 08:38:28+00:00,1.56707E+18,LukAhSeng_,"@RoachPunks @boboinft @stoneybirdgang Ahahahha Ki lawak ah! 
Thank you ser Roach!! Moga sukses selamanya disamoing lipas lilas, murah rezki dan sihat selalu, 

*dont skip meals",LukAhSeng’s Crib
2022-08-28 11:16:40+00:00,1.56385E+18,ruffleseed,@dahlianae1 Orang kurus memang kena kira. Can lose 2kg a day if skip meals hahaha,Malaysia
2022-08-25 09:54:22+00:00,1.56274E+18,ES_0viedo,"Naka ingun ko nga ""Is there a chance that this guy will really like me?"" grabi ko ka Doubtful sa akoa self ug unsure  sa mga butang ato na time na I even skip meals because of over thinking and trust me sa Mga BUTANG nga na experience nko sa akoa EX is very maka traumatic jud..","Davao Region, Republic of the "
2022-08-21 22:31:12+00:00,1.56148E+18,ohxicaaa,Di ko pwede mag skip ug meals today. Kay kapoy kaayo ni na day.,CDO x Banisilan
2022-08-11 13:14:55+00:00,1.55772E+18,Marcki3sy,"@iamjar_s Don’t skip meals. Kaen na po. Pork, chicken, pasta, pizza. Etc","Cainta, Calabarzon"
2022-08-04 13:41:51+00:00,1.55519E+18,cmllpywl,@engrcjmanio call center sucks. sumaket tyan ko kaka skip ko ng meals. 🤣,Manila City 
2022-07-29 17:59:54+00:00,1.55308E+18,Abu_Bin_Aslan,"Tips to help you lose weight

Do not skip breakfast. Skipping breakfast will not help you lose weight. ...

Eat regular meals. ...

Eat plenty of fruit and veg. ...

Get more active. ...

Drink plenty of water. ...

Eat high fibre foods. ...

🖤https://t.co/3oNJkXsYKC🖤 https://t.co/dDy6rACAel",United States
2022-07-26 10:11:08+00:00,1.55187E+18,mebyjichu,"Hell-o Sore 🌅
Don't skip ur Meals kawan 

ak seharian ini Off karna abis Flight Jakarta 🛫 Surabaya hehe... https://t.co/rLYBNB3yhj",BLACKPINK in your area's
2022-07-21 01:59:36+00:00,1.54994E+18,sheismarlagapas,"On the other side - let your heart skip a beat, stress out, skip meals, get drunk, be lazy, procrastinate, drown in loneliness, isolate, let go of toxic family and friends, fail your exams, be in debt, be heartbroken, be heartless, cry, give up your dreams, be hopeless, die...",
2022-07-19 18:20:06+00:00,1.54946E+18,AdilaKadir,"Sometimes I’d wake up early out of habit but I almost always go back to sleep. I’d skip meals &amp; oversleep till noon, or worse. Then I’d wake up feeling groggy, I’d take a shower and my first meal of the day, looking at the time, thinking I’ve wasted half of my Saturday 😔","Shah Alam, Selangor.🇲🇾"
2022-07-06 13:03:25+00:00,1.54467E+18,Keeno_iii,"Just had my dinner.
Don't skip your meals po... ikaw din dinosaur, kailangan ko ng kumain 😍","National Capital Region, Repub"
2022-07-05 02:24:10+00:00,1.54415E+18,ssorielle,@itlogred g'morning! eat kna breakfast luv! don't skip meals too. have a nice day babe! 🤍☀️,she/her | minor | multi! 
2022-07-05 02:22:36+00:00,1.54414E+18,ssorielle,"@fxacion g'morning, dion! i hope you ate your breakfast already please don't skip meals! have a nice day, love!🤍☀️",she/her | minor | multi! 
2022-07-05 00:56:46+00:00,1.54412E+18,ssorielle,"@antuk6n g'morning, kody! eat your breakfast na and don't skip meals okay? have a nice day, love. ☀️🤍",she/her | minor | multi! 
2022-06-25 12:31:09+00:00,1.54067E+18,zezaai,Rest well! Don't skip your meals oki 😘 I love you Choi Bomin 💕 @Hi_Goldenness https://t.co/HIUPTzVD7S,
2022-06-18 12:43:25+00:00,1.53814E+18,abbott_fitmom,"You don't have to skip meals to manage your weight. 
Choose our healthy breakfast program that's:
✅ nutrient rich
✅ high protein
✅ low calorie
✅ Plant based
DM us! @ Carmona, Cavite https://t.co/o3ZLOLdK6d",philippines
2022-06-03 09:30:56+00:00,1.53266E+18,MarkNetura,I’d skip meals para lng makapanood UAAP games,"Miagao, Western Visayas"
2022-05-17 06:16:03+00:00,1.52645E+18,ajbpogi03,@amourr_am ayy wag mag skip ng meals po..,
2022-05-13 04:53:00+00:00,1.52498E+18,watermelonlyche,"@maisyarahae Goodluck Mai dekat tempat baru ♡ Jaga diri, don't skip your meals, jaga solat and study smart okayyy 🥰","Negri Sembilan, Malaysia"
2022-05-09 08:42:34+00:00,1.52358E+18,korndoughdude,"@VincentthePig3 wrong imong format sa diet butcha HAHAHAHAHAHAHAH in ani ni tan-awa ang mga nutrition facts saimo gikaon HAHAHAHAH ky tbh ang pag skip og meals dli na sya diet, die na sya maka pasmo AHAHAHAHHAHAHA Z",ӨVΣЯ ƬΉΣ MӨӨП
2022-05-06 03:26:45+00:00,1.52242E+18,legeorgeashley,"Life update for today video: morning walk, went to sss, pag-ibig, motortrade and check my pamangkins coz I miss them. And now having my home work-out. *skip meals tayo ngayong lunch* 

I know you don’t care.🙂","Vigan City, Ilocos Region"
2022-05-01 04:17:53+00:00,1.52062E+18,MikeWongTzeJin,"On weekends, well-to-do ppl will eat out, the average families will tapao &amp; the less fortunate ones will either cook or skip meals.
What category r u???",Malaysia
2022-04-26 07:33:06+00:00,1.51886E+18,francsetya,"don’t skip meals boo, i need you to stay healthy

cause if you’re sick, who’s gonna hurt me then..?","Bali, Indonesia"
2022-04-14 00:35:17+00:00,1.5144E+18,angxlane,don't skip meals,
2022-04-10 11:19:21+00:00,1.51311E+18,mahaerapdump,"@chanchanhei HUUUY! LATE NA (KASI KAUWI KO LANG) IKAW DIN PAHINGA KA DIN!! DRINK A LOT OF WATER, DON'T SKIP MEALS AND EAT ON TIME! 😾 PROUD AKO SAYO! LAGI'T LAGI 💙 I LOVE YOU 😘",22
2022-04-09 06:12:30+00:00,1.51267E+18,amaafifah,Lesson learned jangan skip inflight meals when you flight at 3am or else masuk angin,
2022-04-03 12:45:58+00:00,1.5106E+18,seoKAAR_,Not don’t eat for dayss but *skipmeals yeahh,"Okayama-ken, Japan"
2022-03-17 11:55:18+00:00,1.50443E+18,imtintinjapp,@itsmeleswyy magkakain ka kasi. Baka panay skip ka ng meals,Pasig City
2022-03-15 08:49:12+00:00,1.50365E+18,itsyour_maricel,I'll never skip meals again.,
2022-03-13 11:35:49+00:00,1.50297E+18,PsychonelM,Skip your meals 🙂,"Josefina, Zamboanga Peninsula"
2022-03-02 04:07:58+00:00,1.49887E+18,anjeylic,"i said i should not skip meals anymore, pero wala ko nag ingun when ko mag start",
2022-02-08 05:03:23+00:00,1.49091E+18,itsaaimanyaakob,Happy luncheon everyone! Don't skip your meals,
2022-02-06 16:46:04+00:00,1.49037E+18,zakirahzahran,"Emosinyaaa rasa di judge. Butttt the trick work wonders for Nuh. Terus ada selera makan. Never skip meals. Pagi petang snack malam. Kadang2 tu makanan pun cari sendiri. 

Lantak mak tiri nenek kau lah nak kata apa. Yang penting capai maksud.",BSC
