Datetime,ID,Username,Text,Location
2023-03-28 03:01:00+00:00,1.64E+18,lainie,"@superwhitesia I’m type 2! I don’t know if that advice is for pre diabetics ke apa, but my doctors very consistently recommend balanced regular diets, or small constant meals",Malaysia
2023-03-25 12:44:36+00:00,1.64E+18,Suave_Tito87,I just realized I'm sort of like observing Ramadan for like a decade already😸. I mean NO MEALS or SNACKS during the day (just coffee) and only ONE BALANCED FULL MEAL after sunset. Crazy how this lifestyle has taken my health &amp; wellness to the next level.💭 https://t.co/Faxd7wqdcM,Quezon City
2023-03-24 05:20:13+00:00,1.64E+18,d_j_fahad,"Eat safe and balanced meals at Sehri and Iftar.  Avoid unhealthy and over fried foods.
#Ramadan2023",Dhaka
2023-02-16 07:53:57+00:00,1.63E+18,tulunsokit,"In Malaysia, a MP from the right wing religious based party called PAS questions a government initiative to provide balanced meals via a scheme called Menu Rahmah at RM 5 (USD 1.10) saying that it might cause Autism, Autoimmune disease and cancers ...",Johor Bahru
2022-10-10 15:32:13+00:00,1.58E+18,Gridcrosser,"The problem is malnutrition, as stated, which is not eating the right foods or npt having balanced meals, and not starvation, although that would be a problem also.",Pasig City
2022-09-24 11:28:53+00:00,1.57E+18,dianneeey,"hi po @SB19Official @jah447798  @stellajero_ @felipsuperior @imszmc @JoshCullen_s 
as a nutritionist-dietitian, i just want to remind you to stay healthy, by eating a well balanced meals on time, stay hydrated and get enough sleep at least 6-8hrs

pls see pic for more details 💙 https://t.co/x1fHlNTZiI",Republic of the Universe
2022-05-31 13:57:54+00:00,1.53E+18,ellirahim,"@tlyadeen Bragging rights IMHO that someone loves &amp; cares to provide healthy, balanced meals so you don't have the headache of figuring out where to find food.",@Ellirahim@ohai.social
