Datetime,ID,Username,Text,Location
2022-11-23 11:26:19+00:00,1.59538E+18,cassiethehag,"@biggsytravels @flyawaycouple @tspadventure when I couldn't afford holidays, I Couldnt afford coffee either &amp; people still said things like that to me so you really can't win. some people can't relate to not having holidays every couple of years/not having 3 meals a day (due to lack of funds), etc. Understandable but🤷‍♀️",Australia
2022-07-05 10:41:55+00:00,1.54427E+18,Elill_E,".@IsmailSabri60 team loves making videos of him but perhaps now is not the best time.

🔴There were 627 flood victims today

🔴University students skipping meals due to hike in prices

🔴Covid-19 cases rising

🔴People can’t afford to buy basic necessities due to cost of living",Selangor 
