Datetime,ID,Username,Text,Location
2023-03-29 09:26:07+00:00,1641008825401774082,alhaziqqqq,Memandangkan harga makanan kat bazaar dah naik kawkaw jadi kita makan kat kedai jelah lagi murah dan jimat 😮‍💨,Kuala Lumpur
2023-03-29 00:00:00+00:00,1640866358903836672,EkonomiRakyatMY,"Tiga rangkaian pasaraya terbesar di Sweden berjanji akan memotong harga barangan makanan yang dijual bagi membantu mengurangkan beban kenaikan inflasi makanan di negara itu

Kadar inflasi makanan naik 22.1% tahun-ke-tahun bagi Februari 2023 di Sweden, tertinggi sejak 1950an https://t.co/qtjrro7L6n",Kuala Lumpur
2023-03-27 11:01:33+00:00,1640308066964107265,NightOwlGenY2,@everlastlbs yg cakap harga  naik tu jual apa bnd makanan nya,Kuala Lumpur
2023-03-27 10:35:50+00:00,1640301597325660160,HRHMBE,@awesomecemok Ini kan yg masa jadi menteri kpdn dulu cakap harga gula naik ada hikmah supaya rakyat kurangkan guna gula dlm minuman &amp; makanan elak penyakit kencing manis....jni penyokong tegar zahid. Lepas jadi menteri jadi duta ke cambodia,Kuala Lumpur
2023-03-27 09:15:54+00:00,1640281479833092097,WartaRakyatMsia,"Harga makanan dijangka terus naik pada Ramadan, Aidilfitri https://t.co/bABb9Vbm6f via @WartaRakyat","Kuala Lumpur, Malaysia"
2023-03-26 03:04:14+00:00,1639825561366433797,Jendulism__,"Makanan kami mahal sgt ke? Kami retort, beli packaging gred tinggi, plastic tebal x lobos. Itu value kami, dgn bahan2 dan resepi sikitpun x shortcut.

Tp org igt kenaikan harga dia sorang je yang rasa, peniaga yg beli bahan mcm kami ni x perlu naik harga?",KUL - KCH - MYY - BWN 🛩
2023-03-23 12:11:01+00:00,1638875999625682944,frzhyqlll,Makanan kt bazar banyak dah naik harga....maybe boleh buat bazar rahmah,
2023-02-25 02:57:47+00:00,1629314689741225984,miraaaibrahim,"Dating dengan husband 🥰 
Lama tak makan steak🫣🥰
Bila dinner semalam best pulak sebab tak ramai orang 😀
Last datang sini tahun lepas, tahun ni datang harga dah naik😅  
Tapi apa apa pun alhamdulillah syukur makanan sedap 🥰💙 https://t.co/43gdd1aJpC","Wangsa Maju, Kuala Lumpur"
2023-02-02 01:42:13+00:00,1620960748271980545,idgafzlnie,"harga barang turun, harga makanan kat kedai still camtu jugak, takde pun nak turun turun. bab naikkan harga laju je dgn alasan ""barang naik harga"" 😤",
2023-01-12 01:59:17+00:00,1613354901861699584,Sayyd51890925,"Dulu ayam yang jadi masalah. Tiba2 telor pula terpalik. Bila telor naik harga, semua makanan akan naik harga. Taraf hidup dah jadi macam Japan!
Elok kerajaan import supaya harga telor stabil. Bila harga naik dah tak akan turun lagi.",Kuala Lumpur
2023-01-06 08:41:51+00:00,1611281883098394624,MrniYsf,Harga makanan semakin naik ? Nangis mcm ni . Harga americano pun naik . Kopi air je padahal 😖,around the world
2023-01-02 03:29:49+00:00,1609753804333010944,sherfiqashrdn,Actually semua makanan da naik harga 🥺 and da makin terasa mahal dia actually bcs duit aku makin cpt berkurang hahah,
2022-12-24 01:38:10+00:00,1606464214604087296,hasyudeen,"Kenaikan kos makanan ayam menyebabkan kos pengeluar daging dan telor ayam naik. Jika mereka tidak boleh menjual dengan harga yang lebih tinggi, mereka akan kurangkan bekalan untuk membendung kerugian. Harga siling menyumbang kepada pengurangan bekalan.","Kuala Lumpur, Malaysia"
2022-11-12 08:22:18+00:00,1591345630445993986,Amisaha8,"KDNK naik, tapi kos sara hidup makin tinggi. Harga barang semua naik, makanan ruji pun mencanak tinggi. Siapa yg benefit from all this kdnk naik? Serious tak  faham.",Kuala Lumpur
2022-11-09 15:34:17+00:00,1590367177152290816,gaddafimusli,@AbdulRahimWahab @AmirudinShari @NajibRazak Mungkin tuan boleh berckp begini kerana tidak terkesan dgn kenaikan hrga makanan. Yes usaha kerajaan kawal hrga pasaran perlu berterusan tp so far ada nmpk kesannya? Kita jgn lah berteori semata2 sambil B40 menderita harga makanan naik. Turun padang bantu org miskin,"Selangor, Malaysia"
2022-11-02 14:22:25+00:00,1587812379047628802,Angkut_,@isusemasaviral Ini Malaysia.... Naik je bahan mntah naik makanan...turun barang mentah.. semua buta..pekak...aaa naik sekali lagi naik harga baru plk dri yg dah naik sebelum ni... The Malaysian way,langit nan biru.
2022-10-15 13:16:45+00:00,1581272871841984513,Azmi_Zahari_,"Dengan Beban kerja yg makin bertambah,keadaan Gaji yg X berapa memberangsangkn &amp; harga brgn yg semakin naik,
ada yg planning cari sideincome ?bermodalkan sekecil rm360(produk makanan-Coklat Viral)!😍🎉

#Thesaudagaar 
#Jualcoklatje 
#Agentwanted #modalkeciluntungbesar  #Dropship",Kuala Lumpur City
2022-10-13 11:56:46+00:00,1580527963858440193,nadzmi_nami,"@jules12anne Yup betul tu. Tp tengok pada gaya skrg susah nak jumpa kedai yg tak naik harga makanan. Tapi bukan salah dorg juga sebab skrg inflation pun makin tinggi. And yes i agree, this issue never ending cycle😂 just boycot kapitalis untung besar tp tkda empathy kpd pekerja","Gombak, Selangor"
2022-10-13 11:48:17+00:00,1580525830962577416,nadzmi_nami,"@jules12anne Cuma berkaitan kenaikkan harga makanan tu, saya tak rasa it beat the purpose of min wage. Sebab skrg min wage rm1500 tapi harga makanan dan bahan mentah naik. Kalau min wage naik and harga makanan naik, it balance lah kan? Kalau harga makanan naik tp min wage tak naik, naya😂","Gombak, Selangor"
2022-07-24 10:21:03+00:00,1551150461268676608,shah_shnetwork,"Rancangan Makanan Tambahan (RMT) tu patut naik sket harga per pax bukan bagi makan mee kosong + air kotak susu coklet

😌😌😌","Selangor, Malaysia"
2022-06-21 14:35:12+00:00,1539255619785736200,_riixal,@muz_azzam @MalaysiaGazette Naik lagi la jawab nya harga makanan kedai makan…harga ayam naik pun da terasa inikan pulak myk masak!,W.P Kuala Lumpur
2022-06-21 12:10:01+00:00,1539219084872626176,noraakira,Stress tengok berita minyak masak nak naik ayam pun nak naik lg..alasan subsidi tu nak bagi bantuan kepada yang tersasar..abis tu yng orang lain x perlu bantuan ke..harga makanan dah naik pasni takut naik lagi..geram plak kiter..,Malaysia
2022-06-20 05:06:57+00:00,1538750228894867461,noraakira,Harga lauk semua naik 1 ringgit..yes paham la ni semua harga barang naik..tp nanti kerajaan turun harga x pernah plak harga makanan turun..,Malaysia
2022-06-19 15:12:01+00:00,1538540111243390977,NasMedium,Bukan student tapi kat tempat kerja pun makanan kafe dah naik harga. Argh aku dah lah baru nak hidup. Minggu ni kena puasa.,Ampang
2022-06-19 04:17:18+00:00,1538375346277744641,laylathefirst,Memang mahal. Hari tu ingatkan makanan kat shah alam ni yang mahal rupanya semua tempat dah naik harga. Sekarang keluar dating pun bawa bekal je masak siap siap kat rumah. Boleh la saving sikit. Keluar duit makan malam je.,
2022-06-10 14:37:59+00:00,1535270055940075520,nizamiks,"Speaking of Inflation…

Banyak betul barang naik harga.

Air Manis Tepi Jalan: RM3 ➡️ RM3.50
Kepak Ayam: RM2 ➡️RM2.50
Shawarma : RM5 ➡️ RM6

Ini just list makanan yang selalu saya beli la. Maybe lain dari korang. 

Eventually akan merebak juga ke industri lain.",Malaysia
2022-06-09 12:39:30+00:00,1534877847017271297,_riixal,"@becktdennis Skrg semua barang naik harga sis sbb tuh makanan pun naik harga tp bila brg turun harga, harga makanan tak plak turun haha",W.P Kuala Lumpur
2022-06-08 07:56:05+00:00,1534444136287260672,RameshRaoAKS,"Consumer price naik 73.5% , transport naik 108% dan makanan 92% disebabkan bahan bakar energy yg naik dan lira yg jatuh.

Di Singapura, harga makanan naik 4.2% setakat April dan dijangka akan terus naik bulan ni -- whole chicken naik 9.2%  telur naik 9.8% di Singapura!","Bandar Kuala Lumpur, Wilayah P"
2022-06-08 07:56:04+00:00,1534444132797558784,RameshRaoAKS,"🐷 🐷 #Pakatanharapan  cakap jangan buat #gst, tapi sepatutnya kawal harga barang. 🐷 🐖  punya sembang, komtar pun tumbang.

Banyak negara pun ada masalah krisis makanan, masalah harga barnang naik, even UK dan USA.","Bandar Kuala Lumpur, Wilayah P"
2022-05-27 07:36:08+00:00,1530090461301559302,lady_chantek,"Sebenarnya ayam adalah makanan yg masih mampu ramai org beli utk mkn di kedai atau di rumah.
Ikan lebih jauh mahal dari harga  ayam apatah lagi harga daging lembu &amp; kambing.Itu sbb ramai yg rasa tertekan bila ayam naik harga dan tiada bekalan tapi itu saja yg ramai mampu beli.","Kuala Lumpur, 📍 Malaysia 🇲🇾"
2022-05-25 16:27:50+00:00,1529499491014832128,lohkerchean,"Penubuhan JK Kabinet Jaminan Sekuriti Makanan sejak 8 Sep 2020 oleh @MuhyiddinYassin ,menteri @rkiandee tetap sama smpi hari ini.Apakah hasil jk kabinet ini sebenarnya?kini,harga ayam naik,bekalan kurang. Bukti menteri ambil gaji buta,JK kabinet gagal. @simtzetzin @MyDSA_official https://t.co/v4NPYR3Pmk","Petaling Jaya, Selangor"
2022-05-24 02:20:48+00:00,1528923940634054656,Thiban_ben,"Knife on the people's neck 😣

Krisis bekalan makanan 
Krisis harga barang naik - BN 
Harga minyak masak pun naik 
Harga makanan pula bakal naik 🥺 https://t.co/hXJaleB0Pm",Bestari Jaya (Batang Berjuntai
2022-05-22 04:47:09+00:00,1528235998080946176,Thiban_ben,"Walaupun sibuk berkempen utk pemilihan Parti, isu ekonomi negara sangat merisaukan. Sri Lanka jadi negara muflis kerana tadbir urus yang tidak cekap dan amanah. Malaysia tidak jauh dari Sri Lanka. Kini, nilai ringgit jatuh, krisis barang makanan, harga barang naik! Hidup Mail!!",Bestari Jaya (Batang Berjuntai
2022-04-05 12:30:17+00:00,1511320319138885633,shah_shnetwork,"Bukan harga makanan kat bazaar naik mendadak...

Duit kita yang semakin mengecil 🤣🤣","Selangor, Malaysia"
2022-04-05 03:31:21+00:00,1511184689674874883,hierrago96,"Ni tak cita lagi, barang bisnes, 

Telur A, dulu 11, sekarang 13
Creamer 25kg 190, sekarang 265

Pastu memang laa harga makanan dijual naik, peniaga pun tak leh tahan , tak dapat nak absorb dah kenaikan. End up user yang kena, kita pun user, soo terkena jugak tempias","Rawang, Selangor"
2022-04-04 09:26:21+00:00,1510911640618737666,mierularep,Betul la harga makanan kat bazar naik . Sebab barang mentah naik .terpaksa peniaga naik.  Mahal2 .roti john nak dekat 10 hinggit .dulu 5 hinggit je,
2022-04-04 04:27:30+00:00,1510836433350983680,ruzainiml,Harga makanan di pasar ramadan naik. Masak kat rumah pun harga barang mentah naik jugak. Sama je,
2022-03-20 02:19:01+00:00,1505368281523240961,MuadzMahfud,"Aku dapat rasakan yang harga makanan kat Bazar Ramadan nanti akan naik kaw².

Sebab rata² pemilik tapak naikkan harga sewaan tapak, 

dengan alasan nak cover balik jualan Bazar yang tak banyak sebab pandemik COVID-19.

Semoga bertabah, rakyat marhaen sekalian","Selangor, Malaysia"
2022-03-06 12:18:09+00:00,1500445627540336640,nikalifdanial_,adu asal semua makanan naik harga ni,fathia 🥨🍪
2022-02-11 04:04:40+00:00,1491986517635788802,NassrolFahmi,Harga makanan kucing TOTW 7kg naik dari RM140 ke RM155. Naik 11% wehh RM15. Sebulan dh la pakai 2 beg (14kg). Naik rm30 total 😓😓 kalau naik seringit dua boleh la hadam lagi.,Kuala Lumpur
2022-02-01 08:56:45+00:00,1488436146786824192,fathull_hussein,"Memandangkan kebanyakan makanan sudah naik harga maka kita akan lanjutkan dari ""5 seconds rule"" kepada ""20 seconds rule""",iN THe MiDDLe oF NoWHeRe
2023-03-30 17:45:00+00:00,1641496761675157504,relevan_com_my,"Kekurangan bahan asas jagung dalam pembuatan makanan haiwan ternakan telah memberi impak kepada kenaikan harga ayam dan daging pada ketika ini yang mana perkara itu dirasai seluruh dunia.

https://t.co/SU5nxEegRa",Petaling Jaya
2023-03-29 03:16:51+00:00,1640915896649793536,TVPertiwi_MY,"Kenaikan harga keperluan makanan terutamanya barangan mentah seolah-olah satu kelaziman apabila ia berlaku setiap kali menjelang bulan Ramadan dan perayaan Aidilfitri sehingga membebankan peniaga.
(1/3) https://t.co/ADPGl0xnfZ",Kuala Lumpur City
2023-03-29 00:00:00+00:00,1640866358903836672,EkonomiRakyatMY,"Tiga rangkaian pasaraya terbesar di Sweden berjanji akan memotong harga barangan makanan yang dijual bagi membantu mengurangkan beban kenaikan inflasi makanan di negara itu

Kadar inflasi makanan naik 22.1% tahun-ke-tahun bagi Februari 2023 di Sweden, tertinggi sejak 1950an https://t.co/qtjrro7L6n",Kuala Lumpur
2023-03-26 03:04:14+00:00,1639825561366433797,Jendulism__,"Makanan kami mahal sgt ke? Kami retort, beli packaging gred tinggi, plastic tebal x lobos. Itu value kami, dgn bahan2 dan resepi sikitpun x shortcut.

Tp org igt kenaikan harga dia sorang je yang rasa, peniaga yg beli bahan mcm kami ni x perlu naik harga?",KUL - KCH - MYY - BWN 🛩
2023-02-10 03:27:20+00:00,1623886307561979905,Senggiaw,"Kenaikan harga barang menjejaskan rakyat, terutama yang berpendapatan rendah. Kerajaan Malaysia melulus Perintah Gaji Minimum pada RM1,500 sebulan. Penguatkuasaan? 'Menu Rahmah' di tempat makanan yang tertentu diumumkan. Kawalan harga barang adalah penting. https://t.co/4GJNFwAX6H",
2023-02-09 02:58:30+00:00,1623516661700763649,suffikamari,"6. Menyerang jutawan Melayu dan syarikat Bumiputera.
7. Buat perjanjian persefahaman yang melanggar Perkara 49A Perlembagaan Persekutuan.
8. Sekat penceramah dan pendakwah.
9. Bubar Majlis Pemulihan Negara.
10. Kenaikan 50 peratus harga makanan di kantin sekolah.","Ulu Kelang, Selangor"
2022-12-24 01:38:10+00:00,1606464214604087296,hasyudeen,"Kenaikan kos makanan ayam menyebabkan kos pengeluar daging dan telor ayam naik. Jika mereka tidak boleh menjual dengan harga yang lebih tinggi, mereka akan kurangkan bekalan untuk membendung kerugian. Harga siling menyumbang kepada pengurangan bekalan.","Kuala Lumpur, Malaysia"
2022-12-24 00:17:56+00:00,1606444024487096324,mfjfazley,"Hampir 57% kenyataan media menteri ekonomi menyebut kenaikan harga makanan terkait dgn pengguna/rakyat 

Klausa 3, 4, 7, 8, 9, 11, 12, 13 &amp; 16",
2022-11-09 15:34:17+00:00,1590367177152290816,gaddafimusli,@AbdulRahimWahab @AmirudinShari @NajibRazak Mungkin tuan boleh berckp begini kerana tidak terkesan dgn kenaikan hrga makanan. Yes usaha kerajaan kawal hrga pasaran perlu berterusan tp so far ada nmpk kesannya? Kita jgn lah berteori semata2 sambil B40 menderita harga makanan naik. Turun padang bantu org miskin,"Selangor, Malaysia"
2022-08-03 14:44:34+00:00,1554840653657669632,shamsuliskandar,"Dewan Rakyat - 18 Julai 2022. Saya bertanyakan soalan tambahan kepada Timbalan Menteri KPDNHEP tentang isu ketiadaan koordinasi antara KPDNHEP dgn kementerian-kementerian lain bagi menangani isu kenaikan harga makanan seperti sayur-sayuran, ayam dan telur ayam. https://t.co/TABkSAyzIn",Putrajaya Federal Territory
2022-07-03 00:50:54+00:00,1543396833031950337,RameshRaoAKS,"Khas Untuk puak Hancing #PakatanHarapan @shamsuliskandar @fahmi_fadzil @KhalidSamad 
Di Canada, data yg dikeluarkan oleh Food Banks Canada bhwa 1 drpd 4 org di Canada (23%) makan less than they should disebabkan kenaikan harga makanan.","Bandar Kuala Lumpur, Wilayah P"
2022-06-22 09:16:19+00:00,1539537756929806337,manjayyyyy,"Harga makanan kedai aku tak sempat naik lagi dgn kenaikan harga ayam lepas raya hari tu, julai ni nak naik lagi….fuckkkkk this govvvvvvvv kau kawal la sial! Urghhhh ni la kaya makin kaya fuck!","Cheras, Malaysia"
2022-04-30 08:35:11+00:00,1520320849647222784,wireputus,"Contoh aku bg isu kenaikan harga ayam, daging dan lain2 bahan mentah yang 100% bergantung kepada pemberian makanan bersumber dedak. Isu ni bnyk kali politician dah sembang tapi mungkin sebab tamak after GE14",Shah alam
2022-04-05 03:31:21+00:00,1511184689674874883,hierrago96,"Ni tak cita lagi, barang bisnes, 

Telur A, dulu 11, sekarang 13
Creamer 25kg 190, sekarang 265

Pastu memang laa harga makanan dijual naik, peniaga pun tak leh tahan , tak dapat nak absorb dah kenaikan. End up user yang kena, kita pun user, soo terkena jugak tempias","Rawang, Selangor"
2022-03-23 03:11:00+00:00,1506468529595248645,tokmathamzah,"Di Dewan Negara menjawab soalan Datuk Haji Bashir bin Haji Alias minta @mafimalaysia menyatakan apakah mekanisme bagi mengatasi masalah rantaian bekalan makanan ke Labuan yang mengakibatkan kekurangan bekalan makanan dan kenaikan mendadak harga barangan.
https://t.co/SVQdTuvL3o",
