Datetime,ID,Username,Text,Location
2023-03-23 12:11:01+00:00,1638875999625682944,frzhyqlll,Makanan kt bazar banyak dah naik harga....maybe boleh buat bazar rahmah,
2023-03-09 12:09:47+00:00,1633802256884830209,HezeriSamsuri,"Bagus bela binatang ni. Cuma aku rasa makin lama makin mahal harga ubat makanan apa semua dia. Kalah manusia. Cuba kau try tanya berapa charge nak cabut gigi kucing. 

Cuba la, kawan aku kata. 

Aku diam je tapi mmg aku akui, harga semua naik.","Kuala Lumpur, Malaysia"
2023-02-25 02:57:47+00:00,1629314689741225984,miraaaibrahim,"Dating dengan husband 🥰 
Lama tak makan steak🫣🥰
Bila dinner semalam best pulak sebab tak ramai orang 😀
Last datang sini tahun lepas, tahun ni datang harga dah naik😅  
Tapi apa apa pun alhamdulillah syukur makanan sedap 🥰💙 https://t.co/43gdd1aJpC","Wangsa Maju, Kuala Lumpur"
2023-02-02 01:42:13+00:00,1620960748271980545,idgafzlnie,"harga barang turun, harga makanan kat kedai still camtu jugak, takde pun nak turun turun. bab naikkan harga laju je dgn alasan ""barang naik harga"" 😤",
2023-01-12 01:59:17+00:00,1613354901861699584,Sayyd51890925,"Dulu ayam yang jadi masalah. Tiba2 telor pula terpalik. Bila telor naik harga, semua makanan akan naik harga. Taraf hidup dah jadi macam Japan!
Elok kerajaan import supaya harga telor stabil. Bila harga naik dah tak akan turun lagi.",Kuala Lumpur
2022-12-24 01:38:10+00:00,1606464214604087296,hasyudeen,"Kenaikan kos makanan ayam menyebabkan kos pengeluar daging dan telor ayam naik. Jika mereka tidak boleh menjual dengan harga yang lebih tinggi, mereka akan kurangkan bekalan untuk membendung kerugian. Harga siling menyumbang kepada pengurangan bekalan.","Kuala Lumpur, Malaysia"
2022-10-13 11:56:46+00:00,1580527963858440193,nadzmi_nami,"@jules12anne Yup betul tu. Tp tengok pada gaya skrg susah nak jumpa kedai yg tak naik harga makanan. Tapi bukan salah dorg juga sebab skrg inflation pun makin tinggi. And yes i agree, this issue never ending cycle😂 just boycot kapitalis untung besar tp tkda empathy kpd pekerja","Gombak, Selangor"
2022-10-13 11:48:17+00:00,1580525830962577416,nadzmi_nami,"@jules12anne Cuma berkaitan kenaikkan harga makanan tu, saya tak rasa it beat the purpose of min wage. Sebab skrg min wage rm1500 tapi harga makanan dan bahan mentah naik. Kalau min wage naik and harga makanan naik, it balance lah kan? Kalau harga makanan naik tp min wage tak naik, naya😂","Gombak, Selangor"
2022-09-13 08:34:56+00:00,1569605536718671873,CitgulitaB,@yemmeow antara sedar dgn x....makanan kucing dh naik harga sejak hujung tahun lepas lgi....nk x nk kena jgk bli...moga rezeki kita sentiasa ada utk ank2 bulus ne...🐱🐱😁,"Kuala Lumpur City, Kuala Lumpu"
2022-07-06 21:28:41+00:00,1544795493775003648,Kelvin6792,@SyedAkramin @diyanahalimh Punca utama bermula dari 2tahun yang lalu baja dan bahan makanan haiwan naik harga setiap bulan sampai hari menyebabkan semua makanan naik harga,
2022-07-02 05:49:45+00:00,1543109651587530752,rahmat_amran,Bila barang makanan semua naik harga,"Kuala Lumpur, Malaysia"
2022-06-29 04:40:49+00:00,1542005143234699264,TukangSapuTS,"Makanan saya di Evoke IIUM seperti gambar dibawah cuma menunya:
Nasi Putih + Ayam Goreng + Sayur Kangkung + Belacan + Kuah = 7.50

Baru selesai makan. Sebelum harga barang naik, boleh dapat bawah rm6",
2022-06-24 13:32:51+00:00,1540327092205694977,shasha_jamal,"Sebenarnya bekalan makanan ni cukup jer,tapi jangan salahkan kerajaan..sebab yang menipu sekarang adalah pembekal dan pengedar yang tipu pelanggan kata stok tak ade jadi harga barang kena naik..dan banyaklah si bebal penyokong parti lain yang maki hamun kerajaan",Selangor
2022-06-23 07:46:23+00:00,1539877514918887424,juani_affendi,Mentang2 harga makanan naik n gomen bangang tak boleh kawal inflasi. takut rakyat mengamuk. Nak sebut nasi lemak 50 sen pun x leh dah.. Yall. Tak boleh buat kenang kenangan..,
2022-06-23 03:52:46+00:00,1539818721530630144,pipimontok,"Tak smpai bulan depan lagi, harga makanan especially ayam dh naik, bapak mahai aku kena naik rm2 berbanding harga selalu","Bandar Kuala Lumpur, Wilayah P"
2022-06-22 18:47:48+00:00,1539681576597868544,a_iman09,Terasa teruk harga makanan makin Naik weyh😮‍💨,"Selangor, Malaysia"
2022-06-22 09:16:19+00:00,1539537756929806337,manjayyyyy,"Harga makanan kedai aku tak sempat naik lagi dgn kenaikan harga ayam lepas raya hari tu, julai ni nak naik lagi….fuckkkkk this govvvvvvvv kau kawal la sial! Urghhhh ni la kaya makin kaya fuck!","Cheras, Malaysia"
2022-06-10 14:37:59+00:00,1535270055940075520,nizamiks,"Speaking of Inflation…

Banyak betul barang naik harga.

Air Manis Tepi Jalan: RM3 ➡️ RM3.50
Kepak Ayam: RM2 ➡️RM2.50
Shawarma : RM5 ➡️ RM6

Ini just list makanan yang selalu saya beli la. Maybe lain dari korang. 

Eventually akan merebak juga ke industri lain.",Malaysia
2022-05-25 16:27:50+00:00,1529499491014832128,lohkerchean,"Penubuhan JK Kabinet Jaminan Sekuriti Makanan sejak 8 Sep 2020 oleh @MuhyiddinYassin ,menteri @rkiandee tetap sama smpi hari ini.Apakah hasil jk kabinet ini sebenarnya?kini,harga ayam naik,bekalan kurang. Bukti menteri ambil gaji buta,JK kabinet gagal. @simtzetzin @MyDSA_official https://t.co/v4NPYR3Pmk","Petaling Jaya, Selangor"
2022-05-22 04:47:09+00:00,1528235998080946176,Thiban_ben,"Walaupun sibuk berkempen utk pemilihan Parti, isu ekonomi negara sangat merisaukan. Sri Lanka jadi negara muflis kerana tadbir urus yang tidak cekap dan amanah. Malaysia tidak jauh dari Sri Lanka. Kini, nilai ringgit jatuh, krisis barang makanan, harga barang naik! Hidup Mail!!",Bestari Jaya (Batang Berjuntai
2022-05-15 01:15:16+00:00,1525645959187005440,ZainalAzmanNS,"Ringgit jatuh, harga makanan makin naik https://t.co/zaGwfNf8JR via @MNowNews",Malaysia
2022-04-05 03:31:21+00:00,1511184689674874883,hierrago96,"Ni tak cita lagi, barang bisnes, 

Telur A, dulu 11, sekarang 13
Creamer 25kg 190, sekarang 265

Pastu memang laa harga makanan dijual naik, peniaga pun tak leh tahan , tak dapat nak absorb dah kenaikan. End up user yang kena, kita pun user, soo terkena jugak tempias","Rawang, Selangor"
2022-03-06 12:18:09+00:00,1500445627540336640,nikalifdanial_,adu asal semua makanan naik harga ni,fathia 🥨🍪
2022-02-01 08:56:45+00:00,1488436146786824192,fathull_hussein,"Memandangkan kebanyakan makanan sudah naik harga maka kita akan lanjutkan dari ""5 seconds rule"" kepada ""20 seconds rule""",iN THe MiDDLe oF NoWHeRe
2023-02-10 03:27:20+00:00,1623886307561979905,Senggiaw,"Kenaikan harga barang menjejaskan rakyat, terutama yang berpendapatan rendah. Kerajaan Malaysia melulus Perintah Gaji Minimum pada RM1,500 sebulan. Penguatkuasaan? 'Menu Rahmah' di tempat makanan yang tertentu diumumkan. Kawalan harga barang adalah penting. https://t.co/4GJNFwAX6H",
2022-12-24 01:38:10+00:00,1606464214604087296,hasyudeen,"Kenaikan kos makanan ayam menyebabkan kos pengeluar daging dan telor ayam naik. Jika mereka tidak boleh menjual dengan harga yang lebih tinggi, mereka akan kurangkan bekalan untuk membendung kerugian. Harga siling menyumbang kepada pengurangan bekalan.","Kuala Lumpur, Malaysia"
2022-07-03 00:50:54+00:00,1543396833031950337,RameshRaoAKS,"Khas Untuk puak Hancing #PakatanHarapan @shamsuliskandar @fahmi_fadzil @KhalidSamad 
Di Canada, data yg dikeluarkan oleh Food Banks Canada bhwa 1 drpd 4 org di Canada (23%) makan less than they should disebabkan kenaikan harga makanan.","Bandar Kuala Lumpur, Wilayah P"
2022-06-22 09:16:19+00:00,1539537756929806337,manjayyyyy,"Harga makanan kedai aku tak sempat naik lagi dgn kenaikan harga ayam lepas raya hari tu, julai ni nak naik lagi….fuckkkkk this govvvvvvvv kau kawal la sial! Urghhhh ni la kaya makin kaya fuck!","Cheras, Malaysia"
2022-05-19 02:05:23+00:00,1527108122396856326,S4llyThecapri,Dgn kenaikan harga brg yg mencanak.. buat rakyat marhain yg gaji below 1k even less than that dpt apa jek weihhh… Aduhhh makin merapu laa… de dlu xsetel2 isu harga brg.. Masalahnya bla harga brg turun harga makanan xplak turun.. eg harga sebijik karipap,
2022-05-18 14:29:00+00:00,1526932873756160000,amirshafie76,"Jika ada yg merasakan kenaikan harga barang, ketiadaan sumber makanan, kemarau di beberapa negara adalah masalah iklim dan ekonomi, ketahuilah kita SILAP.

Berbaliklah kepada PEGANGAN ajaran ISLAM. 

Mungkin kita nampak tiada logik? Percayalah, dunia semakin TAMAT, bukan MULA.", Wangsa Maju
2022-04-05 03:31:21+00:00,1511184689674874883,hierrago96,"Ni tak cita lagi, barang bisnes, 

Telur A, dulu 11, sekarang 13
Creamer 25kg 190, sekarang 265

Pastu memang laa harga makanan dijual naik, peniaga pun tak leh tahan , tak dapat nak absorb dah kenaikan. End up user yang kena, kita pun user, soo terkena jugak tempias","Rawang, Selangor"
