Datetime,ID,Username,Text,Location
2023-03-29 09:26:07+00:00,1641008825401774082,alhaziqqqq,Memandangkan harga makanan kat bazaar dah naik kawkaw jadi kita makan kat kedai jelah lagi murah dan jimat 😮‍💨,Kuala Lumpur
2023-03-29 00:00:00+00:00,1640866358903836672,EkonomiRakyatMY,"Tiga rangkaian pasaraya terbesar di Sweden berjanji akan memotong harga barangan makanan yang dijual bagi membantu mengurangkan beban kenaikan inflasi makanan di negara itu

Kadar inflasi makanan naik 22.1% tahun-ke-tahun bagi Februari 2023 di Sweden, tertinggi sejak 1950an https://t.co/qtjrro7L6n",Kuala Lumpur
2023-03-28 02:00:01+00:00,1640534174129086464,StayForTheMemes,@Ahmad67070622 @fahmi_fadzil Harap Kerajaan Madani dah khatam buku Hasan Malek ni. Dapatlah ilham untuk tangani harga barangan asas n harga makanan kat bazar tu mencanak naik. Hehehe. https://t.co/TbYQCgms8O,"Dengkil, Selangor"
2023-03-26 03:04:14+00:00,1639825561366433797,Jendulism__,"Makanan kami mahal sgt ke? Kami retort, beli packaging gred tinggi, plastic tebal x lobos. Itu value kami, dgn bahan2 dan resepi sikitpun x shortcut.

Tp org igt kenaikan harga dia sorang je yang rasa, peniaga yg beli bahan mcm kami ni x perlu naik harga?",KUL - KCH - MYY - BWN 🛩
2023-03-02 05:08:41+00:00,1631159569152868353,AhmadTarmizy7,"@RajaPetra Bukan setakat harga sayur jer, harga ayam naik, harga telor naik, paling terok harga beras pun naik, hari tu kata bantu petani, pembekal beras xboleh monopoli, bagi rakyat mudah jer, harga makanan dan bahan keperluan harian utama, perlu murah, dan mampu dibeli dan membantu rakyat",
2023-02-25 02:57:47+00:00,1629314689741225984,miraaaibrahim,"Dating dengan husband 🥰 
Lama tak makan steak🫣🥰
Bila dinner semalam best pulak sebab tak ramai orang 😀
Last datang sini tahun lepas, tahun ni datang harga dah naik😅  
Tapi apa apa pun alhamdulillah syukur makanan sedap 🥰💙 https://t.co/43gdd1aJpC","Wangsa Maju, Kuala Lumpur"
2023-02-15 09:56:45+00:00,1625796245309755392,AmaleenaForever,Harga makanan kucing naik mendadak YB ...tuan puasa awal kalau mcm ni https://t.co/zITRgQHFKD,"Kuala Lumpur, Malaysia"
2023-02-14 04:09:29+00:00,1625346464972148736,AlepAdon,"Tempat jual makanan mahal kau orang marah-marahkan sampai viral, aku jual nasi lemak RM1.50 lagi ni hadap naik turun harga barang macam nak gila korang buat bodoh je eh. 

Timun naik 300%
Ikan bilis naik 35%
Telur naik 40%
Beras naik 15%

Portion dan kualiti masih sama.",
2023-02-02 01:42:13+00:00,1620960748271980545,idgafzlnie,"harga barang turun, harga makanan kat kedai still camtu jugak, takde pun nak turun turun. bab naikkan harga laju je dgn alasan ""barang naik harga"" 😤",
2023-01-29 00:56:54+00:00,1619499794371837953,AlepAdon,"Dear @KPDN_HQ , harga timun naik 100% ni sejak lepas raya cina, taknak check dan explain ke kenapa?

Sebelum raya cina RM22-30, lepas raya cina RM50-60 ni. Dah lah menteri persoal kenapa kami tak turun harga makanan siap suruh boikot.",
2023-01-12 01:59:17+00:00,1613354901861699584,Sayyd51890925,"Dulu ayam yang jadi masalah. Tiba2 telor pula terpalik. Bila telor naik harga, semua makanan akan naik harga. Taraf hidup dah jadi macam Japan!
Elok kerajaan import supaya harga telor stabil. Bila harga naik dah tak akan turun lagi.",Kuala Lumpur
2023-01-06 08:41:51+00:00,1611281883098394624,MrniYsf,Harga makanan semakin naik ? Nangis mcm ni . Harga americano pun naik . Kopi air je padahal 😖,around the world
2023-01-02 03:29:49+00:00,1609753804333010944,sherfiqashrdn,Actually semua makanan da naik harga 🥺 and da makin terasa mahal dia actually bcs duit aku makin cpt berkurang hahah,
2022-11-14 13:13:00+00:00,1592143562153816064,sirennextdoor,"Rasanya makanan SR dah lama dah jatuh teruk kualiti dia. Last time makan dalam 3-4 tahun lepas. Lepas tengok makanan dia prepack je semua, memang tak lah nak bayar harga yg dia caj tu. Kalau freshly made okay lagi. Kek pun dah makin kecil portion dia tapi harga tetap naik.",
2022-11-12 08:22:18+00:00,1591345630445993986,Amisaha8,"KDNK naik, tapi kos sara hidup makin tinggi. Harga barang semua naik, makanan ruji pun mencanak tinggi. Siapa yg benefit from all this kdnk naik? Serious tak  faham.",Kuala Lumpur
2022-10-22 04:55:54+00:00,1583683541422206979,GemukBear,Tak Moto GP La kalau harga makanan dekat area sini naik 200%,"Selangor, Malaysia"
2022-10-15 13:16:45+00:00,1581272871841984513,Azmi_Zahari_,"Dengan Beban kerja yg makin bertambah,keadaan Gaji yg X berapa memberangsangkn &amp; harga brgn yg semakin naik,
ada yg planning cari sideincome ?bermodalkan sekecil rm360(produk makanan-Coklat Viral)!😍🎉

#Thesaudagaar 
#Jualcoklatje 
#Agentwanted #modalkeciluntungbesar  #Dropship",Kuala Lumpur City
2022-10-13 11:56:46+00:00,1580527963858440193,nadzmi_nami,"@jules12anne Yup betul tu. Tp tengok pada gaya skrg susah nak jumpa kedai yg tak naik harga makanan. Tapi bukan salah dorg juga sebab skrg inflation pun makin tinggi. And yes i agree, this issue never ending cycle😂 just boycot kapitalis untung besar tp tkda empathy kpd pekerja","Gombak, Selangor"
2022-10-13 11:48:17+00:00,1580525830962577416,nadzmi_nami,"@jules12anne Cuma berkaitan kenaikkan harga makanan tu, saya tak rasa it beat the purpose of min wage. Sebab skrg min wage rm1500 tapi harga makanan dan bahan mentah naik. Kalau min wage naik and harga makanan naik, it balance lah kan? Kalau harga makanan naik tp min wage tak naik, naya😂","Gombak, Selangor"
2022-09-28 22:46:28+00:00,1575255649952600064,lordofkendal,"The US has increased its interest rates from 0.5% to 3.3%, that is nearly 7x increase. 

That is the main current pressure on the RM. 

Increase interest rates Malaysia? 

Bayar loan rumah naik tapi Bagus tu supaya developer turun harga rumah!  Import makanan murah. @zazulazman https://t.co/walVRhCKIo",Spaceship EARTH FrontierOfTIME
2022-09-18 05:35:15+00:00,1571372257582387201,ammar_atan93,"Harga ayam naik mendadak kerana kos makanan yg masih semuanya diimport dari luar. Kenapa kita tidak tanam dan hasilkan sendiri?

Justeru, pelan untuk kurangkan import &amp; memberdayakan sektor pertanian yg moden utk menjamin sekuriti makanan negara.

#Amanah #konvensyennasional2022 https://t.co/oTNewnXBsg",
2022-09-13 08:34:56+00:00,1569605536718671873,CitgulitaB,@yemmeow antara sedar dgn x....makanan kucing dh naik harga sejak hujung tahun lepas lgi....nk x nk kena jgk bli...moga rezeki kita sentiasa ada utk ank2 bulus ne...🐱🐱😁,"Kuala Lumpur City, Kuala Lumpu"
2022-09-13 07:34:08+00:00,1569590238040965121,addeenzsr,Makanan dekat tempat kerja naik harga eh.,
2022-08-20 07:19:57+00:00,1560889357891821568,fatahisa97,@a_nuarr Tuu laa. Mmg dok turun pah mapuh dohh rul harga makanan kalu dang naik gokk🤣🤣,
2022-08-05 15:49:06+00:00,1555581671399108610,MengoYee,"Harga barang di kedai runcit Dan pasar semakin naik. Susah nak hidup, mencari makanan utk keluarga. 
RM semakin lemah berbanding negara lain. 

Ini bukan musim utk bermain politik Mahathir yng saja ingin memisahkan Rakyat jelata... utk agenda politik peribadi.",
2022-08-01 07:39:58+00:00,1554009025142202368,faqihsyakiran,Setuju . Harga makanan kalau dah naik mana pernah turun. Boikot Tak yah beli nanti lama lama pandai la turun  😂,"Wilayah Persekutuan Putrajaya,"
2022-07-27 09:42:50+00:00,1552228005472530432,Anip_Micro27,"Ni dulu kira makanan champion la. Fly dari CFS masuk KK 12 UM sebab nak makan ciken chop + cheezy wedges + garlic bread Rm5. Tak sangka dah tinggal cfs 5-6 tahun tapi still harga naik singgit ja.

cc: @atifnasirr @irfanmokhtar_ https://t.co/GcAdMEfHF4",PNG | KL
2022-07-24 10:21:03+00:00,1551150461268676608,shah_shnetwork,"Rancangan Makanan Tambahan (RMT) tu patut naik sket harga per pax bukan bagi makan mee kosong + air kotak susu coklet

😌😌😌","Selangor, Malaysia"
2022-06-19 15:12:01+00:00,1538540111243390977,NasMedium,Bukan student tapi kat tempat kerja pun makanan kafe dah naik harga. Argh aku dah lah baru nak hidup. Minggu ni kena puasa.,Ampang
2022-06-19 04:17:18+00:00,1538375346277744641,laylathefirst,Memang mahal. Hari tu ingatkan makanan kat shah alam ni yang mahal rupanya semua tempat dah naik harga. Sekarang keluar dating pun bawa bekal je masak siap siap kat rumah. Boleh la saving sikit. Keluar duit makan malam je.,
2022-06-11 12:08:47+00:00,1535594894705627136,faqihsyakiran,Konteks dah betul tapi contoh tidak sesuai dengan tajuk seolah olah harga makanan naik RM1 je bodoh eik .  😭,"Wilayah Persekutuan Putrajaya,"
2022-06-10 14:37:59+00:00,1535270055940075520,nizamiks,"Speaking of Inflation…

Banyak betul barang naik harga.

Air Manis Tepi Jalan: RM3 ➡️ RM3.50
Kepak Ayam: RM2 ➡️RM2.50
Shawarma : RM5 ➡️ RM6

Ini just list makanan yang selalu saya beli la. Maybe lain dari korang. 

Eventually akan merebak juga ke industri lain.",Malaysia
2022-06-09 12:39:30+00:00,1534877847017271297,_riixal,"@becktdennis Skrg semua barang naik harga sis sbb tuh makanan pun naik harga tp bila brg turun harga, harga makanan tak plak turun haha",W.P Kuala Lumpur
2022-06-08 07:56:05+00:00,1534444136287260672,RameshRaoAKS,"Consumer price naik 73.5% , transport naik 108% dan makanan 92% disebabkan bahan bakar energy yg naik dan lira yg jatuh.

Di Singapura, harga makanan naik 4.2% setakat April dan dijangka akan terus naik bulan ni -- whole chicken naik 9.2%  telur naik 9.8% di Singapura!","Bandar Kuala Lumpur, Wilayah P"
2022-06-08 07:56:04+00:00,1534444132797558784,RameshRaoAKS,"🐷 🐷 #Pakatanharapan  cakap jangan buat #gst, tapi sepatutnya kawal harga barang. 🐷 🐖  punya sembang, komtar pun tumbang.

Banyak negara pun ada masalah krisis makanan, masalah harga barnang naik, even UK dan USA.","Bandar Kuala Lumpur, Wilayah P"
2022-06-04 03:13:54+00:00,1532923570820591618,kito4036,"Masalah dengan bekalan ayam, rakyat yang susah. Harga ayam naik, automatik makanan yg berlaukkan ayam jadi mahal. Sampai bila mcm ni @kpdnhep ? @mafimalaysia @IsmailSabri60",
2022-05-27 07:36:08+00:00,1530090461301559302,lady_chantek,"Sebenarnya ayam adalah makanan yg masih mampu ramai org beli utk mkn di kedai atau di rumah.
Ikan lebih jauh mahal dari harga  ayam apatah lagi harga daging lembu &amp; kambing.Itu sbb ramai yg rasa tertekan bila ayam naik harga dan tiada bekalan tapi itu saja yg ramai mampu beli.","Kuala Lumpur, 📍 Malaysia 🇲🇾"
2022-05-23 08:28:59+00:00,1528654211852156929,ypchristinemay,"2.Harga makanan dan minyak naik mendadak dan kadar inflasi Sri Lanka sekarang pada 30%. (Malaysia pada 2.2%)
Harga sekilo beras di Sri Lanka – RM2.62, Malaysia – RM1.79

2/9",Kuala Lumpur City
2022-05-22 06:59:09+00:00,1528269214293032960,anraihan28,"Tugas nya asik dok promote bahasa melayu je..  Harga barang naik, kuantiti makanan berkurang, investor lari pi negara lain,  dia x kisah eh.  
Cringe siot ""lingua franca""
Ayuh martabatkan bahasa meleis. 

#baikpunya",Penang-KL-Nilai-Pajam
2022-05-22 04:47:09+00:00,1528235998080946176,Thiban_ben,"Walaupun sibuk berkempen utk pemilihan Parti, isu ekonomi negara sangat merisaukan. Sri Lanka jadi negara muflis kerana tadbir urus yang tidak cekap dan amanah. Malaysia tidak jauh dari Sri Lanka. Kini, nilai ringgit jatuh, krisis barang makanan, harga barang naik! Hidup Mail!!",Bestari Jaya (Batang Berjuntai
2022-05-15 01:15:16+00:00,1525645959187005440,ZainalAzmanNS,"Ringgit jatuh, harga makanan makin naik https://t.co/zaGwfNf8JR via @MNowNews",Malaysia
2022-04-07 03:06:31+00:00,1511903216409407488,AfilSyazwan,"Mak aku ada cakap, mungkin tak lama lagi dia nan berhenti berniaga kat warung belakang rumah kat kampung. Aku tanya sebab apa. Dia cakap, sebab barang harga naik banyak sangat. Nak naikkan harga, dia cakap kesian pulak orang kampung nak beli makanan.","Shah Alam, Malaysia"
2022-04-06 17:17:58+00:00,1511755105493606403,naimistootired,makanan kat bazaar semua naik harga ke apa?,"Selangor, Malaysia"
2022-04-05 12:30:17+00:00,1511320319138885633,shah_shnetwork,"Bukan harga makanan kat bazaar naik mendadak...

Duit kita yang semakin mengecil 🤣🤣","Selangor, Malaysia"
2022-04-05 03:31:21+00:00,1511184689674874883,hierrago96,"Ni tak cita lagi, barang bisnes, 

Telur A, dulu 11, sekarang 13
Creamer 25kg 190, sekarang 265

Pastu memang laa harga makanan dijual naik, peniaga pun tak leh tahan , tak dapat nak absorb dah kenaikan. End up user yang kena, kita pun user, soo terkena jugak tempias","Rawang, Selangor"
2022-04-04 09:26:21+00:00,1510911640618737666,mierularep,Betul la harga makanan kat bazar naik . Sebab barang mentah naik .terpaksa peniaga naik.  Mahal2 .roti john nak dekat 10 hinggit .dulu 5 hinggit je,
2022-04-04 04:27:30+00:00,1510836433350983680,ruzainiml,Harga makanan di pasar ramadan naik. Masak kat rumah pun harga barang mentah naik jugak. Sama je,
2022-03-22 03:20:08+00:00,1506108439097126916,watermelonlyche,"11) Umbut by The Kelapa

Ini nak kena naik atas bukit tau tempat makan dia. Harga dia separa marhaen tempat dia memang menenangkan TAPI service fees dia 10% tau diingatkan. Tapi sedap ya makanan dia 😫😫 soo takpe sangat berbaloi https://t.co/kGP1RFWGkn","Negri Sembilan, Malaysia"
2022-03-05 10:02:02+00:00,1500048987914522625,redha_zahid,"Russia and belarus supply 2/3 quantity of element penting baja kat dunia ni. (MOP)

Bila short supply, harga barang akan naik, productivity pertanian rendah, harga barang mentah naik.

Russia and ukraine pun pengeluar gandum terbesar. Krisis makanan akan berlaku.",
2022-02-08 00:00:25+00:00,1490837888451637248,faqihsyakiran,So gaji naik RM1500 hujung tahun . Klau ikut basic calculator pon harga makanan pon akan naik . Jadi apa beza 👀,"Wilayah Persekutuan Putrajaya,"
2023-03-30 17:45:00+00:00,1641496761675157504,relevan_com_my,"Kekurangan bahan asas jagung dalam pembuatan makanan haiwan ternakan telah memberi impak kepada kenaikan harga ayam dan daging pada ketika ini yang mana perkara itu dirasai seluruh dunia.

https://t.co/SU5nxEegRa",Petaling Jaya
2023-03-29 03:16:51+00:00,1640915896649793536,TVPertiwi_MY,"Kenaikan harga keperluan makanan terutamanya barangan mentah seolah-olah satu kelaziman apabila ia berlaku setiap kali menjelang bulan Ramadan dan perayaan Aidilfitri sehingga membebankan peniaga.
(1/3) https://t.co/ADPGl0xnfZ",Kuala Lumpur City
2023-03-29 00:00:00+00:00,1640866358903836672,EkonomiRakyatMY,"Tiga rangkaian pasaraya terbesar di Sweden berjanji akan memotong harga barangan makanan yang dijual bagi membantu mengurangkan beban kenaikan inflasi makanan di negara itu

Kadar inflasi makanan naik 22.1% tahun-ke-tahun bagi Februari 2023 di Sweden, tertinggi sejak 1950an https://t.co/qtjrro7L6n",Kuala Lumpur
2023-03-26 03:04:14+00:00,1639825561366433797,Jendulism__,"Makanan kami mahal sgt ke? Kami retort, beli packaging gred tinggi, plastic tebal x lobos. Itu value kami, dgn bahan2 dan resepi sikitpun x shortcut.

Tp org igt kenaikan harga dia sorang je yang rasa, peniaga yg beli bahan mcm kami ni x perlu naik harga?",KUL - KCH - MYY - BWN 🛩
2023-02-09 02:58:30+00:00,1623516661700763649,suffikamari,"6. Menyerang jutawan Melayu dan syarikat Bumiputera.
7. Buat perjanjian persefahaman yang melanggar Perkara 49A Perlembagaan Persekutuan.
8. Sekat penceramah dan pendakwah.
9. Bubar Majlis Pemulihan Negara.
10. Kenaikan 50 peratus harga makanan di kantin sekolah.","Ulu Kelang, Selangor"
2023-01-20 13:14:00+00:00,1616423800920498179,Thiban_ben,Thank you YBM @FadhlinaSiddiq 🫰Sempat saya bincangkan tentang pemerkasaan sekolah di kawasan luar bandar &amp; ladang. Isu berbangkit tentang SJKT &amp; kenaikan harga makanan di kantin juga turut dibincangkan. YBM komited untuk selesaikan &amp; berjanji akan turun ke Kuala Selangor! Soon! https://t.co/pTy4nRvn7W,Bestari Jaya (Batang Berjuntai
2023-01-19 06:16:02+00:00,1615956227200258053,RozmalMalakan,"Jemaah yang bakal menunaikan haji pada tahun ini perlu menyediakan wang tambahan ekoran peningkatan kos perbelanjaan. Pakej swasta perlu menyediakan wang tambahan sekurang-kurangnya RM20,000. Kenaikan harga makanan sekitar RM20 bagi setiap menu kesan VAT

https://t.co/kYcE6aSsjw","Seremban, Negeri Sembilan"
2022-12-24 00:17:56+00:00,1606444024487096324,mfjfazley,"Hampir 57% kenyataan media menteri ekonomi menyebut kenaikan harga makanan terkait dgn pengguna/rakyat 

Klausa 3, 4, 7, 8, 9, 11, 12, 13 &amp; 16",
2022-11-09 15:34:17+00:00,1590367177152290816,gaddafimusli,@AbdulRahimWahab @AmirudinShari @NajibRazak Mungkin tuan boleh berckp begini kerana tidak terkesan dgn kenaikan hrga makanan. Yes usaha kerajaan kawal hrga pasaran perlu berterusan tp so far ada nmpk kesannya? Kita jgn lah berteori semata2 sambil B40 menderita harga makanan naik. Turun padang bantu org miskin,"Selangor, Malaysia"
2022-08-03 14:44:34+00:00,1554840653657669632,shamsuliskandar,"Dewan Rakyat - 18 Julai 2022. Saya bertanyakan soalan tambahan kepada Timbalan Menteri KPDNHEP tentang isu ketiadaan koordinasi antara KPDNHEP dgn kementerian-kementerian lain bagi menangani isu kenaikan harga makanan seperti sayur-sayuran, ayam dan telur ayam. https://t.co/TABkSAyzIn",Putrajaya Federal Territory
2022-07-23 06:53:03+00:00,1550735728694333441,Media_Selangor,"120 keluarga dapat bakul makanan, ringan beban kenaikan harga barang https://t.co/Jum5FamiFa https://t.co/FQymFrLRf4",Shah Alam
2022-07-16 22:38:54+00:00,1548437045072510976,ak47suk1,"Keputusannya tetap sama. Apa yang PKR boleh buat? Nurul Izzah sebagai salah seorang ketua ke kempen. Bawa isu rakyat; Kenaikan harga barang, lestari dan jaminan makanan, pemilikan rumah, gaji manusiawi, peluang pekerjaan, ekonomi gig, IR4.0 IR5.0,",Cyberjaya
2022-06-22 09:16:19+00:00,1539537756929806337,manjayyyyy,"Harga makanan kedai aku tak sempat naik lagi dgn kenaikan harga ayam lepas raya hari tu, julai ni nak naik lagi….fuckkkkk this govvvvvvvv kau kawal la sial! Urghhhh ni la kaya makin kaya fuck!","Cheras, Malaysia"
2022-06-16 11:06:08+00:00,1537391067397771264,myDOA_HQ,"NAFAS, Angkasa berupaya bantu kerajaan tangani kenaikan harga ayam, bekalan makanan - PM

Artikel penuh : https://t.co/cMNr5YgFoO

#myDOA #MAHA2022 #SekuritiMakanan https://t.co/SoLiqnxyfv",Putrajaya Federal Territory
2022-06-14 21:33:50+00:00,1536824256591708160,AbdullahMY74,"NAFAS mengambil langkah yg baik membincangkan utk menjamin sekuriti makanan di negara kita terkawal.

Semoga NAFAS dapat membantu kerajaan menangani masalah kenaikan harga ayam dan bekalan makanan negara.

#sukarelawanDSIS",Kuala Lumpur
2022-06-14 21:31:14+00:00,1536823603114561536,AbdullahMY74,"@IsmailSabri60 NAFAS mengambil langkah yg baik membincangkan utk menjamin sekuriti makanan di negara kita terkawal.

Semoga NAFAS dapat membantu kerajaan menangani masalah kenaikan harga ayam dan bekalan makanan negara.

#sukarelawanDSIS",Kuala Lumpur
2022-06-14 21:31:07+00:00,1536823572626214912,AbdullahMY74,"@IsmailSabri60 NAFAS mengambil langkah yg baik membincangkan utk menjamin sekuriti makanan di negara kita terkawal.

Semoga NAFAS dapat membantu kerajaan menangani masalah kenaikan harga ayam dan bekalan makanan negara.

#sukarelawanDSIS",Kuala Lumpur
2022-06-14 21:30:40+00:00,1536823458914390016,AbdullahMY74,"@IsmailSabri60 NAFAS mengambil langkah yg baik membincangkan utk menjamin sekuriti makanan di negara kita terkawal.

Semoga NAFAS dapat membantu kerajaan menangani masalah kenaikan harga ayam dan bekalan makanan negara.

#sukarelawanDSIS",Kuala Lumpur
2022-06-11 12:06:28+00:00,1535594310007021568,faqihsyakiran,Apa significant nak cerita kenaikan harga makanan dgn harga nasi lemak dulu Rm1 now Rm2 ? Nak maki tapi dah rakam enjoy jelah eik https://t.co/ADwrs7Btpn,"Wilayah Persekutuan Putrajaya,"
2022-06-06 08:06:54+00:00,1533722082886004741,byanmathers,Kenaikan harga makanan dekat pasar uniten paling obvious aku perasan adalah murtabak edy. Wei awal masuk kerja 7-8 tahun lepas rm6 sekarang dah rm11 hahaha almost double meanwhile gaji aku belum double lagi dari awal kerja dulu 🙃,Malaysia
2022-05-27 08:25:19+00:00,1530102840244719616,Daliakudo,Kita pon terasa harga kenaikan barang makanan. Apatah lagi pakcik2 bangla. 😢,"Putrajaya, Malaysia"
2022-05-19 02:05:23+00:00,1527108122396856326,S4llyThecapri,Dgn kenaikan harga brg yg mencanak.. buat rakyat marhain yg gaji below 1k even less than that dpt apa jek weihhh… Aduhhh makin merapu laa… de dlu xsetel2 isu harga brg.. Masalahnya bla harga brg turun harga makanan xplak turun.. eg harga sebijik karipap,
2022-05-18 14:29:00+00:00,1526932873756160000,amirshafie76,"Jika ada yg merasakan kenaikan harga barang, ketiadaan sumber makanan, kemarau di beberapa negara adalah masalah iklim dan ekonomi, ketahuilah kita SILAP.

Berbaliklah kepada PEGANGAN ajaran ISLAM. 

Mungkin kita nampak tiada logik? Percayalah, dunia semakin TAMAT, bukan MULA.", Wangsa Maju
2022-04-30 08:35:11+00:00,1520320849647222784,wireputus,"Contoh aku bg isu kenaikan harga ayam, daging dan lain2 bahan mentah yang 100% bergantung kepada pemberian makanan bersumber dedak. Isu ni bnyk kali politician dah sembang tapi mungkin sebab tamak after GE14",Shah alam
2022-04-13 14:29:08+00:00,1514249328868556815,JaPen_Sepang,"TINJAUAN TERHADAP KENAIKAN HARGA MAKANAN DI BAZAR RAMADAN

Mohon jawab secara atas talian (online) melalui pautan berikut: 📲 https://t.co/jfkLHgXjJl .

Tempoh Kajian: 13 April hingga 16 April 2022 https://t.co/2tC5LvRPCf","Putrajaya, Wilayah Persekutuan"
2022-04-05 03:31:21+00:00,1511184689674874883,hierrago96,"Ni tak cita lagi, barang bisnes, 

Telur A, dulu 11, sekarang 13
Creamer 25kg 190, sekarang 265

Pastu memang laa harga makanan dijual naik, peniaga pun tak leh tahan , tak dapat nak absorb dah kenaikan. End up user yang kena, kita pun user, soo terkena jugak tempias","Rawang, Selangor"
2022-03-23 03:11:00+00:00,1506468529595248645,tokmathamzah,"Di Dewan Negara menjawab soalan Datuk Haji Bashir bin Haji Alias minta @mafimalaysia menyatakan apakah mekanisme bagi mengatasi masalah rantaian bekalan makanan ke Labuan yang mengakibatkan kekurangan bekalan makanan dan kenaikan mendadak harga barangan.
https://t.co/SVQdTuvL3o",
