Datetime,ID,Username,Text,Location
2023-01-23 03:49:37+00:00,1617368933623029760,lomo_tech,Kaedah jangan makan di kedai mahal ni sebenarnya dari dulu lagi betul. Zaman bn/pn pun. Cuma tu la. Dulu pembangkang kan. Ce minta cerakinan macam mana harga makanan tu tak patut kene turunkan. Adakah kos2 lain naik eg gaji.,-
2022-11-17 14:47:56+00:00,1593254618049310722,asrafkaizen,"@stoicrates @DrAmirul93 ""stabil. Lain tu tak penting""

Rakyat mati 36 ribu masa covid kerana kecuaian kerajaan jaga pandemik, buat PRN masa pandemik tapi x suruh kuarantin

Rakyat mati dalam banjir, dirempuh balak

Rakyat kebuluran, harga makanan semua naik

Semua tu tak penting. Sebab hidup KAU stabil","Cheng, Melaka"
2022-10-22 02:28:34+00:00,1583646463636430849,wearing3plemask,"Naikkan terus 200 mata asas. 
OPR naik yg terjejas yg berhutang saja. 

OPR rendah, ringgit rendah + import makanan tahun lepas Rm 55 bil = harga import jadi mahal = makanan mahal. Semua kena. 

Ringgit rendah, export naik, gaji tak naik juga. 
https://t.co/2IX4v2bcwE",
2022-04-06 06:49:49+00:00,1511597023111553029,dirikuboneka,Skang nasi tomato pon rm10 mat. Apa nak jadi ni. Gaji lom naik lagi rm1500 harga makanan melambung. Apa cite,"Muar, Johor"
