Datetime,ID,Username,Text,Location
2023-03-13 14:33:29+00:00,1635287972659748871,kamal_itaewon,@Eda_Zahidah Actually mmng banyak dah harga makanan Tranung ni naik.. mostly dah mcm selangor/KL.. cuma still ada lagi yg murah sikit jenis kedai kappung2 sikit or kedai kedai orang lama..,"Seoul, Republic of Korea"
2022-11-06 03:24:17+00:00,1589096302297894915,rajabahrinshah,"Banyak rintihan yang sebenarnya dihadapi oleh rakyat dalam diam.

Harga barang naik, harga kos servis naik, apatah lagi bahan asas makanan seperti telur juga kini naik dan susah didapati! https://t.co/sdf2ev89KG","Kuala Terengganu, Terengganu"
