Datetime,ID,Username,Text,Location
2022-07-16 22:38:54+00:00,1548437045072510976,ak47suk1,"Keputusannya tetap sama. Apa yang PKR boleh buat? Nurul Izzah sebagai salah seorang ketua ke kempen. Bawa isu rakyat; Kenaikan harga barang, lestari dan jaminan makanan, pemilikan rumah, gaji manusiawi, peluang pekerjaan, ekonomi gig, IR4.0 IR5.0,",Cyberjaya
2022-05-27 08:25:19+00:00,1530102840244719616,Daliakudo,Kita pon terasa harga kenaikan barang makanan. Apatah lagi pakcik2 bangla. 😢,"Putrajaya, Malaysia"
2023-03-28 02:00:01+00:00,1640534174129086464,StayForTheMemes,@Ahmad67070622 @fahmi_fadzil Harap Kerajaan Madani dah khatam buku Hasan Malek ni. Dapatlah ilham untuk tangani harga barangan asas n harga makanan kat bazar tu mencanak naik. Hehehe. https://t.co/TbYQCgms8O,"Dengkil, Selangor"
2023-03-27 09:37:51+00:00,1640287005295939584,AliAhme70978158,Actually it reminded me of Egypt selepas Husni Mubarak jatuh. Ikhwanul Muslimin naik. Semua org happy. Selepas 2-3 bulan demand macam2. Nak harga barang turun. Nak subsidi makanan. Sudahnya Kjaan Ikhwan tumbang. Tak sabar masing2,"Seremban, Negeri Sembilan"
2023-03-27 06:13:59+00:00,1640235701055946753,mediavariasi_,"Sebabkan harga barang naik, harga roti john pon naik. Bak kata netizen, roti john ada jenis². Kalau roti John Cena murah skit,kalau roti John Wick lak harga kerass. 🤣 
Tak tahu nak nangis ke nak gelak bila dgr harga makanan kat bazar zaman sekarang 😅

https://t.co/ZP461eKGeQ",Cyberjaya
2023-03-02 05:08:41+00:00,1631159569152868353,AhmadTarmizy7,"@RajaPetra Bukan setakat harga sayur jer, harga ayam naik, harga telor naik, paling terok harga beras pun naik, hari tu kata bantu petani, pembekal beras xboleh monopoli, bagi rakyat mudah jer, harga makanan dan bahan keperluan harian utama, perlu murah, dan mampu dibeli dan membantu rakyat",
2023-02-15 09:56:45+00:00,1625796245309755392,AmaleenaForever,Harga makanan kucing naik mendadak YB ...tuan puasa awal kalau mcm ni https://t.co/zITRgQHFKD,"Kuala Lumpur, Malaysia"
2023-02-14 04:09:29+00:00,1625346464972148736,AlepAdon,"Tempat jual makanan mahal kau orang marah-marahkan sampai viral, aku jual nasi lemak RM1.50 lagi ni hadap naik turun harga barang macam nak gila korang buat bodoh je eh. 

Timun naik 300%
Ikan bilis naik 35%
Telur naik 40%
Beras naik 15%

Portion dan kualiti masih sama.",
2023-01-29 00:56:54+00:00,1619499794371837953,AlepAdon,"Dear @KPDN_HQ , harga timun naik 100% ni sejak lepas raya cina, taknak check dan explain ke kenapa?

Sebelum raya cina RM22-30, lepas raya cina RM50-60 ni. Dah lah menteri persoal kenapa kami tak turun harga makanan siap suruh boikot.",
2022-11-02 14:22:25+00:00,1587812379047628802,Angkut_,@isusemasaviral Ini Malaysia.... Naik je bahan mntah naik makanan...turun barang mentah.. semua buta..pekak...aaa naik sekali lagi naik harga baru plk dri yg dah naik sebelum ni... The Malaysian way,langit nan biru.
2022-10-22 04:55:54+00:00,1583683541422206979,GemukBear,Tak Moto GP La kalau harga makanan dekat area sini naik 200%,"Selangor, Malaysia"
2022-09-13 07:34:08+00:00,1569590238040965121,addeenzsr,Makanan dekat tempat kerja naik harga eh.,
2022-08-01 07:39:58+00:00,1554009025142202368,faqihsyakiran,Setuju . Harga makanan kalau dah naik mana pernah turun. Boikot Tak yah beli nanti lama lama pandai la turun  😂,"Wilayah Persekutuan Putrajaya,"
