Datetime,ID,Username,Text,Location
2022-07-03 11:31:20+00:00,1543558002770292740,yusurisan,"Ingatkan brg makanan aja yang dok naik harga… barangan L’oréal Paris ni xmo dok kalah jugak heh ⬆️ 🆙 

Matilanak 😂🥲",AOR 🌾🇲🇾
2023-02-02 11:21:42+00:00,1621106581881638913,amar_amk9757,"Langkah untuk jangka panjang juga sedang diteliti oleh kerajaan bagi membolehkan jaminan bekalan makanan bagi memenuhi permintaan dan seterusnya membantu mengawal kenaikan harga barangan.

(3/4)","Perlis, Malaysia"
2022-04-25 09:21:22+00:00,1518520532094042112,amar_amk9757,"70% kos keseluruhan penternakan ayam adalah daripada kos dedak makanan. Sudah tentu apabila berlaku kenaikan kepada harga makanan ayam yang sebahagiannya besar diimport dari luar negara, harga ayam di pasaran akan mudah mengalami perubahan.","Perlis, Malaysia"
2022-04-25 09:21:21+00:00,1518520529921413120,amar_amk9757,"Seperti yang diakui oleh pihak berkuasa, kenaikan harga ayam di Malaysia adalah antaranya disebabkan oleh kenaikan harga dedak jagung dan soya sebanyak 13% dan 11% sejak Januari lalu yang merupakan makanan untuk ayam. https://t.co/wTbY1R2pNA","Perlis, Malaysia"
