Datetime,ID,Username,Text,Location
2022-07-01 13:47:19+00:00,1542867449560932353,shyrhmn,Minyak naik harga so automatik makanan akan naik harga jugak kan? Hahaha,Pulau Pinang
2022-03-26 09:22:54+00:00,1507649283004448772,AfindiNoor,"Harga barang semakin mahal
Harga makanan pun naik 3-4 kali lebih dari sebelum ni
#menteri semua buat menatang apa pun xtau
Kira dok pulun nak rembat duit kerajaan dengan duit rakyat ja...
Bagi gaji tinggi dengan siap elaun apa bagai, apa kerja yang menteri tu semua buat???",Kuala Lumpur Federal Territory
2022-03-19 13:24:21+00:00,1505173329304780809,mohd_famy,@Marchfoward Kawal harga barang baru fikir kenaikan gaji..ingat barang tak naik harga ke..domino effect...harga barang naik harga kedai makanan naik..fast food naik semua naik ...kawal dulu baru fikir kenaikan gaji minima,Penang
2022-03-19 13:24:21+00:00,1505173329304780809,mohd_famy,@Marchfoward Kawal harga barang baru fikir kenaikan gaji..ingat barang tak naik harga ke..domino effect...harga barang naik harga kedai makanan naik..fast food naik semua naik ...kawal dulu baru fikir kenaikan gaji minima,Penang
2022-07-01 13:47:19+00:00,1542867449560932353,shyrhmn,Minyak naik harga so automatik makanan akan naik harga jugak kan? Hahaha,Pulau Pinang
2022-06-21 11:37:09+00:00,1539210812388446208,Are_nipt,Wohoo naik lagi harga makanan 👏👏,"Jitra,Kedah,Malaysia"
2022-03-26 09:22:54+00:00,1507649283004448772,AfindiNoor,"Harga barang semakin mahal
Harga makanan pun naik 3-4 kali lebih dari sebelum ni
#menteri semua buat menatang apa pun xtau
Kira dok pulun nak rembat duit kerajaan dengan duit rakyat ja...
Bagi gaji tinggi dengan siap elaun apa bagai, apa kerja yang menteri tu semua buat???",Kuala Lumpur Federal Territory
2022-03-19 13:24:21+00:00,1505173329304780809,mohd_famy,@Marchfoward Kawal harga barang baru fikir kenaikan gaji..ingat barang tak naik harga ke..domino effect...harga barang naik harga kedai makanan naik..fast food naik semua naik ...kawal dulu baru fikir kenaikan gaji minima,Penang
2022-03-19 13:24:21+00:00,1505173329304780809,mohd_famy,@Marchfoward Kawal harga barang baru fikir kenaikan gaji..ingat barang tak naik harga ke..domino effect...harga barang naik harga kedai makanan naik..fast food naik semua naik ...kawal dulu baru fikir kenaikan gaji minima,Penang
