Datetime,ID,Username,Text,Location
2022-07-01 16:03:01+00:00,1542901598808002560,farisramly,"Tiada seorang pun peniaga suka naikkan harga makanan. Owner bisnes mana yg nak rugi? Dilema peniaga F&amp;B ni kerisauan dia apabila harga makanan naik, pelanggan semestinya berkurang. In my case, dalam tempoh 2 bulan ni tak naik pun lagi tapi pelanggan dah takut nak keluar membeli.",
2022-04-19 08:17:26+00:00,1516330118100430849,nnyubellz,"As seller makanan kucing, aku setuju. Tahun ni almost semua brand naik harga. Tapi, harga modal dari supplier sendiri dah kasar buat masa ni. Kami yang menjual ni pun tersepit dan serbasalah nak jual dengan harga yang mahal.",
2022-03-20 01:54:21+00:00,1505362072867340288,wenkt,"@Ben153Yih @zua_al_azmi @MIsamuddinIsa Dan sy kesian kpd restoran2 yg style kampung. Bila staf kene naik gaji, harga makanan kene naik, pelanggan akan makin kurang.","Kajang, Selangor"
2022-12-25 09:30:07+00:00,1606945374778068992,akmalarif90,"Berita Harian

Rafizi tak kemuka penyelesaian isu kenaikan harga makanan - Ketua Penerangan PAS

6 minit yang lalu - https://t.co/25kiGtDyYY",Malaysia
