Datetime,ID,Username,Text,Location
2023-03-30 03:43:38+00:00,1641285024799686656,CJMalaysia,"Selangor state government has introduced a program that uses vending machines to provide food assistance and promote government initiatives to the B40 community

Read more: https://t.co/BAOuNttwES https://t.co/DeeZPomQOf",Kuala Lumpur
2023-03-29 07:31:07+00:00,1640979885358469121,bnionline1,"Over 1,000 Returning IDPs in Paletwa Struggle With Food Insecurity Due To Lack of Assistance

Over 1,000 internally displaced persons (IDPs) who have returned to their homes in Paletwa Township, Chin State, are currently experiencing food difficulties as they have not received https://t.co/TPPLXl4Aa3",Myanmar
2023-03-29 06:46:32+00:00,1640968665351991296,matrade,"...instant food products for domestic and global markets such as the People's Republic of China, Hong Kong, Macau, Singapore, Australia, USA, Canada and more.

Become a MATRADE member today to gain various assistance in expanding your export business.",Malaysia
2023-03-29 06:25:44+00:00,1640963434173825025,KhanAviator,"Floods in Sindh have left people in dire need of assistance, including food, health, sanitation, education, and livelihood restoration. @RESCUEorg is addressing these needs head-on. #IRCFloodResponse https://t.co/MF3765sMCg",Islamabad
2023-03-26 17:02:54+00:00,1640036616352976897,JeffreyCor,@POTUS And removing unemployment assistance from those who had been receiving it while funds remained and otherwise qualified ripped away food and many other things from individuals and families. Don't complain about someone else doing something similar to what you already did.,CA
2023-03-24 09:14:42+00:00,1639194015118790656,AaronAndrews27,"@fransglobal Every day he has side splitting terror is a day closer to justice. 

Still he will never know the fear of those on govt health benefits,
The parents w/ child food assistance, or those who rely on fuel assistance for heating.

All life saving programs he constantly threatened.","Taichung City, Taiwan"
2023-03-09 19:05:16+00:00,1633906819289497622,UNTalentJobs,"🇵🇭 Opening @WFP 
 🧰 #Programme 
 
PROGRAMME POLICY OFFICER (AGRICULTURAL DEVELOPMENT AND FOOD ASSISTANCE FOR ASSETS) 
 
 🗓 Exp. in 2 days 
 #unjobs #untalent #hiring 
https://t.co/qifBwOPEw2","New York, USA"
2023-03-09 09:46:35+00:00,1633766220452491266,RohingyaResp,"🍲In the aftermath of the large fire that hit the world's largest refugee camp on Sunday, @WFP and food security partners are committed ensuring access to life saving food assistance.

🍞Their focus is to ensure no one goes to bed on empty stomach.

#Rohingya #refugees https://t.co/FpJqsGcqKt","Cox's Bazar, Bangladesh"
2023-03-06 04:18:03+00:00,1632596377414029317,ShomimMd,"The #Rohingya people in Refugee camp are facing not only fire incidents but also different kinds of #horrendous situations such as human trafficking, attacking by unknown arm groups and lack of food assistance in everyday life.

#WhatsHappeningInRefugeeCamp
#UrgentRepartriation https://t.co/UX56lVXWZI","Cox's Bazar, Bangladesh"
2023-03-05 11:18:00+00:00,1632339675808669696,ShomimMd,"Another fire incident in #RohingyaRefugee camp!

Nearly 1000  Rohingya refugee tents were burnt down in a devastating fire at around 2:40pm on Sunday ( 5 Mar 2023) in Bhalikhali -2 , Camp-11.

⚠️Need urgent support and food assistance for the victim! https://t.co/W1HDV06sm9","Cox's Bazar, Bangladesh"
2023-03-01 10:07:06+00:00,1630872279251861505,Media_Selangor,Selangor Journal | KPDN to send food bank assistance to flood-affected areas — Minister https://t.co/09zMclclMc https://t.co/1bWUrzYvSi,Shah Alam
2023-02-22 18:20:56+00:00,1628459841839837184,ShomimMd,"The reduction of the food assistance for the #Rohingya is likely to lead to a host of new challenges, including extortion,prostitution,human trafficking,drug trafficking, and radicalization. So,we urge the #WFP and other humanitarian organizations not to cut rations for Rohingya. https://t.co/OcJ7bsnLKi","Cox's Bazar, Bangladesh"
2023-02-18 07:31:28+00:00,1626846845812224002,SahatZia_Hero,"“The repercussions of these cuts will be immediate and long lasting, as refugees remain almost entirely dependent on this assistance for their nutritional needs,” said UN officials Tom Andrews and Michael Fakhri in a statement.

#Rohingya #Refugees #Food https://t.co/RhVoeNnXib","Bangladesh, from 🇲🇲"
2023-02-18 07:00:11+00:00,1626838973657280512,SahatZia_Hero,"WFP said it would reduce the value of its food assistance to $10 per person from $12 starting next month. Donor budgets have been stretched by the pandemic, economic downturn and crises across the globe.

#Rohingya #Refugee #Food #RohingyaCrisis 
 https://t.co/Y0xqDOMEKM","Bangladesh, from 🇲🇲"
2023-02-17 13:04:55+00:00,1626568375433576448,SahatZia_Hero,"“The repercussions of these cuts will be immediate and long-lasting, as refugees remain almost entirely dependent on this assistance for their nutritional needs,” the UN experts said.

@WFPAsiaPacific @WFP
@Refugees
#Rohingya #Refugees #Food 
 https://t.co/A3tV9PZuHR","Bangladesh, from 🇲🇲"
2023-02-17 13:01:33+00:00,1626567527701807104,SahatZia_Hero,"WFP @WFP cutting food assistance of Rohingya Refugees.

The reduction, resulting from a severe funding shortfall, could be ‘catastrophic’ for hundreds of thousands of #Rohingya refugees who are dependent on Humanitarian Aid in Bangladesh camps. 
@WFPChief

https://t.co/A3tV9PZuHR","Bangladesh, from 🇲🇲"
2023-02-16 10:30:37+00:00,1626167156202442752,SahatZia_Hero,"Now, Turkey-Syria crisis after the Ukraine crisis, @WFP is cutting lifesaving food assistance from Rohingya refugee responses.
It will have extremely bad impact on the lives of #Rohingya Refugees who are just dependent on Humanitarian assistances.","Bangladesh, from 🇲🇲"
2023-02-07 07:29:03+00:00,1622859972299329537,Media_Selangor,"Selangor Journal | Permatang state rep hands over cash assistance, food items to fire victims https://t.co/DfrKLKKNE8 https://t.co/k0v8E6FM9v",Shah Alam
2023-01-29 10:33:11+00:00,1619644821576241152,RohingyaResp,"📣“Every day, many people from my community come to take food assistance from this E-voucher Outlet. My role is to manage crowds and help people to get their services.” 

- A #Rohingya #refugee volunteer working in an e-voucher outlet https://t.co/0h48Dl6OsN","Cox's Bazar, Bangladesh"
2023-01-19 14:15:34+00:00,1616076906415419392,Media_Selangor,Selangor Journal | Education Ministry proposes increase to preschool food assistance rate in Budget 2023 https://t.co/TSB6p3dn0j https://t.co/ah1tHaD4t0,Shah Alam
2023-01-05 03:37:55+00:00,1610843007464636416,food_blogger,@dbs_care It’s very painful to get help and assistance on your platinum helpline. Especially if I have to listen to and speak in Singlish so that your responder can understand. Wor…,South Central SG
2022-12-31 02:09:47+00:00,1609008888367706113,mrnjhnvllss,"@Rbls24 Recall, isa ka sa pnaka genuine sa group, u always offer assistance to the best of ur capabilities and yun ang gusto ko sayo, never ka nag doubt tumulong in different ways.I hope you never get tired sharing your takoyaki at lahat ng food trips mo kase onti nlng maiinis na kmi.😅","Iloilo City, Philippines"
2022-12-22 01:14:30+00:00,1605733482897870848,pia_gutierrez,"According to the DSWD, beneficiaries will receive P10,000 in financial assistance, hygiene kits and food packs. Children will also receive gift packs which include toys, books, and clothes https://t.co/VJHPqZ8OuG","Quezon City, Philippines"
2022-10-18 15:10:42+00:00,1582388710615969792,SnapeVoldemort,"@LovePeace2911 @KarthirrKK Who told you that Singapore government will give free food? Before you comment, please do a simple search on Google. There is no such thing as free food in Singapore. Yes there is community assistance program but not easy to get help from the government. #BiggBossTamil6","Lauerz, Schweiz"
2022-10-17 12:09:01+00:00,1581980599409336320,egveatch,"This trip to Indonesia has been one of the most worthwhile and exciting visits to the newly established Pusat Arkeometri! Even w/ trip delay due to COVID and getting food poisoning, this has been a very 👍 journey 🥳 A BIG thanks to Nico Alamsyah for all the assistance!🙏

🐘🦴 https://t.co/7p1566MjNl","Washington, DC"
2022-09-29 02:10:21+00:00,1575306958751469568,knadcny,"The G*v*rnm*nt: 
CASH ASSISTANCE &gt; Free and Accessible Healthcare, Free Quality Education, Affordable &amp; Efficient Public Transportation Systems, Subsidized Food/Fuel/Electricity","Quezon City, Philippines"
2022-07-28 08:04:14+00:00,1552565580859060224,JaniceIngenteM,"Once verified, the applications shall be endorsed for financial assistance. 

The one-time allocation can be used for food, medicines, groceries, water, or any items the OFW family needs immediately.",Davaoeña in Quezon City
2022-07-27 05:48:59+00:00,1552169156144820225,JervisManahan,"DSWD Secretary Erwin Tulfo has landed in Bangued, Abra, where he says 1 is dead while 44 wounded because of the earthquake.

P10 million cash assistance while 10,000 food packs will be distributed to affectes residents.

(📷: Sec. Erwin FB page)
@ABSCBNNews https://t.co/q4LXMb0vRy","Manila, Philippines"
2022-07-22 13:20:13+00:00,1550470773395030017,CCDawah,"The 1st round of food distribution went extremely well today Alhamdulilah. Next week we’ll start providing assistance to the orphans of the Daarul Iman Sukakarya orphanage in Jakarta  إن شاء الله

#FeedTheChildren

DropBox
https://t.co/yfy4HxrIkb

PayPal
https://t.co/b6syUISgnz https://t.co/pvIfTklGEG","Birmingham, England"
2022-07-20 16:48:48+00:00,1549798488808259589,fairfuture,"In order to be able to provide assistance, @fairfuture &amp; @kawanbaikindo must fully understand the living conditions of villages located in ultra-rural areas.
Shortage of food, no water, scarce medical care, no electricity... They lack everything. https://t.co/Ou24AGZqsv",Switzerland
2022-07-14 02:48:27+00:00,1547412681195679745,captivatingcatb,"“Aton iguinkakasubo an natabo nga sunog ha Barangay 11 Poblacion.”

This was the statement of Catbalogan City Mayor Dexter Uy as the LGU through City Social Welfare &amp; Devt Office facilitated the release yesterday, July 13 the food packs &amp; cash assistance to the affected families. https://t.co/3bWB7AoXSe",Catbalogan City
2022-07-05 04:27:53+00:00,1544176213652287488,Mustafa_O_Turan,Turkish Relief Agencies @Kizilay and @DiyanetVakfi and NGOs @ihhinsaniyardim stand by the victims of #floods in #Syhlet #Sunamganj area. So far 13.000 people have received food assistance. Sylhet rainfall was heaviest this year since 1956. https://t.co/16vpaD5H1o,"Adiyaman, Turkey"
