﻿Created-At,From-User,From-User-Id,To-User,To-User-Id,Language,Source,Text,Geo-Location-Latitude,Geo-Location-Longitude,Retweet-Count,Id
2023-03-01 02:26:33,Ahmed Shariff ????,277002126,,-1,en,"<a href=""http://twitter.com/download/android"" rel=""nofollow"">Twitter for Android</a>","Today marks 10 years of me having quit my full-time job (faculty for mechanical engineering CADD).
Been freelancing here, there & everywhere since. There were times when I had to skip meals... But worked out well in the end, been an amazing 10 years, no regrets ??????",,,17.0,1630635581750517760
2023-02-28 14:44:26,Daniel ????????,1120586322874253312,itsxyxyaaa,2410317054,en,"<a href=""http://twitter.com/download/android"" rel=""nofollow"">Twitter for Android</a>",@itsxyxyaaa Takpe awak..slow2 nanti datang balik selera. Just make sure don't skip your meals!??,,,.0,1630458891787182080
2023-02-24 09:50:31,I m Kr Rajendra Nayak,399996136,,-1,en,"<a href=""http://twitter.com/download/android"" rel=""nofollow"">Twitter for Android</a>","Fat loss hacks:

•Drink water.
•Eat fiber-rich foods.
•Get enough sleep.
•Incorporate strength training.
•Reduce stress.
•Avoid unhealthy snacks.
•Cook meals at home.
•Plan meals in advance.
•Don't skip meals.
•Try HIIT",,,.0,1628935371366211584
2023-02-23 15:18:53,Pidbed Usab,308456676,dailychartbook,1550094509899489280,en,"<a href=""http://twitter.com/download/android"" rel=""nofollow"">Twitter for Android</a>","@dailychartbook @awealthofcs @DQYDJHQ Probably many. Infact a combination of tofu & lentils for protein, home made coffee instead of Starbucks and giving up on avocado toasts can probably propel them to make many more millions. Once you skip meals, effect of compounding will be astonishing!",,,.0,1628655621825519619
