Datetime,ID,Username,Text,Location
2023-03-30 23:37:41+00:00,1.64159E+18,haidarbajrai,"@maigolleri you know the other day my sister belikan onde2, size 10 sen, ada 8 biji, and the price were rm3.50. I am not really that person who complains about food prices but demnnn, that was expensive","Batu Pahat, Johor"
2023-03-30 13:51:11+00:00,1.64144E+18,gray_siblings,"FIP Warriors Update
All of them started their treatment. We will be needing 3 vials every five days which costs $100 each. Confinement, food and tests are excluded. 

Its a long and expensive medications. Hoping for your full support towards our family. Thank you ❤️🙏

#Caturday https://t.co/jTcv787ZHa",Republic of the Philippines
2023-03-30 04:37:42+00:00,1.6413E+18,BangkokPostNews,"#BangkokPost: Sugar, consumed in everything from chocolate to fizzy drinks and baked products, is becoming ever more expensive, raising costs for the industry and keeping up pressure on global food inflation. #business
https://t.co/MJYxfBZD2l",Thailand
2023-03-30 00:32:58+00:00,1.64124E+18,DanTheOther,"@JimSpoons1 by ""good stop"" I mean ""food stop"" - off the side of the major road, pretty new, purpose built for travellers, with a bunch of different fast foods. These places are usually a bit more expensive https://t.co/nVv32uJoRP","Suphan Buri, Thailand"
2023-03-29 23:40:56+00:00,1.64122E+18,azimazhad,"Right now, the issue with plant-based food (processed to be similar to meat) is its expensive price tag.

This is due to an early stage of production and market testing. So only a small batch was made. And the cost to start those facilities are expensive.","Selangor, Malaysia"
2023-03-29 16:02:01+00:00,1.64111E+18,asyrafmalekk,Bazaar food are expensive. But then again people went to like McD to buy a 24 ringgit burger. But then again the quality is not the same.,kuala lumpur
2023-03-29 13:57:44+00:00,1.64108E+18,iamkarenpang,"People out there willing to spend so much $ to get the latest iPhone or Samsung phone

Then usually the very same people balk &amp; whine over how expensive hawker food is

Hypocrite much 

Your IT device wouldn't feed you , literally",Singapore
2023-03-29 12:02:39+00:00,1.64105E+18,kal_reads,My breakfast is always more expensive than my lunch because I like convenience store food a lot 🤡,Philippines
2023-03-29 09:01:17+00:00,1.641E+18,SParamalingam,Why Bazaar foods are damn expensive 😭,"Rawang, Selangor"
2023-03-29 03:32:49+00:00,1.64092E+18,mhutauruk,"@BuzzFeedFood LoL
 is this a broke budget food? 
Cheese is expensive one.
Use eggs instead! 
One..",
2023-03-28 21:23:39+00:00,1.64083E+18,AYX9jsLRX1DDmXa,"What do people think of the price of this package? Of course, if you eat expensive food, you will pay more. I eat expensive food that doesn't fill me up.",香港
2023-03-28 15:15:11+00:00,1.64073E+18,AndyeelesEeles,@GuidoFawkes  a Brixt benefit food is more expensive  in Brixt uk ! Now out control prices for Brixt failure take back control ditch the Brixt clown in your desperate attempt to not do that to live in land fantasy pay more for Brixt https://t.co/EpSzKIe4WQ,Austria
2023-03-28 13:28:40+00:00,1.64071E+18,afromedwoman,"@publichealthbae Africa is both expensive to get to and travel within in and super expensive for accommodations, food and experiences.",South East Asia 
2023-03-28 10:44:34+00:00,1.64067E+18,sbasp,Go italy! Leaders are working to prohibit the production and sale of synthetic foods and feed. Use of cultured stem cells and expensive industrial processes is not sustainable. #TYFYC! #MammaMia!  #SyntheticBeef https://t.co/g0go5RyhUl,NTX
2023-03-28 06:40:47+00:00,1.6406E+18,TimMarbun,@gandrasta That’s why I always wonder who would buy an expensive sea urchin there 😅 Mahal tp nanggung. Like expecting good steak at a fast food restaurant.,"Jakarta, Indonesia"
2023-03-28 03:53:28+00:00,1.64056E+18,DizonAlain,"""Never order the expensive dish on the menu when someone is treating you to a meal. If possible, ask them to order their choice of food for you.""

And I love this choice of ramen!

#ProfessionalLifeHacks #Ramen https://t.co/m6OxKL8kvT","Quezon City, Philippines"
2023-03-28 02:21:07+00:00,1.64054E+18,te_haitch,"Bakmi Rudy asli juara dan enak banget. Yang punya super humble and A+ cool guy, used to work for a blue chip company but decide to pursue his passion in culinary. Kinda expensive more than GM's but their shirataki noodle soup is to die for, one of my comfort food during bad days",Indonesia
2023-03-27 21:56:35+00:00,1.64047E+18,ellett62,France Now Has The World's Most Expensive McDonald's Meal - Mashed #Mcdonalds #fastfood https://t.co/coOPzZL0aw,Thailand
2023-03-27 20:45:15+00:00,1.64045E+18,tehtarikOnIce,"@bitcoinmalaya Expensive food tapi bersesak2 dah la berpanas mcm apa. Baik makan dalam mall, puas pun puas. takde istilah kena scam tak sedap",Singapore
2023-03-27 19:57:01+00:00,1.64044E+18,prettylilshar,Why ramadhan food is hella expensive tho? Are they taking this bulan ramadhan’s ‘sedekah’ for granted?,Sabahan
2023-03-27 15:15:27+00:00,1.64037E+18,haziqcmz,i hv no choice but to go bazaar tu buy  expensive foods,"Muar, Johor"
2023-03-27 14:22:32+00:00,1.64036E+18,marktonino,"@wwwYQ6661308579 Yes, but public kindergartens that you can actually bring you child to never look that nice and food is not that great. This looks more like a way more expensive private one. But happy to be proven wrong, if somebody could sent name and address.","Guangzhou, China"
2023-03-27 07:55:53+00:00,1.64026E+18,PreciousFaq,@noturbunga_ the food expensive ke?,Shah Alam
2023-03-27 04:08:31+00:00,1.6402E+18,devagaga,People now only realised bazaar ramadan food is expensive? Bruh it has always been!,Malaysia
2023-03-27 02:53:39+00:00,1.64019E+18,Ronym96650835,"@RedeemedMortal @WallStreetSilv Start growing our own food
could be chicken,goat,cow,etc
.
Coz food price will get soo expensive
If commodity price going up
Or if there any shortage","Central Java, Indonesia"
2023-03-27 02:14:01+00:00,1.64018E+18,mwotton,"@generativist Non-Vietnamese food here is significantly more expensive, but I’m still used to judging how much is enough by the price. This means I keep toggling between not enough pizza and way too many noodles and dumplings.","Da Nang, Vietnam"
2023-03-26 17:38:59+00:00,1.64005E+18,earlneverstops,"Wasted 50 pesos for a hopia baboy that I bought here at work. 🤢😓

Taste like shit and funny. Never again hahaha but then again the burger was a bit ok. Airport food always have expensive prices ugh.","Manila, Philippines"
2023-03-26 17:06:49+00:00,1.64004E+18,MzzWani,"I am Not a picky eater, I just live in a country with no food options that are healthy but also colorful and exciting.

Bahar jayen kya khayen, Desi Chinese, steak ka mazaaq, Alfredo Pasta 🙄, Cakes with a twist.

Anything borderline normal is Hella expensive, cause Exotic 😒",Hades
2023-03-26 14:46:14+00:00,1.64E+18,tyags6,Sorry can never bring myself to pay 19 dollars for a podi dosa. The value of that food isn't necessarily in how expensive you can make it. I get the elite signalling and all that but I don't understand the pride part. Maybe it's the middle class brain in my head thats broken 😆,"Bangkok, Thailand"
2023-03-26 09:46:14+00:00,1.63993E+18,Khwezi_HD,Food is so expensive 😭 https://t.co/7b6Xh2U50y,JHB
2023-03-26 08:49:40+00:00,1.63991E+18,samruzone,Went out to the bazar ramadhan today after picking up some moisturizer for myself and I tell you today is the only time I go there 😭. The foods are expensive af. It's hot af and look at my face pinkish red and dry.. Not going out ever again 😭.. https://t.co/r6A5w78dhi,"Beaufort, Sabah"
2023-03-23 12:27:05+00:00,1.63888E+18,sunteaLARGE,Last Free food na expensive 😅 https://t.co/wdrGSnXfhR,"Cainta, Rizal"
2023-03-23 04:32:51+00:00,1.63876E+18,ad_acherry,"เพื่อนร่วมงานเก่าสาวรัสเซียมาเซอร์ไพร้ส์ นางว่า นางพึ่งรู้ Thailand is the best, I want to work here, stay here. I worked in Singapore it’s not good expensive food และไม่อร่อย 🤣 I worked in Vietnam I don’t like, they are ready to cheat you 🤣 พอบ่น เสร็จ ก็ I bring  cake for you","Samutprakarn, Thailand"
2023-03-22 08:50:52+00:00,1.63846E+18,ibraaaahime,"It’s been a week I’m travelling but this city has got my attention 👀🥰 

Not so expensive 
Fresh food 
Warming Hospitality 
Clean 
Rich people are living in #klcc 

And tomorrow i have to go to Melbourne Australia 

Should i finish my travel plan ? 
Is there a way to make 💰 https://t.co/OGtehflUml","Paris, France"
2023-03-20 23:49:41+00:00,1.63796E+18,sawahdicup,"It's all fun and games until I got a bit offended. I mean, they were never in my shoes, a sandwhich generation that needs to pay my parents debt. Yes it's true I rarely buy expensive clothes, shoes, or fancy food because I need to allocate my money for something else.",Under the willow
2023-03-20 12:52:11+00:00,1.6378E+18,ethansedale,"I don’t normally call out restaurants but Nikkei Robata sucks 😭

It’s expensive and the food takes ages to get to you! (Food isn’t that good as well 😬)",
2023-03-19 02:13:15+00:00,1.63728E+18,walf_,"I think Legazpi Sunday Market is relatively expensive &amp; priced not for the locals, but probably for the foreigners who want to try local.

Fresh buko juice (large) - ₱90
Chicken shawarma - ₱230
Carabao mango with bagoong - ₱100

Can't believe I spent ₱420 for ordinary food.",Makati | Bacolod | Philippines
2023-03-18 04:31:32+00:00,1.63695E+18,joelabela,“You don’t have to use expensive ingredients to make good food. All you need to find are simple quality staples and to treat them with respect.” - Chef @CiaoSamin https://t.co/EqO8bJr7ur,Philippines
2023-03-17 14:53:21+00:00,1.63674E+18,walf_,"NAIA airport in Manila is on the worst list. What do you expect? 

Some of our domestic airports here are nothing but terminals, with shortage of seats sometimes, limited and expensive food options, no recreation, long queues &amp; complicated processes. What do you expect? 😵‍💫",Makati | Bacolod | Philippines
2023-03-17 09:25:10+00:00,1.63666E+18,AaronAndrews27,"@misssashleyrae @AmysMargin Silly liberal. Food doesn't fix hunger...

And it isn't expensive for parents to feed their children which is why the govt can't afford this program. 

Now you are Shapiro shmart!","Taichung City, Taiwan"
2023-03-12 07:26:56+00:00,1.63482E+18,DrizzyEmpire516,It’s interesting how Thailand makes alcohol way more expensive than like food lol one beer would cost almost 30% more than your actual meal.. very smart lol,Infinity and beyond
2023-03-11 13:35:55+00:00,1.63455E+18,doseoflifecom,"Say what you want. Expensive food as an experience doesn’t entice me. If I’m going home hungry and eating mama, what’s the point!? No?",Bangkok
2023-03-11 11:42:03+00:00,1.63452E+18,Kris_404_p,"@datu_matipuno @Dcuajunco @davidthewalrus Mr. New Yorker, I literally have to choose how to balance my food budget versus commute money because food is 2x more expensive in the tourist area.

Bohol tourist demographics peg local tourists at 96% and foreigners at 4%.

For foreign tourists, 80% of those are Koreans.","Panglao, Central Visayas"
2023-03-11 03:11:24+00:00,1.63439E+18,myng0612,food is so expensive tangina pati mixnmatch ng mcdo ang expensive,+63 | she/they |♑️intp-t
2023-03-10 08:49:18+00:00,1.63411E+18,abear_minimum,"Just like expensive food, loving me is an acquired taste 🤪😚","Jakarta (B)arat, DKI Jakarta "
2023-03-07 16:59:11+00:00,1.63315E+18,dettol_sprayz,Gonna ban Sebulek forever. Their food ok sedap not bad but... but their price is getting expensive tak masuk akal. Tak percaya? Try makan nasik campur kat Sebulek.,Dettol Manufacturing Factory
2023-03-06 17:39:03+00:00,1.6328E+18,medulaq,@JalexRosa It's great but feel some disturbing things here and there. Like expensive 5 star hotel food with stink fishy mid and after taste. But still 5 star hotel food,"Miyagi-ken, Japan"
2023-03-06 11:20:41+00:00,1.6327E+18,syedmahaddd,"I rather eating expensive food n be starving for the next days than eating a maggi when im not home. But idk y when u r at home tho, eating maggi hits so diff, bussin on another level!",
2023-03-05 15:47:36+00:00,1.63241E+18,aldrin_ea,10/10 kabsat foods &amp; drinks 🫶 though medyo expensive lang talaga mah.,"Manila, Philippines"
2023-03-05 09:22:36+00:00,1.63231E+18,ImASodium,Marites neighbors are complaining about how expensive food ingredients are nowadays. Sino nga ulit binoto niyo?,Manila
2023-03-04 03:26:08+00:00,1.63186E+18,mvjordana,"In all those ""this 20 y/o makes Php 200k from her food truck"" typa articles, please know they don't actually make 200k. You don't pocket every sale you make. Running businesses are expensive and fucking hard to pull-off.",National Capital Region
2023-03-03 11:49:15+00:00,1.63162E+18,StephaninBKK,"@doseoflifecom Sorry, not a fan of Samed.  Been once.  Flies everywhere, bad a@f expensive food and the highlight was seeing poo flowing from the hotel directly into the ocean.  We checked out the next day.",Bangkok
2023-02-28 03:13:01+00:00,1.63041E+18,moemoeeee_,"Posting cam dump.

We love sunsets so once in a while we go to places where the sun falls off the horizon beautifully. We don’t always go on expensive dates (we enjoy a good meal of pares or a hearty inihaw food trip), but when we do, we make sure it’s worth it. https://t.co/MNcfgXAsBb",
2023-02-25 06:09:01+00:00,1.62936E+18,Adambarr100,@ErikVoorhees Food expensive= inflation worries. Don’t eat more than you need 🤝,
2023-02-25 04:31:50+00:00,1.62934E+18,Adambarr100,@MHiesboeck Food expensive= worried 🤝,
2023-02-24 14:03:04+00:00,1.62912E+18,boysyamroslan,"Last night in Railay Beach, Krabi .. Yes , all food at here so expensive and the snack as well but people here friendly and beautiful beach around especially Phra Nang Beach, Princess Cave , and Railay it self 💛",Kuala Lumpur MALAYSIA
2023-02-24 05:05:55+00:00,1.62898E+18,food_blogger,Why your smartphone is so expensive… https://t.co/LjL39IZSk4,South Central SG
2023-02-23 06:41:17+00:00,1.62865E+18,PenguWandering,"I touched grass. Ate expensive food. Will go again but no monies.

Smug kroniimaid too cute. https://t.co/7q3W1IaFXD",
2023-02-23 00:02:46+00:00,1.62855E+18,makcikbebel_,"@efaperfume Kalau i, i mengidam expensive foods hari2 during the period. I sampai kene overtime just to pampered my cravings 🥺","Malacca, Malaysia"
2023-02-22 13:53:42+00:00,1.62839E+18,missbutton_,"Me still confused about HKD cause too used with thai bhat.. not compared to ringgit but thai bhat.. so if its HKD 178 does not makes it RM 17, its RM98 or something … HKD food is expensive. A plate of rice duck is about RM 30","Kuala Lumpur Federal Territory, Malaysia"
2023-02-20 07:54:29+00:00,1.62758E+18,RalphEmmers,Wow the food in the JW Marriott is disgusting and expensive very sad @MittRomney American food is not good at all. Don’t export that to China https://t.co/58Wrt8Uvx0, 特别行政区
2023-02-20 06:53:33+00:00,1.62756E+18,TJRDBKK,"@cavtone2 Yes junk food is cheap, and many people buy it because it's all that can afford... Buying fresh fruits and vegetables and good quality meat is expensive",
2023-02-19 14:03:31+00:00,1.62731E+18,AmanulH95246202,"Dear @WFP if you cut our rations it may lead our people in danger such human trafficking and involving crimes due to insufficient food. Please cut it from your expensive car, luxury hotels and high paid employees. @UN https://t.co/qcWxyvDH17",
2023-02-19 12:11:06+00:00,1.62728E+18,tj_jurk,American fast food places are more expensive here tho,"Las Vegas, NV"
2023-02-19 01:17:23+00:00,1.62712E+18,shoes27pairs,@dereksyon6969 More expensive if you go via manila since you be also spending for car rides going to the terminal and the food that you will eat on the journey.,"Lungsod ng Cebu, Rehiyon ng Gi"
2023-02-18 07:54:32+00:00,1.62685E+18,temptempholder,"Inflation at vivocity??

Walk to harbour front foodcourt.
Seller charge expensive food

But are you a standing target or moving target let them shoot and complain abt inflation in Singapore??

Dunno how to walk to harbour front cheaper huh?? https://t.co/m9yVdPfgRw",
2023-02-18 06:06:32+00:00,1.62683E+18,TJRDBKK,@onthemove555 Compared to processed corporate food? It's expensive. And when you add in meat...,
2023-02-18 02:57:21+00:00,1.62678E+18,TJRDBKK,Healthy food is expensive. This needs to change. Corporate food is killing us.,
2023-02-18 01:54:19+00:00,1.62676E+18,keanfei47,@Taimur_Laal I should qualify that of course. In Europe huge subsidies are laid to farmers for strategic reasons. Land there is too expensive and regulation too prohibitive but it is dangerous to have a population depending on imported food.,"Sydney, New South Wales"
2023-02-14 15:09:48+00:00,1.62551E+18,unicomijo,Nakakalungkot lang. yung aso ko may loslos and bringing him to vet is not a perfect option for me right now. . Super pampered mga aso ko and they grew up eating dog food pero sobrang expensive ng vet kasi dito sa pangasinan. 😭,"Dagupan City, Ilocos Region"
2023-02-10 06:34:31+00:00,1.62393E+18,wandermarya,@iCzaaar eating healthy foods is expensive fuck,
2023-02-08 04:10:45+00:00,1.62317E+18,temptempholder,"Singaporean on twitter users are so daft they go pick those expensive places or expensive stalls and claim shocking at inflation..

U think humans are so stupid.. they cannot walk more to find cheaper and fairer food sellers is it...

Dun dumb it down and politicise for likes",
2023-02-07 03:34:03+00:00,1.6228E+18,phoete,"@elgin_chem https://t.co/lwN0Bndppa
Well, spoon, fork, etc are supposed to help you consume food without so much fuss and mess. LOL. I'd want to go to some expensive fine dining restaurant and eat there using spoon, fork, knives and all wares ""wrongly"" and see how people around will cringe😅","Makati City, National Capital "
2023-02-06 15:24:48+00:00,1.62262E+18,izzatjonid,"This is what i call ridiculous. I dont understand why peope like to go to all this type of vendor shops &amp; buy all those viral foods/drinks but so-so taste yet expensive. And sanggup beratur mcm tu sekali. U can see the way instructions are given - walawey, mcm nak masuk kem.","Kulim, Kedah"
2023-02-06 12:47:17+00:00,1.62258E+18,BistuaNuova,"One the best food discoveries since we moved to #Singapore! I present you a #dragonfruit! 
They come in purple (this one) a yellow &amp; white. I think the white one is the most expensive. Not sure. 🤷‍♂️ 
They taste deliciously refreshing, not too sweet and very cheap! £4 for three! 🥰 https://t.co/SdP3VSbH6N",Singapore
2023-02-03 10:46:15+00:00,1.62146E+18,Kris_404_p,"@HighborneElf He's Israeli right? Is he Vegan/vegetarian? (Tel Aviv has the most number of vegetarian restaurants in the world!)

Either Clean Cafe or Soul Kitchen is great! Vegan restaurants.

Higher end and heavy on the plant based food is Madesimple. Medj expensive but good!","Panglao, Central Visayas"
2023-01-29 13:54:37+00:00,1.6197E+18,ArielCatli,"Nobody said weight loss would be this expensive.

💸 Diverse nutrients and vitamins from different food while balancing calories
💸 High-protein requirement that must be supplemented
💸 Supplements for iron and biotin deficiency
💸 MacroFactor subscription fee",
2023-01-27 13:59:50+00:00,1.61897E+18,5mithy87,"Talking with friends about omakase.
I totally don't buy those concepts in Malaysia. 

Then i was categorised by my friend as a person that hadn't tried any expensive and nice omakase.

Well..
Obviously they don't realize how much i spend on food a month 🤣","Penang, Malaysia"
2023-01-26 00:21:50+00:00,1.6184E+18,zulaikhafadir_,I’m broke at but still cravings for expensive foods and things 🙂🙂 dasar tak sedar diri tgh miskin,
2023-01-24 09:49:29+00:00,1.61782E+18,IonaJTownsley,"So far Bangkok is around mid level with Bali in terms of cost, Thai islands feel a fair bit more expensive for things like to rent bikes, accom is through the roof, Thai food is still cheap tho",🇹🇭 Thailand
2023-01-22 11:22:49+00:00,1.61712E+18,ynwa_Perak76,"@BooSoonYew67 Year end with cool breeze from the north is ok. 
Else it’s hot, humid and mosquito feeding 😂

Food is average and expensive.

The only plus point is the superb view.",Penang
2023-01-22 01:29:10+00:00,1.61697E+18,wittrysaravo,"@Monetatwork Go to Blue Lagoon!

https://t.co/3NLiEYJ8uE

Perfect for post-jet-lag relaxing! 

Also, food in reykjavik is expensive. Not many people were friendly towards English speakers at restaurants there (in my experience) but you can’t go wrong with the IKEA food court! 

Safe travels!","Prawet, Bangkok"
2023-01-18 12:41:57+00:00,1.61569E+18,itsAlfannn,Given expensive ang hotel foods pero bai ang chinese resto namin is top tier huhu not being bias swear to the G,dvo
2023-01-17 12:56:04+00:00,1.61533E+18,azmilsyahmi,"Seafood dinner with the kiddos today. At one of our favourite seafood place in Port Dickson.

Food is tasty and not too expensive.

#portdickson #seafood #dinner #malaysia #negerisembilan https://t.co/trUzGBJFyN",Malaysia
2023-01-16 03:45:44+00:00,1.61483E+18,imperfectiionn2,"If you’re ever in Bali i high recommend not going to canggu, Katu, seminyak unless it’s for like a day or 2. Super touristy and expensive (food wise). Good isn’t that good….. ubud is it and I’m thinking about going to Gili island",
2023-01-15 13:12:50+00:00,1.61461E+18,kizsesss,"I worked hard for everything I have right now. I would work triple if I could. So if you see me going places, eating expensive food, having expensive stuff, let me be. That’s my luxury. 🙂","Lipa City, Calabarzon"
2023-01-12 03:41:41+00:00,1.61338E+18,erhynireh,"Rice has always been Filipino's most staple food. That's why we prefer the tastiest kind to compliment our meals. 
Believe me, hindi ko ma-appreciate ang ulam kahit gaano pa ito masarap kapag pangit ang lasa ng kanin. I'd rather buy an expensive rice than the cheaper one. https://t.co/PhrfqdeUuW",Antipolo City
2023-01-11 11:49:28+00:00,1.61314E+18,igghtours,Always pack extra snacks. You never know when hunger strikes and airport food is just too expensive. #travellingtips #snackgamestrong,"Selangor, Malaysia"
2023-01-10 05:12:06+00:00,1.61268E+18,effulgenz,"i feel her because i also grew up poor; fast food was considered a luxury in my family

and i don’t mean the expensive burgers, i mean the $2 mc chicken &amp; fillet-o-fish burgers",
2023-01-08 13:43:16+00:00,1.61208E+18,BaveAbroad,"@finlayevxns That’s very kind of you. Northern Thailand was beautiful and a lot of fun, not too expensive either, I’d really recommend Chiang Mai and Pai.
Penang in Malaysia was really cool as well, but a bit pricier (still cheap for food tho)","Liverpool, England"
2023-01-05 11:25:48+00:00,1.61096E+18,dhyaNKeecciill,"Tumbler’s day sbux. Jadi tadi ngopi ksna, terus masih punya reward free food, and i order espresso brownie, cs it’s my fav kan. Eh barista sbux said : “ Kak it’s just 30k, sayang mending yg mahalan sekalian”. Then we laugh, nd i said “the most expensive aja kak” 😂 https://t.co/I2CVp6X2WX","Samarinda, East Borneo"
2022-12-30 08:09:22+00:00,1.60874E+18,annieebunnyy,"Doing rush groceries for media noche. I’m going to cry, everything’s so expensive but I want my siblings to eat good food for new year’s eve. Fuck this 🥲",Las Pinas City
2022-12-29 02:41:57+00:00,1.60829E+18,Kushfein_,@anthonyloke even the foods inside Air Asia Airlines are expensive!!! Over priced 🔪🔪🔪🤦🏻‍♂️🤦🏻‍♂️🤦🏻‍♂️,Wilayah Persekutuan Kuala Lump
2022-12-27 02:38:15+00:00,1.60757E+18,mgb819,@datumx11 Wifey &amp; I went to Farmer’s Market Cubao yesterday for some new year food essentials; bought onions at 600 pesos a kilo more expensive than the pork pigue at 420/kg,
2022-12-26 10:17:47+00:00,1.60732E+18,yeapyeay,@FOOD_FESS lawuh sosis kanzler enak bet https://t.co/Riv7qOG8Ro,"Wonogiri, Indonesia"
2022-12-26 09:50:05+00:00,1.60731E+18,joefranc,"Gaining weight is expensive because that would mean buying new set of clothes (or altering them at least) to avoid ripping of stitches in current wardrobe. Also, that would mean potentially worse cholestrol, sugar, and BP levels. Control portions &amp; better food choices tayo guys!",Philippines / Singapore
2022-12-25 11:03:16+00:00,1.60697E+18,SyahidsaHoarder,Sometimes I get so reluctant to spend on expo halal food fests because they’re just so expensive for so little 😭😭,
2022-12-24 14:09:57+00:00,1.60665E+18,richard24003609,"@ShortyFir @DGHisham They May b able to buy IP14, but face with stiffness rent rates.  Food , travel are  expensive too. Working conditions are equally taxing. But one thing different,  they can get overtime allowance. MOH should look into this.",
2022-12-24 13:45:47+00:00,1.60665E+18,thegrandpianist,I remember getting my first paycheck for a part time gig I did college sophomore and the first thing I bought with it was “good” food I couldn’t buy bc it was “too expensive”,CMu UPD | SGS MUN
2022-12-23 03:51:03+00:00,1.60614E+18,OfMNLA,"If you ever feel bad about yourself remember that there are men willing to spend thousands so their video game characters will be top tier. 

But they will never use that money for a gym membership and buying good quality foods (less expensive) so they would feel and look great.","Manila, Philippines "
2022-12-21 03:12:25+00:00,1.6054E+18,nrysmn_hssm,Work hard ! Because food is expensive nowadays 🤑🤤 https://t.co/UEDcGSQKrD,Malaysia
2022-12-14 06:10:31+00:00,1.60291E+18,Jsdantis,ok what i will do as much here in the PH while i'm here is : food delivery. delivery in the US is expensive as hell like omg.,"Irvine, CA"
2022-12-11 03:12:39+00:00,1.60178E+18,fadzilharith3,"Now the price has soared for everything. Fuel, food, housing, and life in general got a lot more expensive very fast.  The people wasn't setting on board with the idea.  You cannot make this stuff up.

Please do not forget that the recession are a natural part of economic cycles",Kuala Lumpur Federal Territory
2022-12-05 09:10:26+00:00,1.59969E+18,neesasodirman,@missalvy__ Overly expensive too. Better go eat japonais or chinois food hahahha cheaper and tastes yum,
2022-12-03 10:31:29+00:00,1.59899E+18,TeamHibbert,"Every year I swear I just eat through my 13th month salary. I'm typing this while I order expensive food, shhh I swear I'm learning.",Quezon City
2022-11-26 15:51:28+00:00,1.59653E+18,eddydaud,"@SyedJymalZahiid @NathanNadeson Absolutely, eg. here in JB kat restoran mamak i selalu lepak with friends, mee maggi goreng aje dah RM5.50 plus satu telur goreng RM1.50 ttl RM7.00. Food is getting really expensive.","ÜT: 1.50225,103.742992"
2022-11-24 08:48:38+00:00,1.5957E+18,RomMina_LSG,"@sparrowsandgin @airenmaers It's incredulous that she's very stingy about food! They were not so expensive. Does she even know how to take care of their artists? Imagine, Little Forest, was not a very distant past.

#LeeSeungGi
#LeeSeungGiDeservesBetter
#JusticeForLeeSeungGi 
#ProtectLeeSeungGi","National Capital Region, Repub"
2022-11-21 14:47:59+00:00,1.5947E+18,liew_mok,"Nice foods, Malaysia had more types of salted fish, chief to expensive, attracted more foreigners to work and immigrants, including white peoples https://t.co/XTydnw83Rq",
2022-11-17 23:23:15+00:00,1.59338E+18,navakris,"#healthyfood does not have to be expensive food. This is our latest #healthiness trended on our YouTube channel. Easy vegetarian potato Sambal. 
#CookWithNavaK 
https://t.co/gIxgjU4ZiM https://t.co/57guvR26xX","Kemuning Greenville, S.Alam"
2022-11-08 10:53:16+00:00,1.58993E+18,babbereats,My boys enjoying tacos. Food was meh and expensive. https://t.co/2KKkDBfFMO,India
2022-11-08 05:39:58+00:00,1.58986E+18,MuhammadKhasfi,"@anuar_ai @drmusanordin @maszlee I was thinking the same thing too ..  in SBP is already getting more expensive for food supply around 30 - 50 a day not mistaken .. if nk replicate to whole nation.. a lot of 
$$$..to me dont over promise.just teach the important of food production in school or targeted free meal",
2022-11-06 11:03:37+00:00,1.58921E+18,MakiEduardo,Can totally relate on this one. And to think the healthier foods to buy are the ones more expensive pa…,Republic of the Philippines
2022-11-04 16:39:22+00:00,1.58857E+18,TanveerFazlani1,"Everything was good. Safely arrived at Guangzhou yesterday from Karachi via Riyadh. Here hotel is too much expensive and no choice to search hotel with affordable cost. 500rmb/day w/o food.
#takeUsBackToChina https://t.co/JyjQgP67N0","Karachi, Pakistan"
2022-10-31 09:04:00+00:00,1.58701E+18,kellykathurima,"Food is so cheap in Thailand you can eat out every single day,getting groceries and cooking is waaay more expensive,love it cos i can’t cook for shit🥰",United Kingdom
2022-10-29 13:32:54+00:00,1.58635E+18,IanBeardsworth,"@alwyn_lau Heard the name many times but never eaten there.
El Gaucho was a great choice because it's pretty expensive and so pretty quiet and the food and service top notch 🙂","Bangkok, Lumphini"
2022-10-26 12:09:31+00:00,1.58524E+18,VignuzziLab,"It was bound to happen! Not all food is amazing in Singapore. I had eaten here before but today, the grotesque rubbery over cooked lamb shank at The Providore cafe was repulsive and expensive. Poor lamb. Poor me. I can’t unsee it. And couldn’t saw through it. Only regrets. 😢 https://t.co/YK4CmYrMOU",Singapore
2022-10-24 01:53:35+00:00,1.58436E+18,MewsOfTheMuse,@philipyoungg Huh? Food in Jakarta more expensive now? Haven't been there for ages. Last I was there around 2008. Food was still affordable back then,"Selangor, Malaysia"
2022-10-18 04:43:46+00:00,1.58223E+18,haroldrolloos,"@Ajarncom @RichardBarrow It really depends. I have stayed in many local hotels and guesthouses. And another good thing: it’s always clean. Same for food, a big bowl of ramen for 150 baht is t that expensive imho.","Bangkok, Thailand"
2022-10-14 11:18:29+00:00,1.58088E+18,NFTSasha,"PS: Japan I hear has amazing food, but it's also far more expensive. India / China can most likely beat Vietnam due to sheer size/variety, of course. But comparing Vietnam to, say, Thailand or any EU country or US/Canada, there's just no contest imho.","Los Angeles, CA"
2022-10-14 10:51:57+00:00,1.58087E+18,NFTSasha,"@fitzyOG Not sure what you mean, I've done multiple street food tours and eaten in places both tiny/simple and high-brow/expensive and I've never had food better than what I'm eating here, it's amazing! 

At least in Saigon; I'm going to the rest of Vietnam later this month.","Los Angeles, CA"
2022-10-12 21:52:30+00:00,1.58032E+18,JeSuisGonzi,"@grandmaster1976 No need to boycott, the food is not good anyway and way too expensive. Tried it once and told ourselves never to eat again, di talaga masarap.","City of San Fernando, Pampanga"
2022-10-07 02:42:26+00:00,1.57821E+18,orang_gilawk,"I like pecel rice this is my favorite food in my place You don't need an expensive price, just 1$ Nothing more with drinks Try it yourself, eat Indonesian people 😋  #Culinarydelights https://t.co/gxbd4pNRlw","North Carolina, USA"
2022-10-06 16:26:07+00:00,1.57806E+18,food_blogger,"It wasn’t expensive, around $150. Which I thought was ok since I buy sneakers like once every 5-7 years, or when a sneaker breaks on me.

What surprised me, which I just found out, NMD-1s cost upwards of $300-600. Siao.",South Central SG
2022-10-06 10:26:57+00:00,1.57797E+18,xantababy,"@yuyu_finale Because food is a necessity. 🥲 They know no matter how expensive, there would still be customers.",🇵🇭🇨🇳✈︎🇹🇼｜30↥歲 / girlmama
