Datetime,ID,Username,Text,Location
2023-03-06 00:13:44+00:00,1632534892843241472,peningkepala,@melatinungsari Betul kebanyakan makanan yg dijual dipasar Ramadhan ala mediocre je. Tapi harga mahal.,"New York, USA"
2023-01-31 05:42:13+00:00,1620296374221955072,AizatSays,Sapa suruh ketuk harga. Bilik paling mediocre pun harga mahal but with the same price boleh dapat bilik hotel/chalet/resort 4-5 stars dekat Thailand. Belum lagi harga makanan + souvenirs mahal sebab alasan kawasan pelancong. Memang padan muka je la.,Kuantan • Bangi 
2022-11-24 23:00:15+00:00,1595915228348571648,fahmiizzudin61,@nhaida17 sorry ah doe kampung sikit 😂😂😂Kau yg berdosa order makanan pelik pelik lepastu mahal 🥲Aku dah cakap dkt kau baik makan tomyam campur lgi best. ni harga makanan owner kedai boleh gi mekkah balik hari🥱,
2022-10-17 06:29:16+00:00,1581895101214642176,syafiqfathuddin,Sedap ⭐️⭐️⭐️⭐️ Makanan dia pun banyak pilihan harga dia okay 👍🏼 Tak mahal. https://t.co/bTaS2OcT2K,Malaysia
2022-08-27 10:30:45+00:00,1563474089536557056,teachernndjw,kena kaya sbb craving makanan mahal sokmo 😮‍💨,
2022-06-20 22:22:12+00:00,1539010756280459264,GamisPhg,"Makanan mahal kan sekarang? 
Siapa setuju ngan admin? 

Tapi, kalau tak makan, kan lagi mahal kos perubatannya. 

Hmm, moga semua orang mendapat rezeki yang halal dan diberkati oleh Allah SWT. https://t.co/6WWDAP0HdM","Kuantan, Pahang"
2022-05-22 07:48:09+00:00,1528281548092370945,MohdEzwandy,Hahh kawan aku bebel aku bagi kucing makan makanan mahal padahal kampung je. Em susah la nak cakap. Bila dah sayang kan kita mesti nak bagi yang baik. Walau mahal sikit pun tapi still mampu. Alhamdulillah dah 4 tahun bela tak pernah sakit pun selain problem fungus.,shah alam-kL-kuantan
2022-05-16 05:57:34+00:00,1526079391054598144,anwarkhay1,SANGAT BETUL &amp; HARGA MAHAL. Kanina dia meniaga makanan tapi tak sedap,
2022-05-08 08:09:08+00:00,1523213395448672257,cik_hanani,"1. Perkasa ECER- tarik business, jaga rantaian makanan supaya kurang import.
2. Siapkan CSR , ECRL sebagai logistik
3. Raikan gig economy supaya WFH jadi budaya. Tak payah ke Lembah Klang lagi. Biar lagi banyak rumah jadi rumah hantu pasal mahal. Tambah lagi office hantu",Pahang
