Datetime,ID,Username,Text,Location
2023-03-30 12:10:41+00:00,1641412628462415876,zairirahim,Nak tgk setan pure time bulan puasa ni pegi bazar ramadan and beli tgk muka peniaga yg jual makanan mahal nak mampus dan tak sedap. Tadi pegi bazar cyber teringin popia goreng sira sekali taugeh masam lak.,"Dengkil, Sepang, Selangor"
2023-03-28 02:19:56+00:00,1640539187819728896,twt_bajet,@tehtarikOnIce Sabar tuan. Mungkin sewa tapak yang mahal memaksa peniaga untuk menaikkan sewa. Biasanya makanan pilihan ni lebih kepada willing seller dan willing buyer.,Cyberjaya
2023-03-26 14:38:48+00:00,1640000352018919426,_frlad,"Tiap tahun baca kisah orang beli makanan bazar kata mahal lah, tak sedap lah, aku pun tak berapa nak ke bazar. Adalah sekali dua je dalam sebulan puasa tu. Tadi saja lah aku beli nasi kukus kasi chance, erm memang tak sedap pun. Sedih.",Shah Alam
2023-03-22 23:17:02+00:00,1638681220405170176,wankash82,"Kenapa ya kalau ada event, bazar @ any food festival di Putrajaya makanan semua mahal-mahal? Diorang ingat yg dtg majoriti semua kaya2 ke?","Sepang, Selangor"
2023-03-12 13:16:51+00:00,1634906298168016900,AlepAdon,"Menu rahmah ni, once big company dan well establish company join, yang peniaga kecil ni akan terkesan lah. Asalnya boleh jadi tarikan pelanggan menu rahmah ni, tapi benda murah ni kalau boleh dapat kat restoran selesa, makanan yang selama ni mahal, orang pun beralih lah.",
2023-03-07 23:48:50+00:00,1633253404750544896,lomo_tech,Kucing / pet ni aku rasa dah boleh masuk bawah zakat fitrah. Makanan mahal dari tuan. Jk.,-
2023-03-06 01:37:28+00:00,1632555965848633345,neyrashazeyra,@liyanaliyana Hahahhahaahahah Mahal Kan semua makanan kat Sana. Last2 I makan buah je la murah skit,Malaysia
2023-02-19 04:27:11+00:00,1627162858219016192,zahidsafwan_,"Pernah stay both, dua dua makanan mahal.okay byee",Kuala Lumpur City
2023-02-14 04:09:29+00:00,1625346464972148736,AlepAdon,"Tempat jual makanan mahal kau orang marah-marahkan sampai viral, aku jual nasi lemak RM1.50 lagi ni hadap naik turun harga barang macam nak gila korang buat bodoh je eh. 

Timun naik 300%
Ikan bilis naik 35%
Telur naik 40%
Beras naik 15%

Portion dan kualiti masih sama.",
2023-02-13 16:30:29+00:00,1625170555187134464,AlepAdon,"Makanan paling scam. USA stand for Udang, Sotong, Ayam. Sekarang semua bagi daging merah dengan telur mata. Tapi dalam menu, ni lah paling mahal.",
2023-01-27 15:37:03+00:00,1618996516932440066,serisseu,Tapi self reward aku makanan 😭 yang mahal laktuh 😭😭😭😭 sukiya lah nasi lemak kak og lah,Kuala Lumpur City
2023-01-17 03:54:58+00:00,1615195950393483265,payid23,@Mear_Biaggi Makanan nak mahal aje kejenye.. bengkrap..apak dia pun makan megi je😂😂😂,Selangor
2023-01-15 10:16:15+00:00,1614567129680080897,_frlad,Scroll grabfood tapi akhirnya masak sendiri je pasta. Lama termenung tengok harga makanan. Mahal nyahhhh,Shah Alam
2023-01-12 10:02:00+00:00,1613476380020477953,adashuhada87,"@norazambudin Letak sekali gambar portion each makanan yg order tu. Kdg² harga mahal x kisah, kalau rasa memang sedap.","Gelang Patah, JOHOR"
2023-01-11 14:41:35+00:00,1613184352686592003,donacaddo70,"baru tahu yg kantin sekolah pun kena dibayar sewa oleh pengusaha kantin. Paling tak best kalau harga mahal, kesian murid2 yg kurang berkemampuan utk beli makanan yg cukup utk hilangkan lapar.",
2022-12-21 10:04:15+00:00,1605504412805390336,AmaleenaForever,Sewa rmh mahal...sewa bilik laaagi mahal. Byr bil lagi. Takde own transport. Naik tren pegi kerja. Rmh yg dekat² stesen tren ni MAHA mahal.Barang mentah mahal. Makanan mahal. Semua benda kena beli.,"Kuala Lumpur, Malaysia"
2022-12-18 04:51:45+00:00,1604338605870415872,rausyannur,"Dotty's IOI City Mall

3/5

Makanan so so and tak padan dengan harga yang agak mahal https://t.co/EbBLLxXtbm",Gombak - Kelana Jaya - BSP
2022-12-04 23:49:16+00:00,1599551441362116608,shazwan_r,@zu4nnnn Ala tapi ada je cafe yang aesthetic tapi harga makanan takla mahal. Depends on location,Kuala Lumpur City
2022-12-04 11:18:24+00:00,1599362480991797254,al_majidee,Rasa macam makin mahal melampau pulak harga makanan dalam grab food ni 😅,Malaysia
2022-10-28 05:50:31+00:00,1585871616000413696,amaninanaeeim,"@AimanShahir17 Kat kl makanan lagi murah ,Bangi mahal stress","Damansara, Selangor"
2022-10-19 12:59:03+00:00,1582717966449512449,payid23,"Bersusun ye bila letak makanan mahal..dasar bulus!

#NekoAtsume #SiBulus https://t.co/34Ps8BKNnd",Selangor
2022-10-19 03:17:45+00:00,1582571677736906754,zafeiyra,"I jrg beli brg dpur sbb slalu beli je makanan. Skali beli sayur sawi 2 ikat, cendawan dlm plstik kecik, cendawan putih satu plastik RM10. Sayur mahal juga rupenye yee. Beli nasi goreng pun rm6-7 kenyang untuk sorg 😂👍🏻","Kuala Lumpur, Wilayah Persekutuan Kuala Lumpur"
2022-10-14 11:04:01+00:00,1580877080061149184,payid23,"Almost full house ptg ni. Kena pancing dengan makanan mahal gak baru nak mari.

#NekoAtsume #SiBulus https://t.co/GykNkHe0uq",Selangor
2022-10-09 10:24:33+00:00,1579055208277348352,kraszbatu,"Malam tadi pi la ke ""Pekan"" di pekan lama Ipoh. Dia punya Seafood Tomyam mmg power la. Dan portion makanan lain dia besar2 gak. Puas makan, harga pun taklah mahal sangat.
@PerakFood @MohKeIpoh https://t.co/AO5x7O24CY","Perak, Malaysia"
2022-10-06 02:26:06+00:00,1577847636832710656,MyraHana_,Minggu ni mmg tak sempat nak masak lunch sbb full schedule siapkan order. Luckily ada jiran yg bukak order makanan tgh hari siap hantar ke pintu rumah. Harga pun tak mahal mcm beli kt foodpanda https://t.co/81OPIBDaTs,"Kajang, Selangor"
2022-10-03 11:39:44+00:00,1576899799025999873,payid23,"Mcm biasa, kena letak makanan mahal baru dia nak dtg beramai-ramai https://t.co/JZk2y9Booi",Selangor
2022-09-14 17:55:19+00:00,1570108947960573952,projectbekal,"next week ada yang request ni gais.. bagi kira kira kos nya dulu ..

#projekbekal ni kita aim penjualan makanan per pack rm8 ..paling paling mahal pun rm10 la.. tapi kalau ada yang ada kuantiti dan bajet.. boleh diskus manjahhh

boleh follow di https://t.co/M8lHF78kub https://t.co/ZcJ1xe0UTE","Kuala Lumpur, Wilayah Persekut"
