Datetime,ID,Username,Text,Location
2023-03-28 16:19:24+00:00,1640750446515200005,AlyaTasya19,Now I realised that being an adult is not as i expect bruh ..i’m tried to being independent by using my money instead of “duit cik lin lyna”haihh sesungguhnya dunia skrg byk pakai duit aaa baru aq tau makanan mahal skincare pon mahal nak matiii😳🙂sekian luahan ank bongsu✨,"Pinang, Malaysia"
2023-03-27 10:58:54+00:00,1640307401944608770,Eghi,@sheluth_nur @JLaaKimster Makanan laut pun mahal lening. Dapam twitter je orang sembang barang makin mirah 😌,Butterworth
2023-03-13 14:14:48+00:00,1635283270085791748,bluefleur268,Sbb makanan mahal so kitorang masak je nasi goreng tomyam as bekal jimat duit and beli roti as backup in case lapar https://t.co/siUTHGWn3s,Malaysia
2023-03-10 14:42:42+00:00,1634203126881484800,Fiqamr,Nak tanya hang ni penternak ka? Tau dak harga dedak dan makanan unggas mahal? Tak termasuk dengan segala vaksin nak elak penyakit.  https://t.co/2cQjb2w6kQ. PKC ni memang kerajaan dan banyak penternak dah guna tapi harga tu masih terlampau tinggi untuk penternak.,"Kulim, Kedah"
2023-02-17 13:34:00+00:00,1626575694452117504,NikSyazne,"@CikAnjelina Sama kak nanti kalau akak datang Penang, sebelah Queensbay tu ada uptown mcm ni tapi mmg semua jual makanan. Mahal nak mampos and tak sedapppppp 😭 1 meal tu mesti kena standby RM10.00 baru dapat 🌚","Seri Manjung,Perak,Malaysia"
2022-12-30 23:58:47+00:00,1608975919850622976,_Ch4I,"@aliyong_ @isusemasaviral setuju, korang je yg terkinja nak try yg viral, lps tu kata makanan penang mahal, hello makanan tu mahal kalau ko x mampu je, yg klaka2 je komen","Setapak, "
2022-11-18 04:10:47+00:00,1593456661259120641,HaiqalKylo,@m4rijuanx tak . Mcd tu makanan mahal nak mampus,
2022-11-16 19:01:43+00:00,1592956093541777409,farahnaabilah,"Aku kalau ikut cukup Alhamdulillah pendapatan aku. Dapat tolong sikit2 adik beradik, but still aku kisah orang tak dapat makan. Depa tak pikir agenda2 lgbt semua ni, pikir nak makan apa esok, makanan mahal ka murah 😢",Malaysia
2022-10-26 03:06:29+00:00,1585105558201597953,frahirdna,"@xxxamanina @im_bel_ Ye doh dahlah makanan mahal, tengok arau steady je orang pun 8 orang",
2022-07-16 01:14:49+00:00,1548113892974657537,adek_farid,"Ingat lagi dulu belajar subjek Ekonomi tentang 'Kos Lepas'.

Kalau nak minum air Milo kena pastikan ambil makanan yang jimat dengan kuantiti sedikit sebab air Milo mahal.

VVIP dah sarapan? https://t.co/mwFmngyoWu",Malaysia
2022-05-26 10:31:58+00:00,1529772322067841025,shiqin9292,Try la singgah sini alang2 balik drpd office. Mahal btl harga makanan food truck. Selama ni ingt foodpanda mahal dh. 🤣 https://t.co/tecXzbvnvf,Malaysia
2022-05-23 07:22:28+00:00,1528637470547800064,naddhardi,Makanan grand dahlah mahal lepastu dia suka ja buang2 makanan ei nasib sayang kalau tak dah goreng dah 😂,"Penang, Malaysia"
2022-05-06 03:29:54+00:00,1522418351439757313,erzabellchan,"Just because your mom is old doesn't mean she can't control her mouth and spit shit to others. Only you're the one who can control your mom who can't read the room/situation.

Makanan mahal? Service makanan camtaik? What's the point of kpdnkk exist dekat Malaysia?",#lovestay 
2022-03-26 09:22:54+00:00,1507649283004448772,AfindiNoor,"Harga barang semakin mahal
Harga makanan pun naik 3-4 kali lebih dari sebelum ni
#menteri semua buat menatang apa pun xtau
Kira dok pulun nak rembat duit kerajaan dengan duit rakyat ja...
Bagi gaji tinggi dengan siap elaun apa bagai, apa kerja yang menteri tu semua buat???",Kuala Lumpur Federal Territory
2022-02-24 01:35:21+00:00,1496659983546523652,uzairfauzi_,@moklins Kahkahkah itu hal yang kena difikirkan juga. Makanan dari sumber protein ni laa mahal yakmat haih.,"Pontevedra, Spain"
