Datetime,ID,Username,Text,Location
2023-03-28 10:19:03+00:00,1640659760486969344,keemmazni,@nadieahq Terasa mahal betul tadi jalan2 tengok makanan,Kuala Lumpur | Ipoh
2023-03-27 10:26:05+00:00,1640299141195784193,littlemelon__,@AbudiAlsagoff Makanan mahal tapi tak sedap.,"Ipoh, Malaysia"
2023-03-26 16:37:56+00:00,1640030332228603904,littlemelon__,Patut la harga makanan kat bazar mahal melampau rupanya tapak meniaga pun dorg bida. Haihh,"Ipoh, Malaysia"
2023-02-11 02:33:58+00:00,1624235264897069057,azmidahan,"Malas nak breakfast takut merosakkan mood pagi2 sebab tahu dah makanan dah tak sedap dekat sini 😭, dah tak sedap lepastu mahal 😭, aku rasa makanan dekat dewan makan asrama lagi sedap dari sini 😭",
2022-11-19 13:03:39+00:00,1593953147701297152,Leechansew14,@frhyhms_ Sini makanan memang mahal mahal.,"Sungai Manik, Perak"
2022-07-23 09:59:08+00:00,1550782559206141953,fatinramleey,"Terima je la kenyataan sukiya ni overrated 😂🤣 takpela kalau korang t20 suka bayar mahal tapi kedai pilihan makanan sikit korang makan je la ek. Aku ni b40 je kalau bayar rm50 tu nak la sesuai dengan harga 😂🤣😂🤣😂 bayar rm50 takat nak makan cendawan 10 jenis, kim salam","Ipoh, perak"
2022-06-02 08:45:52+00:00,1532282339983626241,dygnsha,"love makanan nya. ambience nya, harga pun sik mahal portion banyak gik ya, patut juak rame org queue sbb fullhouse mun sik reserve menunggu di luar jakla 🤣 yg penting sedap! akan repeat tapi siktauk bila 🫣🤭😋

📍nifayyi https://t.co/kis98T59NZ",
2022-05-18 02:36:25+00:00,1526753546539962368,msyafizaly,Berganda mahal harga makanan kat Grab,"Hulu Kinta, Perak"
