Datetime,ID,Username,Text,Location
2023-03-29 08:50:35+00:00,1640999882986242048,ace_rais,Mampu masak kt rumah jah. Makanan luar mahal po nyepak,
2023-03-28 10:29:24+00:00,1640662366592565248,AzriYusainey,@adilaheiisha ni semua salah organizer bazaar letak harga tapak meniaga harga yahudi. Makanan semua mahal gila,I am what i've been through
2023-03-26 14:06:12+00:00,1639992150539771906,equeen_esmae,Sebab tu aku tak pernah persoalkan harga makanan . Sebab aku tahu . Ni confirm tapak yang mahal . Bising kat peniaga biar peniaga bising kat tuan tanah . Ke macamana pengurusan diorang tak pasti lah . Sebab harga pasar malam biasa elok je tak mahal 😭,"Kuala Terengganu, Terengganu"
2023-03-26 12:48:47+00:00,1639972666760372225,Radevengers,Normal ke Roti John Cheese harga RM13? Am i missing something or makanan bazar memang mahal,
2023-03-26 10:28:44+00:00,1639937419717001218,haikalkrekkrek,"Bukak reply penuh penyokong pakatan harapan marah awani, citer harga makanan mahal pun kena marah 🤣",Kuantan-Kuala lumpur 
2023-03-26 10:08:43+00:00,1639932384891248640,haikalkrekkrek,"Orang gila je pergi bazar selarang, mahal kaw harga makanan",Kuantan-Kuala lumpur 
2023-03-26 03:04:14+00:00,1639825561366433797,Jendulism__,"Makanan kami mahal sgt ke? Kami retort, beli packaging gred tinggi, plastic tebal x lobos. Itu value kami, dgn bahan2 dan resepi sikitpun x shortcut.

Tp org igt kenaikan harga dia sorang je yang rasa, peniaga yg beli bahan mcm kami ni x perlu naik harga?",KUL - KCH - MYY - BWN 🛩
2023-03-24 11:12:59+00:00,1639223780668235776,abdullah_e21,"@xmrlxrffbhr baru perasan, kira mmg harga makanan kt ganu mahal ke?",IIUM
2023-03-23 10:22:58+00:00,1638848807520845824,al_afnil,Damn harga makanan kat bazar TTDI mahal shitt haha,bangi
2023-03-15 12:07:11+00:00,1635975928840093696,kiddiepax,"Now i understand why i feel so poor jalan-jalan di KLCC. Sebab my salary range tak sampai lagi level tu. So bila tengok makanan/kedai mahal, sis rasa down (?) abit. Takde la down mana pun, cuma sedar diri tak mampu je la 😂",
2023-03-13 11:46:17+00:00,1635245897327185922,ehiniapiplah,"Dok kecoh2 makanan mahal mahal, tp tgn dok gerak bayo masalahnya tu. Ko reti bersyukur ke tak??!","Selangor, Malaysia"
2023-03-09 12:08:38+00:00,1633801968895524869,adihariez,@shrzxl Sebab makanan tu dibawa dlm truck. Kalau dia bawa dlm kereta murah skit. Diesel mahal bro.,Subang airport
2023-03-01 13:35:03+00:00,1630924614108065792,Mzrhycb,7Eleven Malaysia ni terlalu mahal barang2 nya. Markup harga gila2 betul. CU/Family mart/Emart lagi murah. Makanan ready to eat lagi banyak dan murah.  Kalau di Thailand -7Eleven nya murah Dan banyak barang.,
2023-02-28 03:04:41+00:00,1630403588009889793,rafiziramli,"Hari2 ratib harga barang mahal &amp; kerajaan x buat apa2.

Kita ambil langkah tambah bekalan makanan murah - baik melalui menu Rahmah (RM5) atau IPR (RM2).

Juga buka tanah kerajaan utk tambah bekalan hasil pertanian.

Skrg dia konar baring kata nak bunuh peniaga pulak 🤣 https://t.co/8Qax5l2moI",Kuala Lumpur City
2023-02-15 01:35:04+00:00,1625669992460206080,EmmaElmoo,Tak payah la buka kedai dulu kalau masih dalam fasa food experiment lagi. Kesian tau customer bayar mahal mahal tapi dapat makanan ala kadar.,"Klang, Selangor"
2023-02-14 07:24:25+00:00,1625395524122861568,djendelamata,Bulan Ramadan paling best. Semua resto mcm berlumba buffet sapa paling murah. Even hotel buffet paling mahal $40 semasa itu. Kalau pi bazar ramadan rambang mata makanan byk $1.  MasyaAllah.,3rd rock from the sun
2023-02-13 05:33:00+00:00,1625005096571641856,ohsemnow,Thai food festival...mahal nawww harga makanan dia😂😂😂,Malaysia
2023-02-13 01:29:10+00:00,1624943732503236609,azahsharipuddin,"@aixffir Minyak petrol mahal kat sana tp apesal makanan murah, hotel murah. Pastu malaysia pening billion2 rakyat malaysia spend kt thailand.",S.A All Day
2023-02-11 01:32:08+00:00,1624219701793677312,izad_abas,Ada kawan cakap absolute thai tu sedap. Nak nangis rasa makan makanan mahal tapi tak sedap. 😭,Malaysia
2023-02-09 11:06:06+00:00,1623639371315552256,Syamil_Luthfi,Aku rasa bab makanan mahal ni benda yang real. Sebagai student sangat terkesan dengan keadaan harga barang sekarang. Nasi lauk ayam goreng sahaja pun sekarang dah RM6.,
2023-02-08 04:41:26+00:00,1623180178343206912,rizal_sarbini,@ThisIsPutrajaya Ramai peniaga food court tak ambil bahagian Menu Rahmah! Rata2 lokasi food court bersebelahan pangsapuri golongan pendapatan rendah. Caj makanan agak mahal di food court. Agak menyedihkan!,"Presint 11, Putrajaya"
2023-02-06 01:39:24+00:00,1622409593115791361,ekangd,"@haaziq_mz Dah lama tak g sambal hijau.. 
pinggang dia besar ya ampun meja kecik makan 2 org pun x muat meja, memang mahal dan makanan dia sedap juga la tp bukan level yg sedap giler",Kuala lumpur
2023-02-02 08:33:11+00:00,1621064175433953280,xeraheadstrong,"Hahahahahahah.
Ko bukak kedai makan dlu bru sembang.
Kesian kat peniaga konon.
Habis kat rakyat nk mkn ni ko tak kesian?

Bila brg mahal,suruh kerajaan turunkan harga.
Kerajaan turun harga makanan,ckp kesian peniaga.

Asal Pertikaian Nasional,semua benda nk pertikai.","Chukai, Trengganu"
2023-02-01 08:41:53+00:00,1620703974214213635,azahsharipuddin,Cane ek minyak petrol kan mahal kt thailand tp apesal makanan die murah?,S.A All Day
2023-01-31 17:27:59+00:00,1620473984268763136,ImannurdinW,"Antara sebab harga makanan dekat kedai pun dah mahal sekarang, cuba kau tengok harga benda yang sama deme jual dekat platform Grab, Food Panda, Shopee Food bagai tu. Sama ke atau lebih mahal?","Kuala Lumpur, Wilayah Persekut"
2023-01-31 14:21:28+00:00,1620427047599505413,iamfuzy,"utk masuk ke sini, anda akan melalui hutan simpan yang berpagar. Memang cantik dan tenang.

Harga makanan pun tak mahal tapi portion nasi lemak tu tidak terlalu besar ya.

Nak tahu lebih lanjut, jengah https://t.co/P6pqjfPzxh nanti #iamfuzykongsi https://t.co/5YR4dR2noz","Kuala Lumpur, Malaysia"
2023-01-31 11:47:27+00:00,1620388286375297025,outlaw__J,Tak tau gaji aku yg ciput sgt or makanan yg mahal nak mampos.,J's Pocket
2023-01-31 09:33:19+00:00,1620354531833036805,ainjuseyo,"Hotel kat malaysia mahal nak mampos, makanan mahal sebab tu laa",Malaysia
2023-01-31 05:33:00+00:00,1620294051420581889,nowthisisrita,"Nak buat mcm mana, makanan kat Malaysia ni asyik kena scam je. Pergi tempat mahal pun so so je raso. Tapi aku tetap la belanja dlm Malaysia. Dr Mersing ke Rompin makanan 👍🏼.",she/her
2023-01-30 13:52:41+00:00,1620057414472171522,alinosours,"Restoran che' lah sek 13👎👎👎
1 hantar makanan x order.
2 memandai tambah makanan + minuman kita tak order pn dkt cashier.. Paksa bayar plak tu. 
3 pricey, semua above rm10.. Aku marhein je, bihun goreng rm12. 90 mahal tau?! Aku geram! Sb terpaksa stop mkn sb org lain stress..","Malaysia, Melaka. "
2023-01-29 14:00:35+00:00,1619697016514412549,pdodido,"Sebagai event organiser, aku mengaku, sudu pakai buang, tissue, bekas makanan memang agak mahal. Tapi.. dimana food hygiene? Sedih!",Petaling Jaya
2023-01-29 05:29:16+00:00,1619568337020911627,emmnh_,Terpaksa naikkan harga makanan sebab barang basah mahal sekarang. 😢 Sorry guys,Malaysia
2023-01-29 00:28:08+00:00,1619492557041602560,naimbinzaini,"@3da_nash Dlm konteks makanan yg disembelih, org Islam ada pertimbangan lain selain harga. Ada je ayam murah yg blh dibeli tapi hati rasa tak yakin dgn tahap halal tu. Mereka ni lbh rela beli ayam yg sedikit mahal asalkan hati rasa yakin. Ini pemerhatian saya bila sembang dgn org² tua la.",Kuala Lumpur
2023-01-27 15:37:03+00:00,1618996516932440066,serisseu,Tapi self reward aku makanan 😭 yang mahal laktuh 😭😭😭😭 sukiya lah nasi lemak kak og lah,Kuala Lumpur City
2023-01-27 11:04:46+00:00,1618927995397488642,iliansori,"Food security ni kalau buat research memang akan meletop kebabom. Isu yang takkan berakhir, contohnya baru ni yang rafizi dok cakap “makanan mahal” tu one food security isu lah","Kuala Lumpur, Malaysia"
2023-01-27 06:32:40+00:00,1618859515772018688,ramdan87,Before beli korang jgn lupa tgk review dulu guys.. Rasa sayang sgt sbb tak tgk komen before beli.. Sebab terkesima tgk gamba makanan mereka yg fake tu.. Dah la mahal.. https://t.co/UYRcUG03mH,"Shah Alam, Selangor"
2023-01-24 06:15:19+00:00,1617767989000167424,amirullazmannn,"Buto la mekdi. Harga makin mahal, tapi makanan semua hauk! Dah tak sedap, ayam goreng  lemau plus kecik!","Selangor, Malaysia"
2023-01-20 04:05:08+00:00,1616285672549289984,nizxmshxms,"Yang duk complaint harga makanan mahal ni… 

U ada pergi Pasar tak?",Kuala Lumpur Federal Territory
2023-01-19 02:50:28+00:00,1615904494365331456,ilovedessert95,Bukan taknak tips tapi harga makanan + delivery tu pun dah mahal. Ada makanan tu harga rm7 je tapi kena bayar sampai rm14. Kat situ je dah double kena spend. 🥲,"Cheras, Selangor"
2023-01-17 03:54:58+00:00,1615195950393483265,payid23,@Mear_Biaggi Makanan nak mahal aje kejenye.. bengkrap..apak dia pun makan megi je😂😂😂,Selangor
2023-01-14 08:01:16+00:00,1614170772838440961,yirrginie,"Sometimes mahal mana makanan tu pun, tu tak kisah. The memories 🍃🍃",
2023-01-13 08:17:54+00:00,1613812567805407237,nizxmshxms,"Mahal eh makanan tadi. 

Menyesal sikit.",Kuala Lumpur Federal Territory
2023-01-09 15:01:05+00:00,1612464483074715648,miuju,Makanan kat bask bear mahal nak mampos eh. Hahha,
2023-01-09 09:18:32+00:00,1612378276819013633,Aliakhalisya,Balik kl ni selalu pening nak makan ape bukan sebab tak lalu tapi semua makanan mahal hahahah,Malaysia
2023-01-06 06:16:51+00:00,1611245392867528706,Eastcantdark,"Harap² Y.A.B @FadhlinaSiddiq dan Datuk Seri @anwaribrahim do something to appreciate the efforts of Maryam Muzamir which is not just a moral speech...Datuk Seri @AlexNantaLinggi kata dh pattern in @myipo... betul ke?
So dh tk bleh bgi alasan import makanan ternakan mahal lpas ni.","Kajang, Selangor"
2023-01-04 08:26:30+00:00,1610553244287373312,aRRy_MaMaK,"@MyDSA_official P: harga barang makanan masih mahal.
S: by right..uhuks uhuks https://t.co/3otOp5XqkQ","Sungai Buloh, Selangor"
2023-01-02 03:29:49+00:00,1609753804333010944,sherfiqashrdn,Actually semua makanan da naik harga 🥺 and da makin terasa mahal dia actually bcs duit aku makin cpt berkurang hahah,
2022-12-27 06:39:20+00:00,1607627170985447425,afrinaaaa__,Will share this tweet to my mum cause mama tak percaya bila i cakap makanan dekat bangsar mahal,L-1485
2022-12-23 15:42:36+00:00,1606314337403969536,NabilTaki92,"Dlm space tu ramai speaker blur apa solusi. Nak tergelak pun ye. 😂. Punyalah kita ni dah ada blueprint Industri Bijian dengan Pelan Penanaman Jagung (2017 - 2032). Siap ada 3 Fasa lagi dalam pelan tu.

Hahaha. Benda paling mahal utk ayam ni makanan dia. Kau import pun sama jgk😂","Petaling, Selangor"
2022-12-23 15:04:22+00:00,1606304714865274881,Cintaumi9,@TAhmad27164840 @xleovengence @syahirsyhr Banyak je pilihan kalau nak... benda paling senang dibuat... pilih harga makanan yang berpatutan dan berbaloi... mahal tapi x sedap x guna jugak...,"Kuala Lumpur City, Kuala Lumpu"
2022-12-22 21:56:02+00:00,1606045925734240256,alpha_KVG,"@McDMalaysia Oh, pasti sangat berbaloi dengan harga yang mahal tu. Jom kita makan makanan yang tak sehat dan minum minuman yang tak berkhasiat!",Kuala Lumpur City
2022-12-16 11:40:22+00:00,1603716662091317248,ketotbae,"So dah lama craving makanan cina. Jumpa kedai halal Salam Noodles. Pernah try Beef Noodles dia. Serious sedap🥹. Harga pun tak la mahal, air free flow. Apa lagi mahu🥹?

Dumpling dia sepinggan kenyang..Spiced Egg dia sedap. https://t.co/lmy8324LKy",WMKK (KUL) - WMKJ (JHB)
2022-12-15 09:51:13+00:00,1603326806303862786,amolnisrino,Nak keluar beli makanan pun nak fikir 10 kali penat dia tu. Nak grab punya lah mahal 😌😌,KL || MANJUNG ⚒
2022-12-14 01:41:34+00:00,1602841191405744129,perosakhidupmu,"nanti kalau aku ada banyak duit mende first aku nok mewahkan kucing aku weh. aku nok@bowok sume demeni masuk@rumoh aku, aku beli mainan besor besor, makanan yg lagi mahal dari royal canin, setiap hari gi spa sapa luruh bulu semua, siyes cakap!",
2022-12-12 07:29:29+00:00,1602203975704420352,raxipjasry,@faruqmcgrath hujan  dan makanan mahal 🤣,"Kuala Lumpur City, Kuala Lumpu"
2022-11-28 04:43:53+00:00,1597088868355801089,kewayamin,- orang yang bila tengok aku post tempat makan lawa2 suruh bawa pergi situ juga. aku dah bagitau makanan dia biasa2 je dont expect too much. bila dah sampai dia bising siap perli2 tak kenyanglah mahal lah segala. heyhhh nyampah lah aku. 😂,Shah Alam
2022-11-02 03:56:38+00:00,1587654894563266560,MohdShubhi,@LostGenX1980 Cap ayam paling mahal berbanding makanan tin yg lain !,"Petaling, Selangor"
2022-09-24 10:49:31+00:00,1573625671397838850,Smohni64,@yuszuri @magmalaya Harga tiket dan makanan mmg mahal.,
2022-09-19 04:29:13+00:00,1571718028034969600,HarithHmzh,@kumuhaimin11 @nelsonc50 That's the thing. Diorg kena tahu anything that got to do with penjagaan makanan and diet nie mahal. Itu yg diorg tkleh commit.,"Bukit Jalil, KUALA LUMPUR"
2022-09-14 17:55:19+00:00,1570108947960573952,projectbekal,"next week ada yang request ni gais.. bagi kira kira kos nya dulu ..

#projekbekal ni kita aim penjualan makanan per pack rm8 ..paling paling mahal pun rm10 la.. tapi kalau ada yang ada kuantiti dan bajet.. boleh diskus manjahhh

boleh follow di https://t.co/M8lHF78kub https://t.co/ZcJ1xe0UTE","Kuala Lumpur, Wilayah Persekut"
2022-09-12 10:33:50+00:00,1569273070476754945,azlindhia,"I tak kisah bayar mahal, kalau makanan tu sedap di tekak i. Kalau tak sedap, sekali tu je lar i beli..",
2022-09-10 11:16:28+00:00,1568559023108276224,sifu_k,"Siapa kawal harga tiket parkir ? Siapa kawal harga makanan dlm stadium? Kalau mahal tp service baik org xde mslh. Tp mahal dapat cikai, siapa x bising.",Gombak
2022-09-09 00:19:29+00:00,1568031302242430976,HarirZharfan19,"Makanan airport mmg mahal. Gaji aku 300k, 500k setahun pun, aku akan rasa dia mahal. So best option? Tapau lah kat luar. Jimat do. Pastu makan kt airport. Beli la 1-2 air dulu, then tanya, boleh makan tak. Usually kalau dah beli, xkn diorang nk cakap tak. Hahahaha.",Kuala Lumpur
2022-09-09 00:11:38+00:00,1568029323793432576,HarirZharfan19,"Yes. Each of us ada tupperware kecik, kitorang makan je kt seat tu. Air sorang satu botol 500ml. Picnic tu taklah. Tak pernah terfikir utk picnic. So nak kata aku susah, aku pernah hidup susah dulu, makanan airport mmg mahal for me n my fam at that time, tapi x pernah sesekali…",Kuala Lumpur
2022-09-05 05:49:37+00:00,1566664831130021888,yeolahv,"Kalau tahu kita tak ada duit, buat cara tak ada duit. Masak dekat rumah etc

Makanan sihat dekat luar memang mahal sebab you pay untuk their prepping skills more. Yang tak sihat lagi murah pasal dia campak je segala perisa recklessly",Malaysia
2022-09-05 05:48:07+00:00,1566664453441323008,yeolahv,"Makanan sihat mahal? Haritu aku beli daging RM3 boleh buat makan siap share dengan kucen lagi 🫠

Belum kira beli sayur etc. Tapi yelah kome nak membeli juga, tak nak masak sendiri",Malaysia
2022-08-16 14:02:40+00:00,1559541153237979136,khairunnxsa,@ziq_zufar Kalau kau teringin makan nasi n tomyam aku cadangkan makan rama V. Makanan sedap. Harga mahal. Ekslusif. Gi ah tengok ig dia,
2022-08-11 06:42:24+00:00,1557618417363853312,luq_hakim666,"@SyedSaddiq Tp yb kalau dia naikan delivery, sy sebagai pengusaha/ merchant akan terlibat juga makanan jadi mahal YB, solusi dia pada sy kurangkan comision 35% tu kepada 25% dan naikan rider fee, baru lah pengguna benifit, rider benifit, merchant benifit, syarikat ada lah untung sikit",
2022-08-06 06:15:54+00:00,1555799810401177600,luq_hakim666,"@SyedAkramin Kalau nak mogok bagi lah end user untung, bukan rider. Klu panda/grab naikkan harga delivery, yg terjejas rider l, vendor dan pengguna, klu dah mahal pengguna x Oder makanan, rider rugi, vendor pun rugi, grab/panda ok je dia company besar.",
2022-08-03 18:13:55+00:00,1554893338678943744,seorgperempuan,dah sampai sini belasah je la tunggu beratur. Daripada panas terik bawak ke hujan baru dapat meja. Tapi berbaloi la makanan sedap. Ke sebab dah lapar? Harga pun boleh tahan taklah mahal mana. Balik hotel rest kejap lepas tu ke Central Festival Mall. Ini jalan kaki je,Malaysia
2022-08-01 12:36:24+00:00,1554083624517275649,syvzwvn,"Bila nak order makanan, tengok delivery harga mahal, aku berteleku sejenak. Lepas dah kira dan berfikir secara kritis, aku tiba di konklusi kalau aku jadi rider tu, confirm confirm aku charge triple. So aku pun order. Kita murahkan rezeki orang, orang mudahkan urusan kita.","Chicago, Kelantan"
2022-07-29 07:37:15+00:00,1552921177215012864,nowthisisrita,Yang paling mahal minyak ni berbanding harga makanan dalam bil lunch tadi. Tp bau dia sedap feeling hotel dan spa. https://t.co/nIZX9MCm4N,she/her
2022-07-29 07:00:12+00:00,1552911855722434560,NaddyAzahri,Hahhhahahah can relate. Hari tu suruh husband belikan bunga dia kata baik beli makanan bunga mahal xleh makan 🤣🤣,Kuala Lumpur City
2022-07-26 06:50:47+00:00,1551822321614467072,BimmerHp4,"@afnankamilan @SyafiqmuhdD @brgsjks Sy beli bahan mentah Untuk smggu, selalunya Sy bawa 1 or 2 lauk, je, lupa lak nak buat costing, bole la jimat skit, kat dmnsara ni makanan mahal nk mati",Puchong Selangor
2022-07-22 13:28:17+00:00,1550472802590867456,zafeiyra,"@_nrzznx Yee dlu boleh kata sardin ni salah satu makanan time hujung2 bulan. Skrg sardin pun mahal, telur pun mahal hahah","Kuala Lumpur, Wilayah Persekutuan Kuala Lumpur"
2022-07-21 11:43:37+00:00,1550084077541212160,noorshaheeraa,So mahal ye harga makanan kat foodcourt mid ni 🥲🥲🥲,
2022-07-14 02:06:15+00:00,1547402061956157441,ain_manan84,Lunch.. Kalau boleh jimat..jimat je lah kan..makanan mahal betul skrg.. Utk org yg makan ciput mcm i.. Boleh je masak simple mcm ni.. https://t.co/jTfoCw1N8p,"Selangor, Malaysia"
2022-07-13 03:18:56+00:00,1547057963671896065,sruliam,@CescYayan Makanan kat sini mahal. Takmau makan!,Malaysia
2022-07-12 04:03:48+00:00,1546706868029886464,runningpanda_,"Time I kat perak, kos makan luar tak mahal so I prefer makan luar je sebab if masak, penat.

Tapi bila kat kl, masak sendiri lagi jimat sebab sini makanan quite mahal. Kalau masak je, sebulan 300 je keluar duit makanan (harga barang 2021). Duit extra boleh buat shopping 😂😂",
2022-07-05 15:03:03+00:00,1544336058472894464,afmnurdin,Done beli makanan meow. Kucing saja kibbles nk kat 100 sebulan. Aku hrp kibbles xnaik harga :( tp shipping mesti mahal sbb on average the weight dlm 2-4kg,
2022-07-03 15:13:52+00:00,1543614006082306049,Dar_Moee,"Oke besok kelar kerja ada dinner bareng tim tp tanpa leader. Tau dmn mo dinnernya?  Resto Jepang yg Fancy woy. 
Aku dah cek harga sushi dll 😭
Eman sekali bayar mahal buat makanan bcs for me its just once to enjoy loh. Not longlast. 
Tp yaudah itung"" biar pernah makan yg mahal.",🇹🇭🇮🇩 | ENG • INDO • ไทย
2022-07-03 14:09:24+00:00,1543597781759447040,ieya_2020,"@luvly_ania Tak sis, apelah sgt potong ayam tapi aku skrg pon da kene rajin masak sbb mahal amat makanan","Kuantan, Pahang"
2022-07-02 03:58:58+00:00,1543081771935272960,FatinKhalil,Aku nk gi sogo. Nk makan. Tp kamil tak bagi. Semua tak bagi. Bukan mahal pun makanan kt sogo tu 😣 dalaaa merajuk!,Kuala Lumpur.
2022-06-26 11:41:30+00:00,1541023844940468225,Skeperism,"Masalah aku paling besar bukan makanan manis tapi kopi tin, sehari kadang 2 tin kopi tarik wonda. Jadi ini lah penganti with zero sugar, cuma yg coldbrew tu mahal dol. https://t.co/kfPbVn0xl7",Sundaland
2022-06-22 11:38:40+00:00,1539573581901795328,kechekkkkk,"mummy kt tempat kerja aku cakap ""dulu haa maggi ni orang cakap makanan orang susah tau, sekarang maggi pun mahal"" 

nak makan maggi pun pikir² sekarang sbb tambah sikit dah boleh makan nasi 😭😭 siel laa",One Piece
2022-06-19 04:17:18+00:00,1538375346277744641,laylathefirst,Memang mahal. Hari tu ingatkan makanan kat shah alam ni yang mahal rupanya semua tempat dah naik harga. Sekarang keluar dating pun bawa bekal je masak siap siap kat rumah. Boleh la saving sikit. Keluar duit makan malam je.,
2022-06-15 04:06:37+00:00,1536923103753691142,hilmiazizi14,so selama ni aku beli makanan wayang mahal tak normal lah sebenarnya? https://t.co/DHbk579Epk,
2022-06-15 01:06:17+00:00,1536877721644859392,slnvmohd,Mmg mahal sgt la makanan kt tempat wayang ni. Memang terasa mahal. Tiket pun mahal 1 tiket 20 kot. Aku sorg je ke rasa mahal,"Selangor, Malaysia"
2022-06-14 01:10:55+00:00,1536516501611888640,laylathefirst,Shah alam ni makanan mahal siao,
2022-06-12 12:13:45+00:00,1535958532444434433,eqazainal,"Satu benda yg aku rs setiap rumah wajib ada. Cosway pre wash ni. Rendam kain before masuk machine, kesan minyak, makeup stains kat tudung, makanan tumpah kat baju anak2 hilang woiiii!!!! Rege aku yakin mampu milk sbb kalau mahal laki aku takdenye nak beli 🤣 https://t.co/5S92YaHYQi",Malaysia
2022-06-11 09:35:36+00:00,1535556344844910593,ans47,"Pegi mana pun dalam dunia ni, kalau tempat lg mahal dr kita mcm Australia, Singapore, Japan, Korea, Dubai, Paris, London

1. Pastikan kita tahu makanan kering apa yg boleh dibawa dan tidak boleh dibawa

2. Kalau dh tahu apa boleh bawak, bawak apa yg patut

3. Bawak ubat jgn lupa",
2022-06-10 12:11:34+00:00,1535233207703990274,CxkVito,Makanan mahal tak semestinya mengenyangkan.,"Reykjavik, Iceland"
2022-06-05 16:57:02+00:00,1533493106900815872,izzahokayjer,"@RimauXI kos sara hidup macam kat kl ,tapi gaji gitu jugok muroh dooh lalu.kalu makanan tu mahal dari kl lagi la🤣","Pattani, Thailand"
2022-06-04 14:00:25+00:00,1533086274466086912,WadieAzman,"Kalau berjenama, ya memang agak mahal. 
Kalau jenama biasa, masih yang dijual bawah &lt;RM5 untuk setin besar. 
Tapi ini tak nafikan hakikat yang harga makanan negara dah melambung teruk.","Ampang, Wilayah Persekutuan Ku"
2022-06-03 12:40:05+00:00,1532703666662043654,WadieAzman,"4. Kudap-kudap
Makanan yang dijual kat #PWTC biasanya mahal gila namatey! Jadi, siapkanlah kudap sikit. Coklat ke, granola ke, buah potong ke. Haa, bolehlah buat alas perut sebelum nak makan berat","Ampang, Wilayah Persekutuan Ku"
2022-06-02 14:48:35+00:00,1532373620403494913,nabilahudatahar,FUCKING HELL LAH MAKANAN TAK CUKUP MAHAL KE,MY
2022-05-31 15:27:19+00:00,1531658589185581056,kiddiepax,@yvyvivy Bab gerai jual makanan ni last time macam fail jaa. Mahal dan not many choices. Seboleh-bolehnya eat somewhere else before coming lah.,
2022-05-28 12:35:51+00:00,1530528274043940864,akudiraf,"@nia_kawai @anhe51 @realfikrift Untuk Nia mesti boleh. Beritahu saja jika Nia ke sini. Tapi itulah sekarang ini, semua harga makanan makin mahal disini. 😢","Kuala Lumpur, Malaysia"
2022-05-27 07:36:08+00:00,1530090461301559302,lady_chantek,"Sebenarnya ayam adalah makanan yg masih mampu ramai org beli utk mkn di kedai atau di rumah.
Ikan lebih jauh mahal dari harga  ayam apatah lagi harga daging lembu &amp; kambing.Itu sbb ramai yg rasa tertekan bila ayam naik harga dan tiada bekalan tapi itu saja yg ramai mampu beli.","Kuala Lumpur, 📍 Malaysia 🇲🇾"
2022-05-27 00:54:19+00:00,1529989343322189824,akidaqli_,Boleh makan. Penuh makanan kelantan bukak smpai malam tpi harga agak mahal. Tpi puas hati mat makan😭 https://t.co/NoEPITz5Oh,
2022-05-26 13:18:46+00:00,1529814298918236163,_riixal,"Kecewa nya dpt Vietnamese beef noodle macam nih! Sup sikit, masin plak tuh! Sayur pun takde! Teruk betul kualiti makanan @secretrecipemy_  skrg nih! Harga da la mahal tp kualiti makanan tak seberapa. https://t.co/amQnCRP801",W.P Kuala Lumpur
2022-05-25 01:22:29+00:00,1529271653846622209,ieya_2020,"Dah lama tak masak. Bukan ape, sebab barang dapur makin hari makin mahal, duduk sorang-sorang ni beli je nasi lemak kedai bawah.
Tapi tu lah tekak ni dah naik jemu nak beli makanan luar. Dah tu itu je pilihan yang ada untuk berjimat. 
Kalau beli barang dapur kadang rosak cepat 😔","Kuantan, Pahang"
2022-05-18 08:32:18+00:00,1526843108024913920,amrmnff,"Habis lah FP dah lah mahal, risau makanan tercalit ciritttt 💩 rider suka suka crotttt ghisauuu","Shah Alam, MY"
2022-05-13 16:22:32+00:00,1525149503476858880,Mohdfaiz13,@hidayatdean @thecathooman @nzranasr Rider dari hari tu hingga sekarang ramai yg masih beraya. Tak nak kerja. So rider kurang tapi ramai yg nak order makanan. Tu jadi mahal.,"Shah Alam, Selangor"
2022-05-13 14:31:57+00:00,1525121676588949504,asyrafaafiq,"Makanan bayar mahal, tak sedap pulak tu. Duit habis, stress pun dapat. What a great life☺️",Malaysia
2022-05-09 13:52:05+00:00,1523662091021787137,lady_chantek,"@NoreenAmore We Malaysia, doesn't have any food bank and food security for our people.lg mahal la harga makanan","Kuala Lumpur, 📍 Malaysia 🇲🇾"
2022-05-06 14:55:27+00:00,1522590873938145280,Mohdfaiz13,@RimauXI Sebab tu caj penghantaran makanan lebih mahal dari sebelum ni. Bukan setakat permintaan ramai ditambah pula dengan pekerja pun kurang.,"Shah Alam, Selangor"
2022-05-01 12:05:01+00:00,1520736044534050816,kumuhaimin11,Cilakak mekdi ni fast food waknat. Tapi takde apa yg fast pasal tempat ni. Bayar mahal mahal tapi nombor kena rembat. Makanan tak sampai lagi. Benda boleh check sistem la bodoh. Harga mahal tapi servis level kedai mamak.,Hidden Village of Rain
2022-04-28 10:02:02+00:00,1519617929708699648,mluthfiramli,"@MaisarraAnuar Hahaha sabar sabarrrr. Kena ingat, makanan dorg lagi mahal dari makanan kita 😂😂","Ampang, Wilayah Persekutuan Ku"
2022-04-27 02:08:24+00:00,1519136349827518464,heeyydiii,"@ilmantee Memang lah bukan makanan harian. Kalau dessert dah mahal, of course main course pun mahal

Contoh aku pergi spain madrid haritu , aku beli shawarma tepi jalan je tapi harga 8 pound ( kalau convert duit malaysia Rm45)  😂

Bagi diorang 8 dollar/ pound , 8rm je kat negara diorang",
2022-04-16 11:21:30+00:00,1515289276128571394,DausArshavin,Sama ada makanan dekat baazar terlalu mahal atau aku yang miskin,Malaysia Bolehland
2022-04-12 12:05:58+00:00,1513850914742083584,chairman_GLC,"Kedai ni perfect weh. Makanan tak mahal cekik darah, sedap pulak tu, ambience tenang. Such a lovely place. https://t.co/PywAH6lsSm",Petaling Jaya
2022-04-12 04:26:36+00:00,1513735308545691648,aizathilmi,Tak mmpu jgn beli itu je. Makanan kualiti mmg la mahal. Apa la salah org tu mniaga.haihh meleyss,Ampang
2022-04-11 16:55:40+00:00,1513561429261303810,capt040797,"Kes makanan mahal kt bazar, makanan dari “chef” lagi tuh.

Camni laa. Dah takmampu tu takyah laa beli. RM50 sebekas pun kata mahal, kau expect apa rasa makan premium, harga kampung?. Kau makan kuih je la, RM2 dpt 4 biji. Kenyang pun ya.","Bandar Sunway, PJ"
2022-04-09 13:02:04+00:00,1512777868581158912,shahrizan_k,"Kita akan rasa harga makanan mahal sampailah kita sendiri berniaga &amp; rasa sendiri penat lelah berniaga tp untung tak seberapa.

Kena mula terima hakikat harga kos &amp; barang, kos pekerja &amp; delivery pun dah naik.

Tak mampu, tak payah beli. Peniaga nak untung, bukan buat charity.",Malaysia
2022-04-06 22:25:24+00:00,1511832473092911107,shazwan_r,"Every year mesti ada isu peniaga jual makanan mahal, portion size kecik, makanan hampir basi/sudah basi, takde rasa/terlebih itu ini. Kita yang beli pun kena pandai. Faham?",Kuala Lumpur City
2022-03-25 01:16:00+00:00,1507164362666299392,YusriShamsuddin,@hanifnazrii @neyrashazeyra Lah owner kedai pun. Mmg harapkan komen yg indah2 jeke? Tak blh ditegur? Ke mmg dah rasa perfect?Biar customer rasa sendiri berbaloi dgn makanan yg ingredient mahal2 tu. Kita kat sini semua org Islam aih. Yg cerita ingredient mahal lepastu hujung2 buat ayat perli. Islamic ke tu?,kuala lumpur
2022-03-23 17:41:56+00:00,1506687706952499202,OwToTheZie,Aku jalan terus sebab aku tau customer dari syurga macam ni wujud. Sanggup order walaupun delivery lagi mahal dari harga makanan. Punca kekuatan aku. 💕 https://t.co/2WB6huFPJO,Kuala Lumpur City
2022-03-21 09:16:59+00:00,1505835856116195328,amsyarss,"Ni setuju do, asal foodtruck je harga mahal lain macam, rasa setakat ni takde lah yg buat aku ingat makanan dia sedap.","Kajang, Selangor"
2022-03-18 08:27:05+00:00,1504736131430363138,rafhanrafidzi,"Boleh tak kawan2 yang kaya story tempat makan yang betul2 sedap. Jangan story sebab tempat tu fancy, instagrammable and mahal je tapi makanan bbj. https://t.co/PHIXq2aOd0","Port Dickson, Negeri Sembilan"
2022-03-14 02:04:29+00:00,1503190299174371328,MSallehuddin05,"Makanan utk ayam mahal, negara tgh perang dkt europe tu supplier jagung kot","KUL, LHR"
2022-03-08 12:57:52+00:00,1501180398298333193,ciksenah,@LilMakcik Harga bawah RM10. Kalau paling mahal makanan kat sini RM22.90 all day big breakfast. Makan ya ampun kenyang gilaaaa.,Kuala Lumpur City
2022-03-04 04:04:06+00:00,1499596521930903552,sekuntumcinda,"Bukan setakat delivery rate je mahal, makanan tu pun dia charge jugak. Eh macam dia pulak yang masak? 😃",
2022-02-14 05:43:18+00:00,1493098504436457472,Hfizbhrdin,"Aku benci gila babi kedai yg letak nama makanan Ramen chicken grill lah apa lah, bila sampai ayam 1-2 keping je. Anak harey punya kedai. Lepastu cas harga bukan main mahal lagi. Cm babeyh!",
2022-02-08 22:36:56+00:00,1491179268185161732,mokciknab,"Found via @arwenmh 

Mohon share restaurant mana yang setakat cantik je tapi makanan sangat meh &amp; sangat mahal. I’ll start:

Mary Jane KL (the worst)
Merchant’s Lane 
Nippori Bistro 
Ruma Putih",Petaling Jaya 
