Datetime,ID,Username,Text,Location
2023-03-28 03:17:57+00:00,1640553786145128448,updi_terengganu,"Harga Makanan Mahal, Kuasa Memilih di Tangan Pembeli https://t.co/8L7gcfoOXO","Kuala Terengganu, Terengganu"
2023-03-27 11:55:22+00:00,1640321610115858434,chepuankells,@SchAyeJay Faham! Kalau bujang tak baloi mana nak masak lagi mahal dari beli makanan siap,"Kuala Terengganu, Terengganu"
2023-03-27 02:20:30+00:00,1640176939326644224,aeizatazman,Mahal sgt lah makanan kt bazar skrg,"Kuala Terengganu, Terengganu"
2022-12-27 15:46:38+00:00,1607764901849882624,nick_amirrul,"Good read guys. Penyebab inflasi terbesar kita semua adalah makanan. Kalau kita semua berganding bahu tolak pasaraya/kedai/pasar yg jual mahal, itupun kita dah push senarnya","Kuala Terengganu, Terengganu"
2022-12-25 06:30:57+00:00,1606900284139409409,amrafkz,"isu makanan di pasar lagi mahal kerana mungkin pasaraya besar beli bahan makanan lagi bnyk ( in bulk) so dorg dapat harga murah lagi , berbanding di pasar mereka jual secara kecil kecilan so dpt harga dari supplier tidak seperti harga di pasaraya.",Currently in Malaysia
2022-12-17 04:15:46+00:00,1603967163018133505,_mhdsaifullah,Khas untuk budak uni yang selalu bising makanan cafe mahal https://t.co/bQ2MZmOD6d,"Malacca, Malaysia"
2022-10-19 02:28:37+00:00,1582559315021688834,B2utyIMA,"- Beli yang perlu je. 
- No more cafe hunting kecuali bile on vacation. 
- Catu makanan: makan &amp; minum yang diperlukan sahaja.
- Tak ikut trend mcm orang. 
- Mostly banyak duk rumah je. 
- Kurang main ig dah. 
- Dah tak beli barang mahal, grab barang sale je.",Rainbow Cloud🌈⛅️
2022-03-30 08:57:25+00:00,1509092421917093889,RasgoRomango,@MohdBasld @Mfaizaltalib Jual mahal makanan tak sedap x laku gak 🤣.,"Kedah, Malaysia"
2022-03-01 14:26:19+00:00,1498665944440352773,HafidzHamzah7E,Ada satu kedai orang duk viral kat Marang ni. Aku try la pergi. Hmm. Makanan so so je dah la mahal.. Patut la macam tak ada orang je tadi.,kuala lumpur
