Datetime,ID,Username,Text,Location
2023-03-30 10:59:02+00:00,1641394597267140611,ThIsIs_Zharif,Makanan bazaar memang mahal la,"Kuala Lumpur, Malaysia"
2023-03-29 15:30:57+00:00,1641100642038222851,nxnasya,So far makanan yg beli dkt bazar ttdi setakat ni semua sedap walaupun mahal.,"Kajang, Selangor"
2023-03-29 10:00:59+00:00,1641017603476045824,nrhanimlee,@AkeemSharyzal Takberminat dgn makanan bazaar sbb semua harga terlampau mahal 🥲,Shah Alam
2023-03-29 08:50:35+00:00,1640999882986242048,ace_rais,Mampu masak kt rumah jah. Makanan luar mahal po nyepak,
2023-03-29 07:04:12+00:00,1640973114061496320,ASomchair,"@jllmisai Benda jadi mahal, sebb org dah pndai main olah2 eksperimen makanan ni, smpai letak bahan2 yg kena import masuk la apa la bagai…cuba la jual mcm mna asal makanan tu…sebagai contoh, dtg nk beli popia je, skali dia jual popia saiz giant, inti ada asparagus…jadilah mahal…",Kuala Lumpur
2023-03-29 06:45:00+00:00,1640968279731888128,sinarpremium,"Punca harga makanan di bazar Ramadan mahal

#sinarharian #sinarpremium #sewatapak #bazarRamadan #hargamahal

https://t.co/U3OA6f2cQl","Shah Alam, Selangor "
2023-03-29 05:30:00+00:00,1640949406689280000,RajaCuti,"hitam itu premium katanya, sebab tu harga makanan kat bazaar pun mahal sekarang 😂

kredit fb moghammer lulu

#rc #rajacuti #viral #rcpeoplearefunny #lawak #kelakar #terhibur #ramadhan #puasa #bazaar https://t.co/EjgfLw57iO",Petaling Jaya
2023-03-28 11:29:03+00:00,1640677377658478594,intansyerlina,"Haritu gi bazar laki aku bayar so tak rasa sangat. Harini aku gi bazar berdua je dgn hamzah, eh betul la org kata. Mahal makanan tahun ni, nasi ayam biasa je rm8.50, murtabak spore rm12. Esok2 masak je la 😅","kuala lumpur,malaysia"
2023-03-28 10:29:24+00:00,1640662366592565248,AzriYusainey,@adilaheiisha ni semua salah organizer bazaar letak harga tapak meniaga harga yahudi. Makanan semua mahal gila,I am what i've been through
2023-03-28 02:19:56+00:00,1640539187819728896,twt_bajet,@tehtarikOnIce Sabar tuan. Mungkin sewa tapak yang mahal memaksa peniaga untuk menaikkan sewa. Biasanya makanan pilihan ni lebih kepada willing seller dan willing buyer.,Cyberjaya
2023-03-27 12:50:21+00:00,1640335447816806400,rinmansor,"Tadi pegi bazar TTDI. Review saya: terlalu crowded, harga makanan pun mahal sikit berbanding tempat lain. Takpelah pergi sekali dan malas dah datang lagi 👌

Bazar mana lagi patut saya explore tolong rekemen sikit",Kuala Lumpur
2023-03-27 11:17:23+00:00,1640312054165958656,erid_amaro,Tahu makanan x sedap and mahal .. prefer beli kt kedai makan yg dh biasa beli,shah alam
2023-03-27 09:19:18+00:00,1640282336179945477,zulabmm,"Tahun ni nak cari tempat buka puasa yang tak perlu beratur masa nak makan. 

Aku tak suka buffet ramadan sebab kena bersesak-sesak beratur nak ambik makanan. Kita dah la penat puasa seharian lapar &amp; dahaga, bayar mahal pulak tu lepastu nak kena beratur.",Kuala Lumpur City
2023-03-27 00:32:52+00:00,1640149855829110786,tyrraawwrr,"harga makanan mmg terasa mahal. dkt office ada niaga lauk puasa ingatkn murah. beli ayam merah 3 ketul yg medium size then seekor keli size kecik je, total rm26. blurr skjp nk beli lauk berbuka dkt mana lps tu. 🫠","kuala lumpur, malaysia"
2023-03-26 14:38:48+00:00,1640000352018919426,_frlad,"Tiap tahun baca kisah orang beli makanan bazar kata mahal lah, tak sedap lah, aku pun tak berapa nak ke bazar. Adalah sekali dua je dalam sebulan puasa tu. Tadi saja lah aku beli nasi kukus kasi chance, erm memang tak sedap pun. Sedih.",Shah Alam
2023-03-26 14:06:12+00:00,1639992150539771906,equeen_esmae,Sebab tu aku tak pernah persoalkan harga makanan . Sebab aku tahu . Ni confirm tapak yang mahal . Bising kat peniaga biar peniaga bising kat tuan tanah . Ke macamana pengurusan diorang tak pasti lah . Sebab harga pasar malam biasa elok je tak mahal 😭,"Kuala Terengganu, Terengganu"
2023-03-26 12:48:47+00:00,1639972666760372225,Radevengers,Normal ke Roti John Cheese harga RM13? Am i missing something or makanan bazar memang mahal,
2023-03-26 10:28:44+00:00,1639937419717001218,haikalkrekkrek,"Bukak reply penuh penyokong pakatan harapan marah awani, citer harga makanan mahal pun kena marah 🤣",Kuantan-Kuala lumpur 
2023-03-26 10:08:43+00:00,1639932384891248640,haikalkrekkrek,"Orang gila je pergi bazar selarang, mahal kaw harga makanan",Kuantan-Kuala lumpur 
2023-03-26 03:04:14+00:00,1639825561366433797,Jendulism__,"Makanan kami mahal sgt ke? Kami retort, beli packaging gred tinggi, plastic tebal x lobos. Itu value kami, dgn bahan2 dan resepi sikitpun x shortcut.

Tp org igt kenaikan harga dia sorang je yang rasa, peniaga yg beli bahan mcm kami ni x perlu naik harga?",KUL - KCH - MYY - BWN 🛩
2023-03-24 11:12:59+00:00,1639223780668235776,abdullah_e21,"@xmrlxrffbhr baru perasan, kira mmg harga makanan kt ganu mahal ke?",IIUM
2023-03-23 10:22:58+00:00,1638848807520845824,al_afnil,Damn harga makanan kat bazar TTDI mahal shitt haha,bangi
2023-03-22 23:17:02+00:00,1638681220405170176,wankash82,"Kenapa ya kalau ada event, bazar @ any food festival di Putrajaya makanan semua mahal-mahal? Diorang ingat yg dtg majoriti semua kaya2 ke?","Sepang, Selangor"
2023-03-15 12:07:11+00:00,1635975928840093696,kiddiepax,"Now i understand why i feel so poor jalan-jalan di KLCC. Sebab my salary range tak sampai lagi level tu. So bila tengok makanan/kedai mahal, sis rasa down (?) abit. Takde la down mana pun, cuma sedar diri tak mampu je la 😂",
2023-03-13 11:46:17+00:00,1635245897327185922,ehiniapiplah,"Dok kecoh2 makanan mahal mahal, tp tgn dok gerak bayo masalahnya tu. Ko reti bersyukur ke tak??!","Selangor, Malaysia"
2023-03-09 12:08:38+00:00,1633801968895524869,adihariez,@shrzxl Sebab makanan tu dibawa dlm truck. Kalau dia bawa dlm kereta murah skit. Diesel mahal bro.,Subang airport
2023-03-07 23:48:50+00:00,1633253404750544896,lomo_tech,Kucing / pet ni aku rasa dah boleh masuk bawah zakat fitrah. Makanan mahal dari tuan. Jk.,-
2023-03-06 01:37:28+00:00,1632555965848633345,neyrashazeyra,@liyanaliyana Hahahhahaahahah Mahal Kan semua makanan kat Sana. Last2 I makan buah je la murah skit,Malaysia
2023-03-01 13:35:03+00:00,1630924614108065792,Mzrhycb,7Eleven Malaysia ni terlalu mahal barang2 nya. Markup harga gila2 betul. CU/Family mart/Emart lagi murah. Makanan ready to eat lagi banyak dan murah.  Kalau di Thailand -7Eleven nya murah Dan banyak barang.,
2023-02-28 03:04:41+00:00,1630403588009889793,rafiziramli,"Hari2 ratib harga barang mahal &amp; kerajaan x buat apa2.

Kita ambil langkah tambah bekalan makanan murah - baik melalui menu Rahmah (RM5) atau IPR (RM2).

Juga buka tanah kerajaan utk tambah bekalan hasil pertanian.

Skrg dia konar baring kata nak bunuh peniaga pulak 🤣 https://t.co/8Qax5l2moI",Kuala Lumpur City
2023-02-19 04:27:11+00:00,1627162858219016192,zahidsafwan_,"Pernah stay both, dua dua makanan mahal.okay byee",Kuala Lumpur City
2023-02-15 01:35:04+00:00,1625669992460206080,EmmaElmoo,Tak payah la buka kedai dulu kalau masih dalam fasa food experiment lagi. Kesian tau customer bayar mahal mahal tapi dapat makanan ala kadar.,"Klang, Selangor"
2023-02-14 07:24:25+00:00,1625395524122861568,djendelamata,Bulan Ramadan paling best. Semua resto mcm berlumba buffet sapa paling murah. Even hotel buffet paling mahal $40 semasa itu. Kalau pi bazar ramadan rambang mata makanan byk $1.  MasyaAllah.,3rd rock from the sun
2023-02-13 05:33:00+00:00,1625005096571641856,ohsemnow,Thai food festival...mahal nawww harga makanan dia😂😂😂,Malaysia
2023-02-13 01:29:10+00:00,1624943732503236609,azahsharipuddin,"@aixffir Minyak petrol mahal kat sana tp apesal makanan murah, hotel murah. Pastu malaysia pening billion2 rakyat malaysia spend kt thailand.",S.A All Day
2023-02-11 01:32:08+00:00,1624219701793677312,izad_abas,Ada kawan cakap absolute thai tu sedap. Nak nangis rasa makan makanan mahal tapi tak sedap. 😭,Malaysia
2023-02-09 11:06:06+00:00,1623639371315552256,Syamil_Luthfi,Aku rasa bab makanan mahal ni benda yang real. Sebagai student sangat terkesan dengan keadaan harga barang sekarang. Nasi lauk ayam goreng sahaja pun sekarang dah RM6.,
2023-02-08 04:41:26+00:00,1623180178343206912,rizal_sarbini,@ThisIsPutrajaya Ramai peniaga food court tak ambil bahagian Menu Rahmah! Rata2 lokasi food court bersebelahan pangsapuri golongan pendapatan rendah. Caj makanan agak mahal di food court. Agak menyedihkan!,"Presint 11, Putrajaya"
2023-02-06 01:39:24+00:00,1622409593115791361,ekangd,"@haaziq_mz Dah lama tak g sambal hijau.. 
pinggang dia besar ya ampun meja kecik makan 2 org pun x muat meja, memang mahal dan makanan dia sedap juga la tp bukan level yg sedap giler",Kuala lumpur
2023-02-02 08:33:11+00:00,1621064175433953280,xeraheadstrong,"Hahahahahahah.
Ko bukak kedai makan dlu bru sembang.
Kesian kat peniaga konon.
Habis kat rakyat nk mkn ni ko tak kesian?

Bila brg mahal,suruh kerajaan turunkan harga.
Kerajaan turun harga makanan,ckp kesian peniaga.

Asal Pertikaian Nasional,semua benda nk pertikai.","Chukai, Trengganu"
2023-02-01 08:41:53+00:00,1620703974214213635,azahsharipuddin,Cane ek minyak petrol kan mahal kt thailand tp apesal makanan die murah?,S.A All Day
2023-01-31 17:27:59+00:00,1620473984268763136,ImannurdinW,"Antara sebab harga makanan dekat kedai pun dah mahal sekarang, cuba kau tengok harga benda yang sama deme jual dekat platform Grab, Food Panda, Shopee Food bagai tu. Sama ke atau lebih mahal?","Kuala Lumpur, Wilayah Persekut"
2023-01-31 14:21:28+00:00,1620427047599505413,iamfuzy,"utk masuk ke sini, anda akan melalui hutan simpan yang berpagar. Memang cantik dan tenang.

Harga makanan pun tak mahal tapi portion nasi lemak tu tidak terlalu besar ya.

Nak tahu lebih lanjut, jengah https://t.co/P6pqjfPzxh nanti #iamfuzykongsi https://t.co/5YR4dR2noz","Kuala Lumpur, Malaysia"
2023-01-31 11:47:27+00:00,1620388286375297025,outlaw__J,Tak tau gaji aku yg ciput sgt or makanan yg mahal nak mampos.,J's Pocket
2023-01-31 09:33:19+00:00,1620354531833036805,ainjuseyo,"Hotel kat malaysia mahal nak mampos, makanan mahal sebab tu laa",Malaysia
2023-01-31 05:33:00+00:00,1620294051420581889,nowthisisrita,"Nak buat mcm mana, makanan kat Malaysia ni asyik kena scam je. Pergi tempat mahal pun so so je raso. Tapi aku tetap la belanja dlm Malaysia. Dr Mersing ke Rompin makanan 👍🏼.",she/her
2023-01-30 13:52:41+00:00,1620057414472171522,alinosours,"Restoran che' lah sek 13👎👎👎
1 hantar makanan x order.
2 memandai tambah makanan + minuman kita tak order pn dkt cashier.. Paksa bayar plak tu. 
3 pricey, semua above rm10.. Aku marhein je, bihun goreng rm12. 90 mahal tau?! Aku geram! Sb terpaksa stop mkn sb org lain stress..","Malaysia, Melaka. "
2023-01-29 14:00:35+00:00,1619697016514412549,pdodido,"Sebagai event organiser, aku mengaku, sudu pakai buang, tissue, bekas makanan memang agak mahal. Tapi.. dimana food hygiene? Sedih!",Petaling Jaya
2023-01-29 05:29:16+00:00,1619568337020911627,emmnh_,Terpaksa naikkan harga makanan sebab barang basah mahal sekarang. 😢 Sorry guys,Malaysia
2023-01-27 15:37:03+00:00,1618996516932440066,serisseu,Tapi self reward aku makanan 😭 yang mahal laktuh 😭😭😭😭 sukiya lah nasi lemak kak og lah,Kuala Lumpur City
2023-01-27 11:04:46+00:00,1618927995397488642,iliansori,"Food security ni kalau buat research memang akan meletop kebabom. Isu yang takkan berakhir, contohnya baru ni yang rafizi dok cakap “makanan mahal” tu one food security isu lah","Kuala Lumpur, Malaysia"
2023-01-27 06:32:40+00:00,1618859515772018688,ramdan87,Before beli korang jgn lupa tgk review dulu guys.. Rasa sayang sgt sbb tak tgk komen before beli.. Sebab terkesima tgk gamba makanan mereka yg fake tu.. Dah la mahal.. https://t.co/UYRcUG03mH,"Shah Alam, Selangor"
2023-01-24 06:15:19+00:00,1617767989000167424,amirullazmannn,"Buto la mekdi. Harga makin mahal, tapi makanan semua hauk! Dah tak sedap, ayam goreng  lemau plus kecik!","Selangor, Malaysia"
2023-01-20 04:05:08+00:00,1616285672549289984,nizxmshxms,"Yang duk complaint harga makanan mahal ni… 

U ada pergi Pasar tak?",Kuala Lumpur Federal Territory
2023-01-19 02:50:28+00:00,1615904494365331456,ilovedessert95,Bukan taknak tips tapi harga makanan + delivery tu pun dah mahal. Ada makanan tu harga rm7 je tapi kena bayar sampai rm14. Kat situ je dah double kena spend. 🥲,"Cheras, Selangor"
2023-01-17 03:54:58+00:00,1615195950393483265,payid23,@Mear_Biaggi Makanan nak mahal aje kejenye.. bengkrap..apak dia pun makan megi je😂😂😂,Selangor
2023-01-15 10:16:15+00:00,1614567129680080897,_frlad,Scroll grabfood tapi akhirnya masak sendiri je pasta. Lama termenung tengok harga makanan. Mahal nyahhhh,Shah Alam
2023-01-14 08:01:16+00:00,1614170772838440961,yirrginie,"Sometimes mahal mana makanan tu pun, tu tak kisah. The memories 🍃🍃",
2023-01-13 08:17:54+00:00,1613812567805407237,nizxmshxms,"Mahal eh makanan tadi. 

Menyesal sikit.",Kuala Lumpur Federal Territory
2023-01-09 15:01:05+00:00,1612464483074715648,miuju,Makanan kat bask bear mahal nak mampos eh. Hahha,
2023-01-09 09:18:32+00:00,1612378276819013633,Aliakhalisya,Balik kl ni selalu pening nak makan ape bukan sebab tak lalu tapi semua makanan mahal hahahah,Malaysia
2023-01-06 06:16:51+00:00,1611245392867528706,Eastcantdark,"Harap² Y.A.B @FadhlinaSiddiq dan Datuk Seri @anwaribrahim do something to appreciate the efforts of Maryam Muzamir which is not just a moral speech...Datuk Seri @AlexNantaLinggi kata dh pattern in @myipo... betul ke?
So dh tk bleh bgi alasan import makanan ternakan mahal lpas ni.","Kajang, Selangor"
2023-01-04 08:26:30+00:00,1610553244287373312,aRRy_MaMaK,"@MyDSA_official P: harga barang makanan masih mahal.
S: by right..uhuks uhuks https://t.co/3otOp5XqkQ","Sungai Buloh, Selangor"
2023-01-02 03:29:49+00:00,1609753804333010944,sherfiqashrdn,Actually semua makanan da naik harga 🥺 and da makin terasa mahal dia actually bcs duit aku makin cpt berkurang hahah,
2022-12-27 06:39:20+00:00,1607627170985447425,afrinaaaa__,Will share this tweet to my mum cause mama tak percaya bila i cakap makanan dekat bangsar mahal,L-1485
2022-12-23 15:42:36+00:00,1606314337403969536,NabilTaki92,"Dlm space tu ramai speaker blur apa solusi. Nak tergelak pun ye. 😂. Punyalah kita ni dah ada blueprint Industri Bijian dengan Pelan Penanaman Jagung (2017 - 2032). Siap ada 3 Fasa lagi dalam pelan tu.

Hahaha. Benda paling mahal utk ayam ni makanan dia. Kau import pun sama jgk😂","Petaling, Selangor"
2022-12-23 15:04:22+00:00,1606304714865274881,Cintaumi9,@TAhmad27164840 @xleovengence @syahirsyhr Banyak je pilihan kalau nak... benda paling senang dibuat... pilih harga makanan yang berpatutan dan berbaloi... mahal tapi x sedap x guna jugak...,"Kuala Lumpur City, Kuala Lumpu"
2022-12-22 21:56:02+00:00,1606045925734240256,alpha_KVG,"@McDMalaysia Oh, pasti sangat berbaloi dengan harga yang mahal tu. Jom kita makan makanan yang tak sehat dan minum minuman yang tak berkhasiat!",Kuala Lumpur City
2022-12-21 10:04:15+00:00,1605504412805390336,AmaleenaForever,Sewa rmh mahal...sewa bilik laaagi mahal. Byr bil lagi. Takde own transport. Naik tren pegi kerja. Rmh yg dekat² stesen tren ni MAHA mahal.Barang mentah mahal. Makanan mahal. Semua benda kena beli.,"Kuala Lumpur, Malaysia"
2022-12-18 04:51:45+00:00,1604338605870415872,rausyannur,"Dotty's IOI City Mall

3/5

Makanan so so and tak padan dengan harga yang agak mahal https://t.co/EbBLLxXtbm",Gombak - Kelana Jaya - BSP
2022-12-16 11:40:22+00:00,1603716662091317248,ketotbae,"So dah lama craving makanan cina. Jumpa kedai halal Salam Noodles. Pernah try Beef Noodles dia. Serious sedap🥹. Harga pun tak la mahal, air free flow. Apa lagi mahu🥹?

Dumpling dia sepinggan kenyang..Spiced Egg dia sedap. https://t.co/lmy8324LKy",WMKK (KUL) - WMKJ (JHB)
2022-12-15 09:51:13+00:00,1603326806303862786,amolnisrino,Nak keluar beli makanan pun nak fikir 10 kali penat dia tu. Nak grab punya lah mahal 😌😌,KL || MANJUNG ⚒
2022-12-14 04:24:36+00:00,1602882222092324864,zikrulsafwan_16,"@criticosKing Aku tak pernah beli makanan dalam stadium doo, semua mahal. Habis game aku tggu jap, nanti diorang bagi free.","Selangor, Malaysia"
2022-12-14 01:41:34+00:00,1602841191405744129,perosakhidupmu,"nanti kalau aku ada banyak duit mende first aku nok mewahkan kucing aku weh. aku nok@bowok sume demeni masuk@rumoh aku, aku beli mainan besor besor, makanan yg lagi mahal dari royal canin, setiap hari gi spa sapa luruh bulu semua, siyes cakap!",
2022-12-12 11:46:12+00:00,1602268578966822913,iam_lizaaziz,@localrkyt Harga makanan semakin mahal. Langkah penjimatan masak sendiri di rumah 😊,"Shah Alam, Selangor, Malaysia"
2022-12-12 07:29:29+00:00,1602203975704420352,raxipjasry,@faruqmcgrath hujan  dan makanan mahal 🤣,"Kuala Lumpur City, Kuala Lumpu"
2022-12-10 08:56:09+00:00,1601501009800417280,kerjaseni,"tahniah orang bm. buat kerja elok², jalan teruih jangan sampai tak tengok kiri kanan. eksiden sat lagi.

untuk @ahmadmaslan, harap takdak dah retorik bangang seperti harga makanan mahal kat klia lepas ni. zaman jadi badut umno dah berakhir. awak ada tanggungjawab berat. tunaikan.",end of the universe
2022-12-07 05:54:15+00:00,1600368066533425152,njuliana_azura,"Food festival ni dah la mahal, makanan aku beli dlm banyak2 tu ada 2 je yg boleh la makan. Yg lain, hmm kelaut. Kerabu rasa sambai tumis, bayangkan lah. Sedih weh! Makanan beli tak sedap! Takmau beli dah lps ni!",Kuala Lumpur Federal Territory
2022-12-04 06:38:26+00:00,1599292023437025281,akmalarif90,"Harian Metro

Telur mahal, bekalan belum pulih - peniaga makanan

15 minit yang lalu - https://t.co/6nkSsP6Jnz",Malaysia
2022-12-02 21:28:51+00:00,1598791328913313792,aliyadiyanamh,@chachafifufefo Muroh ke dok makanan dio? Sekalo mahal supo bedil hahaha,"Bachok, Kelantan"
2022-11-29 00:02:46+00:00,1597380512670437376,miswxn,Sanggup dahulukan duit untuk makan makanan mahal and bayar murah,"40460 Shah Alam, Selangor"
2022-11-28 10:17:29+00:00,1597172821913763841,safroslyx,@haziq_fadhullah Miri makanan mahal 🥲,Kuala Lumpur Federal Territory
2022-11-28 04:43:53+00:00,1597088868355801089,kewayamin,- orang yang bila tengok aku post tempat makan lawa2 suruh bawa pergi situ juga. aku dah bagitau makanan dia biasa2 je dont expect too much. bila dah sampai dia bising siap perli2 tak kenyanglah mahal lah segala. heyhhh nyampah lah aku. 😂,Shah Alam
2022-11-23 16:04:31+00:00,1595448217235517440,afik_q,nak ajak lepak okay aku onz je tapi bila kau dah bukak mulut pasal MLM masa tu kau akan tgk aku order makanan lagi mahal sebab gi mampos kau bayar la makanan aku,"Selangor, Malaysia"
2022-11-23 05:28:56+00:00,1595288266273869824,fadhil_lll,Komitmen harian yang paling mahal adalah makanan.,
2022-11-10 01:55:25+00:00,1590523492210216961,equeen_esmae,@_aziatomik @syazayasmin7 @doqtahu Tu lah diorang cakap sekarang nasi bujang dah rm7 you . I pon terkejut gak . Mahal betul . Sebab kat mamak ni nasi + ayam + kobis dah rm9-rm10 . Beza betul harga . Tapi kat pj ni makanan memang mahal . Kl lagi murah,"Kuala Terengganu, Terengganu"
2022-11-09 02:33:21+00:00,1590170650970558464,equeen_esmae,@ArifAzizi91 @syazayasmin7 @doqtahu Ahha kalau dekat rumah family i makanan boleh kata murah² lagi . Area kg pandan sana . Kalau dekat pj ni memang serba mahal lah .,"Kuala Terengganu, Terengganu"
2022-11-06 11:33:01+00:00,1589219297360244736,linaraus,Ingatkan iols sorang je yg rasa harga pasta panas skrg dah tak masuk akal. Dah lama x beli sebab rasa macam terlalu mahal utk makanan express yg boleh dapat lagi sedap.,Putrajaya |
2022-11-02 03:56:38+00:00,1587654894563266560,MohdShubhi,@LostGenX1980 Cap ayam paling mahal berbanding makanan tin yg lain !,"Petaling, Selangor"
2022-10-26 09:04:51+00:00,1585195744029736961,Syamil_Luthfi,"Tengok dia review RIMBA aku terus off. Makanan semua mahal, dia punya shawarma dengan nasi goreng sumpah biasa-biasa je. Tapi review dia semua makanan sedap dan harga berpatutan🥲",
2022-10-19 12:59:03+00:00,1582717966449512449,payid23,"Bersusun ye bila letak makanan mahal..dasar bulus!

#NekoAtsume #SiBulus https://t.co/34Ps8BKNnd",Selangor
2022-10-19 03:17:45+00:00,1582571677736906754,zafeiyra,"I jrg beli brg dpur sbb slalu beli je makanan. Skali beli sayur sawi 2 ikat, cendawan dlm plstik kecik, cendawan putih satu plastik RM10. Sayur mahal juga rupenye yee. Beli nasi goreng pun rm6-7 kenyang untuk sorg 😂👍🏻","Kuala Lumpur, Wilayah Persekutuan Kuala Lumpur"
2022-10-16 10:10:51+00:00,1581588473726701570,guahipster,@artfishstudio Kadang tu rasa cam mahal gak g kedai eco shop tu beli cat food diorang. 2.10 je. Tapi tulah kalau ada lebih boleh spent kat yang brand baik. Kita manusia ni pun kadang2 nak rasa makanan sedap. So boleh je. Heheh ikut kemampuan.,"Selangor, Malaysia"
2022-09-30 09:14:08+00:00,1575775996296704000,yeolahv,"“Tapi pills mahal”

No, they’re cheap. Only if you bother to listen to the KK nurse lepas beranak tu mesti you tahu benda ni tak sampai RM10 at KK

Ye memang ada yang rasa lagi better beli makanan, so tanggung je lah anak nanti jangan memekak minta bantuan",Malaysia
2022-09-28 04:05:10+00:00,1574973464544354304,rainbowuniqat,"Tak sama. Private husband boleh teman kat ward. Makan sedap x pun boleh bawak makanan dari luar. Layanan better sbb bayar mahal kan. Kat GH ni nak bawak makanan dari luar pun x boleh. Belum masuk kekasaran dr nak check jalan, nurse kejut bgn pg kemain garang nak check CTG. 🤷🏻‍♀️",
2022-09-24 10:49:31+00:00,1573625671397838850,Smohni64,@yuszuri @magmalaya Harga tiket dan makanan mmg mahal.,
2022-09-22 14:57:48+00:00,1572963380586983424,khidruslin,Makin melampau FP ni. Burger RM7.20 terus jadi RM30.76! Baik pegi chilis! Delivery charge lagi mahal dri harga makanan. Pastu kalau tak cukup min order kene pay the difference and on top of that ada service tax lagi. Wth? https://t.co/Ov8p2FGvbh,
2022-09-19 04:29:13+00:00,1571718028034969600,HarithHmzh,@kumuhaimin11 @nelsonc50 That's the thing. Diorg kena tahu anything that got to do with penjagaan makanan and diet nie mahal. Itu yg diorg tkleh commit.,"Bukit Jalil, KUALA LUMPUR"
2022-09-14 17:55:19+00:00,1570108947960573952,projectbekal,"next week ada yang request ni gais.. bagi kira kira kos nya dulu ..

#projekbekal ni kita aim penjualan makanan per pack rm8 ..paling paling mahal pun rm10 la.. tapi kalau ada yang ada kuantiti dan bajet.. boleh diskus manjahhh

boleh follow di https://t.co/M8lHF78kub https://t.co/ZcJ1xe0UTE","Kuala Lumpur, Wilayah Persekut"
2022-09-12 10:33:50+00:00,1569273070476754945,azlindhia,"I tak kisah bayar mahal, kalau makanan tu sedap di tekak i. Kalau tak sedap, sekali tu je lar i beli..",
2022-09-10 11:16:28+00:00,1568559023108276224,sifu_k,"Siapa kawal harga tiket parkir ? Siapa kawal harga makanan dlm stadium? Kalau mahal tp service baik org xde mslh. Tp mahal dapat cikai, siapa x bising.",Gombak
2022-09-09 00:19:29+00:00,1568031302242430976,HarirZharfan19,"Makanan airport mmg mahal. Gaji aku 300k, 500k setahun pun, aku akan rasa dia mahal. So best option? Tapau lah kat luar. Jimat do. Pastu makan kt airport. Beli la 1-2 air dulu, then tanya, boleh makan tak. Usually kalau dah beli, xkn diorang nk cakap tak. Hahahaha.",Kuala Lumpur
2022-09-09 00:11:38+00:00,1568029323793432576,HarirZharfan19,"Yes. Each of us ada tupperware kecik, kitorang makan je kt seat tu. Air sorang satu botol 500ml. Picnic tu taklah. Tak pernah terfikir utk picnic. So nak kata aku susah, aku pernah hidup susah dulu, makanan airport mmg mahal for me n my fam at that time, tapi x pernah sesekali…",Kuala Lumpur
2022-09-05 05:49:37+00:00,1566664831130021888,yeolahv,"Kalau tahu kita tak ada duit, buat cara tak ada duit. Masak dekat rumah etc

Makanan sihat dekat luar memang mahal sebab you pay untuk their prepping skills more. Yang tak sihat lagi murah pasal dia campak je segala perisa recklessly",Malaysia
2022-09-05 05:48:07+00:00,1566664453441323008,yeolahv,"Makanan sihat mahal? Haritu aku beli daging RM3 boleh buat makan siap share dengan kucen lagi 🫠

Belum kira beli sayur etc. Tapi yelah kome nak membeli juga, tak nak masak sendiri",Malaysia
2022-08-11 06:42:24+00:00,1557618417363853312,luq_hakim666,"@SyedSaddiq Tp yb kalau dia naikan delivery, sy sebagai pengusaha/ merchant akan terlibat juga makanan jadi mahal YB, solusi dia pada sy kurangkan comision 35% tu kepada 25% dan naikan rider fee, baru lah pengguna benifit, rider benifit, merchant benifit, syarikat ada lah untung sikit",
2022-08-04 06:56:26+00:00,1555085234664013825,Izizainal,Btw skrg foodpanda dgn grab food mmg agak mahal. Dah jarang sgt order guna fp atau grab sbb rasa mcm kalau aku drive sendiri pergi beli makanan kat kedai tu pun kos minyak kereta aku tak sampai mcm kos order guna fp atau grab.,Banting/Shah Alam
2022-06-19 04:17:18+00:00,1538375346277744641,laylathefirst,Memang mahal. Hari tu ingatkan makanan kat shah alam ni yang mahal rupanya semua tempat dah naik harga. Sekarang keluar dating pun bawa bekal je masak siap siap kat rumah. Boleh la saving sikit. Keluar duit makan malam je.,
2022-06-14 01:10:55+00:00,1536516501611888640,laylathefirst,Shah alam ni makanan mahal siao,
2022-06-12 12:13:45+00:00,1535958532444434433,eqazainal,"Satu benda yg aku rs setiap rumah wajib ada. Cosway pre wash ni. Rendam kain before masuk machine, kesan minyak, makeup stains kat tudung, makanan tumpah kat baju anak2 hilang woiiii!!!! Rege aku yakin mampu milk sbb kalau mahal laki aku takdenye nak beli 🤣 https://t.co/5S92YaHYQi",Malaysia
2022-06-11 09:35:36+00:00,1535556344844910593,ans47,"Pegi mana pun dalam dunia ni, kalau tempat lg mahal dr kita mcm Australia, Singapore, Japan, Korea, Dubai, Paris, London

1. Pastikan kita tahu makanan kering apa yg boleh dibawa dan tidak boleh dibawa

2. Kalau dh tahu apa boleh bawak, bawak apa yg patut

3. Bawak ubat jgn lupa",
2022-06-10 12:11:34+00:00,1535233207703990274,CxkVito,Makanan mahal tak semestinya mengenyangkan.,"Reykjavik, Iceland"
2022-06-05 16:57:02+00:00,1533493106900815872,izzahokayjer,"@RimauXI kos sara hidup macam kat kl ,tapi gaji gitu jugok muroh dooh lalu.kalu makanan tu mahal dari kl lagi la🤣","Pattani, Thailand"
2022-06-04 14:00:25+00:00,1533086274466086912,WadieAzman,"Kalau berjenama, ya memang agak mahal. 
Kalau jenama biasa, masih yang dijual bawah &lt;RM5 untuk setin besar. 
Tapi ini tak nafikan hakikat yang harga makanan negara dah melambung teruk.","Ampang, Wilayah Persekutuan Ku"
2022-06-03 12:40:05+00:00,1532703666662043654,WadieAzman,"4. Kudap-kudap
Makanan yang dijual kat #PWTC biasanya mahal gila namatey! Jadi, siapkanlah kudap sikit. Coklat ke, granola ke, buah potong ke. Haa, bolehlah buat alas perut sebelum nak makan berat","Ampang, Wilayah Persekutuan Ku"
2022-06-02 14:48:35+00:00,1532373620403494913,nabilahudatahar,FUCKING HELL LAH MAKANAN TAK CUKUP MAHAL KE,MY
2022-05-31 15:27:19+00:00,1531658589185581056,kiddiepax,@yvyvivy Bab gerai jual makanan ni last time macam fail jaa. Mahal dan not many choices. Seboleh-bolehnya eat somewhere else before coming lah.,
2022-05-26 10:04:27+00:00,1529765400937762816,fatrayelly,"@brgsjks Bukan date. Dia yg ajak g tempat mahal. Time bayar, dia letak duit cukup2 ikut harga makanan dia dalam menu je. So aku la topup segala gst tax, service tax. https://t.co/C8SaPgL2k1",
2022-05-25 01:22:29+00:00,1529271653846622209,ieya_2020,"Dah lama tak masak. Bukan ape, sebab barang dapur makin hari makin mahal, duduk sorang-sorang ni beli je nasi lemak kedai bawah.
Tapi tu lah tekak ni dah naik jemu nak beli makanan luar. Dah tu itu je pilihan yang ada untuk berjimat. 
Kalau beli barang dapur kadang rosak cepat 😔","Kuantan, Pahang"
2022-05-24 22:30:35+00:00,1529228394252013568,faezahana,"Haah.. memang beli phone guna timbang kati hari2

Phone is optional kalau rasa nak beli mahal beli, ikut kemampuan. Yang ni makanan mentah, harian, rutin, penjual makanan kecil atau restaurants mahupun dapur kita membelinya.

Cuba la compare dengan benda yang bijak sikit.",Kuala Lumpur City
2022-05-18 08:32:18+00:00,1526843108024913920,amrmnff,"Habis lah FP dah lah mahal, risau makanan tercalit ciritttt 💩 rider suka suka crotttt ghisauuu","Shah Alam, MY"
2022-05-13 16:22:32+00:00,1525149503476858880,Mohdfaiz13,@hidayatdean @thecathooman @nzranasr Rider dari hari tu hingga sekarang ramai yg masih beraya. Tak nak kerja. So rider kurang tapi ramai yg nak order makanan. Tu jadi mahal.,"Shah Alam, Selangor"
2022-05-13 14:31:57+00:00,1525121676588949504,asyrafaafiq,"Makanan bayar mahal, tak sedap pulak tu. Duit habis, stress pun dapat. What a great life☺️",Malaysia
2022-05-09 13:52:05+00:00,1523662091021787137,lady_chantek,"@NoreenAmore We Malaysia, doesn't have any food bank and food security for our people.lg mahal la harga makanan","Kuala Lumpur, 📍 Malaysia 🇲🇾"
2022-05-09 05:53:37+00:00,1523541679529410560,thejkiddo492,"@sparklyunikorn Haha area aku mamak, fast food and tomyam. Chinese weekday siang jak bukak kakya terpaksa drive gi puchong mk makan 🐖 tp makanan chinese sitok mahal",KCH✈️KUL
2022-05-06 14:55:27+00:00,1522590873938145280,Mohdfaiz13,@RimauXI Sebab tu caj penghantaran makanan lebih mahal dari sebelum ni. Bukan setakat permintaan ramai ditambah pula dengan pekerja pun kurang.,"Shah Alam, Selangor"
2022-05-01 12:05:01+00:00,1520736044534050816,kumuhaimin11,Cilakak mekdi ni fast food waknat. Tapi takde apa yg fast pasal tempat ni. Bayar mahal mahal tapi nombor kena rembat. Makanan tak sampai lagi. Benda boleh check sistem la bodoh. Harga mahal tapi servis level kedai mamak.,Hidden Village of Rain
2022-04-28 10:02:02+00:00,1519617929708699648,mluthfiramli,"@MaisarraAnuar Hahaha sabar sabarrrr. Kena ingat, makanan dorg lagi mahal dari makanan kita 😂😂","Ampang, Wilayah Persekutuan Ku"
2022-04-27 02:08:24+00:00,1519136349827518464,heeyydiii,"@ilmantee Memang lah bukan makanan harian. Kalau dessert dah mahal, of course main course pun mahal

Contoh aku pergi spain madrid haritu , aku beli shawarma tepi jalan je tapi harga 8 pound ( kalau convert duit malaysia Rm45)  😂

Bagi diorang 8 dollar/ pound , 8rm je kat negara diorang",
2022-04-22 07:46:42+00:00,1517409547388092416,sanusizulkifli,Plan B tu dah la mahal. Overrated. Makanan sikit. Boikot kan saja,Cyberjaya
2022-04-16 11:21:30+00:00,1515289276128571394,DausArshavin,Sama ada makanan dekat baazar terlalu mahal atau aku yang miskin,Malaysia Bolehland
2022-04-12 12:05:58+00:00,1513850914742083584,chairman_GLC,"Kedai ni perfect weh. Makanan tak mahal cekik darah, sedap pulak tu, ambience tenang. Such a lovely place. https://t.co/PywAH6lsSm",Petaling Jaya
2022-04-12 04:26:36+00:00,1513735308545691648,aizathilmi,Tak mmpu jgn beli itu je. Makanan kualiti mmg la mahal. Apa la salah org tu mniaga.haihh meleyss,Ampang
2022-04-11 16:55:40+00:00,1513561429261303810,capt040797,"Kes makanan mahal kt bazar, makanan dari “chef” lagi tuh.

Camni laa. Dah takmampu tu takyah laa beli. RM50 sebekas pun kata mahal, kau expect apa rasa makan premium, harga kampung?. Kau makan kuih je la, RM2 dpt 4 biji. Kenyang pun ya.","Bandar Sunway, PJ"
2022-04-09 13:07:47+00:00,1512779306316886024,Dean9o_,@MothershipSG RM148 for 9pax = RM16.44/pax. Apa yang mahal ye? Dah r dengan 7 menu pulak tu...nampak sgt dorg tak reti nak tong2 duit bila nak bayar makanan...,
2022-04-09 13:02:04+00:00,1512777868581158912,shahrizan_k,"Kita akan rasa harga makanan mahal sampailah kita sendiri berniaga &amp; rasa sendiri penat lelah berniaga tp untung tak seberapa.

Kena mula terima hakikat harga kos &amp; barang, kos pekerja &amp; delivery pun dah naik.

Tak mampu, tak payah beli. Peniaga nak untung, bukan buat charity.",Malaysia
2022-04-08 22:15:47+00:00,1512554826378653699,normankasmaran_,Mat salleh pun kata Bazar TTDI makanan mahal tapi rasa so-so https://t.co/ieAbphHZ9X,"Selangor, Malaysia"
2022-04-08 13:49:32+00:00,1512427426197897216,Angkut_,"Mmg nye yg beli tu, pejam mata n bisu tuk bertanya harga ke acane?main gagau ambil makanan n bayar ke? Xpaham aku.selalunya org dah letak harga...klu da tau mahal n x berbaloi xpayah beli..ur choice maa..lepastu ko menyalak kate mahal..ade nasi arab murah meh🤔🤔 RM5?? Appoo https://t.co/l07Hectmsf",langit nan biru.
2022-04-08 03:17:30+00:00,1512268370095525899,Ziyesh,"Aku kalau makanan sedap aku tak kisah kalau bayar mahal. I know the food, the way dia prepare, all those thing kena ambik kira. Yang harga Tel Aviv ni yg jual briyani kulit telur kena kupas sendiri, amik lauk macam pakai sudu teh, karipap angin, ada hati nak buat bisnes.","Subang Jaya, Malaysia"
2022-04-07 12:09:57+00:00,1512039978968096770,Shahrul_Shahs,Tahun ni tak pergi bazar lagi. Ramai cakap mahal dah harga makanan. 🥲,"Hulu Kinta, Perak & Shah Alam"
2022-04-07 11:10:51+00:00,1512025103030419458,affardoh,Harga makanan mahal ni sampai kesudahan tak habis,68100
2022-04-06 22:25:24+00:00,1511832473092911107,shazwan_r,"Every year mesti ada isu peniaga jual makanan mahal, portion size kecik, makanan hampir basi/sudah basi, takde rasa/terlebih itu ini. Kita yang beli pun kena pandai. Faham?",Kuala Lumpur City
2022-04-05 01:12:20+00:00,1511149708068405250,faqihsyakiran,"Bab dapat tender buat project korang memang laju , COViD spread through air borne . Dah vaccinated tiada keperluan jarak fizikal baik kawal jarak harga makanan lebih berguna . Mahal nak mampus 🥹. Ini semua agenda kroni !","Wilayah Persekutuan Putrajaya,"
2022-04-04 03:45:51+00:00,1510825951705575424,faqihsyakiran,🥹 Kalau gini masak dkt rumah je lah.  Makanan pon mahal nak mampus dari restaurant.  Sedap pon belom terjamin https://t.co/IxlzHsleE7,"Wilayah Persekutuan Putrajaya,"
2022-03-26 05:08:51+00:00,1507585348565893121,abamnaza,"Bila mahal ni banyak benda kena tengok. 1,makanan,2,sewa kedai,3,experience,4 poket sendiri.",Puchong
2022-03-25 01:16:00+00:00,1507164362666299392,YusriShamsuddin,@hanifnazrii @neyrashazeyra Lah owner kedai pun. Mmg harapkan komen yg indah2 jeke? Tak blh ditegur? Ke mmg dah rasa perfect?Biar customer rasa sendiri berbaloi dgn makanan yg ingredient mahal2 tu. Kita kat sini semua org Islam aih. Yg cerita ingredient mahal lepastu hujung2 buat ayat perli. Islamic ke tu?,kuala lumpur
2022-03-23 17:41:56+00:00,1506687706952499202,OwToTheZie,Aku jalan terus sebab aku tau customer dari syurga macam ni wujud. Sanggup order walaupun delivery lagi mahal dari harga makanan. Punca kekuatan aku. 💕 https://t.co/2WB6huFPJO,Kuala Lumpur City
2022-03-21 09:16:59+00:00,1505835856116195328,amsyarss,"Ni setuju do, asal foodtruck je harga mahal lain macam, rasa setakat ni takde lah yg buat aku ingat makanan dia sedap.","Kajang, Selangor"
2022-03-18 08:27:05+00:00,1504736131430363138,rafhanrafidzi,"Boleh tak kawan2 yang kaya story tempat makan yang betul2 sedap. Jangan story sebab tempat tu fancy, instagrammable and mahal je tapi makanan bbj. https://t.co/PHIXq2aOd0","Port Dickson, Negeri Sembilan"
2022-03-14 02:04:29+00:00,1503190299174371328,MSallehuddin05,"Makanan utk ayam mahal, negara tgh perang dkt europe tu supplier jagung kot","KUL, LHR"
2022-03-13 14:29:11+00:00,1503015318289252354,arisaja,"Hampir semua makanan sehari-hari mengandung minyak sawit, dari coklat murah sampai coklat mahal.","Kuala Lumpur, Malaysia"
2022-02-14 05:43:18+00:00,1493098504436457472,Hfizbhrdin,"Aku benci gila babi kedai yg letak nama makanan Ramen chicken grill lah apa lah, bila sampai ayam 1-2 keping je. Anak harey punya kedai. Lepastu cas harga bukan main mahal lagi. Cm babeyh!",
2022-02-08 22:36:56+00:00,1491179268185161732,mokciknab,"Found via @arwenmh 

Mohon share restaurant mana yang setakat cantik je tapi makanan sangat meh &amp; sangat mahal. I’ll start:

Mary Jane KL (the worst)
Merchant’s Lane 
Nippori Bistro 
Ruma Putih",Petaling Jaya 
