Datetime,ID,Username,Text,Location
2023-03-30 10:59:02+00:00,1641394597267140611,ThIsIs_Zharif,Makanan bazaar memang mahal la,"Kuala Lumpur, Malaysia"
2023-03-29 15:30:57+00:00,1641100642038222851,nxnasya,So far makanan yg beli dkt bazar ttdi setakat ni semua sedap walaupun mahal.,"Kajang, Selangor"
2023-03-29 10:00:59+00:00,1641017603476045824,nrhanimlee,@AkeemSharyzal Takberminat dgn makanan bazaar sbb semua harga terlampau mahal 🥲,Shah Alam
2023-03-29 08:50:35+00:00,1640999882986242048,ace_rais,Mampu masak kt rumah jah. Makanan luar mahal po nyepak,
2023-03-29 07:04:12+00:00,1640973114061496320,ASomchair,"@jllmisai Benda jadi mahal, sebb org dah pndai main olah2 eksperimen makanan ni, smpai letak bahan2 yg kena import masuk la apa la bagai…cuba la jual mcm mna asal makanan tu…sebagai contoh, dtg nk beli popia je, skali dia jual popia saiz giant, inti ada asparagus…jadilah mahal…",Kuala Lumpur
2023-03-29 06:45:00+00:00,1640968279731888128,sinarpremium,"Punca harga makanan di bazar Ramadan mahal

#sinarharian #sinarpremium #sewatapak #bazarRamadan #hargamahal

https://t.co/U3OA6f2cQl","Shah Alam, Selangor "
2023-03-29 05:30:00+00:00,1640949406689280000,RajaCuti,"hitam itu premium katanya, sebab tu harga makanan kat bazaar pun mahal sekarang 😂

kredit fb moghammer lulu

#rc #rajacuti #viral #rcpeoplearefunny #lawak #kelakar #terhibur #ramadhan #puasa #bazaar https://t.co/EjgfLw57iO",Petaling Jaya
2023-03-28 11:29:03+00:00,1640677377658478594,intansyerlina,"Haritu gi bazar laki aku bayar so tak rasa sangat. Harini aku gi bazar berdua je dgn hamzah, eh betul la org kata. Mahal makanan tahun ni, nasi ayam biasa je rm8.50, murtabak spore rm12. Esok2 masak je la 😅","kuala lumpur,malaysia"
2023-03-28 10:29:24+00:00,1640662366592565248,AzriYusainey,@adilaheiisha ni semua salah organizer bazaar letak harga tapak meniaga harga yahudi. Makanan semua mahal gila,I am what i've been through
2023-03-28 02:19:56+00:00,1640539187819728896,twt_bajet,@tehtarikOnIce Sabar tuan. Mungkin sewa tapak yang mahal memaksa peniaga untuk menaikkan sewa. Biasanya makanan pilihan ni lebih kepada willing seller dan willing buyer.,Cyberjaya
2023-03-27 12:50:21+00:00,1640335447816806400,rinmansor,"Tadi pegi bazar TTDI. Review saya: terlalu crowded, harga makanan pun mahal sikit berbanding tempat lain. Takpelah pergi sekali dan malas dah datang lagi 👌

Bazar mana lagi patut saya explore tolong rekemen sikit",Kuala Lumpur
2023-03-27 11:17:23+00:00,1640312054165958656,erid_amaro,Tahu makanan x sedap and mahal .. prefer beli kt kedai makan yg dh biasa beli,shah alam
2023-03-27 09:19:18+00:00,1640282336179945477,zulabmm,"Tahun ni nak cari tempat buka puasa yang tak perlu beratur masa nak makan. 

Aku tak suka buffet ramadan sebab kena bersesak-sesak beratur nak ambik makanan. Kita dah la penat puasa seharian lapar &amp; dahaga, bayar mahal pulak tu lepastu nak kena beratur.",Kuala Lumpur City
2023-03-26 14:38:48+00:00,1640000352018919426,_frlad,"Tiap tahun baca kisah orang beli makanan bazar kata mahal lah, tak sedap lah, aku pun tak berapa nak ke bazar. Adalah sekali dua je dalam sebulan puasa tu. Tadi saja lah aku beli nasi kukus kasi chance, erm memang tak sedap pun. Sedih.",Shah Alam
2023-03-26 14:06:12+00:00,1639992150539771906,equeen_esmae,Sebab tu aku tak pernah persoalkan harga makanan . Sebab aku tahu . Ni confirm tapak yang mahal . Bising kat peniaga biar peniaga bising kat tuan tanah . Ke macamana pengurusan diorang tak pasti lah . Sebab harga pasar malam biasa elok je tak mahal 😭,"Kuala Terengganu, Terengganu"
2023-03-26 12:48:47+00:00,1639972666760372225,Radevengers,Normal ke Roti John Cheese harga RM13? Am i missing something or makanan bazar memang mahal,
2023-03-26 10:28:44+00:00,1639937419717001218,haikalkrekkrek,"Bukak reply penuh penyokong pakatan harapan marah awani, citer harga makanan mahal pun kena marah 🤣",Kuantan-Kuala lumpur 
2023-03-26 10:08:43+00:00,1639932384891248640,haikalkrekkrek,"Orang gila je pergi bazar selarang, mahal kaw harga makanan",Kuantan-Kuala lumpur 
2023-03-26 03:04:14+00:00,1639825561366433797,Jendulism__,"Makanan kami mahal sgt ke? Kami retort, beli packaging gred tinggi, plastic tebal x lobos. Itu value kami, dgn bahan2 dan resepi sikitpun x shortcut.

Tp org igt kenaikan harga dia sorang je yang rasa, peniaga yg beli bahan mcm kami ni x perlu naik harga?",KUL - KCH - MYY - BWN 🛩
2023-03-24 11:12:59+00:00,1639223780668235776,abdullah_e21,"@xmrlxrffbhr baru perasan, kira mmg harga makanan kt ganu mahal ke?",IIUM
2023-03-23 10:22:58+00:00,1638848807520845824,al_afnil,Damn harga makanan kat bazar TTDI mahal shitt haha,bangi
2023-03-22 23:17:02+00:00,1638681220405170176,wankash82,"Kenapa ya kalau ada event, bazar @ any food festival di Putrajaya makanan semua mahal-mahal? Diorang ingat yg dtg majoriti semua kaya2 ke?","Sepang, Selangor"
2023-03-15 12:07:11+00:00,1635975928840093696,kiddiepax,"Now i understand why i feel so poor jalan-jalan di KLCC. Sebab my salary range tak sampai lagi level tu. So bila tengok makanan/kedai mahal, sis rasa down (?) abit. Takde la down mana pun, cuma sedar diri tak mampu je la 😂",
2023-03-12 13:16:51+00:00,1634906298168016900,AlepAdon,"Menu rahmah ni, once big company dan well establish company join, yang peniaga kecil ni akan terkesan lah. Asalnya boleh jadi tarikan pelanggan menu rahmah ni, tapi benda murah ni kalau boleh dapat kat restoran selesa, makanan yang selama ni mahal, orang pun beralih lah.",
2023-03-09 12:08:38+00:00,1633801968895524869,adihariez,@shrzxl Sebab makanan tu dibawa dlm truck. Kalau dia bawa dlm kereta murah skit. Diesel mahal bro.,Subang airport
2023-03-07 23:48:50+00:00,1633253404750544896,lomo_tech,Kucing / pet ni aku rasa dah boleh masuk bawah zakat fitrah. Makanan mahal dari tuan. Jk.,-
2023-03-06 01:37:28+00:00,1632555965848633345,neyrashazeyra,@liyanaliyana Hahahhahaahahah Mahal Kan semua makanan kat Sana. Last2 I makan buah je la murah skit,Malaysia
2023-03-01 13:35:03+00:00,1630924614108065792,Mzrhycb,7Eleven Malaysia ni terlalu mahal barang2 nya. Markup harga gila2 betul. CU/Family mart/Emart lagi murah. Makanan ready to eat lagi banyak dan murah.  Kalau di Thailand -7Eleven nya murah Dan banyak barang.,
2023-02-28 03:04:41+00:00,1630403588009889793,rafiziramli,"Hari2 ratib harga barang mahal &amp; kerajaan x buat apa2.

Kita ambil langkah tambah bekalan makanan murah - baik melalui menu Rahmah (RM5) atau IPR (RM2).

Juga buka tanah kerajaan utk tambah bekalan hasil pertanian.

Skrg dia konar baring kata nak bunuh peniaga pulak 🤣 https://t.co/8Qax5l2moI",Kuala Lumpur City
2023-02-19 04:27:11+00:00,1627162858219016192,zahidsafwan_,"Pernah stay both, dua dua makanan mahal.okay byee",Kuala Lumpur City
2023-02-15 01:35:04+00:00,1625669992460206080,EmmaElmoo,Tak payah la buka kedai dulu kalau masih dalam fasa food experiment lagi. Kesian tau customer bayar mahal mahal tapi dapat makanan ala kadar.,"Klang, Selangor"
2023-02-14 04:09:29+00:00,1625346464972148736,AlepAdon,"Tempat jual makanan mahal kau orang marah-marahkan sampai viral, aku jual nasi lemak RM1.50 lagi ni hadap naik turun harga barang macam nak gila korang buat bodoh je eh. 

Timun naik 300%
Ikan bilis naik 35%
Telur naik 40%
Beras naik 15%

Portion dan kualiti masih sama.",
2023-02-13 16:30:29+00:00,1625170555187134464,AlepAdon,"Makanan paling scam. USA stand for Udang, Sotong, Ayam. Sekarang semua bagi daging merah dengan telur mata. Tapi dalam menu, ni lah paling mahal.",
2023-02-13 05:33:00+00:00,1625005096571641856,ohsemnow,Thai food festival...mahal nawww harga makanan dia😂😂😂,Malaysia
2023-02-13 01:29:10+00:00,1624943732503236609,azahsharipuddin,"@aixffir Minyak petrol mahal kat sana tp apesal makanan murah, hotel murah. Pastu malaysia pening billion2 rakyat malaysia spend kt thailand.",S.A All Day
2023-02-11 01:32:08+00:00,1624219701793677312,izad_abas,Ada kawan cakap absolute thai tu sedap. Nak nangis rasa makan makanan mahal tapi tak sedap. 😭,Malaysia
2023-02-09 11:06:06+00:00,1623639371315552256,Syamil_Luthfi,Aku rasa bab makanan mahal ni benda yang real. Sebagai student sangat terkesan dengan keadaan harga barang sekarang. Nasi lauk ayam goreng sahaja pun sekarang dah RM6.,
2023-02-08 04:41:26+00:00,1623180178343206912,rizal_sarbini,@ThisIsPutrajaya Ramai peniaga food court tak ambil bahagian Menu Rahmah! Rata2 lokasi food court bersebelahan pangsapuri golongan pendapatan rendah. Caj makanan agak mahal di food court. Agak menyedihkan!,"Presint 11, Putrajaya"
2023-02-02 08:33:11+00:00,1621064175433953280,xeraheadstrong,"Hahahahahahah.
Ko bukak kedai makan dlu bru sembang.
Kesian kat peniaga konon.
Habis kat rakyat nk mkn ni ko tak kesian?

Bila brg mahal,suruh kerajaan turunkan harga.
Kerajaan turun harga makanan,ckp kesian peniaga.

Asal Pertikaian Nasional,semua benda nk pertikai.","Chukai, Trengganu"
2023-02-01 08:41:53+00:00,1620703974214213635,azahsharipuddin,Cane ek minyak petrol kan mahal kt thailand tp apesal makanan die murah?,S.A All Day
2023-01-31 17:27:59+00:00,1620473984268763136,ImannurdinW,"Antara sebab harga makanan dekat kedai pun dah mahal sekarang, cuba kau tengok harga benda yang sama deme jual dekat platform Grab, Food Panda, Shopee Food bagai tu. Sama ke atau lebih mahal?","Kuala Lumpur, Wilayah Persekut"
2023-01-31 14:21:28+00:00,1620427047599505413,iamfuzy,"utk masuk ke sini, anda akan melalui hutan simpan yang berpagar. Memang cantik dan tenang.

Harga makanan pun tak mahal tapi portion nasi lemak tu tidak terlalu besar ya.

Nak tahu lebih lanjut, jengah https://t.co/P6pqjfPzxh nanti #iamfuzykongsi https://t.co/5YR4dR2noz","Kuala Lumpur, Malaysia"
2023-01-31 11:47:27+00:00,1620388286375297025,outlaw__J,Tak tau gaji aku yg ciput sgt or makanan yg mahal nak mampos.,J's Pocket
2023-01-31 09:33:19+00:00,1620354531833036805,ainjuseyo,"Hotel kat malaysia mahal nak mampos, makanan mahal sebab tu laa",Malaysia
2023-01-31 05:33:00+00:00,1620294051420581889,nowthisisrita,"Nak buat mcm mana, makanan kat Malaysia ni asyik kena scam je. Pergi tempat mahal pun so so je raso. Tapi aku tetap la belanja dlm Malaysia. Dr Mersing ke Rompin makanan 👍🏼.",she/her
2023-01-30 13:52:41+00:00,1620057414472171522,alinosours,"Restoran che' lah sek 13👎👎👎
1 hantar makanan x order.
2 memandai tambah makanan + minuman kita tak order pn dkt cashier.. Paksa bayar plak tu. 
3 pricey, semua above rm10.. Aku marhein je, bihun goreng rm12. 90 mahal tau?! Aku geram! Sb terpaksa stop mkn sb org lain stress..","Malaysia, Melaka. "
2023-01-29 14:00:35+00:00,1619697016514412549,pdodido,"Sebagai event organiser, aku mengaku, sudu pakai buang, tissue, bekas makanan memang agak mahal. Tapi.. dimana food hygiene? Sedih!",Petaling Jaya
2023-01-27 15:37:03+00:00,1618996516932440066,serisseu,Tapi self reward aku makanan 😭 yang mahal laktuh 😭😭😭😭 sukiya lah nasi lemak kak og lah,Kuala Lumpur City
2023-01-27 11:04:46+00:00,1618927995397488642,iliansori,"Food security ni kalau buat research memang akan meletop kebabom. Isu yang takkan berakhir, contohnya baru ni yang rafizi dok cakap “makanan mahal” tu one food security isu lah","Kuala Lumpur, Malaysia"
2023-01-20 04:05:08+00:00,1616285672549289984,nizxmshxms,"Yang duk complaint harga makanan mahal ni… 

U ada pergi Pasar tak?",Kuala Lumpur Federal Territory
2023-01-19 02:50:28+00:00,1615904494365331456,ilovedessert95,Bukan taknak tips tapi harga makanan + delivery tu pun dah mahal. Ada makanan tu harga rm7 je tapi kena bayar sampai rm14. Kat situ je dah double kena spend. 🥲,"Cheras, Selangor"
2023-01-17 03:54:58+00:00,1615195950393483265,payid23,@Mear_Biaggi Makanan nak mahal aje kejenye.. bengkrap..apak dia pun makan megi je😂😂😂,Selangor
2023-01-15 10:16:15+00:00,1614567129680080897,_frlad,Scroll grabfood tapi akhirnya masak sendiri je pasta. Lama termenung tengok harga makanan. Mahal nyahhhh,Shah Alam
2023-01-14 08:01:16+00:00,1614170772838440961,yirrginie,"Sometimes mahal mana makanan tu pun, tu tak kisah. The memories 🍃🍃",
2023-01-13 08:17:54+00:00,1613812567805407237,nizxmshxms,"Mahal eh makanan tadi. 

Menyesal sikit.",Kuala Lumpur Federal Territory
2023-01-12 10:02:00+00:00,1613476380020477953,adashuhada87,"@norazambudin Letak sekali gambar portion each makanan yg order tu. Kdg² harga mahal x kisah, kalau rasa memang sedap.","Gelang Patah, JOHOR"
2023-01-11 14:41:35+00:00,1613184352686592003,donacaddo70,"baru tahu yg kantin sekolah pun kena dibayar sewa oleh pengusaha kantin. Paling tak best kalau harga mahal, kesian murid2 yg kurang berkemampuan utk beli makanan yg cukup utk hilangkan lapar.",
2023-01-09 15:01:05+00:00,1612464483074715648,miuju,Makanan kat bask bear mahal nak mampos eh. Hahha,
2023-01-09 09:18:32+00:00,1612378276819013633,Aliakhalisya,Balik kl ni selalu pening nak makan ape bukan sebab tak lalu tapi semua makanan mahal hahahah,Malaysia
2023-01-06 06:16:51+00:00,1611245392867528706,Eastcantdark,"Harap² Y.A.B @FadhlinaSiddiq dan Datuk Seri @anwaribrahim do something to appreciate the efforts of Maryam Muzamir which is not just a moral speech...Datuk Seri @AlexNantaLinggi kata dh pattern in @myipo... betul ke?
So dh tk bleh bgi alasan import makanan ternakan mahal lpas ni.","Kajang, Selangor"
2023-01-02 03:29:49+00:00,1609753804333010944,sherfiqashrdn,Actually semua makanan da naik harga 🥺 and da makin terasa mahal dia actually bcs duit aku makin cpt berkurang hahah,
2022-12-27 06:39:20+00:00,1607627170985447425,afrinaaaa__,Will share this tweet to my mum cause mama tak percaya bila i cakap makanan dekat bangsar mahal,L-1485
2022-12-23 15:42:36+00:00,1606314337403969536,NabilTaki92,"Dlm space tu ramai speaker blur apa solusi. Nak tergelak pun ye. 😂. Punyalah kita ni dah ada blueprint Industri Bijian dengan Pelan Penanaman Jagung (2017 - 2032). Siap ada 3 Fasa lagi dalam pelan tu.

Hahaha. Benda paling mahal utk ayam ni makanan dia. Kau import pun sama jgk😂","Petaling, Selangor"
2022-12-23 15:04:22+00:00,1606304714865274881,Cintaumi9,@TAhmad27164840 @xleovengence @syahirsyhr Banyak je pilihan kalau nak... benda paling senang dibuat... pilih harga makanan yang berpatutan dan berbaloi... mahal tapi x sedap x guna jugak...,"Kuala Lumpur City, Kuala Lumpu"
2022-12-22 21:56:02+00:00,1606045925734240256,alpha_KVG,"@McDMalaysia Oh, pasti sangat berbaloi dengan harga yang mahal tu. Jom kita makan makanan yang tak sehat dan minum minuman yang tak berkhasiat!",Kuala Lumpur City
2022-12-12 07:29:29+00:00,1602203975704420352,raxipjasry,@faruqmcgrath hujan  dan makanan mahal 🤣,"Kuala Lumpur City, Kuala Lumpu"
2022-12-07 05:54:15+00:00,1600368066533425152,njuliana_azura,"Food festival ni dah la mahal, makanan aku beli dlm banyak2 tu ada 2 je yg boleh la makan. Yg lain, hmm kelaut. Kerabu rasa sambai tumis, bayangkan lah. Sedih weh! Makanan beli tak sedap! Takmau beli dah lps ni!",Kuala Lumpur Federal Territory
2022-12-06 13:05:46+00:00,1600114274294435841,syfqdot,@medinaisa7 @doqtahu Kau punya mahal bang bukan makanan tapi view 😂😤,"Selangor, Malaysia"
2022-12-04 11:18:24+00:00,1599362480991797254,al_majidee,Rasa macam makin mahal melampau pulak harga makanan dalam grab food ni 😅,Malaysia
2022-12-02 21:28:51+00:00,1598791328913313792,aliyadiyanamh,@chachafifufefo Muroh ke dok makanan dio? Sekalo mahal supo bedil hahaha,"Bachok, Kelantan"
2022-11-29 00:02:46+00:00,1597380512670437376,miswxn,Sanggup dahulukan duit untuk makan makanan mahal and bayar murah,"40460 Shah Alam, Selangor"
2022-11-28 04:43:53+00:00,1597088868355801089,kewayamin,- orang yang bila tengok aku post tempat makan lawa2 suruh bawa pergi situ juga. aku dah bagitau makanan dia biasa2 je dont expect too much. bila dah sampai dia bising siap perli2 tak kenyanglah mahal lah segala. heyhhh nyampah lah aku. 😂,Shah Alam
2022-11-23 05:28:56+00:00,1595288266273869824,fadhil_lll,Komitmen harian yang paling mahal adalah makanan.,
2022-11-10 01:55:25+00:00,1590523492210216961,equeen_esmae,@_aziatomik @syazayasmin7 @doqtahu Tu lah diorang cakap sekarang nasi bujang dah rm7 you . I pon terkejut gak . Mahal betul . Sebab kat mamak ni nasi + ayam + kobis dah rm9-rm10 . Beza betul harga . Tapi kat pj ni makanan memang mahal . Kl lagi murah,"Kuala Terengganu, Terengganu"
2022-11-09 02:33:21+00:00,1590170650970558464,equeen_esmae,@ArifAzizi91 @syazayasmin7 @doqtahu Ahha kalau dekat rumah family i makanan boleh kata murah² lagi . Area kg pandan sana . Kalau dekat pj ni memang serba mahal lah .,"Kuala Terengganu, Terengganu"
2022-11-06 11:33:01+00:00,1589219297360244736,linaraus,Ingatkan iols sorang je yg rasa harga pasta panas skrg dah tak masuk akal. Dah lama x beli sebab rasa macam terlalu mahal utk makanan express yg boleh dapat lagi sedap.,Putrajaya |
2022-11-02 03:56:38+00:00,1587654894563266560,MohdShubhi,@LostGenX1980 Cap ayam paling mahal berbanding makanan tin yg lain !,"Petaling, Selangor"
2022-10-28 16:05:22+00:00,1586026346761027584,amirheyyqal,Makanan paling mahal dan tak sedap tadi wa makan.,
2022-10-28 05:50:31+00:00,1585871616000413696,amaninanaeeim,"@AimanShahir17 Kat kl makanan lagi murah ,Bangi mahal stress","Damansara, Selangor"
2022-10-27 23:45:28+00:00,1585779746062798849,atiiikahhhh,"Tetiba teringat nanti makanan kat office baru semua mahal, no more foodcourt price🥴",08000 - 47100
2022-10-26 09:04:51+00:00,1585195744029736961,Syamil_Luthfi,"Tengok dia review RIMBA aku terus off. Makanan semua mahal, dia punya shawarma dengan nasi goreng sumpah biasa-biasa je. Tapi review dia semua makanan sedap dan harga berpatutan🥲",
2022-10-26 05:18:54+00:00,1585138880705355776,NAZLEERA,"@ShahellaAziera Byk kali kena. 🥹 Masalahnya dah keluar, takda kaitan dgn vendor, sbb kitorg dah provide makanan, lepas tu antara rider &amp; customer la. Tapi at the end kitorg gak kena cut payment. Sedih gila. Tu semua duit kot. Beli brg mentah dah la mahal skrg. 🥺",
2022-10-19 03:17:45+00:00,1582571677736906754,zafeiyra,"I jrg beli brg dpur sbb slalu beli je makanan. Skali beli sayur sawi 2 ikat, cendawan dlm plstik kecik, cendawan putih satu plastik RM10. Sayur mahal juga rupenye yee. Beli nasi goreng pun rm6-7 kenyang untuk sorg 😂👍🏻","Kuala Lumpur, Wilayah Persekutuan Kuala Lumpur"
2022-10-16 10:10:51+00:00,1581588473726701570,guahipster,@artfishstudio Kadang tu rasa cam mahal gak g kedai eco shop tu beli cat food diorang. 2.10 je. Tapi tulah kalau ada lebih boleh spent kat yang brand baik. Kita manusia ni pun kadang2 nak rasa makanan sedap. So boleh je. Heheh ikut kemampuan.,"Selangor, Malaysia"
2022-10-14 11:04:01+00:00,1580877080061149184,payid23,"Almost full house ptg ni. Kena pancing dengan makanan mahal gak baru nak mari.

#NekoAtsume #SiBulus https://t.co/GykNkHe0uq",Selangor
2022-10-09 10:24:33+00:00,1579055208277348352,kraszbatu,"Malam tadi pi la ke ""Pekan"" di pekan lama Ipoh. Dia punya Seafood Tomyam mmg power la. Dan portion makanan lain dia besar2 gak. Puas makan, harga pun taklah mahal sangat.
@PerakFood @MohKeIpoh https://t.co/AO5x7O24CY","Perak, Malaysia"
2022-10-06 02:26:06+00:00,1577847636832710656,MyraHana_,Minggu ni mmg tak sempat nak masak lunch sbb full schedule siapkan order. Luckily ada jiran yg bukak order makanan tgh hari siap hantar ke pintu rumah. Harga pun tak mahal mcm beli kt foodpanda https://t.co/81OPIBDaTs,"Kajang, Selangor"
2022-10-03 11:39:44+00:00,1576899799025999873,payid23,"Mcm biasa, kena letak makanan mahal baru dia nak dtg beramai-ramai https://t.co/JZk2y9Booi",Selangor
2022-09-28 04:05:10+00:00,1574973464544354304,rainbowuniqat,"Tak sama. Private husband boleh teman kat ward. Makan sedap x pun boleh bawak makanan dari luar. Layanan better sbb bayar mahal kan. Kat GH ni nak bawak makanan dari luar pun x boleh. Belum masuk kekasaran dr nak check jalan, nurse kejut bgn pg kemain garang nak check CTG. 🤷🏻‍♀️",
2022-09-24 10:49:31+00:00,1573625671397838850,Smohni64,@yuszuri @magmalaya Harga tiket dan makanan mmg mahal.,
2022-09-22 14:57:48+00:00,1572963380586983424,khidruslin,Makin melampau FP ni. Burger RM7.20 terus jadi RM30.76! Baik pegi chilis! Delivery charge lagi mahal dri harga makanan. Pastu kalau tak cukup min order kene pay the difference and on top of that ada service tax lagi. Wth? https://t.co/Ov8p2FGvbh,
2022-09-19 04:29:13+00:00,1571718028034969600,HarithHmzh,@kumuhaimin11 @nelsonc50 That's the thing. Diorg kena tahu anything that got to do with penjagaan makanan and diet nie mahal. Itu yg diorg tkleh commit.,"Bukit Jalil, KUALA LUMPUR"
2022-09-14 17:55:19+00:00,1570108947960573952,projectbekal,"next week ada yang request ni gais.. bagi kira kira kos nya dulu ..

#projekbekal ni kita aim penjualan makanan per pack rm8 ..paling paling mahal pun rm10 la.. tapi kalau ada yang ada kuantiti dan bajet.. boleh diskus manjahhh

boleh follow di https://t.co/M8lHF78kub https://t.co/ZcJ1xe0UTE","Kuala Lumpur, Wilayah Persekut"
2022-09-12 10:33:50+00:00,1569273070476754945,azlindhia,"I tak kisah bayar mahal, kalau makanan tu sedap di tekak i. Kalau tak sedap, sekali tu je lar i beli..",
2022-09-10 11:16:28+00:00,1568559023108276224,sifu_k,"Siapa kawal harga tiket parkir ? Siapa kawal harga makanan dlm stadium? Kalau mahal tp service baik org xde mslh. Tp mahal dapat cikai, siapa x bising.",Gombak
2022-09-09 00:19:29+00:00,1568031302242430976,HarirZharfan19,"Makanan airport mmg mahal. Gaji aku 300k, 500k setahun pun, aku akan rasa dia mahal. So best option? Tapau lah kat luar. Jimat do. Pastu makan kt airport. Beli la 1-2 air dulu, then tanya, boleh makan tak. Usually kalau dah beli, xkn diorang nk cakap tak. Hahahaha.",Kuala Lumpur
2022-09-09 00:11:38+00:00,1568029323793432576,HarirZharfan19,"Yes. Each of us ada tupperware kecik, kitorang makan je kt seat tu. Air sorang satu botol 500ml. Picnic tu taklah. Tak pernah terfikir utk picnic. So nak kata aku susah, aku pernah hidup susah dulu, makanan airport mmg mahal for me n my fam at that time, tapi x pernah sesekali…",Kuala Lumpur
2022-09-05 05:49:37+00:00,1566664831130021888,yeolahv,"Kalau tahu kita tak ada duit, buat cara tak ada duit. Masak dekat rumah etc

Makanan sihat dekat luar memang mahal sebab you pay untuk their prepping skills more. Yang tak sihat lagi murah pasal dia campak je segala perisa recklessly",Malaysia
2022-09-05 05:48:07+00:00,1566664453441323008,yeolahv,"Makanan sihat mahal? Haritu aku beli daging RM3 boleh buat makan siap share dengan kucen lagi 🫠

Belum kira beli sayur etc. Tapi yelah kome nak membeli juga, tak nak masak sendiri",Malaysia
2022-08-16 14:02:40+00:00,1559541153237979136,khairunnxsa,@ziq_zufar Kalau kau teringin makan nasi n tomyam aku cadangkan makan rama V. Makanan sedap. Harga mahal. Ekslusif. Gi ah tengok ig dia,
2022-08-11 06:42:24+00:00,1557618417363853312,luq_hakim666,"@SyedSaddiq Tp yb kalau dia naikan delivery, sy sebagai pengusaha/ merchant akan terlibat juga makanan jadi mahal YB, solusi dia pada sy kurangkan comision 35% tu kepada 25% dan naikan rider fee, baru lah pengguna benifit, rider benifit, merchant benifit, syarikat ada lah untung sikit",
2022-08-06 06:15:54+00:00,1555799810401177600,luq_hakim666,"@SyedAkramin Kalau nak mogok bagi lah end user untung, bukan rider. Klu panda/grab naikkan harga delivery, yg terjejas rider l, vendor dan pengguna, klu dah mahal pengguna x Oder makanan, rider rugi, vendor pun rugi, grab/panda ok je dia company besar.",
2022-08-04 06:56:26+00:00,1555085234664013825,Izizainal,Btw skrg foodpanda dgn grab food mmg agak mahal. Dah jarang sgt order guna fp atau grab sbb rasa mcm kalau aku drive sendiri pergi beli makanan kat kedai tu pun kos minyak kereta aku tak sampai mcm kos order guna fp atau grab.,Banting/Shah Alam
2022-08-03 18:13:55+00:00,1554893338678943744,seorgperempuan,dah sampai sini belasah je la tunggu beratur. Daripada panas terik bawak ke hujan baru dapat meja. Tapi berbaloi la makanan sedap. Ke sebab dah lapar? Harga pun boleh tahan taklah mahal mana. Balik hotel rest kejap lepas tu ke Central Festival Mall. Ini jalan kaki je,Malaysia
2022-08-01 12:36:24+00:00,1554083624517275649,syvzwvn,"Bila nak order makanan, tengok delivery harga mahal, aku berteleku sejenak. Lepas dah kira dan berfikir secara kritis, aku tiba di konklusi kalau aku jadi rider tu, confirm confirm aku charge triple. So aku pun order. Kita murahkan rezeki orang, orang mudahkan urusan kita.","Chicago, Kelantan"
2022-08-01 05:36:01+00:00,1553977833055453185,faqihsyakiran,Aku mmg complaint lah . Dah lah mahal lepastu bagi makanan mcm dedak ayam cibai,"Wilayah Persekutuan Putrajaya,"
2022-07-31 08:57:26+00:00,1553666132753924096,syeerayahaya,@cekelatshop Agak overprice wani 😆 kaw kaw khunafa ceah beli ni rm15 tp sbb nak sgt rasa kurelakan 🥹 makanan lain pun mahal mahal gakla. Terus masuk kereta hidup enjin vroom vroom 😂,"Port Dickson, Negeri Sembilan"
2022-07-21 11:43:37+00:00,1550084077541212160,noorshaheeraa,So mahal ye harga makanan kat foodcourt mid ni 🥲🥲🥲,
2022-07-14 02:06:15+00:00,1547402061956157441,ain_manan84,Lunch.. Kalau boleh jimat..jimat je lah kan..makanan mahal betul skrg.. Utk org yg makan ciput mcm i.. Boleh je masak simple mcm ni.. https://t.co/jTfoCw1N8p,"Selangor, Malaysia"
2022-07-13 03:18:56+00:00,1547057963671896065,sruliam,@CescYayan Makanan kat sini mahal. Takmau makan!,Malaysia
2022-07-12 04:03:48+00:00,1546706868029886464,runningpanda_,"Time I kat perak, kos makan luar tak mahal so I prefer makan luar je sebab if masak, penat.

Tapi bila kat kl, masak sendiri lagi jimat sebab sini makanan quite mahal. Kalau masak je, sebulan 300 je keluar duit makanan (harga barang 2021). Duit extra boleh buat shopping 😂😂",
2022-07-05 15:03:03+00:00,1544336058472894464,afmnurdin,Done beli makanan meow. Kucing saja kibbles nk kat 100 sebulan. Aku hrp kibbles xnaik harga :( tp shipping mesti mahal sbb on average the weight dlm 2-4kg,
2022-07-04 14:14:19+00:00,1543961408794005504,aimnrhm,"Korang yang suka cafe hunting kan, try laa pergi kafe ni Teddy Kafe, PJ memang muslim friendly😋

Makanan sedap
Portion banyak
Worth dengan harga⭐️⭐️⭐️⭐️⭐️

Tak macam sesetengah kafe yg overclaim, nmpak aesthetic tapi tak sedap pastu mahal https://t.co/YMZ6Ea8hlY","Selangor, Malaysia"
2022-07-03 15:13:52+00:00,1543614006082306049,Dar_Moee,"Oke besok kelar kerja ada dinner bareng tim tp tanpa leader. Tau dmn mo dinnernya?  Resto Jepang yg Fancy woy. 
Aku dah cek harga sushi dll 😭
Eman sekali bayar mahal buat makanan bcs for me its just once to enjoy loh. Not longlast. 
Tp yaudah itung"" biar pernah makan yg mahal.",🇹🇭🇮🇩 | ENG • INDO • ไทย
2022-07-03 14:09:24+00:00,1543597781759447040,ieya_2020,"@luvly_ania Tak sis, apelah sgt potong ayam tapi aku skrg pon da kene rajin masak sbb mahal amat makanan","Kuantan, Pahang"
2022-07-01 06:13:04+00:00,1542753132756684802,thenthang,"Hanat mana lah buat policy no plastic bag dekat Putrajaya start 1 July. Sampaikan kedai pun dah terpaksa pakai benda ni. Bekas makanan tambah 30sen, cutlery tambah 30sen. Korang ingat peniaga nak absorb kos ni? Harga makanan dah la mahal skrg . @IsmailSabri60 kau tgh buat apa ni? https://t.co/ZnjQfBkaal","Rawang, Selangor"
2022-06-26 11:41:30+00:00,1541023844940468225,Skeperism,"Masalah aku paling besar bukan makanan manis tapi kopi tin, sehari kadang 2 tin kopi tarik wonda. Jadi ini lah penganti with zero sugar, cuma yg coldbrew tu mahal dol. https://t.co/kfPbVn0xl7",Sundaland
2022-06-22 11:38:40+00:00,1539573581901795328,kechekkkkk,"mummy kt tempat kerja aku cakap ""dulu haa maggi ni orang cakap makanan orang susah tau, sekarang maggi pun mahal"" 

nak makan maggi pun pikir² sekarang sbb tambah sikit dah boleh makan nasi 😭😭 siel laa",One Piece
2022-06-19 04:17:18+00:00,1538375346277744641,laylathefirst,Memang mahal. Hari tu ingatkan makanan kat shah alam ni yang mahal rupanya semua tempat dah naik harga. Sekarang keluar dating pun bawa bekal je masak siap siap kat rumah. Boleh la saving sikit. Keluar duit makan malam je.,
2022-06-15 04:06:37+00:00,1536923103753691142,hilmiazizi14,so selama ni aku beli makanan wayang mahal tak normal lah sebenarnya? https://t.co/DHbk579Epk,
2022-06-14 01:10:55+00:00,1536516501611888640,laylathefirst,Shah alam ni makanan mahal siao,
2022-06-11 09:35:36+00:00,1535556344844910593,ans47,"Pegi mana pun dalam dunia ni, kalau tempat lg mahal dr kita mcm Australia, Singapore, Japan, Korea, Dubai, Paris, London

1. Pastikan kita tahu makanan kering apa yg boleh dibawa dan tidak boleh dibawa

2. Kalau dh tahu apa boleh bawak, bawak apa yg patut

3. Bawak ubat jgn lupa",
2022-06-10 14:15:10+00:00,1535264311752499202,azmilalimi,"Kenapa makanan cina muslim lagi mahal dari cina biasa? (@ Salam Noodles in Dengkil, Selangor) https://t.co/CMw2ySGFlU",
2022-06-05 16:57:02+00:00,1533493106900815872,izzahokayjer,"@RimauXI kos sara hidup macam kat kl ,tapi gaji gitu jugok muroh dooh lalu.kalu makanan tu mahal dari kl lagi la🤣","Pattani, Thailand"
2022-06-04 14:00:25+00:00,1533086274466086912,WadieAzman,"Kalau berjenama, ya memang agak mahal. 
Kalau jenama biasa, masih yang dijual bawah &lt;RM5 untuk setin besar. 
Tapi ini tak nafikan hakikat yang harga makanan negara dah melambung teruk.","Ampang, Wilayah Persekutuan Ku"
2022-06-04 03:13:54+00:00,1532923570820591618,kito4036,"Masalah dengan bekalan ayam, rakyat yang susah. Harga ayam naik, automatik makanan yg berlaukkan ayam jadi mahal. Sampai bila mcm ni @kpdnhep ? @mafimalaysia @IsmailSabri60",
2022-06-03 12:40:05+00:00,1532703666662043654,WadieAzman,"4. Kudap-kudap
Makanan yang dijual kat #PWTC biasanya mahal gila namatey! Jadi, siapkanlah kudap sikit. Coklat ke, granola ke, buah potong ke. Haa, bolehlah buat alas perut sebelum nak makan berat","Ampang, Wilayah Persekutuan Ku"
2022-06-02 14:48:35+00:00,1532373620403494913,nabilahudatahar,FUCKING HELL LAH MAKANAN TAK CUKUP MAHAL KE,MY
2022-05-31 15:27:19+00:00,1531658589185581056,kiddiepax,@yvyvivy Bab gerai jual makanan ni last time macam fail jaa. Mahal dan not many choices. Seboleh-bolehnya eat somewhere else before coming lah.,
2022-05-28 12:35:51+00:00,1530528274043940864,akudiraf,"@nia_kawai @anhe51 @realfikrift Untuk Nia mesti boleh. Beritahu saja jika Nia ke sini. Tapi itulah sekarang ini, semua harga makanan makin mahal disini. 😢","Kuala Lumpur, Malaysia"
2022-05-27 07:36:08+00:00,1530090461301559302,lady_chantek,"Sebenarnya ayam adalah makanan yg masih mampu ramai org beli utk mkn di kedai atau di rumah.
Ikan lebih jauh mahal dari harga  ayam apatah lagi harga daging lembu &amp; kambing.Itu sbb ramai yg rasa tertekan bila ayam naik harga dan tiada bekalan tapi itu saja yg ramai mampu beli.","Kuala Lumpur, 📍 Malaysia 🇲🇾"
2022-05-26 13:18:46+00:00,1529814298918236163,_riixal,"Kecewa nya dpt Vietnamese beef noodle macam nih! Sup sikit, masin plak tuh! Sayur pun takde! Teruk betul kualiti makanan @secretrecipemy_  skrg nih! Harga da la mahal tp kualiti makanan tak seberapa. https://t.co/amQnCRP801",W.P Kuala Lumpur
2022-05-24 22:30:35+00:00,1529228394252013568,faezahana,"Haah.. memang beli phone guna timbang kati hari2

Phone is optional kalau rasa nak beli mahal beli, ikut kemampuan. Yang ni makanan mentah, harian, rutin, penjual makanan kecil atau restaurants mahupun dapur kita membelinya.

Cuba la compare dengan benda yang bijak sikit.",Kuala Lumpur City
2022-05-18 08:32:18+00:00,1526843108024913920,amrmnff,"Habis lah FP dah lah mahal, risau makanan tercalit ciritttt 💩 rider suka suka crotttt ghisauuu","Shah Alam, MY"
2022-05-13 16:22:32+00:00,1525149503476858880,Mohdfaiz13,@hidayatdean @thecathooman @nzranasr Rider dari hari tu hingga sekarang ramai yg masih beraya. Tak nak kerja. So rider kurang tapi ramai yg nak order makanan. Tu jadi mahal.,"Shah Alam, Selangor"
2022-05-13 14:31:57+00:00,1525121676588949504,asyrafaafiq,"Makanan bayar mahal, tak sedap pulak tu. Duit habis, stress pun dapat. What a great life☺️",Malaysia
2022-05-09 13:52:05+00:00,1523662091021787137,lady_chantek,"@NoreenAmore We Malaysia, doesn't have any food bank and food security for our people.lg mahal la harga makanan","Kuala Lumpur, 📍 Malaysia 🇲🇾"
2022-05-09 05:53:37+00:00,1523541679529410560,thejkiddo492,"@sparklyunikorn Haha area aku mamak, fast food and tomyam. Chinese weekday siang jak bukak kakya terpaksa drive gi puchong mk makan 🐖 tp makanan chinese sitok mahal",KCH✈️KUL
2022-05-06 14:55:27+00:00,1522590873938145280,Mohdfaiz13,@RimauXI Sebab tu caj penghantaran makanan lebih mahal dari sebelum ni. Bukan setakat permintaan ramai ditambah pula dengan pekerja pun kurang.,"Shah Alam, Selangor"
2022-04-28 10:02:02+00:00,1519617929708699648,mluthfiramli,"@MaisarraAnuar Hahaha sabar sabarrrr. Kena ingat, makanan dorg lagi mahal dari makanan kita 😂😂","Ampang, Wilayah Persekutuan Ku"
2022-04-16 11:21:30+00:00,1515289276128571394,DausArshavin,Sama ada makanan dekat baazar terlalu mahal atau aku yang miskin,Malaysia Bolehland
2022-04-12 12:05:58+00:00,1513850914742083584,chairman_GLC,"Kedai ni perfect weh. Makanan tak mahal cekik darah, sedap pulak tu, ambience tenang. Such a lovely place. https://t.co/PywAH6lsSm",Petaling Jaya
2022-04-12 04:26:36+00:00,1513735308545691648,aizathilmi,Tak mmpu jgn beli itu je. Makanan kualiti mmg la mahal. Apa la salah org tu mniaga.haihh meleyss,Ampang
2022-04-11 16:55:40+00:00,1513561429261303810,capt040797,"Kes makanan mahal kt bazar, makanan dari “chef” lagi tuh.

Camni laa. Dah takmampu tu takyah laa beli. RM50 sebekas pun kata mahal, kau expect apa rasa makan premium, harga kampung?. Kau makan kuih je la, RM2 dpt 4 biji. Kenyang pun ya.","Bandar Sunway, PJ"
2022-04-09 13:07:47+00:00,1512779306316886024,Dean9o_,@MothershipSG RM148 for 9pax = RM16.44/pax. Apa yang mahal ye? Dah r dengan 7 menu pulak tu...nampak sgt dorg tak reti nak tong2 duit bila nak bayar makanan...,
2022-04-09 13:02:04+00:00,1512777868581158912,shahrizan_k,"Kita akan rasa harga makanan mahal sampailah kita sendiri berniaga &amp; rasa sendiri penat lelah berniaga tp untung tak seberapa.

Kena mula terima hakikat harga kos &amp; barang, kos pekerja &amp; delivery pun dah naik.

Tak mampu, tak payah beli. Peniaga nak untung, bukan buat charity.",Malaysia
2022-04-08 13:49:32+00:00,1512427426197897216,Angkut_,"Mmg nye yg beli tu, pejam mata n bisu tuk bertanya harga ke acane?main gagau ambil makanan n bayar ke? Xpaham aku.selalunya org dah letak harga...klu da tau mahal n x berbaloi xpayah beli..ur choice maa..lepastu ko menyalak kate mahal..ade nasi arab murah meh🤔🤔 RM5?? Appoo https://t.co/l07Hectmsf",langit nan biru.
2022-04-08 03:17:30+00:00,1512268370095525899,Ziyesh,"Aku kalau makanan sedap aku tak kisah kalau bayar mahal. I know the food, the way dia prepare, all those thing kena ambik kira. Yang harga Tel Aviv ni yg jual briyani kulit telur kena kupas sendiri, amik lauk macam pakai sudu teh, karipap angin, ada hati nak buat bisnes.","Subang Jaya, Malaysia"
2022-04-07 12:09:57+00:00,1512039978968096770,Shahrul_Shahs,Tahun ni tak pergi bazar lagi. Ramai cakap mahal dah harga makanan. 🥲,"Hulu Kinta, Perak & Shah Alam"
2022-04-06 07:44:43+00:00,1511610841954586634,anasshhhh_,"Jangan la pi kutuk chef Amar kata makanan dia mahal. Terima hakikat harga dia bukan target market kome yang cakap mahal. 

Mampu beli kat dia, Tak mampu tengok saja.",Malaysia
2022-04-05 01:12:20+00:00,1511149708068405250,faqihsyakiran,"Bab dapat tender buat project korang memang laju , COViD spread through air borne . Dah vaccinated tiada keperluan jarak fizikal baik kawal jarak harga makanan lebih berguna . Mahal nak mampus 🥹. Ini semua agenda kroni !","Wilayah Persekutuan Putrajaya,"
2022-04-04 03:45:51+00:00,1510825951705575424,faqihsyakiran,🥹 Kalau gini masak dkt rumah je lah.  Makanan pon mahal nak mampus dari restaurant.  Sedap pon belom terjamin https://t.co/IxlzHsleE7,"Wilayah Persekutuan Putrajaya,"
2022-03-26 05:08:51+00:00,1507585348565893121,abamnaza,"Bila mahal ni banyak benda kena tengok. 1,makanan,2,sewa kedai,3,experience,4 poket sendiri.",Puchong
2022-03-25 01:16:00+00:00,1507164362666299392,YusriShamsuddin,@hanifnazrii @neyrashazeyra Lah owner kedai pun. Mmg harapkan komen yg indah2 jeke? Tak blh ditegur? Ke mmg dah rasa perfect?Biar customer rasa sendiri berbaloi dgn makanan yg ingredient mahal2 tu. Kita kat sini semua org Islam aih. Yg cerita ingredient mahal lepastu hujung2 buat ayat perli. Islamic ke tu?,kuala lumpur
2022-03-23 17:41:56+00:00,1506687706952499202,OwToTheZie,Aku jalan terus sebab aku tau customer dari syurga macam ni wujud. Sanggup order walaupun delivery lagi mahal dari harga makanan. Punca kekuatan aku. 💕 https://t.co/2WB6huFPJO,Kuala Lumpur City
2022-03-18 08:27:05+00:00,1504736131430363138,rafhanrafidzi,"Boleh tak kawan2 yang kaya story tempat makan yang betul2 sedap. Jangan story sebab tempat tu fancy, instagrammable and mahal je tapi makanan bbj. https://t.co/PHIXq2aOd0","Port Dickson, Negeri Sembilan"
2022-03-14 02:04:29+00:00,1503190299174371328,MSallehuddin05,"Makanan utk ayam mahal, negara tgh perang dkt europe tu supplier jagung kot","KUL, LHR"
2022-03-13 14:29:11+00:00,1503015318289252354,arisaja,"Hampir semua makanan sehari-hari mengandung minyak sawit, dari coklat murah sampai coklat mahal.","Kuala Lumpur, Malaysia"
2022-02-14 05:43:18+00:00,1493098504436457472,Hfizbhrdin,"Aku benci gila babi kedai yg letak nama makanan Ramen chicken grill lah apa lah, bila sampai ayam 1-2 keping je. Anak harey punya kedai. Lepastu cas harga bukan main mahal lagi. Cm babeyh!",
2022-02-13 01:31:21+00:00,1492672710807535618,nafiznazly,Bila aku kena kuarantin sbb covid ni baru aku sedar harga delivery dan makanan dlm semua apps mahal nak mampos!,Putrajaya Federal Territory
2022-02-12 03:32:16+00:00,1492340753497878528,rahila_yahaya,Makanan kucen lg mahal dr makanan aku 😅,Malaysia
2022-02-10 10:29:40+00:00,1491721019530559493,ziqohhh,"Makanan tak best, standard mahal tapi tak berbaloi harga theme park la kan LOL 🙄

📍LEGOLAND Malaysia, JB https://t.co/yxq713sLzQ","Sungai Buloh, Selangor"
