Datetime,ID,Username,Text,Location
2023-03-13 13:29:04+00:00,1635271762765287425,quelysir,"Buat menu rahmah pon gagal. Tu tandanya salah makanan kau. Benda kalau sedap, mahal pon org datang, inikan pulak murah, lagi berduyun2 lah sepatutnya. Meme jatuh basikal mana?! 😆",Alderaan
2023-01-26 13:58:39+00:00,1618609365807923200,JabalRazak,@fmtoday lain lah pak mail orang kaya boleh makan kedai yg mahal makanan nya,"Malacca, Malaysia"
2023-01-23 03:49:37+00:00,1617368933623029760,lomo_tech,Kaedah jangan makan di kedai mahal ni sebenarnya dari dulu lagi betul. Zaman bn/pn pun. Cuma tu la. Dulu pembangkang kan. Ce minta cerakinan macam mana harga makanan tu tak patut kene turunkan. Adakah kos2 lain naik eg gaji.,-
2023-01-06 02:12:35+00:00,1611183921802399744,shafina_99,"Pernah terkena mcmni dengan member2 kerja.makan kt kedai mahal, so aku amik la makanan yg murah..but sorng volunteer bayar and last2 diorng bahagi je total dgn brp orng yg makan...dhla diorng makan semua yg mahal2 punya.rasa nak nangis transfer duit sebab lunch kene byr 40++😔",malaysia
2022-12-07 14:07:58+00:00,1600492314325286912,dreyse_kim,"Mmg semua makanan, restoren, mamak di melaka mahal mahal belaka, mengalahkan dekat KL. 🥲",KUL || SBN ✈️
2022-12-05 04:31:13+00:00,1599622398311301120,noraaalee,Tengok barang2 jugak Econsave ada yang lagi murah tapi ada jugak yang lagi mahal. Macam pampers dengan toiletries harga mahal lagi banding Ange tapi kalau makanan tu murah. Mydin pulak sebab lagi dekat dengan rumah lepastu selalu ada offer. So beli time tu baloi jugak.,"Malacca, Malaysia"
2022-11-10 12:47:00+00:00,1590687467849797632,dreyse_kim,Makanan di Melaka mahal mahal belaka. Dalam seminggu saya dah abiskan RM 100 untuk makan. 🥴,KUL || SBN ✈️
2022-11-09 05:51:41+00:00,1590220562277990400,Messy_Sunflower,Kepada orang melayu islam sekalian kalau korang meniaga makanan tu betul betul la. Ini tidak nasi jelantah tak masak sangat harga mahal melambung macam makan restoran. Cuba bayangkan pelanggan tak halal duit tu dan menyumpah korang.,
2022-10-22 02:28:34+00:00,1583646463636430849,wearing3plemask,"Naikkan terus 200 mata asas. 
OPR naik yg terjejas yg berhutang saja. 

OPR rendah, ringgit rendah + import makanan tahun lepas Rm 55 bil = harga import jadi mahal = makanan mahal. Semua kena. 

Ringgit rendah, export naik, gaji tak naik juga. 
https://t.co/2IX4v2bcwE",
2022-10-08 22:41:08+00:00,1578878185244045312,faraanadiyot,"I wonder makanan yg berkulit keras kt mesia nie mesti mahal. Contoh: durian, ketam, kerang 😂",kotarayaku
2022-08-31 11:39:46+00:00,1564941008550256641,Sauffie_84,"@iamenahsregor @anthraxxx781 Ini pelajar kawan cina cakap,dia pun makan sebulan sekali.babi mahal gila,dari cina masukkan dalam makanan melayu baik dia makan sendiri.",Bukit Bintang
2022-08-30 04:58:40+00:00,1564477681227296769,Sauffie_84,"@TweetIslamik Pelajar cina cakap,babi mahal.
Tak ada cina waras nak sabotaj letak dalam makanan jual pada Melayu.Dari dia sabotaj baik dia makan sendiri.
Dia 2 sahaja,sama ada cina itu kaya gila atau dia gila.",Bukit Bintang
2022-04-27 11:16:25+00:00,1519274260900216832,StrongGirl19961,"@robotys Semua kemudahan dan hiburan semua ada di KL. Sbb tu ramai berhijrah kerja dan duduk di KL. Btw, makanan kat KL murah dan ada banyak pilihan. Kalau kat kampung atau pekan, contohnya macam pekan sya,lauk beli luar pun tak berbaloi sbb mahal.",
2022-04-14 02:37:45+00:00,1514432694176092163,syazalina95,dia xkn kacau hidup org lain.. Pastu bila benda nie viral kata marketing.. Dh lg rmai yg beli makanan kat stall dia walaupun mahal.. Sape suruh korg viralkn.. Dh Allah nk bg Dia rezeki dgn cara tu so tula rezeki yg dia dapat.. I cannot brain la.. Apa yg korg nk sebenarnya😩,university kebangsaan malaysia
2022-04-14 02:37:44+00:00,1514432690627702787,syazalina95,Sbb tu dia berani bersuara demi maruah staff dan dia sndiri drpd dipijak-pijak.. Klu makanan dia mahal jgn beli.. Byk lg makanan lain yg korg blh cuba.. Klu queue dia pjg cari la stall lain klu rse xde masa dan bazir je utk beratur demi satu makanan yg mahal,university kebangsaan malaysia
2022-04-09 03:30:32+00:00,1512634037302874118,amirulzaidi97,"Dah melayu pi hentam chef palestin jual makanan harga mcm yahudi israel. Mengamuk la dia. Bila dia cakap mcm tu , melayu tahu pulak trigged atas sebab isu sensitif padahal melayu yg sentuh isu sensitif dulu. Biasalah melayu. Logik dia jual mahal sbb dia guna brg mahal","Manchester, England"
2022-03-31 22:36:25+00:00,1509660916883025921,dirikuboneka,Dekat sana aku tak jmp org minta sedekah. Tpi tak expect pon pakcik tu dia bagi makanan tu lagi mahal dari 500yen aku bagi pada dia. Rasa serba salah bila nak balik tu 😂,"Muar, Johor"
