Datetime,ID,Username,Text,Location
2023-02-22 03:41:16+00:00,1628238465518407680,ariry_assraf,"Susah nak terima sebenarnya kalau nak kata makanan masih murah di kuching, rumah mahal. But itu pandangan masing2.","Kuching,sarawak"
2023-01-25 06:56:13+00:00,1618140666416214017,vtymhd,"Org kerja f&amp;b nang susah. Apa gk mn kerja kedey makan and harga bahan mentah naik, terpaksa naikkan harga makanan &amp; minuman juak.Last2 staff kenak maki cust sbb makanan mahal. Hmmm. Harga dh diengkah juak,cust ada choice mk proceed order or x. Pasya staff wak knk slh eh x ku fhm","Sibu, Sarawak"
2022-12-16 07:05:15+00:00,1603647425847394304,eshalove21,Sedih itu pabila makanan yang km order tidak sesedap rupa nya..apa lagi tu kalau mahal.🥲,"East Los Angeles, CA"
2022-11-11 14:35:39+00:00,1591077196151787520,elisanajwa,"Camne biasa cmya oh, lam social media kemain gik post kepok kepok gambar duit nya, meli tok meli ya, semua nak mahal yang nang mahal gik ya, keluar makan simok bayar. Hmmm bukan bayar semua, bayar makanan dikpun nak rm10 ya pun madah sekda duit. 😭😂",
2022-06-15 13:24:34+00:00,1537063518511710210,vtymhd,"Baca komen ng bodo lah ehh. Hahahahaha. Mk saman sebab makanan mahal. Try lok saman rah genting nun. Mahal bah mknan siya. And other hipster cafe juak. 7e boh lupak ah saman juak.bukan mknan ruji mk dikawal harga eh, u have right to choose buy or not. Simple☑️ #pembaris #sarcasm","Sibu, Sarawak"
2022-06-07 14:14:53+00:00,1534177077254946816,qamarins,yalah lemah mun dah order grab sama tapi sik pande bayar terus BOLEH SIK MUN KITA NGODER GRAB PANDE PANDE BERINGAT NAK BAYAR TERUS NGAN ORG NAK NGODER kita sama bah bergaji and gaji kau pun tinggi agik dari aku dah lah makanan kau paling mahal,
2022-03-21 01:00:00+00:00,1505710784885985282,DeeErnsxt,Lok lok kat tempat abc marek kin mahal ka aku yg sik mampu 😂😂 knk makanan sia makin mahal 😂😂,"Kuching, Sarawak"
