Datetime,ID,Username,Text,Location
2023-03-30 10:59:02+00:00,1641394597267140611,ThIsIs_Zharif,Makanan bazaar memang mahal la,"Kuala Lumpur, Malaysia"
2023-03-29 15:30:57+00:00,1641100642038222851,nxnasya,So far makanan yg beli dkt bazar ttdi setakat ni semua sedap walaupun mahal.,"Kajang, Selangor"
2023-03-29 10:00:59+00:00,1641017603476045824,nrhanimlee,@AkeemSharyzal Takberminat dgn makanan bazaar sbb semua harga terlampau mahal 🥲,Shah Alam
2023-03-29 08:50:35+00:00,1640999882986242048,ace_rais,Mampu masak kt rumah jah. Makanan luar mahal po nyepak,
2023-03-29 07:04:12+00:00,1640973114061496320,ASomchair,"@jllmisai Benda jadi mahal, sebb org dah pndai main olah2 eksperimen makanan ni, smpai letak bahan2 yg kena import masuk la apa la bagai…cuba la jual mcm mna asal makanan tu…sebagai contoh, dtg nk beli popia je, skali dia jual popia saiz giant, inti ada asparagus…jadilah mahal…",Kuala Lumpur
2023-03-29 06:45:00+00:00,1640968279731888128,sinarpremium,"Punca harga makanan di bazar Ramadan mahal

#sinarharian #sinarpremium #sewatapak #bazarRamadan #hargamahal

https://t.co/U3OA6f2cQl","Shah Alam, Selangor "
2023-03-29 05:30:00+00:00,1640949406689280000,RajaCuti,"hitam itu premium katanya, sebab tu harga makanan kat bazaar pun mahal sekarang 😂

kredit fb moghammer lulu

#rc #rajacuti #viral #rcpeoplearefunny #lawak #kelakar #terhibur #ramadhan #puasa #bazaar https://t.co/EjgfLw57iO",Petaling Jaya
2023-03-28 11:29:03+00:00,1640677377658478594,intansyerlina,"Haritu gi bazar laki aku bayar so tak rasa sangat. Harini aku gi bazar berdua je dgn hamzah, eh betul la org kata. Mahal makanan tahun ni, nasi ayam biasa je rm8.50, murtabak spore rm12. Esok2 masak je la 😅","kuala lumpur,malaysia"
2023-03-28 10:29:24+00:00,1640662366592565248,AzriYusainey,@adilaheiisha ni semua salah organizer bazaar letak harga tapak meniaga harga yahudi. Makanan semua mahal gila,I am what i've been through
2023-03-27 12:50:21+00:00,1640335447816806400,rinmansor,"Tadi pegi bazar TTDI. Review saya: terlalu crowded, harga makanan pun mahal sikit berbanding tempat lain. Takpelah pergi sekali dan malas dah datang lagi 👌

Bazar mana lagi patut saya explore tolong rekemen sikit",Kuala Lumpur
2023-03-27 11:17:23+00:00,1640312054165958656,erid_amaro,Tahu makanan x sedap and mahal .. prefer beli kt kedai makan yg dh biasa beli,shah alam
2023-03-27 09:19:18+00:00,1640282336179945477,zulabmm,"Tahun ni nak cari tempat buka puasa yang tak perlu beratur masa nak makan. 

Aku tak suka buffet ramadan sebab kena bersesak-sesak beratur nak ambik makanan. Kita dah la penat puasa seharian lapar &amp; dahaga, bayar mahal pulak tu lepastu nak kena beratur.",Kuala Lumpur City
2023-03-27 00:32:52+00:00,1640149855829110786,tyrraawwrr,"harga makanan mmg terasa mahal. dkt office ada niaga lauk puasa ingatkn murah. beli ayam merah 3 ketul yg medium size then seekor keli size kecik je, total rm26. blurr skjp nk beli lauk berbuka dkt mana lps tu. 🫠","kuala lumpur, malaysia"
2023-03-26 14:06:12+00:00,1639992150539771906,equeen_esmae,Sebab tu aku tak pernah persoalkan harga makanan . Sebab aku tahu . Ni confirm tapak yang mahal . Bising kat peniaga biar peniaga bising kat tuan tanah . Ke macamana pengurusan diorang tak pasti lah . Sebab harga pasar malam biasa elok je tak mahal 😭,"Kuala Terengganu, Terengganu"
2023-03-26 12:48:47+00:00,1639972666760372225,Radevengers,Normal ke Roti John Cheese harga RM13? Am i missing something or makanan bazar memang mahal,
2023-03-26 10:28:44+00:00,1639937419717001218,haikalkrekkrek,"Bukak reply penuh penyokong pakatan harapan marah awani, citer harga makanan mahal pun kena marah 🤣",Kuantan-Kuala lumpur 
2023-03-26 10:08:43+00:00,1639932384891248640,haikalkrekkrek,"Orang gila je pergi bazar selarang, mahal kaw harga makanan",Kuantan-Kuala lumpur 
2023-03-26 08:56:39+00:00,1639914247391186945,NurHidden,@501Awani Tak resah pun sbb aku memilih utk masak sendiri bkn beli makanan mahal2 kat bazar atau kedai sana. rs mahal tak payah beli.yg murah masih ada,Kuala Lumpur
2023-03-26 06:59:09+00:00,1639884678827241473,nfasask,@501Awani Dah tau mahal kenapa beli?. Pilihan sentiasa ada. Yang meresahkan ialah kedangkalan dan kebodohan pengguna beli makanan sebegitu mahal dah menularkannya. Ditambah pula dengan keghairahan  pemberita menjual berita-berita murahan.,Kuala Lumpur
2023-03-26 04:23:09+00:00,1639845418401161216,miss_fsr,Aku still x faham kenapa terengganu makanan mahal. Nak kata bandar sangat x juga. Kalau area paka or kerteh faham lagi tapi tempat lain biasa2 je x da industri sangat.,"Kelang, Selangor"
2023-03-26 03:04:14+00:00,1639825561366433797,Jendulism__,"Makanan kami mahal sgt ke? Kami retort, beli packaging gred tinggi, plastic tebal x lobos. Itu value kami, dgn bahan2 dan resepi sikitpun x shortcut.

Tp org igt kenaikan harga dia sorang je yang rasa, peniaga yg beli bahan mcm kami ni x perlu naik harga?",KUL - KCH - MYY - BWN 🛩
2023-03-24 11:12:59+00:00,1639223780668235776,abdullah_e21,"@xmrlxrffbhr baru perasan, kira mmg harga makanan kt ganu mahal ke?",IIUM
2023-03-24 01:14:04+00:00,1639073059406766081,hananiadlan,"Bukan nk hina makanan, tp hina betul peniaga yg menjual macam ni. Letak harga bapak mahal, isi x ada. Kalau ada isi, tak de orang marah naw pon ko letak harga mahal.",malaysia
2023-03-23 10:22:58+00:00,1638848807520845824,al_afnil,Damn harga makanan kat bazar TTDI mahal shitt haha,bangi
2023-03-15 12:07:11+00:00,1635975928840093696,kiddiepax,"Now i understand why i feel so poor jalan-jalan di KLCC. Sebab my salary range tak sampai lagi level tu. So bila tengok makanan/kedai mahal, sis rasa down (?) abit. Takde la down mana pun, cuma sedar diri tak mampu je la 😂",
2023-03-13 11:46:17+00:00,1635245897327185922,ehiniapiplah,"Dok kecoh2 makanan mahal mahal, tp tgn dok gerak bayo masalahnya tu. Ko reti bersyukur ke tak??!","Selangor, Malaysia"
2023-03-09 12:08:38+00:00,1633801968895524869,adihariez,@shrzxl Sebab makanan tu dibawa dlm truck. Kalau dia bawa dlm kereta murah skit. Diesel mahal bro.,Subang airport
2023-03-01 13:35:03+00:00,1630924614108065792,Mzrhycb,7Eleven Malaysia ni terlalu mahal barang2 nya. Markup harga gila2 betul. CU/Family mart/Emart lagi murah. Makanan ready to eat lagi banyak dan murah.  Kalau di Thailand -7Eleven nya murah Dan banyak barang.,
2023-02-28 03:04:41+00:00,1630403588009889793,rafiziramli,"Hari2 ratib harga barang mahal &amp; kerajaan x buat apa2.

Kita ambil langkah tambah bekalan makanan murah - baik melalui menu Rahmah (RM5) atau IPR (RM2).

Juga buka tanah kerajaan utk tambah bekalan hasil pertanian.

Skrg dia konar baring kata nak bunuh peniaga pulak 🤣 https://t.co/8Qax5l2moI",Kuala Lumpur City
2023-02-15 01:35:04+00:00,1625669992460206080,EmmaElmoo,Tak payah la buka kedai dulu kalau masih dalam fasa food experiment lagi. Kesian tau customer bayar mahal mahal tapi dapat makanan ala kadar.,"Klang, Selangor"
2023-02-14 07:24:25+00:00,1625395524122861568,djendelamata,Bulan Ramadan paling best. Semua resto mcm berlumba buffet sapa paling murah. Even hotel buffet paling mahal $40 semasa itu. Kalau pi bazar ramadan rambang mata makanan byk $1.  MasyaAllah.,3rd rock from the sun
2023-02-13 05:33:00+00:00,1625005096571641856,ohsemnow,Thai food festival...mahal nawww harga makanan dia😂😂😂,Malaysia
2023-02-13 01:29:10+00:00,1624943732503236609,azahsharipuddin,"@aixffir Minyak petrol mahal kat sana tp apesal makanan murah, hotel murah. Pastu malaysia pening billion2 rakyat malaysia spend kt thailand.",S.A All Day
2023-02-11 01:32:08+00:00,1624219701793677312,izad_abas,Ada kawan cakap absolute thai tu sedap. Nak nangis rasa makan makanan mahal tapi tak sedap. 😭,Malaysia
2023-02-09 11:06:06+00:00,1623639371315552256,Syamil_Luthfi,Aku rasa bab makanan mahal ni benda yang real. Sebagai student sangat terkesan dengan keadaan harga barang sekarang. Nasi lauk ayam goreng sahaja pun sekarang dah RM6.,
2023-02-08 04:41:26+00:00,1623180178343206912,rizal_sarbini,@ThisIsPutrajaya Ramai peniaga food court tak ambil bahagian Menu Rahmah! Rata2 lokasi food court bersebelahan pangsapuri golongan pendapatan rendah. Caj makanan agak mahal di food court. Agak menyedihkan!,"Presint 11, Putrajaya"
2023-02-06 01:39:24+00:00,1622409593115791361,ekangd,"@haaziq_mz Dah lama tak g sambal hijau.. 
pinggang dia besar ya ampun meja kecik makan 2 org pun x muat meja, memang mahal dan makanan dia sedap juga la tp bukan level yg sedap giler",Kuala lumpur
2023-02-02 08:33:11+00:00,1621064175433953280,xeraheadstrong,"Hahahahahahah.
Ko bukak kedai makan dlu bru sembang.
Kesian kat peniaga konon.
Habis kat rakyat nk mkn ni ko tak kesian?

Bila brg mahal,suruh kerajaan turunkan harga.
Kerajaan turun harga makanan,ckp kesian peniaga.

Asal Pertikaian Nasional,semua benda nk pertikai.","Chukai, Trengganu"
2023-02-01 08:41:53+00:00,1620703974214213635,azahsharipuddin,Cane ek minyak petrol kan mahal kt thailand tp apesal makanan die murah?,S.A All Day
2023-01-31 17:27:59+00:00,1620473984268763136,ImannurdinW,"Antara sebab harga makanan dekat kedai pun dah mahal sekarang, cuba kau tengok harga benda yang sama deme jual dekat platform Grab, Food Panda, Shopee Food bagai tu. Sama ke atau lebih mahal?","Kuala Lumpur, Wilayah Persekut"
2023-01-31 14:21:28+00:00,1620427047599505413,iamfuzy,"utk masuk ke sini, anda akan melalui hutan simpan yang berpagar. Memang cantik dan tenang.

Harga makanan pun tak mahal tapi portion nasi lemak tu tidak terlalu besar ya.

Nak tahu lebih lanjut, jengah https://t.co/P6pqjfPzxh nanti #iamfuzykongsi https://t.co/5YR4dR2noz","Kuala Lumpur, Malaysia"
2023-01-31 11:47:27+00:00,1620388286375297025,outlaw__J,Tak tau gaji aku yg ciput sgt or makanan yg mahal nak mampos.,J's Pocket
2023-01-31 09:33:19+00:00,1620354531833036805,ainjuseyo,"Hotel kat malaysia mahal nak mampos, makanan mahal sebab tu laa",Malaysia
2023-01-31 05:33:00+00:00,1620294051420581889,nowthisisrita,"Nak buat mcm mana, makanan kat Malaysia ni asyik kena scam je. Pergi tempat mahal pun so so je raso. Tapi aku tetap la belanja dlm Malaysia. Dr Mersing ke Rompin makanan 👍🏼.",she/her
2023-01-30 13:52:41+00:00,1620057414472171522,alinosours,"Restoran che' lah sek 13👎👎👎
1 hantar makanan x order.
2 memandai tambah makanan + minuman kita tak order pn dkt cashier.. Paksa bayar plak tu. 
3 pricey, semua above rm10.. Aku marhein je, bihun goreng rm12. 90 mahal tau?! Aku geram! Sb terpaksa stop mkn sb org lain stress..","Malaysia, Melaka. "
2023-01-29 14:00:35+00:00,1619697016514412549,pdodido,"Sebagai event organiser, aku mengaku, sudu pakai buang, tissue, bekas makanan memang agak mahal. Tapi.. dimana food hygiene? Sedih!",Petaling Jaya
2023-01-29 05:29:16+00:00,1619568337020911627,emmnh_,Terpaksa naikkan harga makanan sebab barang basah mahal sekarang. 😢 Sorry guys,Malaysia
2023-01-29 00:28:08+00:00,1619492557041602560,naimbinzaini,"@3da_nash Dlm konteks makanan yg disembelih, org Islam ada pertimbangan lain selain harga. Ada je ayam murah yg blh dibeli tapi hati rasa tak yakin dgn tahap halal tu. Mereka ni lbh rela beli ayam yg sedikit mahal asalkan hati rasa yakin. Ini pemerhatian saya bila sembang dgn org² tua la.",Kuala Lumpur
2023-01-27 15:37:03+00:00,1618996516932440066,serisseu,Tapi self reward aku makanan 😭 yang mahal laktuh 😭😭😭😭 sukiya lah nasi lemak kak og lah,Kuala Lumpur City
2023-01-27 11:04:46+00:00,1618927995397488642,iliansori,"Food security ni kalau buat research memang akan meletop kebabom. Isu yang takkan berakhir, contohnya baru ni yang rafizi dok cakap “makanan mahal” tu one food security isu lah","Kuala Lumpur, Malaysia"
2023-01-27 06:32:40+00:00,1618859515772018688,ramdan87,Before beli korang jgn lupa tgk review dulu guys.. Rasa sayang sgt sbb tak tgk komen before beli.. Sebab terkesima tgk gamba makanan mereka yg fake tu.. Dah la mahal.. https://t.co/UYRcUG03mH,"Shah Alam, Selangor"
2023-01-24 06:15:19+00:00,1617767989000167424,amirullazmannn,"Buto la mekdi. Harga makin mahal, tapi makanan semua hauk! Dah tak sedap, ayam goreng  lemau plus kecik!","Selangor, Malaysia"
2023-01-20 04:05:08+00:00,1616285672549289984,nizxmshxms,"Yang duk complaint harga makanan mahal ni… 

U ada pergi Pasar tak?",Kuala Lumpur Federal Territory
2023-01-19 02:50:28+00:00,1615904494365331456,ilovedessert95,Bukan taknak tips tapi harga makanan + delivery tu pun dah mahal. Ada makanan tu harga rm7 je tapi kena bayar sampai rm14. Kat situ je dah double kena spend. 🥲,"Cheras, Selangor"
2023-01-17 03:54:58+00:00,1615195950393483265,payid23,@Mear_Biaggi Makanan nak mahal aje kejenye.. bengkrap..apak dia pun makan megi je😂😂😂,Selangor
2023-01-14 08:01:16+00:00,1614170772838440961,yirrginie,"Sometimes mahal mana makanan tu pun, tu tak kisah. The memories 🍃🍃",
2023-01-13 08:17:54+00:00,1613812567805407237,nizxmshxms,"Mahal eh makanan tadi. 

Menyesal sikit.",Kuala Lumpur Federal Territory
2023-01-09 15:01:05+00:00,1612464483074715648,miuju,Makanan kat bask bear mahal nak mampos eh. Hahha,
2023-01-09 09:18:32+00:00,1612378276819013633,Aliakhalisya,Balik kl ni selalu pening nak makan ape bukan sebab tak lalu tapi semua makanan mahal hahahah,Malaysia
2023-01-06 06:16:51+00:00,1611245392867528706,Eastcantdark,"Harap² Y.A.B @FadhlinaSiddiq dan Datuk Seri @anwaribrahim do something to appreciate the efforts of Maryam Muzamir which is not just a moral speech...Datuk Seri @AlexNantaLinggi kata dh pattern in @myipo... betul ke?
So dh tk bleh bgi alasan import makanan ternakan mahal lpas ni.","Kajang, Selangor"
2023-01-04 08:26:30+00:00,1610553244287373312,aRRy_MaMaK,"@MyDSA_official P: harga barang makanan masih mahal.
S: by right..uhuks uhuks https://t.co/3otOp5XqkQ","Sungai Buloh, Selangor"
2023-01-02 03:29:49+00:00,1609753804333010944,sherfiqashrdn,Actually semua makanan da naik harga 🥺 and da makin terasa mahal dia actually bcs duit aku makin cpt berkurang hahah,
2022-12-27 06:39:20+00:00,1607627170985447425,afrinaaaa__,Will share this tweet to my mum cause mama tak percaya bila i cakap makanan dekat bangsar mahal,L-1485
2022-12-23 15:42:36+00:00,1606314337403969536,NabilTaki92,"Dlm space tu ramai speaker blur apa solusi. Nak tergelak pun ye. 😂. Punyalah kita ni dah ada blueprint Industri Bijian dengan Pelan Penanaman Jagung (2017 - 2032). Siap ada 3 Fasa lagi dalam pelan tu.

Hahaha. Benda paling mahal utk ayam ni makanan dia. Kau import pun sama jgk😂","Petaling, Selangor"
2022-12-23 15:04:22+00:00,1606304714865274881,Cintaumi9,@TAhmad27164840 @xleovengence @syahirsyhr Banyak je pilihan kalau nak... benda paling senang dibuat... pilih harga makanan yang berpatutan dan berbaloi... mahal tapi x sedap x guna jugak...,"Kuala Lumpur City, Kuala Lumpu"
2022-12-22 21:56:02+00:00,1606045925734240256,alpha_KVG,"@McDMalaysia Oh, pasti sangat berbaloi dengan harga yang mahal tu. Jom kita makan makanan yang tak sehat dan minum minuman yang tak berkhasiat!",Kuala Lumpur City
2022-12-16 11:40:22+00:00,1603716662091317248,ketotbae,"So dah lama craving makanan cina. Jumpa kedai halal Salam Noodles. Pernah try Beef Noodles dia. Serious sedap🥹. Harga pun tak la mahal, air free flow. Apa lagi mahu🥹?

Dumpling dia sepinggan kenyang..Spiced Egg dia sedap. https://t.co/lmy8324LKy",WMKK (KUL) - WMKJ (JHB)
2022-12-15 09:51:13+00:00,1603326806303862786,amolnisrino,Nak keluar beli makanan pun nak fikir 10 kali penat dia tu. Nak grab punya lah mahal 😌😌,KL || MANJUNG ⚒
2022-12-14 04:24:36+00:00,1602882222092324864,zikrulsafwan_16,"@criticosKing Aku tak pernah beli makanan dalam stadium doo, semua mahal. Habis game aku tggu jap, nanti diorang bagi free.","Selangor, Malaysia"
2022-12-14 01:41:34+00:00,1602841191405744129,perosakhidupmu,"nanti kalau aku ada banyak duit mende first aku nok mewahkan kucing aku weh. aku nok@bowok sume demeni masuk@rumoh aku, aku beli mainan besor besor, makanan yg lagi mahal dari royal canin, setiap hari gi spa sapa luruh bulu semua, siyes cakap!",
2022-12-12 11:46:12+00:00,1602268578966822913,iam_lizaaziz,@localrkyt Harga makanan semakin mahal. Langkah penjimatan masak sendiri di rumah 😊,"Shah Alam, Selangor, Malaysia"
2022-12-12 07:29:29+00:00,1602203975704420352,raxipjasry,@faruqmcgrath hujan  dan makanan mahal 🤣,"Kuala Lumpur City, Kuala Lumpu"
2022-12-12 04:18:52+00:00,1602156001725394945,IbnuFara,Tapi itulah makanan makin mahal. Ramai rakyat susah actually. Mungkin kementerian pendidikan kena sediakan makanan percuma utk anak anak aekolah. Tapi janganlah bagi fishball/chickenball tu semua,Between heaven and hell
2022-12-04 06:38:26+00:00,1599292023437025281,akmalarif90,"Harian Metro

Telur mahal, bekalan belum pulih - peniaga makanan

15 minit yang lalu - https://t.co/6nkSsP6Jnz",Malaysia
2022-11-23 16:04:31+00:00,1595448217235517440,afik_q,nak ajak lepak okay aku onz je tapi bila kau dah bukak mulut pasal MLM masa tu kau akan tgk aku order makanan lagi mahal sebab gi mampos kau bayar la makanan aku,"Selangor, Malaysia"
2022-11-23 05:28:56+00:00,1595288266273869824,fadhil_lll,Komitmen harian yang paling mahal adalah makanan.,
2022-10-19 03:17:45+00:00,1582571677736906754,zafeiyra,"I jrg beli brg dpur sbb slalu beli je makanan. Skali beli sayur sawi 2 ikat, cendawan dlm plstik kecik, cendawan putih satu plastik RM10. Sayur mahal juga rupenye yee. Beli nasi goreng pun rm6-7 kenyang untuk sorg 😂👍🏻","Kuala Lumpur, Wilayah Persekutuan Kuala Lumpur"
2022-10-16 10:10:51+00:00,1581588473726701570,guahipster,@artfishstudio Kadang tu rasa cam mahal gak g kedai eco shop tu beli cat food diorang. 2.10 je. Tapi tulah kalau ada lebih boleh spent kat yang brand baik. Kita manusia ni pun kadang2 nak rasa makanan sedap. So boleh je. Heheh ikut kemampuan.,"Selangor, Malaysia"
2022-09-12 10:33:50+00:00,1569273070476754945,azlindhia,"I tak kisah bayar mahal, kalau makanan tu sedap di tekak i. Kalau tak sedap, sekali tu je lar i beli..",
2022-09-10 11:16:28+00:00,1568559023108276224,sifu_k,"Siapa kawal harga tiket parkir ? Siapa kawal harga makanan dlm stadium? Kalau mahal tp service baik org xde mslh. Tp mahal dapat cikai, siapa x bising.",Gombak
2022-09-09 00:19:29+00:00,1568031302242430976,HarirZharfan19,"Makanan airport mmg mahal. Gaji aku 300k, 500k setahun pun, aku akan rasa dia mahal. So best option? Tapau lah kat luar. Jimat do. Pastu makan kt airport. Beli la 1-2 air dulu, then tanya, boleh makan tak. Usually kalau dah beli, xkn diorang nk cakap tak. Hahahaha.",Kuala Lumpur
2022-09-09 00:11:38+00:00,1568029323793432576,HarirZharfan19,"Yes. Each of us ada tupperware kecik, kitorang makan je kt seat tu. Air sorang satu botol 500ml. Picnic tu taklah. Tak pernah terfikir utk picnic. So nak kata aku susah, aku pernah hidup susah dulu, makanan airport mmg mahal for me n my fam at that time, tapi x pernah sesekali…",Kuala Lumpur
2022-09-05 05:49:37+00:00,1566664831130021888,yeolahv,"Kalau tahu kita tak ada duit, buat cara tak ada duit. Masak dekat rumah etc

Makanan sihat dekat luar memang mahal sebab you pay untuk their prepping skills more. Yang tak sihat lagi murah pasal dia campak je segala perisa recklessly",Malaysia
2022-09-05 05:48:07+00:00,1566664453441323008,yeolahv,"Makanan sihat mahal? Haritu aku beli daging RM3 boleh buat makan siap share dengan kucen lagi 🫠

Belum kira beli sayur etc. Tapi yelah kome nak membeli juga, tak nak masak sendiri",Malaysia
2022-08-16 14:02:40+00:00,1559541153237979136,khairunnxsa,@ziq_zufar Kalau kau teringin makan nasi n tomyam aku cadangkan makan rama V. Makanan sedap. Harga mahal. Ekslusif. Gi ah tengok ig dia,
2022-08-01 12:36:24+00:00,1554083624517275649,syvzwvn,"Bila nak order makanan, tengok delivery harga mahal, aku berteleku sejenak. Lepas dah kira dan berfikir secara kritis, aku tiba di konklusi kalau aku jadi rider tu, confirm confirm aku charge triple. So aku pun order. Kita murahkan rezeki orang, orang mudahkan urusan kita.","Chicago, Kelantan"
2022-07-29 07:37:15+00:00,1552921177215012864,nowthisisrita,Yang paling mahal minyak ni berbanding harga makanan dalam bil lunch tadi. Tp bau dia sedap feeling hotel dan spa. https://t.co/nIZX9MCm4N,she/her
2022-07-29 07:00:12+00:00,1552911855722434560,NaddyAzahri,Hahhhahahah can relate. Hari tu suruh husband belikan bunga dia kata baik beli makanan bunga mahal xleh makan 🤣🤣,Kuala Lumpur City
2022-07-26 06:50:47+00:00,1551822321614467072,BimmerHp4,"@afnankamilan @SyafiqmuhdD @brgsjks Sy beli bahan mentah Untuk smggu, selalunya Sy bawa 1 or 2 lauk, je, lupa lak nak buat costing, bole la jimat skit, kat dmnsara ni makanan mahal nk mati",Puchong Selangor
2022-07-22 13:28:17+00:00,1550472802590867456,zafeiyra,"@_nrzznx Yee dlu boleh kata sardin ni salah satu makanan time hujung2 bulan. Skrg sardin pun mahal, telur pun mahal hahah","Kuala Lumpur, Wilayah Persekutuan Kuala Lumpur"
2022-07-21 11:43:37+00:00,1550084077541212160,noorshaheeraa,So mahal ye harga makanan kat foodcourt mid ni 🥲🥲🥲,
2022-07-14 02:06:15+00:00,1547402061956157441,ain_manan84,Lunch.. Kalau boleh jimat..jimat je lah kan..makanan mahal betul skrg.. Utk org yg makan ciput mcm i.. Boleh je masak simple mcm ni.. https://t.co/jTfoCw1N8p,"Selangor, Malaysia"
2022-07-13 03:18:56+00:00,1547057963671896065,sruliam,@CescYayan Makanan kat sini mahal. Takmau makan!,Malaysia
2022-07-12 12:42:50+00:00,1546837487259385856,Blessedthisman,"Makanan pula, order konon steak la apa la yg sampai nasi lemak. Pastu bil mahal nak mampus, nurses services sampai RM800++, emergency bell pun ada charge.","USJ, Subang Jaya"
2022-07-12 04:03:48+00:00,1546706868029886464,runningpanda_,"Time I kat perak, kos makan luar tak mahal so I prefer makan luar je sebab if masak, penat.

Tapi bila kat kl, masak sendiri lagi jimat sebab sini makanan quite mahal. Kalau masak je, sebulan 300 je keluar duit makanan (harga barang 2021). Duit extra boleh buat shopping 😂😂",
2022-07-05 15:03:03+00:00,1544336058472894464,afmnurdin,Done beli makanan meow. Kucing saja kibbles nk kat 100 sebulan. Aku hrp kibbles xnaik harga :( tp shipping mesti mahal sbb on average the weight dlm 2-4kg,
2022-07-04 14:14:19+00:00,1543961408794005504,aimnrhm,"Korang yang suka cafe hunting kan, try laa pergi kafe ni Teddy Kafe, PJ memang muslim friendly😋

Makanan sedap
Portion banyak
Worth dengan harga⭐️⭐️⭐️⭐️⭐️

Tak macam sesetengah kafe yg overclaim, nmpak aesthetic tapi tak sedap pastu mahal https://t.co/YMZ6Ea8hlY","Selangor, Malaysia"
2022-07-03 15:13:52+00:00,1543614006082306049,Dar_Moee,"Oke besok kelar kerja ada dinner bareng tim tp tanpa leader. Tau dmn mo dinnernya?  Resto Jepang yg Fancy woy. 
Aku dah cek harga sushi dll 😭
Eman sekali bayar mahal buat makanan bcs for me its just once to enjoy loh. Not longlast. 
Tp yaudah itung"" biar pernah makan yg mahal.",🇹🇭🇮🇩 | ENG • INDO • ไทย
2022-07-03 14:09:24+00:00,1543597781759447040,ieya_2020,"@luvly_ania Tak sis, apelah sgt potong ayam tapi aku skrg pon da kene rajin masak sbb mahal amat makanan","Kuantan, Pahang"
2022-07-03 00:24:24+00:00,1543390162302148609,AbangAirul,Setuju la ni . Mmg gov skg pekak badak lagi tulipn.  Ini masa la ko sibuk Tarik subsidi itu ini dsaat Masih ramai keluarga yg Masih tertekan.    Minyak masak mahal apekah ia xkan ujud rantaian terutama kepada peniaga makanan ? Abg solo x terkesan tapi bagaimana yg berkeluarga ? https://t.co/E25BNFz048,"Gombak, Selangor"
2022-07-02 18:12:45+00:00,1543296634511323136,MSallehuddin05,"@belialrising Tapi kalau utk org susah, takda fridge mmg praktikal ikan masin ni, penyedap, tahan lama, tak perlu fridge. Nak kata makanan org susah pi buffet melayu tempat mahal pun still ada benda ni kalau diorg hidang /tema makanan melayu","KUL, LHR"
2022-07-02 03:58:58+00:00,1543081771935272960,FatinKhalil,Aku nk gi sogo. Nk makan. Tp kamil tak bagi. Semua tak bagi. Bukan mahal pun makanan kt sogo tu 😣 dalaaa merajuk!,Kuala Lumpur.
2022-06-02 14:48:35+00:00,1532373620403494913,nabilahudatahar,FUCKING HELL LAH MAKANAN TAK CUKUP MAHAL KE,MY
2022-05-31 15:27:19+00:00,1531658589185581056,kiddiepax,@yvyvivy Bab gerai jual makanan ni last time macam fail jaa. Mahal dan not many choices. Seboleh-bolehnya eat somewhere else before coming lah.,
2022-05-25 01:22:29+00:00,1529271653846622209,ieya_2020,"Dah lama tak masak. Bukan ape, sebab barang dapur makin hari makin mahal, duduk sorang-sorang ni beli je nasi lemak kedai bawah.
Tapi tu lah tekak ni dah naik jemu nak beli makanan luar. Dah tu itu je pilihan yang ada untuk berjimat. 
Kalau beli barang dapur kadang rosak cepat 😔","Kuantan, Pahang"
2022-05-24 22:30:35+00:00,1529228394252013568,faezahana,"Haah.. memang beli phone guna timbang kati hari2

Phone is optional kalau rasa nak beli mahal beli, ikut kemampuan. Yang ni makanan mentah, harian, rutin, penjual makanan kecil atau restaurants mahupun dapur kita membelinya.

Cuba la compare dengan benda yang bijak sikit.",Kuala Lumpur City
2022-05-18 08:32:18+00:00,1526843108024913920,amrmnff,"Habis lah FP dah lah mahal, risau makanan tercalit ciritttt 💩 rider suka suka crotttt ghisauuu","Shah Alam, MY"
2022-05-13 16:22:32+00:00,1525149503476858880,Mohdfaiz13,@hidayatdean @thecathooman @nzranasr Rider dari hari tu hingga sekarang ramai yg masih beraya. Tak nak kerja. So rider kurang tapi ramai yg nak order makanan. Tu jadi mahal.,"Shah Alam, Selangor"
2022-05-13 14:31:57+00:00,1525121676588949504,asyrafaafiq,"Makanan bayar mahal, tak sedap pulak tu. Duit habis, stress pun dapat. What a great life☺️",Malaysia
2022-05-09 13:52:05+00:00,1523662091021787137,lady_chantek,"@NoreenAmore We Malaysia, doesn't have any food bank and food security for our people.lg mahal la harga makanan","Kuala Lumpur, 📍 Malaysia 🇲🇾"
2022-05-06 14:55:27+00:00,1522590873938145280,Mohdfaiz13,@RimauXI Sebab tu caj penghantaran makanan lebih mahal dari sebelum ni. Bukan setakat permintaan ramai ditambah pula dengan pekerja pun kurang.,"Shah Alam, Selangor"
2022-05-01 12:05:01+00:00,1520736044534050816,kumuhaimin11,Cilakak mekdi ni fast food waknat. Tapi takde apa yg fast pasal tempat ni. Bayar mahal mahal tapi nombor kena rembat. Makanan tak sampai lagi. Benda boleh check sistem la bodoh. Harga mahal tapi servis level kedai mamak.,Hidden Village of Rain
2022-04-28 10:02:02+00:00,1519617929708699648,mluthfiramli,"@MaisarraAnuar Hahaha sabar sabarrrr. Kena ingat, makanan dorg lagi mahal dari makanan kita 😂😂","Ampang, Wilayah Persekutuan Ku"
2022-04-12 04:26:36+00:00,1513735308545691648,aizathilmi,Tak mmpu jgn beli itu je. Makanan kualiti mmg la mahal. Apa la salah org tu mniaga.haihh meleyss,Ampang
2022-04-08 03:17:30+00:00,1512268370095525899,Ziyesh,"Aku kalau makanan sedap aku tak kisah kalau bayar mahal. I know the food, the way dia prepare, all those thing kena ambik kira. Yang harga Tel Aviv ni yg jual briyani kulit telur kena kupas sendiri, amik lauk macam pakai sudu teh, karipap angin, ada hati nak buat bisnes.","Subang Jaya, Malaysia"
2022-04-07 11:10:51+00:00,1512025103030419458,affardoh,Harga makanan mahal ni sampai kesudahan tak habis,68100
2022-03-18 08:27:05+00:00,1504736131430363138,rafhanrafidzi,"Boleh tak kawan2 yang kaya story tempat makan yang betul2 sedap. Jangan story sebab tempat tu fancy, instagrammable and mahal je tapi makanan bbj. https://t.co/PHIXq2aOd0","Port Dickson, Negeri Sembilan"
2022-03-08 12:57:52+00:00,1501180398298333193,ciksenah,@LilMakcik Harga bawah RM10. Kalau paling mahal makanan kat sini RM22.90 all day big breakfast. Makan ya ampun kenyang gilaaaa.,Kuala Lumpur City
2022-03-04 04:04:06+00:00,1499596521930903552,sekuntumcinda,"Bukan setakat delivery rate je mahal, makanan tu pun dia charge jugak. Eh macam dia pulak yang masak? 😃",
2022-02-24 03:07:02+00:00,1496683055544602625,Amisaha8,"Perang pulak dah. Mesti akan ada pelbagai masalah berbangkit diseluruh dunia lepas ni. Dengan covid masih mengganas, sumber makanan makin mahal. Ya Allah lindungi lah kami hamba2Mu yg tidak berdaya 😢",Kuala Lumpur
2022-02-23 14:28:02+00:00,1496492048979230723,Ain_Razalii,"Sebelum staff tu serahkan makanan yang I pesan dia ada minta nak tengok resit I. Maybe staff td busy sampai tak prasan. Tapi nilai makanan yang I dapat ni lagi mahal dari apa yang I bayar tadi. I nak makan tapi risau, tapi lapar sangat ni sebab seharian uruskan persiapan majlis😭","Selangor, Malaysia"
2022-02-14 05:43:18+00:00,1493098504436457472,Hfizbhrdin,"Aku benci gila babi kedai yg letak nama makanan Ramen chicken grill lah apa lah, bila sampai ayam 1-2 keping je. Anak harey punya kedai. Lepastu cas harga bukan main mahal lagi. Cm babeyh!",
2022-02-10 10:29:40+00:00,1491721019530559493,ziqohhh,"Makanan tak best, standard mahal tapi tak berbaloi harga theme park la kan LOL 🙄

📍LEGOLAND Malaysia, JB https://t.co/yxq713sLzQ","Sungai Buloh, Selangor"
2022-02-09 02:20:47+00:00,1491235598979399682,shammyzzz,@rhaeman Makanan mahal tak sedap and the worst part is I went there with my cheating ex so every time I'm around the area I trauma,KUL-BKI
2022-02-08 22:36:56+00:00,1491179268185161732,mokciknab,"Found via @arwenmh 

Mohon share restaurant mana yang setakat cantik je tapi makanan sangat meh &amp; sangat mahal. I’ll start:

Mary Jane KL (the worst)
Merchant’s Lane 
Nippori Bistro 
Ruma Putih",Petaling Jaya 
