Datetime,ID,Username,Text,Location
2023-03-28 16:41:04+00:00,1640755897868898304,NikSyaminAmira,"Sabtu ni husband ajak berbuka makanan bazar, kenapa berat betul setuju. Dengan harga makanan mahal, makanan pun banyak yang tak sedap, kebersihan tak tahu terjamin ka tak

Aiyooo susah jd overthinking ni","Alor Star, Kedah"
2022-12-25 06:57:02+00:00,1606906849454063616,ZamaniZakaria,"@rafiziramli Apa masalahnya,ada duit lebih nak makan ayam belilah walaupon dah tahu harga tu mahal,Kalau dah tahu mahal tak payah lah makan ayam,kalau nak makan jugak gi lah cari kedai yg jual murah sikit.Susah sangat ker nak FAHAM....
Banyak lagi makanan lain yg boleh makan.",malaysia Kl
2022-12-03 05:13:29+00:00,1598908256197701637,frhni_,Tengok KA pergi paris + london berapa habis duit lah haiii. Makanan mahal mahal betul kat sana,"Kedah, Malaysia"
2022-10-27 11:49:37+00:00,1585599594691317766,ametbakaq,"Bila nak kurus ni makanan bukan main mahal. Kiwak, dengan sustenance long term lagi. Lepastu telur pun habis , apa cite. Telor sendiri jela goreng.",kedah
2022-10-19 16:25:18+00:00,1582769870634389506,amirrafaell,"@TravelJimat Mahal sikit la, sebab rasa makanan dia so so je. Minum pun mahal. Walaupun aku tak pakai supir ride scooter je.

Kalau compare dengan Thailand rasa makanan dia bagai langit dan bumi.

Makan kat kampung baru lagi sedap.",Damansara
