﻿Created-At,From-User,From-User-Id,To-User,To-User-Id,Language,Source,Text,Geo-Location-Latitude,Geo-Location-Longitude,Retweet-Count,Id
25/2/2023,Yugan,2277870738,,-1,en,"<a href=""http://twitter.com/download/iphone"" rel=""nofollow"">Twitter for iPhone</a>",Hungry AF but Lazy to go get food,,,,1.63E+18
25/2/2023,"oops, you just",961658731,KenNotDoThis,1.54E+18,en,"<a href=""http://twitter.com/download/iphone"" rel=""nofollow"">Twitter for iPhone</a>",@KenNotDoThis but but i’m hungry ??haven’t ate since morning,,,,1.63E+18
25/2/2023,susi,1.42E+18,,-1,en,"<a href=""http://twitter.com/download/android"" rel=""nofollow"">Twitter for Android</a>",Wah fk. I'm so hungry that my stomach be scolding me in Spanish. ??,,,,1.63E+18
25/2/2023,The Mistress,1.63E+18,,-1,en,"<a href=""http://twitter.com/download/iphone"" rel=""nofollow"">Twitter for iPhone</a>",Where to go after this? Getting hungry… lama tak go jalan2 makan sorang2..,,,,1.63E+18
26/2/2023,Alanna Eloa,1.35E+18,,-1,en,"<a href=""http://twitter.com/download/android"" rel=""nofollow"">Twitter for Android</a>",I am hungry still . Shower and have to brisk walk to groceries shop later at middle of night. They are opening 24hours. Mamak restaurant also 24 hours but only by cash money.,,,,1.63E+18
26/2/2023,Harry Adha,7.30E+17,,-1,en,"<a href=""http://twitter.com/download/iphone"" rel=""nofollow"">Twitter for iPhone</a>",Erik needs this cup win to get the squad hungry for more success. Ready for the next one and the next one. #winningmentalityneeded #GGMU,,,,1.63E+18
27/2/2023,Zachry Jamaluddin,544840725,,-1,en,"<a href=""http://twitter.com/download/iphone"" rel=""nofollow"">Twitter for iPhone</a>",Oh my God im still hungry?????? https://t.co/Pgweg8Jxbm,,,1,1.63E+18
27/2/2023,BrenWah™ ????,1214832042,,-1,en,"<a href=""http://twitter.com/download/android"" rel=""nofollow"">Twitter for Android</a>","The players have now tasted how victory feels like, they will be hungry for more. A platform for them to unleash their inner beasts, a start of a new era had just begun. ?? #MUFC #MUNNEW #CarabaoCupFinal https://t.co/G7mGiNJ0vi",,,2,1.63E+18
28/2/2023,SK,1.26E+18,,-1,en,"<a href=""http://twitter.com/download/iphone"" rel=""nofollow"">Twitter for iPhone</a>",So hungry that I ordered chicken double thigh burger for supper????,,,,1.63E+18
28/2/2023,K. Huang,42907333,xjpvictor,42907333,en,"<a href=""http://twitter.com/download/iphone"" rel=""nofollow"">Twitter for iPhone</a>","bear standing on the other side of the bridge. The bear had seen Milo too and looked hungry.

Milo was terrified. He didn't know what to do. The bear started to walk towards him slowly, growling menacingly.

Milo thought fast. He remembered that he had brought along some cheese",,,,1.63E+18
28/2/2023,bob yap,1.60E+18,SunitaHines,3076352327,en,"<a href=""http://twitter.com/download/android"" rel=""nofollow"">Twitter for Android</a>","@SunitaHines @JWLee3427 Wasn't it Jesus who said if u love me feed my lambs. Sometimes the journey is so tough, we fell down and got hurt from the world and the things of this world. We need a good samaritan. I was hungry n you fed me. I was thirsty and you put a cup to my lips https://t.co/7t4pj7jt9n",,,,1.63E+18
28/2/2023,Alanna Eloa,1.35E+18,,-1,en,"<a href=""http://twitter.com/download/android"" rel=""nofollow"">Twitter for Android</a>","That time I didn't have Passport in Australia. After this I have Passport so no need to worry so much World. I'd loved you too??. Hungry is my money enough/not to buy food. I said, healthy like protein bars, fresh blended fruits and veggies, nuts, beans are advisable in Pool part",,,,1.63E+18
28/2/2023,Fabian Ding Atikah,1.63E+18,,-1,en,"<a href=""http://twitter.com/download/android"" rel=""nofollow"">Twitter for Android</a>","Half passed dead while waiting for ayah @JaafarWan to get ready for our next adventure in Barcelona during this time, I guess, maybe it's Barcelona, we were tired and sleepy and hungry cause I just woke up from my nap ?? and suddenly surprise there you sleep your photo are taken https://t.co/yAXOyZYulA",,,,1.63E+18
1/3/2023,Alanna Eloa,1.35E+18,,-1,en,"<a href=""http://twitter.com/download/android"" rel=""nofollow"">Twitter for Android</a>",You must know which Emergency hospital nearest is the best for hungry person like me to send over. Don't tell me you locals you don't know where to send me and I should do Emergency research keep feeding you all the times,,,,1.63E+18
1/3/2023,Diogenes dotes Dior diodes,188347682,temptempholder,188347682,en,"<a href=""http://twitter.com/download/android"" rel=""nofollow"">Twitter for Android</a>",5.28-breakfast done. yakitora rice $8.30. fuck hungry,,,,1.63E+18
1/3/2023,Tuti Sutinadewi,389344082,,-1,en,"<a href=""http://twitter.com/download/iphone"" rel=""nofollow"">Twitter for iPhone</a>","My biggest fear is happening. 
Lots of ulcer in aisyah’s mouth and there is nothing i can do. Shes been crying in pain and im so helpless ?? shes hungry but she cannot eat. She cannot even drink her milk. ?? hang on baby ????",,,,1.63E+18
1/3/2023,Elfy Hassan™,1344397327,,-1,en,"<a href=""http://twitter.com/download/iphone"" rel=""nofollow"">Twitter for iPhone</a>",It’s been raining the whole day. And it’s still raining right now. Im hungry. How do I order food delivery.,,,,1.63E+18
2/3/2023,House of Murraly,42383765,KeyRun_88,170621165,en,"<a href=""http://twitter.com/download/android"" rel=""nofollow"">Twitter for Android</a>","@KeyRun_88 @thevibesnews @MukhrizMahathir @MuhyiddinYassin I saw, 6 state election in June/July, power hungry pundas!",,,,1.63E+18
2/3/2023,Alanna Eloa,1.35E+18,,-1,en,"<a href=""http://twitter.com/download/android"" rel=""nofollow"">Twitter for Android</a>","Maybe Sajat can donate me, I would like to buy pad. I know I can't deliver baby is too late & old now still poor, homeless, and skin too bad, hair like a ghost already. Hungry all the times. Can you please Princess or Queen Sajad donate to me under Emergency pressure my Queen ??",,,,1.63E+18
2/3/2023,?? Nat Kang Comedy ????,1.24E+18,,-1,en,"<a href=""http://twitter.com/download/android"" rel=""nofollow"">Twitter for Android</a>","By complaining about alcohol sales despite smoking like a Hungry Ghost Festival bonfire, bitching about how women dress despite jerking off to Miss Puiyi at home, and/or asking non-Muslim kids to eat their recess foods in a school toilet?

Nice lah. https://t.co/pDG7zfnwic",,,4,1.63E+18
2/3/2023,Alanna Eloa,1.35E+18,,-1,en,"<a href=""http://twitter.com/download/android"" rel=""nofollow"">Twitter for Android</a>","Still not yet able to shower. Finished clean my room, sweeped my room floor, outside the common area too, helped the cleaner (if still exist). Proceed to wash clothes & dry. Belly still hungry, oat a little left. Waiting for early morning tomorrow if anyone can donate or sadaqah",,,,1.63E+18
3/3/2023,fadzilharith??????????????????????????,1.58E+18,,-1,en,"<a href=""http://twitter.com/download/android"" rel=""nofollow"">Twitter for Android</a>",I haven't seen an old friend for a long time so tonight I went to an old friend's shop in Kg Bharu.  I didn't know what to eat really but I was hungry so he finally made a special menu for me. Nah! 'Nasi Goreng England' he said.  hahaha siot je. Looks delicious. Bismillah. https://t.co/1BdJw0iVx8,,,,1.63E+18
3/3/2023,Cassandra Rudge ??,329497212,,-1,en,"<a href=""http://twitter.com/download/iphone"" rel=""nofollow"">Twitter for iPhone</a>","As long as I’m awake, I’m hungry. #hungryallthetime",,,,1.63E+18
3/3/2023,nanthini,1.30E+18,,-1,en,"<a href=""http://twitter.com/download/iphone"" rel=""nofollow"">Twitter for iPhone</a>",?????????????????? hungry hungry hungry and bored bored bored,,,,1.63E+18
3/3/2023,Sir H,1.52E+18,,-1,en,"<a href=""http://twitter.com/download/iphone"" rel=""nofollow"">Twitter for iPhone</a>",Rainy..Fever..Hungry..Horny.. Face..???? https://t.co/a8MDNRIgFT,,,1,1.63E+18
3/3/2023,fxndtxha,270947723,FxndTaha,270947723,en,"<a href=""http://twitter.com/download/android"" rel=""nofollow"">Twitter for Android</a>","4. Need to be viewed through a conservative Asian lense. 
5. The setup, before the character growth arc is sometimes a little unbelievable.
6. Is P'Of Award Hungry after winning so many for ATOTS. This feels like LGBT award bid.
Rating:
Story: 7/10.
♥ : 10/10
#MoonlightChicken",,,3,1.63E+18
3/3/2023,teh,1.48E+18,swissrols,1.48E+18,en,"<a href=""http://twitter.com/download/iphone"" rel=""nofollow"">Twitter for iPhone</a>",Global warming would be reverse if the 90s never happen and money hungry fuckers are never born,,,,1.63E+18
4/3/2023,Alanna Eloa,1.35E+18,,-1,en,"<a href=""http://twitter.com/download/android"" rel=""nofollow"">Twitter for Android</a>",Can go to Mamak restaurant 24 hours open or 7 stars hotel to eat first pending loan money or not in Malaysia for me? Seriously I'm hungry and thirsty,,,,1.63E+18
4/3/2023,SR7,248207982,,-1,en,"<a href=""http://twitter.com/download/iphone"" rel=""nofollow"">Twitter for iPhone</a>",At this hour terjaga dari lena and terus grab phone order FP cause Im so hungry!,,,,1.63E+18
4/3/2023,Alanna Eloa,1.35E+18,,-1,en,"<a href=""http://twitter.com/download/android"" rel=""nofollow"">Twitter for Android</a>",I am so hungry,,,,1.63E+18
4/3/2023,bring back tuchel,385962491,,-1,en,"<a href=""http://twitter.com/download/android"" rel=""nofollow"">Twitter for Android</a>",it's ways when im sleepy or hungry,,,,1.63E+18
8/3/2023,??,1.03E+18,,-1,en,"<a href=""http://twitter.com/download/iphone"" rel=""nofollow"">Twitter for iPhone</a>",I was just hungry ???? https://t.co/S9kQpxY1iA,,,,1.63E+18
8/3/2023,KLDON.,487849117,meet_lovelyn,8.09E+17,en,"<a href=""http://twitter.com/download/android"" rel=""nofollow"">Twitter for Android</a>",@meet_lovelyn No love for hungry stomach aswear,,,,1.63E+18
8/3/2023,TASHA,99759044,,-1,en,"<a href=""http://twitter.com/download/iphone"" rel=""nofollow"">Twitter for iPhone</a>",I can’t barely sleep last night because i’m hungry.,,,,1.63E+18
8/3/2023,Kakak Resume,1.08E+18,,-1,en,"<a href=""http://twitter.com/download/iphone"" rel=""nofollow"">Twitter for iPhone</a>","Mommy with 3 kids in me thinking she is just hungry, tired and sleepy. ?? https://t.co/6fAxS2D2jg",,,,1.63E+18
8/3/2023,Zoul Zax,1.09E+18,,-1,en,"<a href=""http://twitter.com/download/android"" rel=""nofollow"">Twitter for Android</a>",Hungry but resisting going to da fridge & having a feast... ??????,,,,1.63E+18
9/3/2023,N.i_⚡️,726303740,,-1,en,"<a href=""http://twitter.com/download/iphone"" rel=""nofollow"">Twitter for iPhone</a>","Why I’m always hungry, ????",,,,1.63E+18
9/3/2023,Alanna Eloa,1.35E+18,,-1,en,"<a href=""http://twitter.com/download/android"" rel=""nofollow"">Twitter for Android</a>","If you ask Malaysians' are hungry for these sperms extraction, if you have eggs could frozen and donate them because they have nothing",,,,1.63E+18
9/3/2023,InfraRed/Mad Hare Kid????,1.50E+18,SunnyNswap,1.37E+18,en,"<a href=""http://twitter.com/download/iphone"" rel=""nofollow"">Twitter for iPhone</a>",@SunnyNswap I see the red lines as chopsticks….. or maybe coz I’m hungry. Hahaah,,,,1.63E+18
9/3/2023,Katrina,95922336,lesdiana_p,8.61E+17,en,"<a href=""http://twitter.com/download/iphone"" rel=""nofollow"">Twitter for iPhone</a>","@lesdiana_p Shaking already, super hungry ????",,,,1.63E+18
9/3/2023,Jeanna Adele,1.57E+18,,-1,en,"<a href=""http://twitter.com/download/android"" rel=""nofollow"">Twitter for Android</a>",Dinner with JA love booster.....you won't feel hungry quickly eventhough you skip your lunch during your working time. https://t.co/hgMR5k61xT,,,,1.63E+18
9/3/2023,A Kỳ,519412807,,-1,en,"<a href=""http://twitter.com/download/iphone"" rel=""nofollow"">Twitter for iPhone</a>",You known what they say? Never go grocery shopping when you’re hungry. You grab the wrong things. Same as in life. Never go into a relationship when you feel lonely. You might grab the wrong thing. Think about it!,,,,1.63E+18
10/3/2023,Luqman,381156401,,-1,en,"<a href=""http://twitter.com/download/iphone"" rel=""nofollow"">Twitter for iPhone</a>",Hungry for encouragement,,,,1.63E+18
10/3/2023,I z z y M u s a,27464550,,-1,en,"<a href=""http://twitter.com/download/iphone"" rel=""nofollow"">Twitter for iPhone</a>","What does a German say when they’re hungry late at night?

Gluten Nacht!",,,,1.63E+18
10/3/2023,starry,438126187,,-1,en,"<a href=""http://twitter.com/download/android"" rel=""nofollow"">Twitter for Android</a>",I'm seriously hungry,,,,1.63E+18
10/3/2023,Bung,99057748,ipel_767,99057748,en,"<a href=""http://twitter.com/download/iphone"" rel=""nofollow"">Twitter for iPhone</a>","When ur hungry at midnight n jst arrived at home,n nothin to eat some",,,,1.63E+18
10/3/2023,pNkai ;,1087994419,,-1,en,"<a href=""http://twitter.com/download/iphone"" rel=""nofollow"">Twitter for iPhone</a>","don't get hungry, or else you might end up creating a bad decision lol! #badthing https://t.co/HL4VBbJfre",,,,1.63E+18
11/3/2023,Nurul Hanan Arifin,9.25E+17,,-1,en,"<a href=""http://twitter.com/download/android"" rel=""nofollow"">Twitter for Android</a>",How can you not love themmmmmmm. Feeling hungry suddenly https://t.co/AKaRoaBWyg,,,,1.63E+18
11/3/2023,Alanna Eloa,1.35E+18,,-1,en,"<a href=""http://twitter.com/download/android"" rel=""nofollow"">Twitter for Android</a>",Off to bus station now. So hungry hopefully my friend can lend me cash money. In Malacca only Ayu did,,,,1.63E+18
11/3/2023,MonicaCheung666,1.63E+18,,-1,en,"<a href=""http://twitter.com/download/iphone"" rel=""nofollow"">Twitter for iPhone</a>",hungry?? https://t.co/sjgC86lWz8,,,,1.63E+18
12/3/2023,Hamizah,264278236,,-1,en,"<a href=""http://twitter.com/download/iphone"" rel=""nofollow"">Twitter for iPhone</a>","Accidentally got myself 2 luncheon dates today. The ending was?

By 3pm nobody shows up. Hungry me cooked and ate at home alone.

The end.",,,,1.63E+18
12/3/2023,"Dr. Gore, Singapore",8.33E+17,,-1,en,"<a href=""http://twitter.com/download/android"" rel=""nofollow"">Twitter for Android</a>",The best name for a wrestling debutant I've heard so far is Caramel Prata. It distracts me and makes me feel hungry.,,,1,1.63E+18
12/3/2023,Matthews Izzac,3178803116,,-1,en,"<a href=""http://twitter.com/download/iphone"" rel=""nofollow"">Twitter for iPhone</a>","This depends, usually a tiger (usual kt Malaysia) is not afraid of flares. You need a bigger fire like flamethrower lol. 

Young cougar like in the video might go away but NOT the Maybank staff ??

It also depends on how hungry they are. They are big risk takers kalau lapar. https://t.co/7AEUSCP8Ut https://t.co/yIENwxXqW7",,,1,1.63E+18
13/3/2023,noah zagan,4078419260,,-1,en,"<a href=""http://twitter.com/download/iphone"" rel=""nofollow"">Twitter for iPhone</a>","4yo : achuu i’m hungry, i want a food.
Me : what kind of food? 
4yo : bad food. I want snack.
Me : ok, but i only give u 10 ringgit.
4yo : ok

Cashier : 20.89 bang. 

Kena scam juga.",,,,1.64E+18
13/3/2023,Dettol Disinfectant Spray,3020171880,,-1,en,"<a href=""http://twitter.com/download/android"" rel=""nofollow"">Twitter for Android</a>","Note to self. Jangan response to any post/dm/pm/emails/WA/Telegram/Linkedin/Insta/FB when you are hungry, tired, penat or in a rush. You might spew out unwanted  feedback or reply to other party. Bridge has been burnt today.",,,,1.64E+18
13/3/2023,missbutton,103876251,,-1,en,"<a href=""http://twitter.com/download/iphone"" rel=""nofollow"">Twitter for iPhone</a>",I was so hungry but cannot swallow anything,,,,1.64E+18
14/3/2023,mimienkay,254855736,,-1,en,"<a href=""http://twitter.com/download/iphone"" rel=""nofollow"">Twitter for iPhone</a>",Locking myself in the bedroom because I is suddenly hungry.,,,,1.64E+18
15/3/2023,tok cok,1.55E+18,,-1,en,"<a href=""http://twitter.com/download/iphone"" rel=""nofollow"">Twitter for iPhone</a>",I’m hungry ??????.,,,,1.64E+18
16/3/2023,asyrafmalekk,1.57E+18,asyrafmalekk,1.57E+18,en,"<a href=""http://twitter.com/download/iphone"" rel=""nofollow"">Twitter for iPhone</a>",My batman dp is the embodiment of my will to learn. Just putting it up there to remind myself I’m a hungry man all over again looking for a purpose. And I found one.,,,,1.64E+18
16/3/2023,Arx Y Legacy,1.63E+18,,-1,en,"<a href=""http://twitter.com/download/android"" rel=""nofollow"">Twitter for Android</a>","We are proud to announce COFFEELIND is now officially open at Ksixteen Food Parq,Sg Buloh. We are happy to their strategic partner and wish we both can thrives in this hungry economy. Wish us luck ?? https://t.co/MeLFogNTEG",,,,1.64E+18
16/3/2023,PHD level life advisor vending machine,188347682,temptempholder,188347682,en,"<a href=""http://twitter.com/download/android"" rel=""nofollow"">Twitter for Android</a>","The threshold.

Floodgates will open 

It will be worse than 7th month hungry ghost festival. 
GPT are here to stay....",,,,1.64E+18
16/3/2023,bob yap,1.60E+18,cb_doge,1.39E+18,en,"<a href=""http://twitter.com/download/android"" rel=""nofollow"">Twitter for Android</a>",@cb_doge @elonmusk Every body looses when there is war but some politicians and money power hungry will take advantage of it and make even more money at everyone's expense. Sometimes unavoidable as meet a madam like Hitler. Putin?Peace n tranquility? https://t.co/kQ2R7DAtmb,,,,1.64E+18
16/3/2023,Tėqüiłā,1.00E+18,,-1,en,"<a href=""http://twitter.com/download/iphone"" rel=""nofollow"">Twitter for iPhone</a>",i was so hungry and narreyn ordered me mcd at the timing ??????,,,,1.64E+18
17/3/2023,bucket,1.02E+18,cordelll,58922481,en,"<a href=""http://twitter.com/download/android"" rel=""nofollow"">Twitter for Android</a>","@cordelll Ay cuh it's fun for a while now u just a downbad, horny ass, hungry ass, unemployed ass, no shower for the whole week ass bro...get yourself some bitches man https://t.co/dZRkVooESR",,,,1.64E+18
18/3/2023,yi ??,1.64E+18,,-1,en,"<a href=""http://twitter.com/download/android"" rel=""nofollow"">Twitter for Android</a>","This grabfood subscription at some 5 sgd or smth like that is so crazy with like 100 almost free deliveries a month. 

I was hungry at 10pm and randomly got a sandwich delivered to me with no delivery cost. just like that. Second time I ordered food today.",,,,1.64E+18
18/3/2023,Joanna Ash,496658249,,-1,en,"<a href=""http://twitter.com/download/iphone"" rel=""nofollow"">Twitter for iPhone</a>",Am I the only person who loves @Nigella_Lawson when she’s describing the ingredients that goes into a dish? It makes me hungry! ????,,,,1.64E+18
19/3/2023,شعبه,2439576199,,-1,en,"<a href=""http://twitter.com/download/iphone"" rel=""nofollow"">Twitter for iPhone</a>",I ordered chicken salad for dinner at 6 but i eat it at 3pm smtg *kenot tahan* lol now I’m feeling so hungry,,,,1.64E+18
19/3/2023,bruisedlee.eth ???? ⭕️ ????,9.78E+17,,-1,en,"<a href=""http://twitter.com/download/iphone"" rel=""nofollow"">Twitter for iPhone</a>","I’m getting hungry for cookies! ?? ?? ?? 

#nft #VeVe #veveasia #vevefam #nftcollectors #SesameStreet https://t.co/laQAXkmNTF",,,,1.64E+18
19/3/2023,Alanna Eloa,1.35E+18,,-1,en,"<a href=""http://twitter.com/download/android"" rel=""nofollow"">Twitter for Android</a>","Hungry, no money to buy healthy foods and fresh Milk",,,,1.64E+18
19/3/2023,Alanna Eloa,1.35E+18,,-1,en,"<a href=""http://twitter.com/download/android"" rel=""nofollow"">Twitter for Android</a>","Truly Hell facing, living liaising with Malaysia and Malaysians, don't know anything in their brains except desperate and hungry for me to work for their private parts.",,,,1.64E+18
19/3/2023,Alanna Eloa,1.35E+18,,-1,en,"<a href=""http://twitter.com/download/android"" rel=""nofollow"">Twitter for Android</a>",These Malays people are hungry to hire westerners for their big tummies and for their kids future,,,,1.64E+18
19/3/2023,Alanna Eloa,1.35E+18,,-1,en,"<a href=""http://twitter.com/download/android"" rel=""nofollow"">Twitter for Android</a>",They are good to watch people Hunger. Waiting my turn to die after Daddy https://t.co/3wI1aN35y5,,,,1.64E+18
20/3/2023,Masg_kick_Mas0n????⏳????????,2799342804,,-1,en,"<a href=""http://twitter.com/download/iphone"" rel=""nofollow"">Twitter for iPhone</a>",I’m hungry…yet I can’t eat cus I’m trying to cut back to 77kilos again,,,,1.64E+18
20/3/2023,αɳყα ժíղҽɾօ ??,1.42E+18,,-1,en,"<a href=""http://twitter.com/download/android"" rel=""nofollow"">Twitter for Android</a>","I wanna eat something, I haven't eaten anything since morning. I feel hungry but I don't feel the need to eat hm",,,,1.64E+18
20/3/2023,shazeen ifamy,1.51E+18,Wanindu49,1.14E+18,en,"<a href=""http://twitter.com/download/iphone"" rel=""nofollow"">Twitter for iPhone</a>",@Wanindu49 will be hungry to torment the @BLACKCAPS batters after seeing his brothers fall. #NZvSL,,,,1.64E+18
20/3/2023,bob yap,1.60E+18,Angelmom337,7.87E+17,en,"<a href=""http://twitter.com/download/android"" rel=""nofollow"">Twitter for Android</a>",@Angelmom337 God has shielded my day every day in prayer . He keeps away evil from me. Hungry wolves and roaring lions waiting for weakness and someone to devour. He gives me strength to face another day though in challenges I feel like snuggling up in bed. https://t.co/ICBqqyWxYX,,,,1.64E+18
20/3/2023,NSZ แชมมี่ ??,135797880,,-1,en,"<a href=""http://twitter.com/download/android"" rel=""nofollow"">Twitter for Android</a>",why am I hungry at this ungodly hour astaga,,,,1.64E+18
20/3/2023,Manna House Center,6.95E+17,,-1,en,"<a href=""http://twitter.com/download/iphone"" rel=""nofollow"">Twitter for iPhone</a>","Oh give thanks to the LORD, for his steadfast love endures forever! Let’s thank the LORD for his wondrous works to the children of man! For he satisfies the hungry soul with good things. https://t.co/kRAcp2XB81",,,,1.64E+18
21/3/2023,Lieyaaaaa ????‍♀️,268654920,,-1,en,"<a href=""http://twitter.com/download/iphone"" rel=""nofollow"">Twitter for iPhone</a>",Almost 11pm & I'm hungry ????,,,,1.64E+18
21/3/2023,✨Beef Liver Supremacy✨ ?? Isotret ??,2908067742,,-1,en,"<a href=""http://twitter.com/download/iphone"" rel=""nofollow"">Twitter for iPhone</a>",Why are yall obsessing over what to eat to stay full longer? You’re supposed to be hungry during Ramadhan. That’s the whole point. Jangan sampai gastrik dah la. Tu je.,,,15,1.64E+18
21/3/2023,???????? ??,2943463080,,-1,en,"<a href=""http://twitter.com/download/iphone"" rel=""nofollow"">Twitter for iPhone</a>",Breastfeeding & pumping makes me hungry 24 hours but all I can eat is Hup Seng & milo :(,,,,1.64E+18
21/3/2023,Mighaaaaazul??,240561176,,-1,en,"<a href=""http://twitter.com/download/iphone"" rel=""nofollow"">Twitter for iPhone</a>","2nd day struggle untuk tidak pd ?? the outcome: sleepy asf, dehydrated. Hungry as always!",,,,1.64E+18
21/3/2023,Alanna Eloa,1.35E+18,,-1,en,"<a href=""http://twitter.com/download/android"" rel=""nofollow"">Twitter for Android</a>","Puan Mas Ermieyati this is also your hard supporter Siti Mastura Mahat. You can use her too in order to help me, financially. Now my tummy is singing hunger ?? https://t.co/K21hjZuo5i",,,,1.64E+18
21/3/2023,Alanna Eloa,1.35E+18,,-1,en,"<a href=""http://twitter.com/download/android"" rel=""nofollow"">Twitter for Android</a>",I have packed my lunch for backpack. Yesterday they cooked fish the whole villagers. Because seafood and chicken add more itchiness by the way. But forgot to keep inside my backpack. Let's search around if anyone can give me meals. Hungry now https://t.co/tRAvEeAc0E,,,,1.64E+18
21/3/2023,Wawa,214059201,iliism,103701864,en,"<a href=""http://twitter.com/download/android"" rel=""nofollow"">Twitter for Android</a>",@iliism Mmg sedap! We ordered spicy lab burger and lab burger 2.0. Tiba I teringat burger fuel di NZ. Or Hungry Jack's di Australia.,,,,1.64E+18
21/3/2023,TASHA,99759044,,-1,en,"<a href=""http://twitter.com/download/iphone"" rel=""nofollow"">Twitter for iPhone</a>",Terjaga at this hour because im so hungry ??,,,,1.64E+18
22/3/2023,Zachry Jamaluddin,544840725,,-1,en,"<a href=""http://twitter.com/download/iphone"" rel=""nofollow"">Twitter for iPhone</a>",HAPPY MUSLIM HUNGRY MONTH!!!,,,23,1.64E+18
22/3/2023,Wilson YIMBY ????,5160461,chedetofficial,2974181588,en,"<a href=""http://twitter.com/download/iphone"" rel=""nofollow"">Twitter for iPhone</a>","@chedetofficial If we cannot find a solution to fix your power hungriness, then we must assume that you power hunger disease is terminal",,,,1.64E+18
22/3/2023,Jelly_jilli666,305399731,,-1,en,"<a href=""http://twitter.com/download/android"" rel=""nofollow"">Twitter for Android</a>","The people of this country are tired,hungry and overworked. Fuck capitalism and fuck this government.",,,,1.64E+18
22/3/2023,Pijat Pria Medan,1.46E+18,NickTylar,1.43E+18,en,"<a href=""http://twitter.com/download/android"" rel=""nofollow"">Twitter for Android</a>",@NickTylar @Hungry_Slut3 I like your face,,,,1.64E+18
22/3/2023,Eleazar Barrick Peter,1.54E+18,,-1,en,"<a href=""http://twitter.com/download/iphone"" rel=""nofollow"">Twitter for iPhone</a>",Since the hunger games: the songs of ballad and snakes is coming up this year. I hope its a comeback for dystopian-themed movies. Like PLEASE I’m begging.,,,,1.64E+18
23/3/2023,Surennn,1.49E+18,,-1,en,"<a href=""http://twitter.com/download/iphone"" rel=""nofollow"">Twitter for iPhone</a>","Yeahhhh??????, now I’m hungry like hell?? https://t.co/6JuHcgsxkh",,,,1.64E+18
23/3/2023,Anwar,450008939,,-1,en,"<a href=""http://twitter.com/download/iphone"" rel=""nofollow"">Twitter for iPhone</a>",The hunger games for real,,,,1.64E+18
23/3/2023,Faizal Hamssin,18718653,,-1,en,"<a href=""http://twitter.com/download/iphone"" rel=""nofollow"">Twitter for iPhone</a>","Sending my love to the bazaar traders who are honest, prioritizing quality over easy money, as they genuinely strive to make their customers happy during buka puasa.

It’s so easy to make easy money scamming hungry customers & selling subpar items. But you chose to be honest.",,,95,1.64E+18
23/3/2023,Aisyah Shukor,281498550,,-1,en,"<a href=""http://twitter.com/download/iphone"" rel=""nofollow"">Twitter for iPhone</a>","First day of Ramadhan update: 

So far ngantuk je lebih. 

Not hungry or tired yet. 

Issa fine so far ??",,,,1.64E+18
23/3/2023,Jonathan,1.14E+18,,-1,en,"<a href=""http://twitter.com/download/iphone"" rel=""nofollow"">Twitter for iPhone</a>",Happy hunger days. May the odds be in your favor ????,,,,1.64E+18
23/3/2023,just mike,1538058104,,-1,en,"<a href=""http://twitter.com/download/iphone"" rel=""nofollow"">Twitter for iPhone</a>",Hungry n craving for Maggie,,,,1.64E+18
24/3/2023,Surennn,1.49E+18,,-1,en,"<a href=""http://twitter.com/download/iphone"" rel=""nofollow"">Twitter for iPhone</a>",I’m terribly hungry rn and my feed is full of food content ??‍??,,,,1.64E+18
24/3/2023,Belinda Halime ✨ (Taylor's Version),66685327,,-1,en,"<a href=""http://twitter.com/download/iphone"" rel=""nofollow"">Twitter for iPhone</a>","But I do notice I sgt kurang exercise and maintain low cal diet masa I start internship last year, sept - dec, i get hungry as early as 9am pastu sampai rumah 8pm makan lagi. Exercise very less sbb too tired pastu busy. Now I dah start balik normal routine, i dah boleh focus.",,,,1.64E+18
24/3/2023,Nad M,595687992,,-1,en,"<a href=""http://twitter.com/download/iphone"" rel=""nofollow"">Twitter for iPhone</a>","Time puasa ni laaa tiba2 my mind brings up the taste of pizza, keropok lekor etc when I know for a fact I am currently NOT hungry. I am just stressed out and my mind is just helping me to try and cope. I’m stronger this time and in control. These cravings will past.",,,,1.64E+18
25/3/2023,your mommy????,1.58E+18,,-1,en,"<a href=""http://twitter.com/download/iphone"" rel=""nofollow"">Twitter for iPhone</a>","Is it me or am i having mood swings everytime im being ignored,hungry,or just mad? https://t.co/dNIgl4Ml37",,,,1.64E+18
25/3/2023,CD????,7.68E+17,,-1,en,"<a href=""http://twitter.com/download/iphone"" rel=""nofollow"">Twitter for iPhone</a>","I am not hungry or thirsty
I am just sleepy",,,,1.64E+18
26/3/2023,Priyanka Yogi,1.55E+18,BibleBuildLuvly,1.43E+18,en,"<a href=""http://twitter.com/download/android"" rel=""nofollow"">Twitter for Android</a>","@BibleBuildLuvly Somebody must be hungry right??

BEYOUR LUVE BUILD 
#บียัวเต๊าะบิว #BuildJakapan",,,,1.64E+18
26/3/2023,Kuroi Ashford,1.59E+18,Vox_Akuma,1.47E+18,en,"<a href=""http://twitter.com/download/android"" rel=""nofollow"">Twitter for Android</a>","@Vox_Akuma I'm hungry, share please. https://t.co/DC9QQ6qkRU",,,,1.64E+18
26/3/2023,amri,435586495,WhatDeSyak,417231768,en,"<a href=""http://twitter.com/download/iphone"" rel=""nofollow"">Twitter for iPhone</a>",@WhatDeSyak And tea time everybody hungry,,,,1.64E+18
26/3/2023,??⚜ Chibie_Here ⚜??,9.89E+17,,-1,en,"<a href=""http://twitter.com/download/android"" rel=""nofollow"">Twitter for Android</a>","if you feel like getting angry, 
try going to eat first.
 Sometimes I'm really hungry. ????",,,,1.64E+18
27/3/2023,SoBella Unico Birdnest,1.20E+18,,-1,en,"<a href=""http://twitter.com/download/android"" rel=""nofollow"">Twitter for Android</a>","It takes hours to prepare a meal but it takes a few minutes to finish a meal.
??
#hungry",,,,1.64E+18
27/3/2023,LADY of the truth,3223182691,,-1,en,"<a href=""http://twitter.com/download/android"" rel=""nofollow"">Twitter for Android</a>",Hungry.. https://t.co/c8KOckziUT,,,,1.64E+18
27/3/2023,Susu#OBI/DATTI2023,1.13E+18,,-1,en,"<a href=""http://twitter.com/download/iphone"" rel=""nofollow"">Twitter for iPhone</a>","The same group of hungry people that pushed @officialABAT to run for presidency, knowing fully well that he was going to end up being a National and International disgrace are d s people bringing him down now…@aonanuga1956 @realFFK @fkeyamo and co. You men are rubbishing Tinubu.",,,4,1.64E+18
27/3/2023,"Dennis Gray, MSLS ????",22051089,CBS_Herridge,1.20E+18,en,"<a href=""http://twitter.com/download/android"" rel=""nofollow"">Twitter for Android</a>",@CBS_Herridge @Jim_Jordan @RepJamesComer @RepBryanSteil You're a power hungry Dingleberry,,,,1.64E+18
27/3/2023,????????????,2364836382,nisyuhada,1.14E+18,en,"<a href=""http://twitter.com/download/iphone"" rel=""nofollow"">Twitter for iPhone</a>",@nisyuhada THEY ASKED WHAT HUNGER GAMES HAVE,,,,1.64E+18
27/3/2023,Amer Al-Jeffrey,1.42E+18,whoiszakkk,1.60E+18,en,"<a href=""http://twitter.com/download/iphone"" rel=""nofollow"">Twitter for iPhone</a>",@whoiszakkk Currently re-reading Hunger Games novel sooooooo gotta re-watch the movies too!,,,,1.64E+18
27/3/2023,MD,139143222,vasan710,1.07E+18,en,"<a href=""http://twitter.com/download/iphone"" rel=""nofollow"">Twitter for iPhone</a>",@vasan710 the difference is stray animals dont have home to go back to. they dont have food supplies ready when they’re hungry. we all dont own the universe. and please come out with a better and more humane idea of taking them out from the neighborhood.,,,,1.64E+18
27/3/2023,MD,139143222,,-1,en,"<a href=""http://twitter.com/download/iphone"" rel=""nofollow"">Twitter for iPhone</a>",Stray animals don’t have a home to go back to. They live in the street and they are always hungry. They actually should eat you who say this is an ecosystem. ??,,,2,1.64E+18
28/3/2023,Ramge,487433854,,-1,en,"<a href=""http://twitter.com/download/iphone"" rel=""nofollow"">Twitter for iPhone</a>","I’ve never been this hungry before, and I’m not talking about food",,,,1.64E+18
29/3/2023,Syãrã Jãmil,1.28E+18,zephan667,1.24E+18,en,"<a href=""http://twitter.com/download/iphone"" rel=""nofollow"">Twitter for iPhone</a>",@zephan667 Sama! The more I eat during sahur the faster I get hungry.. Ended up minum plain water je. ??,,,,1.64E+18
29/3/2023,M. #NEVERFORGET,267022104,MaicaReynoso,267022104,en,"<a href=""http://twitter.com/download/iphone"" rel=""nofollow"">Twitter for iPhone</a>","Pota. Istg that’s what it sounded like. So we just both laughed. And no, I’m not hungry oki hahahahahahahhahaah",,,,1.64E+18
29/3/2023,Ein,558223105,,-1,en,"<a href=""http://twitter.com/download/iphone"" rel=""nofollow"">Twitter for iPhone</a>",So far I didn’t feel hungry throughout this ramadan but the one thing that I miss is having laksa for my breakfast because laksa is life. ?? https://t.co/tTO2mwWW9D,,,1,1.64E+18
29/3/2023,Hanis,75215234,,-1,en,"<a href=""http://twitter.com/download/iphone"" rel=""nofollow"">Twitter for iPhone</a>",I had buffet last night but I'm feeling so hungry now?? ??,,,,1.64E+18
29/3/2023,yen,29448397,,-1,en,"<a href=""http://twitter.com/download/iphone"" rel=""nofollow"">Twitter for iPhone</a>",Looking at that black usus making me hungry. I need usus lembu today!,,,,1.64E+18
30/3/2023,DsLiu,1.18E+18,,-1,en,"<a href=""http://twitter.com/download/iphone"" rel=""nofollow"">Twitter for iPhone</a>",So~hungry ?? https://t.co/p42ilEn5yQ,,,,1.64E+18
