﻿Created-At,From-User,From-User-Id,To-User,To-User-Id,Language,Source,Text,Geo-Location-Latitude,Geo-Location-Longitude,Retweet-Count,Id
2023-03-30,DsLiu,1178195605564182528,,-1,en,"<a href=""http://twitter.com/download/iphone"" rel=""nofollow"">Twitter for iPhone</a>",So~hungry ?? https://t.co/p42ilEn5yQ,,,,1641117765208805377
2023-03-29,Syãrã Jãmil,1275024291931676672,zephan667,1235451951195648001,en,"<a href=""http://twitter.com/download/iphone"" rel=""nofollow"">Twitter for iPhone</a>",@zephan667 Sama! The more I eat during sahur the faster I get hungry.. Ended up minum plain water je. ??,,,,1641072672665911297
2023-03-29,M. #NEVERFORGET,267022104,MaicaReynoso,267022104,en,"<a href=""http://twitter.com/download/iphone"" rel=""nofollow"">Twitter for iPhone</a>","Pota. Istg that’s what it sounded like. So we just both laughed. And no, I’m not hungry oki hahahahahahahhahaah",,,,1640980354608824320
2023-03-29,Ein,558223105,,-1,en,"<a href=""http://twitter.com/download/iphone"" rel=""nofollow"">Twitter for iPhone</a>",So far I didn’t feel hungry throughout this ramadan but the one thing that I miss is having laksa for my breakfast because laksa is life. ?? https://t.co/tTO2mwWW9D,,,1,1640943050267705344
2023-03-29,Hanis,75215234,,-1,en,"<a href=""http://twitter.com/download/iphone"" rel=""nofollow"">Twitter for iPhone</a>",I had buffet last night but I'm feeling so hungry now?? ??,,,,1640928158999543808
2023-03-29,yen,29448397,,-1,en,"<a href=""http://twitter.com/download/iphone"" rel=""nofollow"">Twitter for iPhone</a>",Looking at that black usus making me hungry. I need usus lembu today!,,,,1640870430939713536
2023-03-28,Ramge,487433854,,-1,en,"<a href=""http://twitter.com/download/iphone"" rel=""nofollow"">Twitter for iPhone</a>","I’ve never been this hungry before, and I’m not talking about food",,,,1640385086007955457
2023-03-27,SoBella Unico Birdnest,1199155347966980099,,-1,en,"<a href=""http://twitter.com/download/android"" rel=""nofollow"">Twitter for Android</a>","It takes hours to prepare a meal but it takes a few minutes to finish a meal.
??
#hungry",,,,1640324828757659648
2023-03-27,LADY of the truth,3223182691,,-1,en,"<a href=""http://twitter.com/download/android"" rel=""nofollow"">Twitter for Android</a>",Hungry.. https://t.co/c8KOckziUT,,,,1640309800620933120
2023-03-27,Susu#OBI/DATTI2023,1128123036241092608,,-1,en,"<a href=""http://twitter.com/download/iphone"" rel=""nofollow"">Twitter for iPhone</a>","The same group of hungry people that pushed @officialABAT to run for presidency, knowing fully well that he was going to end up being a National and International disgrace are d s people bringing him down now…@aonanuga1956 @realFFK @fkeyamo and co. You men are rubbishing Tinubu.",,,4,1640290530612633600
2023-03-27,"Dennis Gray, MSLS ????",22051089,CBS_Herridge,1196441152486072320,en,"<a href=""http://twitter.com/download/android"" rel=""nofollow"">Twitter for Android</a>",@CBS_Herridge @Jim_Jordan @RepJamesComer @RepBryanSteil You're a power hungry Dingleberry,,,,1640178707515203584
2023-03-27,????????????,2364836382,nisyuhada,1138121002825658374,en,"<a href=""http://twitter.com/download/iphone"" rel=""nofollow"">Twitter for iPhone</a>",@nisyuhada THEY ASKED WHAT HUNGER GAMES HAVE,,,,1640143683646525442
2023-03-27,Amer Al-Jeffrey,1419065846689779715,whoiszakkk,1599469618527350785,en,"<a href=""http://twitter.com/download/iphone"" rel=""nofollow"">Twitter for iPhone</a>",@whoiszakkk Currently re-reading Hunger Games novel sooooooo gotta re-watch the movies too!,,,,1640112938722930688
2023-03-27,MD,139143222,vasan710,1065633965023801345,en,"<a href=""http://twitter.com/download/iphone"" rel=""nofollow"">Twitter for iPhone</a>",@vasan710 the difference is stray animals dont have home to go back to. they dont have food supplies ready when they’re hungry. we all dont own the universe. and please come out with a better and more humane idea of taking them out from the neighborhood.,,,,1640029898373988352
2023-03-27,MD,139143222,,-1,en,"<a href=""http://twitter.com/download/iphone"" rel=""nofollow"">Twitter for iPhone</a>",Stray animals don’t have a home to go back to. They live in the street and they are always hungry. They actually should eat you who say this is an ecosystem. ??,,,2,1640022652269260801
2023-03-26,Priyanka Yogi,1545140140342796288,BibleBuildLuvly,1429948080565198853,en,"<a href=""http://twitter.com/download/android"" rel=""nofollow"">Twitter for Android</a>","@BibleBuildLuvly Somebody must be hungry right??

BEYOUR LUVE BUILD 
#บียัวเต๊าะบิว #BuildJakapan",,,,1639980152238276612
2023-03-26,Kuroi Ashford,1585993007513206784,Vox_Akuma,1465851881180348425,en,"<a href=""http://twitter.com/download/android"" rel=""nofollow"">Twitter for Android</a>","@Vox_Akuma I'm hungry, share please. https://t.co/DC9QQ6qkRU",,,,1639830624545681408
2023-03-26,amri,435586495,WhatDeSyak,417231768,en,"<a href=""http://twitter.com/download/iphone"" rel=""nofollow"">Twitter for iPhone</a>",@WhatDeSyak And tea time everybody hungry,,,,1639803714033836033
2023-03-26,??⚜ Chibie_Here ⚜??,989378124457525248,,-1,en,"<a href=""http://twitter.com/download/android"" rel=""nofollow"">Twitter for Android</a>","if you feel like getting angry, 
try going to eat first.
 Sometimes I'm really hungry. ????",,,,1639710132786581504
2023-03-25,your mommy????,1581604064428986368,,-1,en,"<a href=""http://twitter.com/download/iphone"" rel=""nofollow"">Twitter for iPhone</a>","Is it me or am i having mood swings everytime im being ignored,hungry,or just mad? https://t.co/dNIgl4Ml37",,,,1639551377696518146
2023-03-25,CD????,768001221718257664,,-1,en,"<a href=""http://twitter.com/download/iphone"" rel=""nofollow"">Twitter for iPhone</a>","I am not hungry or thirsty
I am just sleepy",,,,1639513411590713350
