﻿Created-At,From-User,From-User-Id,To-User,To-User-Id,Language,Source,Text,Geo-Location-Latitude,Geo-Location-Longitude,Retweet-Count,Id
2023-03-24,Surennn,1488774274940760068,,-1,en,"<a href=""http://twitter.com/download/iphone"" rel=""nofollow"">Twitter for iPhone</a>",I’m terribly hungry rn and my feed is full of food content ??‍??,,,,1639208399174004738
2023-03-24,Belinda Halime ✨ (Taylor's Version),66685327,,-1,en,"<a href=""http://twitter.com/download/iphone"" rel=""nofollow"">Twitter for iPhone</a>","But I do notice I sgt kurang exercise and maintain low cal diet masa I start internship last year, sept - dec, i get hungry as early as 9am pastu sampai rumah 8pm makan lagi. Exercise very less sbb too tired pastu busy. Now I dah start balik normal routine, i dah boleh focus.",,,,1639184480664707072
2023-03-24,Nad M,595687992,,-1,en,"<a href=""http://twitter.com/download/iphone"" rel=""nofollow"">Twitter for iPhone</a>","Time puasa ni laaa tiba2 my mind brings up the taste of pizza, keropok lekor etc when I know for a fact I am currently NOT hungry. I am just stressed out and my mind is just helping me to try and cope. I’m stronger this time and in control. These cravings will past.",,,,1639114928115322881
2023-03-23,Surennn,1488774274940760068,,-1,en,"<a href=""http://twitter.com/download/iphone"" rel=""nofollow"">Twitter for iPhone</a>","Yeahhhh??????, now I’m hungry like hell?? https://t.co/6JuHcgsxkh",,,,1638858119844626435
2023-03-23,Anwar,450008939,,-1,en,"<a href=""http://twitter.com/download/iphone"" rel=""nofollow"">Twitter for iPhone</a>",The hunger games for real,,,,1638830739914625024
2023-03-23,Faizal Hamssin,18718653,,-1,en,"<a href=""http://twitter.com/download/iphone"" rel=""nofollow"">Twitter for iPhone</a>","Sending my love to the bazaar traders who are honest, prioritizing quality over easy money, as they genuinely strive to make their customers happy during buka puasa.

It’s so easy to make easy money scamming hungry customers & selling subpar items. But you chose to be honest.",,,95,1638805154031108096
2023-03-23,Aisyah Shukor,281498550,,-1,en,"<a href=""http://twitter.com/download/iphone"" rel=""nofollow"">Twitter for iPhone</a>","First day of Ramadhan update: 

So far ngantuk je lebih. 

Not hungry or tired yet. 

Issa fine so far ??",,,,1638760064864636929
2023-03-23,Jonathan,1137435452950994944,,-1,en,"<a href=""http://twitter.com/download/iphone"" rel=""nofollow"">Twitter for iPhone</a>",Happy hunger days. May the odds be in your favor ????,,,,1638686850914320385
2023-03-23,just mike,1538058104,,-1,en,"<a href=""http://twitter.com/download/iphone"" rel=""nofollow"">Twitter for iPhone</a>",Hungry n craving for Maggie,,,,1638574801500643328
2023-03-22,Zachry Jamaluddin,544840725,,-1,en,"<a href=""http://twitter.com/download/iphone"" rel=""nofollow"">Twitter for iPhone</a>",HAPPY MUSLIM HUNGRY MONTH!!!,,,23,1638473468865040386
2023-03-22,Wilson YIMBY ????,5160461,chedetofficial,2974181588,en,"<a href=""http://twitter.com/download/iphone"" rel=""nofollow"">Twitter for iPhone</a>","@chedetofficial If we cannot find a solution to fix your power hungriness, then we must assume that you power hunger disease is terminal",,,,1638452045199060992
2023-03-22,Jelly_jilli666,305399731,,-1,en,"<a href=""http://twitter.com/download/android"" rel=""nofollow"">Twitter for Android</a>","The people of this country are tired,hungry and overworked. Fuck capitalism and fuck this government.",,,,1638401621263794176
2023-03-22,Pijat Pria Medan,1458461518140379138,NickTylar,1428109967026835459,en,"<a href=""http://twitter.com/download/android"" rel=""nofollow"">Twitter for Android</a>",@NickTylar @Hungry_Slut3 I like your face,,,,1638317280210845697
2023-03-22,Eleazar Barrick Peter,1543127952161796096,,-1,en,"<a href=""http://twitter.com/download/iphone"" rel=""nofollow"">Twitter for iPhone</a>",Since the hunger games: the songs of ballad and snakes is coming up this year. I hope its a comeback for dystopian-themed movies. Like PLEASE I’m begging.,,,,1638228240157523972
2023-03-21,Lieyaaaaa ????‍♀️,268654920,,-1,en,"<a href=""http://twitter.com/download/iphone"" rel=""nofollow"">Twitter for iPhone</a>",Almost 11pm & I'm hungry ????,,,,1638190433300873216
2023-03-21,✨Beef Liver Supremacy✨ ?? Isotret ??,2908067742,,-1,en,"<a href=""http://twitter.com/download/iphone"" rel=""nofollow"">Twitter for iPhone</a>",Why are yall obsessing over what to eat to stay full longer? You’re supposed to be hungry during Ramadhan. That’s the whole point. Jangan sampai gastrik dah la. Tu je.,,,15,1638178824394522625
2023-03-21,???????? ??,2943463080,,-1,en,"<a href=""http://twitter.com/download/iphone"" rel=""nofollow"">Twitter for iPhone</a>",Breastfeeding & pumping makes me hungry 24 hours but all I can eat is Hup Seng & milo :(,,,,1638106447962869762
2023-03-21,Mighaaaaazul??,240561176,,-1,en,"<a href=""http://twitter.com/download/iphone"" rel=""nofollow"">Twitter for iPhone</a>","2nd day struggle untuk tidak pd ?? the outcome: sleepy asf, dehydrated. Hungry as always!",,,,1638060237948338177
2023-03-21,Alanna Eloa,1348502962050535428,,-1,en,"<a href=""http://twitter.com/download/android"" rel=""nofollow"">Twitter for Android</a>","Puan Mas Ermieyati this is also your hard supporter Siti Mastura Mahat. You can use her too in order to help me, financially. Now my tummy is singing hunger ?? https://t.co/K21hjZuo5i",,,,1638043523852431363
2023-03-21,Alanna Eloa,1348502962050535428,,-1,en,"<a href=""http://twitter.com/download/android"" rel=""nofollow"">Twitter for Android</a>",I have packed my lunch for backpack. Yesterday they cooked fish the whole villagers. Because seafood and chicken add more itchiness by the way. But forgot to keep inside my backpack. Let's search around if anyone can give me meals. Hungry now https://t.co/tRAvEeAc0E,,,,1638042455793876993
2023-03-21,Wawa,214059201,iliism,103701864,en,"<a href=""http://twitter.com/download/android"" rel=""nofollow"">Twitter for Android</a>",@iliism Mmg sedap! We ordered spicy lab burger and lab burger 2.0. Tiba I teringat burger fuel di NZ. Or Hungry Jack's di Australia.,,,,1637945758807900161
2023-03-21,TASHA,99759044,,-1,en,"<a href=""http://twitter.com/download/iphone"" rel=""nofollow"">Twitter for iPhone</a>",Terjaga at this hour because im so hungry ??,,,,1637895368653570048
2023-03-20,Masg_kick_Mas0n????⏳????????,2799342804,,-1,en,"<a href=""http://twitter.com/download/iphone"" rel=""nofollow"">Twitter for iPhone</a>",I’m hungry…yet I can’t eat cus I’m trying to cut back to 77kilos again,,,,1637826075270197249
2023-03-20,αɳყα ժíղҽɾօ ??,1422238676247990277,,-1,en,"<a href=""http://twitter.com/download/android"" rel=""nofollow"">Twitter for Android</a>","I wanna eat something, I haven't eaten anything since morning. I feel hungry but I don't feel the need to eat hm",,,,1637789193672990720
2023-03-20,shazeen ifamy,1509362533572157441,Wanindu49,1136223350647398400,en,"<a href=""http://twitter.com/download/iphone"" rel=""nofollow"">Twitter for iPhone</a>",@Wanindu49 will be hungry to torment the @BLACKCAPS batters after seeing his brothers fall. #NZvSL,,,,1637654695106990080
2023-03-20,bob yap,1597133894196731904,Angelmom337,786543633122091008,en,"<a href=""http://twitter.com/download/android"" rel=""nofollow"">Twitter for Android</a>",@Angelmom337 God has shielded my day every day in prayer . He keeps away evil from me. Hungry wolves and roaring lions waiting for weakness and someone to devour. He gives me strength to face another day though in challenges I feel like snuggling up in bed. https://t.co/ICBqqyWxYX,,,,1637623124522041344
2023-03-20,NSZ แชมมี่ ??,135797880,,-1,en,"<a href=""http://twitter.com/download/android"" rel=""nofollow"">Twitter for Android</a>",why am I hungry at this ungodly hour astaga,,,,1637495092260003848
2023-03-20,Manna House Center,695419471565950976,,-1,en,"<a href=""http://twitter.com/download/iphone"" rel=""nofollow"">Twitter for iPhone</a>","Oh give thanks to the LORD, for his steadfast love endures forever! Let’s thank the LORD for his wondrous works to the children of man! For he satisfies the hungry soul with good things. https://t.co/kRAcp2XB81",,,,1637490879090020352
2023-03-19,شعبه,2439576199,,-1,en,"<a href=""http://twitter.com/download/iphone"" rel=""nofollow"">Twitter for iPhone</a>",I ordered chicken salad for dinner at 6 but i eat it at 3pm smtg *kenot tahan* lol now I’m feeling so hungry,,,,1637469126099881984
2023-03-19,bruisedlee.eth ???? ⭕️ ????,977886108750036999,,-1,en,"<a href=""http://twitter.com/download/iphone"" rel=""nofollow"">Twitter for iPhone</a>","I’m getting hungry for cookies! ?? ?? ?? 

#nft #VeVe #veveasia #vevefam #nftcollectors #SesameStreet https://t.co/laQAXkmNTF",,,,1637468502029393920
2023-03-19,Alanna Eloa,1348502962050535428,,-1,en,"<a href=""http://twitter.com/download/android"" rel=""nofollow"">Twitter for Android</a>","Hungry, no money to buy healthy foods and fresh Milk",,,,1637423070779678721
2023-03-19,Alanna Eloa,1348502962050535428,,-1,en,"<a href=""http://twitter.com/download/android"" rel=""nofollow"">Twitter for Android</a>","Truly Hell facing, living liaising with Malaysia and Malaysians, don't know anything in their brains except desperate and hungry for me to work for their private parts.",,,,1637332693984886785
2023-03-19,Alanna Eloa,1348502962050535428,,-1,en,"<a href=""http://twitter.com/download/android"" rel=""nofollow"">Twitter for Android</a>",These Malays people are hungry to hire westerners for their big tummies and for their kids future,,,,1637317915136638982
2023-03-19,Alanna Eloa,1348502962050535428,,-1,en,"<a href=""http://twitter.com/download/android"" rel=""nofollow"">Twitter for Android</a>",They are good to watch people Hunger. Waiting my turn to die after Daddy https://t.co/3wI1aN35y5,,,,1637278797098778625
2023-03-18,yi ??,1635195806855884801,,-1,en,"<a href=""http://twitter.com/download/android"" rel=""nofollow"">Twitter for Android</a>","This grabfood subscription at some 5 sgd or smth like that is so crazy with like 100 almost free deliveries a month. 

I was hungry at 10pm and randomly got a sandwich delivered to me with no delivery cost. just like that. Second time I ordered food today.",,,,1637092932112244737
2023-03-18,Joanna Ash,496658249,,-1,en,"<a href=""http://twitter.com/download/iphone"" rel=""nofollow"">Twitter for iPhone</a>",Am I the only person who loves @Nigella_Lawson when she’s describing the ingredients that goes into a dish? It makes me hungry! ????,,,,1637046325262045184
