﻿Created-At,From-User,From-User-Id,To-User,To-User-Id,Language,Source,Text,Geo-Location-Latitude,Geo-Location-Longitude,Retweet-Count,Id
2023-03-11,MonicaCheung666,1633626844275806208,,-1,en,"<a href=""http://twitter.com/download/iphone"" rel=""nofollow"">Twitter for iPhone</a>",hungry?? https://t.co/sjgC86lWz8,,,,1634225841726197762
2023-03-10,Luqman,381156401,,-1,en,"<a href=""http://twitter.com/download/iphone"" rel=""nofollow"">Twitter for iPhone</a>",Hungry for encouragement,,,,1634182057671933952
2023-03-10,I z z y M u s a,27464550,,-1,en,"<a href=""http://twitter.com/download/iphone"" rel=""nofollow"">Twitter for iPhone</a>","What does a German say when they’re hungry late at night?

Gluten Nacht!",,,,1634167440426029057
2023-03-10,starry,438126187,,-1,en,"<a href=""http://twitter.com/download/android"" rel=""nofollow"">Twitter for Android</a>",I'm seriously hungry,,,,1634043349073272832
2023-03-10,Bung,99057748,ipel_767,99057748,en,"<a href=""http://twitter.com/download/iphone"" rel=""nofollow"">Twitter for iPhone</a>","When ur hungry at midnight n jst arrived at home,n nothin to eat some",,,,1633916766232670208
2023-03-10,pNkai ;,1087994419,,-1,en,"<a href=""http://twitter.com/download/iphone"" rel=""nofollow"">Twitter for iPhone</a>","don't get hungry, or else you might end up creating a bad decision lol! #badthing https://t.co/HL4VBbJfre",,,,1633889775576055808
2023-03-09,N.i_⚡️,726303740,,-1,en,"<a href=""http://twitter.com/download/iphone"" rel=""nofollow"">Twitter for iPhone</a>","Why I’m always hungry, ????",,,,1633844890512789510
2023-03-09,Alanna Eloa,1348502962050535428,,-1,en,"<a href=""http://twitter.com/download/android"" rel=""nofollow"">Twitter for Android</a>","If you ask Malaysians' are hungry for these sperms extraction, if you have eggs could frozen and donate them because they have nothing",,,,1633823186373726209
2023-03-09,InfraRed/Mad Hare Kid????,1495574393573240832,SunnyNswap,1365184781802110981,en,"<a href=""http://twitter.com/download/iphone"" rel=""nofollow"">Twitter for iPhone</a>",@SunnyNswap I see the red lines as chopsticks….. or maybe coz I’m hungry. Hahaah,,,,1633809097886932993
2023-03-09,Katrina,95922336,lesdiana_p,861435640390406144,en,"<a href=""http://twitter.com/download/iphone"" rel=""nofollow"">Twitter for iPhone</a>","@lesdiana_p Shaking already, super hungry ????",,,,1633727247130710016
2023-03-09,Jeanna Adele,1569837017118420993,,-1,en,"<a href=""http://twitter.com/download/android"" rel=""nofollow"">Twitter for Android</a>",Dinner with JA love booster.....you won't feel hungry quickly eventhough you skip your lunch during your working time. https://t.co/hgMR5k61xT,,,,1633627811364892674
2023-03-09,A Kỳ,519412807,,-1,en,"<a href=""http://twitter.com/download/iphone"" rel=""nofollow"">Twitter for iPhone</a>",You known what they say? Never go grocery shopping when you’re hungry. You grab the wrong things. Same as in life. Never go into a relationship when you feel lonely. You might grab the wrong thing. Think about it!,,,,1633575178570727424
2023-03-08,??,1034442201185443840,,-1,en,"<a href=""http://twitter.com/download/iphone"" rel=""nofollow"">Twitter for iPhone</a>",I was just hungry ???? https://t.co/S9kQpxY1iA,,,,1633494019862040576
2023-03-08,KLDON.,487849117,meet_lovelyn,809094021356408832,en,"<a href=""http://twitter.com/download/android"" rel=""nofollow"">Twitter for Android</a>",@meet_lovelyn No love for hungry stomach aswear,,,,1633454770114658304
2023-03-08,TASHA,99759044,,-1,en,"<a href=""http://twitter.com/download/iphone"" rel=""nofollow"">Twitter for iPhone</a>",I can’t barely sleep last night because i’m hungry.,,,,1633267404540354562
2023-03-08,Kakak Resume,1076880365933944832,,-1,en,"<a href=""http://twitter.com/download/iphone"" rel=""nofollow"">Twitter for iPhone</a>","Mommy with 3 kids in me thinking she is just hungry, tired and sleepy. ?? https://t.co/6fAxS2D2jg",,,,1633250876759638019
2023-03-08,Zoul Zax,1087385193718067200,,-1,en,"<a href=""http://twitter.com/download/android"" rel=""nofollow"">Twitter for Android</a>",Hungry but resisting going to da fridge & having a feast... ??????,,,,1633179201250660353
