﻿Created-At,From-User,From-User-Id,To-User,To-User-Id,Language,Source,Text,Geo-Location-Latitude,Geo-Location-Longitude,Retweet-Count,Id
2023-03-04,Alanna Eloa,1348502962050535428,,-1,en,"<a href=""http://twitter.com/download/android"" rel=""nofollow"">Twitter for Android</a>",Can go to Mamak restaurant 24 hours open or 7 stars hotel to eat first pending loan money or not in Malaysia for me? Seriously I'm hungry and thirsty,,,,1631696404631650304
2023-03-04,SR7,248207982,,-1,en,"<a href=""http://twitter.com/download/iphone"" rel=""nofollow"">Twitter for iPhone</a>",At this hour terjaga dari lena and terus grab phone order FP cause Im so hungry!,,,,1631693205430489088
2023-03-04,Alanna Eloa,1348502962050535428,,-1,en,"<a href=""http://twitter.com/download/android"" rel=""nofollow"">Twitter for Android</a>",I am so hungry,,,,1631693032063111169
2023-03-04,bring back tuchel,385962491,,-1,en,"<a href=""http://twitter.com/download/android"" rel=""nofollow"">Twitter for Android</a>",it's ways when im sleepy or hungry,,,,1631692546081689600
2023-03-03,fadzilharith??????????????????????????,1577873820199055360,,-1,en,"<a href=""http://twitter.com/download/android"" rel=""nofollow"">Twitter for Android</a>",I haven't seen an old friend for a long time so tonight I went to an old friend's shop in Kg Bharu.  I didn't know what to eat really but I was hungry so he finally made a special menu for me. Nah! 'Nasi Goreng England' he said.  hahaha siot je. Looks delicious. Bismillah. https://t.co/1BdJw0iVx8,,,,1631656660069646336
2023-03-03,Cassandra Rudge ??,329497212,,-1,en,"<a href=""http://twitter.com/download/iphone"" rel=""nofollow"">Twitter for iPhone</a>","As long as I’m awake, I’m hungry. #hungryallthetime",,,,1631634699767676928
2023-03-03,nanthini,1301921164227350528,,-1,en,"<a href=""http://twitter.com/download/iphone"" rel=""nofollow"">Twitter for iPhone</a>",?????????????????? hungry hungry hungry and bored bored bored,,,,1631620085285810176
2023-03-03,Sir H,1518426322418417664,,-1,en,"<a href=""http://twitter.com/download/iphone"" rel=""nofollow"">Twitter for iPhone</a>",Rainy..Fever..Hungry..Horny.. Face..???? https://t.co/a8MDNRIgFT,,,1,1631525930027077633
2023-03-03,fxndtxha,270947723,FxndTaha,270947723,en,"<a href=""http://twitter.com/download/android"" rel=""nofollow"">Twitter for Android</a>","4. Need to be viewed through a conservative Asian lense. 
5. The setup, before the character growth arc is sometimes a little unbelievable.
6. Is P'Of Award Hungry after winning so many for ATOTS. This feels like LGBT award bid.
Rating:
Story: 7/10.
♥ : 10/10
#MoonlightChicken",,,3,1631522557609533440
2023-03-03,teh,1483450963436646414,swissrols,1483450963436646414,en,"<a href=""http://twitter.com/download/iphone"" rel=""nofollow"">Twitter for iPhone</a>",Global warming would be reverse if the 90s never happen and money hungry fuckers are never born,,,,1631417922081140737
2023-03-02,House of Murraly,42383765,KeyRun_88,170621165,en,"<a href=""http://twitter.com/download/android"" rel=""nofollow"">Twitter for Android</a>","@KeyRun_88 @thevibesnews @MukhrizMahathir @MuhyiddinYassin I saw, 6 state election in June/July, power hungry pundas!",,,,1631216009045741568
2023-03-02,Alanna Eloa,1348502962050535428,,-1,en,"<a href=""http://twitter.com/download/android"" rel=""nofollow"">Twitter for Android</a>","Maybe Sajat can donate me, I would like to buy pad. I know I can't deliver baby is too late & old now still poor, homeless, and skin too bad, hair like a ghost already. Hungry all the times. Can you please Princess or Queen Sajad donate to me under Emergency pressure my Queen ??",,,,1631161734269648896
2023-03-02,?? Nat Kang Comedy ????,1240672058792505345,,-1,en,"<a href=""http://twitter.com/download/android"" rel=""nofollow"">Twitter for Android</a>","By complaining about alcohol sales despite smoking like a Hungry Ghost Festival bonfire, bitching about how women dress despite jerking off to Miss Puiyi at home, and/or asking non-Muslim kids to eat their recess foods in a school toilet?

Nice lah. https://t.co/pDG7zfnwic",,,4,1631040076569546752
2023-03-02,Alanna Eloa,1348502962050535428,,-1,en,"<a href=""http://twitter.com/download/android"" rel=""nofollow"">Twitter for Android</a>","Still not yet able to shower. Finished clean my room, sweeped my room floor, outside the common area too, helped the cleaner (if still exist). Proceed to wash clothes & dry. Belly still hungry, oat a little left. Waiting for early morning tomorrow if anyone can donate or sadaqah",,,,1631013708074983424
2023-03-01,Alanna Eloa,1348502962050535428,,-1,en,"<a href=""http://twitter.com/download/android"" rel=""nofollow"">Twitter for Android</a>",You must know which Emergency hospital nearest is the best for hungry person like me to send over. Don't tell me you locals you don't know where to send me and I should do Emergency research keep feeding you all the times,,,,1630937836861149185
2023-03-01,Diogenes dotes Dior diodes,188347682,temptempholder,188347682,en,"<a href=""http://twitter.com/download/android"" rel=""nofollow"">Twitter for Android</a>",5.28-breakfast done. yakitora rice $8.30. fuck hungry,,,,1630862756097445889
2023-03-01,Tuti Sutinadewi,389344082,,-1,en,"<a href=""http://twitter.com/download/iphone"" rel=""nofollow"">Twitter for iPhone</a>","My biggest fear is happening. 
Lots of ulcer in aisyah’s mouth and there is nothing i can do. Shes been crying in pain and im so helpless ?? shes hungry but she cannot eat. She cannot even drink her milk. ?? hang on baby ????",,,,1630627438442221568
2023-03-01,Elfy Hassan™,1344397327,,-1,en,"<a href=""http://twitter.com/download/iphone"" rel=""nofollow"">Twitter for iPhone</a>",It’s been raining the whole day. And it’s still raining right now. Im hungry. How do I order food delivery.,,,,1630625529501212674
2023-02-28,SK,1259430027130617856,,-1,en,"<a href=""http://twitter.com/download/iphone"" rel=""nofollow"">Twitter for iPhone</a>",So hungry that I ordered chicken double thigh burger for supper????,,,,1630595679218434048
2023-02-28,K. Huang,42907333,xjpvictor,42907333,en,"<a href=""http://twitter.com/download/iphone"" rel=""nofollow"">Twitter for iPhone</a>","bear standing on the other side of the bridge. The bear had seen Milo too and looked hungry.

Milo was terrified. He didn't know what to do. The bear started to walk towards him slowly, growling menacingly.

Milo thought fast. He remembered that he had brought along some cheese",,,,1630544941717020672
2023-02-28,bob yap,1597133894196731904,SunitaHines,3076352327,en,"<a href=""http://twitter.com/download/android"" rel=""nofollow"">Twitter for Android</a>","@SunitaHines @JWLee3427 Wasn't it Jesus who said if u love me feed my lambs. Sometimes the journey is so tough, we fell down and got hurt from the world and the things of this world. We need a good samaritan. I was hungry n you fed me. I was thirsty and you put a cup to my lips https://t.co/7t4pj7jt9n",,,,1630375983814688768
2023-02-28,Alanna Eloa,1348502962050535428,,-1,en,"<a href=""http://twitter.com/download/android"" rel=""nofollow"">Twitter for Android</a>","That time I didn't have Passport in Australia. After this I have Passport so no need to worry so much World. I'd loved you too??. Hungry is my money enough/not to buy food. I said, healthy like protein bars, fresh blended fruits and veggies, nuts, beans are advisable in Pool part",,,,1630375434952253440
2023-02-28,Fabian Ding Atikah,1627803753549295617,,-1,en,"<a href=""http://twitter.com/download/android"" rel=""nofollow"">Twitter for Android</a>","Half passed dead while waiting for ayah @JaafarWan to get ready for our next adventure in Barcelona during this time, I guess, maybe it's Barcelona, we were tired and sleepy and hungry cause I just woke up from my nap ?? and suddenly surprise there you sleep your photo are taken https://t.co/yAXOyZYulA",,,,1630285661969461250
2023-02-27,Zachry Jamaluddin,544840725,,-1,en,"<a href=""http://twitter.com/download/iphone"" rel=""nofollow"">Twitter for iPhone</a>",Oh my God im still hungry?????? https://t.co/Pgweg8Jxbm,,,1,1630181402636582912
2023-02-27,BrenWah™ ????,1214832042,,-1,en,"<a href=""http://twitter.com/download/android"" rel=""nofollow"">Twitter for Android</a>","The players have now tasted how victory feels like, they will be hungry for more. A platform for them to unleash their inner beasts, a start of a new era had just begun. ?? #MUFC #MUNNEW #CarabaoCupFinal https://t.co/G7mGiNJ0vi",,,2,1630113858273828868
2023-02-26,Alanna Eloa,1348502962050535428,,-1,en,"<a href=""http://twitter.com/download/android"" rel=""nofollow"">Twitter for Android</a>",I am hungry still . Shower and have to brisk walk to groceries shop later at middle of night. They are opening 24hours. Mamak restaurant also 24 hours but only by cash money.,,,,1629862663424712704
2023-02-26,Harry Adha,729684503589855232,,-1,en,"<a href=""http://twitter.com/download/iphone"" rel=""nofollow"">Twitter for iPhone</a>",Erik needs this cup win to get the squad hungry for more success. Ready for the next one and the next one. #winningmentalityneeded #GGMU,,,,1629629069188026368
2023-02-25,Yugan,2277870738,,-1,en,"<a href=""http://twitter.com/download/iphone"" rel=""nofollow"">Twitter for iPhone</a>",Hungry AF but Lazy to go get food,,,,1629477149509058562
2023-02-25,"oops, you just",961658731,KenNotDoThis,1538651820859412480,en,"<a href=""http://twitter.com/download/iphone"" rel=""nofollow"">Twitter for iPhone</a>",@KenNotDoThis but but i’m hungry ??haven’t ate since morning,,,,1629433301776863235
2023-02-25,susi,1422704175251476481,,-1,en,"<a href=""http://twitter.com/download/android"" rel=""nofollow"">Twitter for Android</a>",Wah fk. I'm so hungry that my stomach be scolding me in Spanish. ??,,,,1629340476930420741
2023-02-25,The Mistress,1628734344612450305,,-1,en,"<a href=""http://twitter.com/download/iphone"" rel=""nofollow"">Twitter for iPhone</a>",Where to go after this? Getting hungry… lama tak go jalan2 makan sorang2..,,,,1629311711026233344
