﻿Created-At,From-User,From-User-Id,To-User,To-User-Id,Language,Source,Text,Geo-Location-Latitude,Geo-Location-Longitude,Retweet-Count,Id
2023-03-17,bucket,1018827802970189824,cordelll,58922481,en,"<a href=""http://twitter.com/download/android"" rel=""nofollow"">Twitter for Android</a>","@cordelll Ay cuh it's fun for a while now u just a downbad, horny ass, hungry ass, unemployed ass, no shower for the whole week ass bro...get yourself some bitches man https://t.co/dZRkVooESR",,,,1636580297306443776
2023-03-16,asyrafmalekk,1572495171346108416,asyrafmalekk,1572495171346108416,en,"<a href=""http://twitter.com/download/iphone"" rel=""nofollow"">Twitter for iPhone</a>",My batman dp is the embodiment of my will to learn. Just putting it up there to remind myself I’m a hungry man all over again looking for a purpose. And I found one.,,,,1636374758714671105
2023-03-16,Arx Y Legacy,1627521576819363840,,-1,en,"<a href=""http://twitter.com/download/android"" rel=""nofollow"">Twitter for Android</a>","We are proud to announce COFFEELIND is now officially open at Ksixteen Food Parq,Sg Buloh. We are happy to their strategic partner and wish we both can thrives in this hungry economy. Wish us luck ?? https://t.co/MeLFogNTEG",,,,1636232522639224834
2023-03-16,PHD level life advisor vending machine,188347682,temptempholder,188347682,en,"<a href=""http://twitter.com/download/android"" rel=""nofollow"">Twitter for Android</a>","The threshold.

Floodgates will open 

It will be worse than 7th month hungry ghost festival. 
GPT are here to stay....",,,,1636207317946626049
2023-03-16,bob yap,1597133894196731904,cb_doge,1389913567671975937,en,"<a href=""http://twitter.com/download/android"" rel=""nofollow"">Twitter for Android</a>",@cb_doge @elonmusk Every body looses when there is war but some politicians and money power hungry will take advantage of it and make even more money at everyone's expense. Sometimes unavoidable as meet a madam like Hitler. Putin?Peace n tranquility? https://t.co/kQ2R7DAtmb,,,,1636191195104964608
2023-03-16,Tėqüiłā,1001361174867279874,,-1,en,"<a href=""http://twitter.com/download/iphone"" rel=""nofollow"">Twitter for iPhone</a>",i was so hungry and narreyn ordered me mcd at the timing ??????,,,,1636083610456592384
2023-03-15,tok cok,1546838101888503808,,-1,en,"<a href=""http://twitter.com/download/iphone"" rel=""nofollow"">Twitter for iPhone</a>",I’m hungry ??????.,,,,1635866001668702208
2023-03-14,mimienkay,254855736,,-1,en,"<a href=""http://twitter.com/download/iphone"" rel=""nofollow"">Twitter for iPhone</a>",Locking myself in the bedroom because I is suddenly hungry.,,,,1635645275997114368
2023-03-13,noah zagan,4078419260,,-1,en,"<a href=""http://twitter.com/download/iphone"" rel=""nofollow"">Twitter for iPhone</a>","4yo : achuu i’m hungry, i want a food.
Me : what kind of food? 
4yo : bad food. I want snack.
Me : ok, but i only give u 10 ringgit.
4yo : ok

Cashier : 20.89 bang. 

Kena scam juga.",,,,1635266409130512385
2023-03-13,Dettol Disinfectant Spray,3020171880,,-1,en,"<a href=""http://twitter.com/download/android"" rel=""nofollow"">Twitter for Android</a>","Note to self. Jangan response to any post/dm/pm/emails/WA/Telegram/Linkedin/Insta/FB when you are hungry, tired, penat or in a rush. You might spew out unwanted  feedback or reply to other party. Bridge has been burnt today.",,,,1635215004705374209
2023-03-13,missbutton,103876251,,-1,en,"<a href=""http://twitter.com/download/iphone"" rel=""nofollow"">Twitter for iPhone</a>",I was so hungry but cannot swallow anything,,,,1635199346059923457
2023-03-12,Hamizah,264278236,,-1,en,"<a href=""http://twitter.com/download/iphone"" rel=""nofollow"">Twitter for iPhone</a>","Accidentally got myself 2 luncheon dates today. The ending was?

By 3pm nobody shows up. Hungry me cooked and ate at home alone.

The end.",,,,1634881230775914499
2023-03-12,"Dr. Gore, Singapore",832551234963795968,,-1,en,"<a href=""http://twitter.com/download/android"" rel=""nofollow"">Twitter for Android</a>",The best name for a wrestling debutant I've heard so far is Caramel Prata. It distracts me and makes me feel hungry.,,,1,1634764176148283392
2023-03-12,Matthews Izzac,3178803116,,-1,en,"<a href=""http://twitter.com/download/iphone"" rel=""nofollow"">Twitter for iPhone</a>","This depends, usually a tiger (usual kt Malaysia) is not afraid of flares. You need a bigger fire like flamethrower lol. 

Young cougar like in the video might go away but NOT the Maybank staff ??

It also depends on how hungry they are. They are big risk takers kalau lapar. https://t.co/7AEUSCP8Ut https://t.co/yIENwxXqW7",,,1,1634757686184247298
2023-03-11,Nurul Hanan Arifin,924512179289653248,,-1,en,"<a href=""http://twitter.com/download/android"" rel=""nofollow"">Twitter for Android</a>",How can you not love themmmmmmm. Feeling hungry suddenly https://t.co/AKaRoaBWyg,,,,1634520883808313344
2023-03-11,Alanna Eloa,1348502962050535428,,-1,en,"<a href=""http://twitter.com/download/android"" rel=""nofollow"">Twitter for Android</a>",Off to bus station now. So hungry hopefully my friend can lend me cash money. In Malacca only Ayu did,,,,1634486815674732544
