Datetime,ID,Username,Text,Location
2023-03-14 08:56:29+00:00,1635565551203516416,zulfahmiharon,"Review article accepted.

Alhamdulillah.

#publichealth
#kesihatanawam
#foodinsecurity
#ketidakjaminanmakanan https://t.co/5vzRnpdpAA","Kota Bharu, Kelantan"
2023-03-09 08:05:48+00:00,1633740857433264128,zulfahmiharon,"Menimba pengalaman membentangkan projek DrPH dalam pembentangan saintifik oral dan poster. Walaupun tidak mendapat tempat 😂, tetapi segala komen dari panel hakim telah diambil perhatian untuk penambahbaikan di masa akan datang 💪🏻.

#publichealth
#foodinsecurity https://t.co/fQ3Phka22o","Kota Bharu, Kelantan"
