Datetime,ID,Username,Text,Location
2023-02-21 09:18:02+00:00,1627960830930350080,ICSA__,"To commemorate this occasion, the IU director of ICSA held an online meeting for all interactors and probationary interactors to discuss a variety of on-going social injustices, including education, racial injustice, climate change, and food insecurity.

#icsaxiuproject https://t.co/22lS5MQAmc",SMK (P) Sri Aman
2022-08-06 00:19:51+00:00,1555710206616940544,PLinKualaLumpur,"Russia accusing the West of exacerbating food insecurity is yet another offensive intended to further its poisonous objectives.

Moscow’s goal is to make the world suffer and to shift blame onto those who oppose its aggressive policies.

#PutinHungerGames 
#HungerMadeInRussia https://t.co/AXINyaa2Hu",Malezja
