﻿Created-At,From-User,From-User-Id,To-User,To-User-Id,Language,Source,Text,Geo-Location-Latitude,Geo-Location-Longitude,Retweet-Count,Id
27/2/2023,Mai,441059131,orkedly,99962032,in,"<a href=""http://twitter.com/download/iphone"" rel=""nofollow"">Twitter for iPhone</a>",@orkedly Bangun sebab lapar hahahahaha. Now nak tidur balik ??,,,,1.63024E+18
27/2/2023,?????????? ????????????????‍??,252915812,,-1,in,"<a href=""http://twitter.com/download/iphone"" rel=""nofollow"">Twitter for iPhone</a>",Dah tengah malam baru rasa lapar. Ee saja tau perut niii??,,,,1.63023E+18
27/2/2023,Nedz,41938261,,-1,in,"<a href=""http://twitter.com/download/iphone"" rel=""nofollow"">Twitter for iPhone</a>",ni bangun2 lapar .. acane,,,,1.63022E+18
27/2/2023,Avgeekmy ????????,7.86136E+17,,-1,in,"<a href=""http://twitter.com/download/android"" rel=""nofollow"">Twitter for Android</a>","Bismillah.

Taip..padam..taip..padam..
Kang salah kapsyen kene kecam...so xyah cakap apa-apa lah. Hahaha.

Lapar samosa plak... https://t.co/5QunkYUXED",,,10,1.6302E+18
27/2/2023,Izad Abas ????,42849503,,-1,in,"<a href=""http://twitter.com/download/android"" rel=""nofollow"">Twitter for Android</a>",Penatnya workout sampai lapar takleh gerak ??,,,,1.63018E+18
27/2/2023,Saya,267659691,,-1,in,"<a href=""http://twitter.com/download/iphone"" rel=""nofollow"">Twitter for iPhone</a>",Lapar tapi tulah aku malas nak makan. Diet diet diet. Dh gemok shundel,,,,1.63016E+18
28/2/2023,Wawa Honda,438157484,,-1,in,"<a href=""http://twitter.com/download/iphone"" rel=""nofollow"">Twitter for iPhone</a>",Babi ! Selalu kalau aku order panda mesti nasib tak baik asyik delay je. Memang la dapat refund tapi aku lahhhh hish main dengan lapar ni takboleh lah,,,,1.6306E+18
28/2/2023,Aida,1446561708,,-1,in,"<a href=""http://twitter.com/download/iphone"" rel=""nofollow"">Twitter for iPhone</a>",Hujan ni lapar la pulak ??,,,,1.63053E+18
28/2/2023,Phikahsuu????,1.1334E+18,,-1,in,"<a href=""http://twitter.com/download/iphone"" rel=""nofollow"">Twitter for iPhone</a>",Bangun bangun lapar. Rupanya last makan breakfast tadi. Baik puasa je,,,,1.63053E+18
28/2/2023,Ezekiel,460880687,,-1,in,"<a href=""http://twitter.com/download/iphone"" rel=""nofollow"">Twitter for iPhone</a>","Sambil ngadap laptop,tpi kepala otak duk pikir nk dinner apa..lapar lain macam",,,,1.6305E+18
28/2/2023,Nrynia,146814510,naaelena786,1.56857E+18,in,"<a href=""http://twitter.com/download/android"" rel=""nofollow"">Twitter for Android</a>",@naaelena786 kau x lapar klu tak boleh abiskan sebiji apple https://t.co/sxv6ty904x,,,,1.6305E+18
28/2/2023,D!,1.17364E+18,,-1,in,"<a href=""http://twitter.com/download/iphone"" rel=""nofollow"">Twitter for iPhone</a>","Kalau lapar, jangan tweet",,,,1.63048E+18
28/2/2023,syer✨,289327784,fasyahrh,266806145,in,"<a href=""http://twitter.com/download/iphone"" rel=""nofollow"">Twitter for iPhone</a>","@fasyahrh So far tak pernah makan ubat2 lagi. Tapi yang kononnya meal replacement penah la try. Lapar jugak! Baik makan proper meal, yg cukup nutrients lagi better and kenyang lama",,,,1.63048E+18
28/2/2023,Abg Bae??,1903557152,,-1,in,"<a href=""http://twitter.com/download/iphone"" rel=""nofollow"">Twitter for iPhone</a>","Omg dayah, roti kosong 2 keping td mampu bertahan selama 1 jam stgh je ke???skrg sy dah lapar balik???? anak ibu ke ibu yg kelaparan ni????‍????",,,,1.63042E+18
28/2/2023,꧁???? ???????? ?? ?????????? ????꧂,1955437502,,-1,in,"<a href=""http://twitter.com/download/android"" rel=""nofollow"">Twitter for Android</a>","ᴬʷᵃˡⁱ ᵖᵃᵍⁱ ᵈᵉⁿᵍᵃⁿ ˢᵃʳᵃᵖᵃⁿ, ᵏᵉʳᵃⁿᵃ ᵏᵉˡᵐᵃʳⁱⁿ ᵃᵏᵘ ᶜᵘᵇᵃ ᵈᵉⁿᵍᵃⁿ ˢᵉⁿʸᵘᵐᵃⁿ ʲᵃᵐ ¹⁰ ˢᵘᵈᵃʰ ˡᵃᵖᵃʳ.
#assalamualaikumdunia
#selamatpagikamukamudankamu",,,,1.63037E+18
28/2/2023,TwinKitty????,86080967,,-1,in,"<a href=""http://twitter.com/download/iphone"" rel=""nofollow"">Twitter for iPhone</a>","Breakfast org sakit, yg sihat ni tgk lapar la pulak?? https://t.co/dyY0QYydJO",,,,1.63035E+18
28/2/2023,ชา,416155460,,-1,in,"<a href=""http://twitter.com/download/iphone"" rel=""nofollow"">Twitter for iPhone</a>",sampai semalam terus pengsan ahahha lepas tu bangun this morning terus lapar ??,,,,1.63034E+18
28/2/2023,??,716616572,,-1,in,"<a href=""http://twitter.com/download/android"" rel=""nofollow"">Twitter for Android</a>",2 pagi kau lapar ye nana ?????? huaa!,,,,1.63027E+18
28/2/2023,haniff_,1.62182E+18,,-1,in,"<a href=""http://twitter.com/download/android"" rel=""nofollow"">Twitter for Android</a>",Nak tidur tapi lapar ???,,,,1.63025E+18
28/2/2023,Juani Ari Go ????,157004175,,-1,in,"<a href=""http://twitter.com/download/android"" rel=""nofollow"">Twitter for Android</a>",Lama tak kanyo...terus lapar ni...rosak IF aku mcm ni ????,,,,1.63024E+18
28/2/2023,Fawwaz Anuar,66392206,yoomathambar,1.31377E+18,in,"<a href=""http://twitter.com/download/iphone"" rel=""nofollow"">Twitter for iPhone</a>","@yoomathambar Betul tuan, biasa kalau lapar sangat cari based ikan dan seafood je kalau tempat susah cari makanan halal ni. Last time pergi Philippines bantai makan buah sehari je tahan. Ketor tangan nak nasi.  Haha",,,,1.63024E+18
1/3/2023,Lisa Del Rey,1.61674E+18,nnurlisa14,1.61674E+18,in,"<a href=""http://twitter.com/download/iphone"" rel=""nofollow"">Twitter for iPhone</a>","And aku tak tahu sebenarnya aku dpt kerja dekat pipeline dulu atas sbb aku sendiri atau sebab doa daripada anjing yang lapar tu. Maybe betul cakap ibu, kita buat baik, pada manusia atau binatang, akan ada ganjaran yang baik walaupun kita tak tahu ganjarannya apa.",,,,1.63095E+18
1/3/2023,Lisa Del Rey,1.61674E+18,nnurlisa14,1.61674E+18,in,"<a href=""http://twitter.com/download/iphone"" rel=""nofollow"">Twitter for iPhone</a>","Actually aku tak ingat pun aku dpt kerja lepas bagi anjing lapar makan. Tp aku ingat la yang aku tgh makan kfc, then ternampak anjing tgh lapar cari makanan dekat tong sampah tp takda langsung anything y dia boleh makan. So aku keluar bawak seketul ayam pergi cari dia, bagi mkn.",,,,1.63095E+18
1/3/2023,Lisa Del Rey,1.61674E+18,,-1,in,"<a href=""http://twitter.com/download/iphone"" rel=""nofollow"">Twitter for iPhone</a>","Hari ni berhabis 250 beli brg kucing. Pahtu ngomel ngomel dlm kereta. Then ibu ckp, 

""tak apa la sedekah dekat kucing. Kucing doa kat kakak. Dulu kakak ingat tak kakak bagi anjing lapar makan dekat tepi jalan, esoknya terus dapat kerja dekat pipeline.""",,,,1.63095E+18
1/3/2023,Nurhanis Mahirah,199317567,,-1,in,"<a href=""http://foursquare.com"" rel=""nofollow"">Foursquare</a>",Lapar (@ Damascus BBQ in Kuala Lumpur) https://t.co/hBr1wmejMu,3,102,,1.63094E+18
1/3/2023,syafiq safii ????????,9.66603E+17,,-1,in,"<a href=""http://twitter.com/download/iphone"" rel=""nofollow"">Twitter for iPhone</a>",Selalu tido lambat ni..selera makan lain mcm ye?? kejap je lapar balik,,,,1.63091E+18
1/3/2023,Ayumi,306118965,,-1,in,"<a href=""http://twitter.com/download/iphone"" rel=""nofollow"">Twitter for iPhone</a>",Sejuk dan lapar,,,,1.63088E+18
1/3/2023,crygurl????,1.4431E+18,,-1,in,"<a href=""http://twitter.com/download/android"" rel=""nofollow"">Twitter for Android</a>","kalo sakit perut kaya lapar, perih gitu padahal udah makan kenapa yah? berasa lapar udah ga makan berhari hari pdhl baru aja makan",,,,1.63088E+18
1/3/2023,TASHA,99759044,,-1,in,"<a href=""http://twitter.com/download/iphone"" rel=""nofollow"">Twitter for iPhone</a>",Laparnya. Tiap jam lapar ??,,,,1.63087E+18
1/3/2023,?? ?? ?? ?? ?? ?? ?? ??‍☠️,94295744,,-1,in,"<a href=""http://twitter.com/download/iphone"" rel=""nofollow"">Twitter for iPhone</a>",Lapar woi.,,,,1.63086E+18
1/3/2023,ZeaKavinsky,494679857,,-1,in,"<a href=""http://twitter.com/download/iphone"" rel=""nofollow"">Twitter for iPhone</a>","Hujan tapi aku tak rasa lapar dari tengahari tadi, pelik ?? kalau hari hari mcm ni bagus, turun berat cepat ??",,,,1.63086E+18
1/3/2023,ش,950348179,,-1,in,"<a href=""http://twitter.com/download/iphone"" rel=""nofollow"">Twitter for iPhone</a>",Lapar tp xtahu nk mkn apa akhirnya ku pilih subway,,,,1.63085E+18
1/3/2023,Diy,270290995,,-1,in,"<a href=""http://twitter.com/download/android"" rel=""nofollow"">Twitter for Android</a>",Lapar tapi tak selera makan is the worstt,,,,1.63084E+18
1/3/2023,Sirius BLVCK,9.42707E+17,adikdiala,1.19225E+18,in,"<a href=""http://twitter.com/download/iphone"" rel=""nofollow"">Twitter for iPhone</a>","@adikdiala Tengok makanan sedap2, lapar pulakkk",,,,1.63083E+18
1/3/2023,ألدو ريتشاردو,777860563,,-1,in,"<a href=""http://twitter.com/download/iphone"" rel=""nofollow"">Twitter for iPhone</a>",1 jam baru sampe rumah langsung ajak keluar makan karena lapar ?? https://t.co/tIhNqC02eJ,,,,1.63079E+18
1/3/2023,Teera,270426836,teeraflyhearty,270426836,in,"<a href=""http://twitter.com/download/android"" rel=""nofollow"">Twitter for Android</a>",Tapi saya lapar oredi,,,,1.63078E+18
1/3/2023,شَوخِي رجب????,1168287348,,-1,in,"<a href=""http://foursquare.com"" rel=""nofollow"">Foursquare</a>","Lapar (@ Bandar Utama Batang Kali in Batang Kali, Selangor) https://t.co/rzU3HyITnB https://t.co/WqmRK2G4fQ",3,102,,1.63071E+18
2/3/2023,?? ?? ?? ?? ?? ??,1.3601E+18,,-1,in,"<a href=""http://twitter.com/download/iphone"" rel=""nofollow"">Twitter for iPhone</a>","Susah nak dapat, kalau dapat pun harga bukan main Yahudi. Coklat nya seciput! Hujan asyik lapar je, dah macam-macam benda aku telan ni ?? Lari Balik kampung kejap, nak release….. https://t.co/MpeedBMo70",,,7,1.6313E+18
2/3/2023,d.k,1.3185E+18,,-1,in,"<a href=""http://twitter.com/download/iphone"" rel=""nofollow"">Twitter for iPhone</a>",Sampai sampai lapar tapi tak tahu nak order ape ??,,,,1.6313E+18
2/3/2023,Akmal Ahmad,1024918909,,-1,in,"<a href=""http://twitter.com/download/android"" rel=""nofollow"">Twitter for Android</a>","Pun boleehhh... Macam2 hal la korang ni.. ??
.
*COAST GUARD MALAYSIA -OPS HELANG*
Si Rima Lapar Noooo....Awat tak Bawa Bekal Tadi⁉️
.
#jom Attack Attack Attack ‼️Coast Guard: OPS Helang...MASIH lagi di Pawagam ??
.
@coastguard_film 
@malaysia_coastguard 
@primeworksstudios.film https://t.co/gdgs3XQ5HZ",,,,1.63125E+18
2/3/2023,????????Azril Rozali,128834008,,-1,in,"<a href=""http://twitter.com/download/iphone"" rel=""nofollow"">Twitter for iPhone</a>","Greek yogurt bgs sbb kandungan proteinnya double berbanding yogurt biasa. Bantu kawal rasa lapar. Karbohidrat juga pula rendah. Bleh di ambil sbg pre workout meal (15 minit sblm). Tingkatkn metabolisme bdn. Good bagi yg mula nk turun berat.

RT, follow saya untuk more tips kurus https://t.co/R3B1mBU7hj",,,398,1.63123E+18
2/3/2023,zahraisa89,370731471,,-1,in,"<a href=""http://twitter.com/download/android"" rel=""nofollow"">Twitter for Android</a>",Saya lapar tp sy malu nk makan kenduri sorang².. please sape nk teman ni ??,,,,1.63117E+18
2/3/2023,????????حافظ الدين,1735598659,,-1,in,"<a href=""http://twitter.com/download/iphone"" rel=""nofollow"">Twitter for iPhone</a>",Baru masuk kerja. Lapar Sudah ??,,,,1.63117E+18
2/3/2023,BaMbEeNo,1.46344E+18,,-1,in,"<a href=""http://twitter.com/download/iphone"" rel=""nofollow"">Twitter for iPhone</a>",Lapar terok??‍??,,,,1.63115E+18
2/3/2023,حَانيم,547374407,,-1,in,"<a href=""http://twitter.com/download/iphone"" rel=""nofollow"">Twitter for iPhone</a>","Bila lapar tapi tak dapat makan sbb sore throat. 

Nikmat kesihatan yg baik adalah nikmat yg paling berharga??",,,,1.63115E+18
2/3/2023,Nur ????✨,309746437,,-1,in,"<a href=""http://twitter.com/download/iphone"" rel=""nofollow"">Twitter for iPhone</a>",Lapar lahh siott ???? breakfast tak sempat ??,,,,1.63115E+18
2/3/2023,Dettol Disinfectant Spray,3020171880,,-1,in,"<a href=""http://twitter.com/download/android"" rel=""nofollow"">Twitter for Android</a>",Ngidam lagi ni naskan @ Raihana Kenwinston. Lapar. Masih demam2 sikit. Mana peduli.,,,,1.63113E+18
2/3/2023,???? Abdullah Fikri,59743021,,-1,in,"<a href=""http://twitter.com/download/android"" rel=""nofollow"">Twitter for Android</a>","Antara perkara yg dapat menjimatkan perbelanjaan makan aku adalah sarapan berat yg murah.

Iaitu telur ayam kampung 2 biji dan kopi untuk bertenaga. Ikut la nak masak penuh atau separuh masak. Makan 2 biji insyaAllah tak rasa lapar sampai tengahari.",,,,1.63111E+18
2/3/2023,Abu Husnadhra,70351445,,-1,in,"<a href=""http://twitter.com/download/android"" rel=""nofollow"">Twitter for Android</a>","Mulakan pagi anda dengan sarapan, sebab saya dah cuba mulakan dengan senyuman. Jam 10pagi dah lapar https://t.co/NilKklP1iW",,,,1.6311E+18
2/3/2023,kimiskyper,1.26435E+18,SkyperKimi,1.26435E+18,in,"<a href=""http://twitter.com/download/android"" rel=""nofollow"">Twitter for Android</a>","@jOE9991989999 @CrackHeadzKL @syzwncdm @AminNurazmi @GrabMY ... lain then pada masa sama que. ??? If betul2 nak sngt dpt order sambil makan
 At least say "" sorry encik, boleh tk encik tunggu sebentar, saya tengah makan sebb lapar sngt"". Simple as that",,,,1.6311E+18
2/3/2023,kimiskyper,1.26435E+18,jOE9991989999,1.42551E+18,in,"<a href=""http://twitter.com/download/android"" rel=""nofollow"">Twitter for Android</a>","@jOE9991989999 @CrackHeadzKL @syzwncdm @AminNurazmi @GrabMY Pada pendapat saya , betul la driver tu yang salah. If you really ""ready"" to start your work. Then baru online then que. If nak buat benda lain, tak kisah la apa2 pun. If lapar ? Then offline and stop que. Pergi makan dulu, dh hbis makan baru masuk que. Ini tak, tengah buat benda",,,,1.6311E+18
2/3/2023,NurHidayahHanafi,214383246,,-1,in,"<a href=""http://twitter.com/download/android"" rel=""nofollow"">Twitter for Android</a>","Aku dah la postcall. Lapar nak breakfast turun la cafe. Ni pebenda sambal dengan daging masak hitam pedas namampos. Ya ampunn nak bunuh orang ke apa ?? 

Rm6.50. https://t.co/67y5t7z5O7",,,,1.63109E+18
2/3/2023,my,2441731110,,-1,in,"<a href=""http://twitter.com/download/android"" rel=""nofollow"">Twitter for Android</a>",Tak pernah sakit sampai takde selera makan. Demam kalini kenapa ek. Aku stress tau perut aku lapar tapi aku tak boleh nak makan sampai kenyang. Baru 2 3 suap dah tak boleh makan lagi dah. Stress tahu tak.,,,,1.63108E+18
2/3/2023,ayaa,1.42532E+18,,-1,in,"<a href=""http://twitter.com/download/android"" rel=""nofollow"">Twitter for Android</a>",ajg perut gue sakit bgtt plus lapar jg :( emg bnr kata doi “klo malam mamnya gble banyak biar pagi bangun bobo perutnya ga kesat”,,,,1.63106E+18
2/3/2023,ɴ ᴀ ʙ ɪ ʟ ᴀ ????,89678248,,-1,in,"<a href=""http://twitter.com/download/iphone"" rel=""nofollow"">Twitter for iPhone</a>",Bangun sbb salin pampers & bagi susu. Lapar pulak,,,,1.63104E+18
2/3/2023,Raja Fasola ??????,3186592758,sekeping_idan,3186592758,in,"<a href=""http://twitter.com/download/android"" rel=""nofollow"">Twitter for Android</a>","@XavierNaxa @ConfessTweetMY Kalau bukak table explain/cerita situasi kewangan kita,silap2 member yg ada lebih tu boleh collect pulak bgi pakai, tpi klo member still x faham, tunjuk fak then maki, kne cas kedekut pn pgi mampos, yg lapar nnti kita.",,,,1.63098E+18
2/3/2023,Cattleya??,1005651937,,-1,in,"<a href=""http://twitter.com/download/android"" rel=""nofollow"">Twitter for Android</a>",kul 1 pagi hujan lapar ??‍??️ https://t.co/OisVYzU1Ou,,,,1.63098E+18
2/3/2023,Ayumi,306118965,,-1,in,"<a href=""http://twitter.com/download/iphone"" rel=""nofollow"">Twitter for iPhone</a>",Dah makan pun masih lapar teruk ya,,,,1.63098E+18
3/3/2023,it’s me Marou,58438087,Dodiiey,8.50918E+17,in,"<a href=""http://twitter.com/download/iphone"" rel=""nofollow"">Twitter for iPhone</a>","@Dodiiey harap esok tak hujan. pergi awal, masuk awal lapar nanti ??‍??",,,,1.63168E+18
3/3/2023,Itsme_thatshim,1.258E+18,,-1,in,"<a href=""http://twitter.com/download/android"" rel=""nofollow"">Twitter for Android</a>","4 minit lagi ke pukul 11pm, dan perut aku pon mengadu dia lapar.

????‍♂️",,,,1.63167E+18
3/3/2023,jimi,2909942172,nrfaliaa,569671215,in,"<a href=""http://twitter.com/download/iphone"" rel=""nofollow"">Twitter for iPhone</a>",@nrfaliaa tengok maggi ni mcm sedap pula pastu mcm lapar pula https://t.co/Q6A0iExqMH,,,,1.63165E+18
3/3/2023,Dini.dy,1.57693E+18,,-1,in,"<a href=""http://twitter.com/download/iphone"" rel=""nofollow"">Twitter for iPhone</a>","Cara elak terlebih makan waktu mlm..

1. Snacking ptg never miss
2. Minum air kosong sebelum & selepas dinner
3. If dah habis dinner tp still lapar, boleh snacking dgn buah

Mkn mlm bukan punca gemuk, tp mkn berlebihan yes punca gemuk ??",,,,1.63164E+18
3/3/2023,Dini.dy,1.57693E+18,,-1,in,"<a href=""http://twitter.com/download/iphone"" rel=""nofollow"">Twitter for iPhone</a>","Sebab perlu elak makan lewat malam utk turun berat badan: 

1. Kalori intake yg berlebihan di siang hari
2. Kurang bersenam
3. Tak sesuai bg yg low body metabolism 

If still lapar after dinner, boleh snacking dgn buah atau protein bar.",,,,1.63164E+18
3/3/2023,????Azreen™????,2986317444,,-1,in,"<a href=""http://twitter.com/download/iphone"" rel=""nofollow"">Twitter for iPhone</a>",Nak diet tp lapar??,,,,1.63161E+18
3/3/2023,suga sexy,2613416196,ThiaNadra95,2613416196,in,"<a href=""http://twitter.com/download/android"" rel=""nofollow"">Twitter for Android</a>","Aku kalau lapar, mmg mudah badmood lagi lagi bab makan.",,,,1.6316E+18
3/3/2023,suga sexy,2613416196,ThiaNadra95,2613416196,in,"<a href=""http://twitter.com/download/android"" rel=""nofollow"">Twitter for Android</a>","Aku punya lapar n tak puas hati, aku tenang je tanya staff tu ""bang, saya punya mee kolok daging dah siap ke?"" abang tu tengok aku terus dia ckp ""haah la ni awak punya""",,,,1.6316E+18
3/3/2023,ΛПDΣЯ ????,8.90147E+17,nazmihalim_,8.90147E+17,in,"<a href=""http://twitter.com/download/iphone"" rel=""nofollow"">Twitter for iPhone</a>","Lapar saje klau pergi utagha ni??

#ASHM2023 https://t.co/I7GN6whtBP",,,,1.6316E+18
3/3/2023,B,8.95348E+17,,-1,in,"<a href=""http://twitter.com/download/iphone"" rel=""nofollow"">Twitter for iPhone</a>",Nak reheat pizza satgi. Lapar level boleh makan kambing sekor ni.,,,,1.63159E+18
3/3/2023,Hazril M.I,147256787,,-1,in,"<a href=""http://twitter.com/download/android"" rel=""nofollow"">Twitter for Android</a>","Sebenarnya tak perlu makan banyak pun jika sekadar nak hilangkan lapar.
Dia jadi makan banyak sebab nak makan sampai rasa kenyang.....",,,,1.63151E+18
3/3/2023,Dini.dy,1.57693E+18,,-1,in,"<a href=""http://twitter.com/download/iphone"" rel=""nofollow"">Twitter for iPhone</a>","Tanda2 bila ketagihan gula ??

1. Rasa resah bila seharian tak makan @ minum air manis
2. Ada “poket doremon” yg sentiasa ada simpan makanan manis - handbag, laci ofis & peti ais
3. Makan walaupun tak lapar, pernah?
4. Tak suka air kosong - nak minum 1 liter pun seksa teramat!",,,,1.6315E+18
3/3/2023,Hany ??,347204777,pelaridenai,9.55359E+17,in,"<a href=""http://twitter.com/download/iphone"" rel=""nofollow"">Twitter for iPhone</a>","@pelaridenai Asal hujan, lapar.
Asal lapar, hujan.
Eh",,,,1.6315E+18
3/3/2023,Nur ????✨,309746437,,-1,in,"<a href=""http://twitter.com/download/iphone"" rel=""nofollow"">Twitter for iPhone</a>",Siapa punya idea lah stock take audit pukul 7am ni. Lapar mengantuk semua ada ????,,,,1.63149E+18
3/3/2023,?????????????? ???????? ??????????!(??????)??⚒️,1.17784E+18,,-1,in,"<a href=""http://twitter.com/download/android"" rel=""nofollow"">Twitter for Android</a>","Barang tengah lapar ni jangan buat main woo??,apa nak jadi ,jadi ?????? https://t.co/pXBOCuIsjf",,,,1.63147E+18
3/3/2023,.m,2497943126,,-1,in,"<a href=""http://twitter.com/download/iphone"" rel=""nofollow"">Twitter for iPhone</a>",Suruh celup tangan kanan pulak tu. Lepastu kena pergi lunch. Anda rasa saya masih berselera time tu!? Berselera je kut lepas dah cuci dgn sabun (tak ingat). Benda pun lapar. Duk hostel ni sentiasa kelaparan https://t.co/BLtsF7jXWu,,,,1.63146E+18
3/3/2023,?? ?? ?? ?? ?? ?? ?? ??‍☠️,94295744,,-1,in,"<a href=""http://twitter.com/download/iphone"" rel=""nofollow"">Twitter for iPhone</a>",Lapar nasik.,,,,1.63144E+18
3/3/2023,A'in,596649394,,-1,in,"<a href=""http://twitter.com/download/iphone"" rel=""nofollow"">Twitter for iPhone</a>",Lapar. Keluar iklan mcd pulak. Tapi ngantuk. Hm. Tapi perut berbunyi ni??,,,,1.63137E+18
3/3/2023,Siti Syamira,305708161,,-1,in,"<a href=""http://twitter.com/download/iphone"" rel=""nofollow"">Twitter for iPhone</a>",Dah makan maggie pun masih lapar ??,,,,1.63136E+18
4/3/2023,Syafiq Zainal,7.25357E+17,,-1,in,"<a href=""http://twitter.com/download/iphone"" rel=""nofollow"">Twitter for iPhone</a>","Tak payah throwback lama sangat.. aku start kerja takder gaji, kau tau aku makan apa masa tu?? Aku tak makan!! Tgh hari aku tak keluar!! Balik sampai rumah baru aku makan!! Kalau betul2 lapar aku akan carik nasik + telur dadar + air kosong kat mamak presint 9!! Bersyukur lah https://t.co/m3XjdEaZsM",,,,1.63177E+18
4/3/2023,Odegaard_,1.0481E+18,kopisusupekat,1.20401E+18,in,"<a href=""http://twitter.com/download/iphone"" rel=""nofollow"">Twitter for iPhone</a>","@kopisusupekat dah tanya la nak makan apa, dia cakap ' i sakit bukan lapar ish'. 

Tuam letak kat perut ke?",,,,1.63174E+18
4/3/2023,Fariszuan Azhar,557663046,,-1,in,"<a href=""http://twitter.com/download/android"" rel=""nofollow"">Twitter for Android</a>","Serba serbi dok kena malam ni.

1. Member nak main2 tak kena waktu.
2. Filem aku tengok hampir semua bodoh
3. Lapar. Datang mekdi. Mekdi lembab...",,,,1.6317E+18
4/3/2023,ⓘ YobSebenar,718272337,,-1,in,"<a href=""http://twitter.com/download/iphone"" rel=""nofollow"">Twitter for iPhone</a>",Hujan akhirnya berhenti. Rasa mcm nak g mee tarik la. Lapar tau tak lapar!!,,,,1.6317E+18
7/3/2023,hahahaar,306311220,,-1,in,"<a href=""http://twitter.com/download/iphone"" rel=""nofollow"">Twitter for iPhone</a>","Lapar. Tapi macam tak patut makan.

Ke burger?",,,,1.63313E+18
7/3/2023,?????????? ????????????????‍??,252915812,,-1,in,"<a href=""http://twitter.com/download/iphone"" rel=""nofollow"">Twitter for iPhone</a>",Perut tak lapar sgt pun tapi jadi tabiat still nak makan??cemana tak naik badan gini??,,,,1.63311E+18
7/3/2023,syer✨,289327784,,-1,in,"<a href=""http://twitter.com/download/iphone"" rel=""nofollow"">Twitter for iPhone</a>","Sebelum buka: takde mood ah nak makan, nanti2 lah fikir makan apa. Jap lagi ada class pulak.

After class: okay lapar gila, aduh nak muntah pulak. Angin ke eh? *proceed to order shopee food

Food sampai: okay makan cepat! 

While eating: okay tak habis

Kah! Amenda lah ko ni",,,,1.6331E+18
7/3/2023,Anel??,1.61117E+18,,-1,in,"<a href=""http://twitter.com/download/iphone"" rel=""nofollow"">Twitter for iPhone</a>",Pov: lapar https://t.co/c8mBSrhG5S,,,,1.63305E+18
7/3/2023,Amln,203609289,schawrite,1.32109E+18,in,"<a href=""http://twitter.com/download/iphone"" rel=""nofollow"">Twitter for iPhone</a>",@schawrite kena banyak makan dan minum utk banyak susu.. boleh kata makin lembik dan lapar kot lepas pump tp kena kuat ??,,,,1.63302E+18
7/3/2023,Al-Fajr Travel & Tours Official,1.56771E+18,,-1,in,"<a href=""http://twitter.com/download/android"" rel=""nofollow"">Twitter for Android</a>","KURMA SAYER ISTIMEWA DARI UAE!

Rasulullah SAW bersabda, “Sebuah keluarga yang mempunyai kurma tidak akan lapar”. (Hadis, Sahih Muslim, 5078).

Promosi Kurma Sayer kini kembali! Harga 1 carton RM110 SAHAJA. Dapatkan segera sementara stok masih ada! ?? https://t.co/5DLFp9h1z0",,,,1.63301E+18
7/3/2023,??,1105337035,,-1,in,"<a href=""http://twitter.com/download/iphone"" rel=""nofollow"">Twitter for iPhone</a>","Kalau lapar tak boleh bawak bincang, dah kenyang rasa nak muntah balik??",,,,1.63297E+18
7/3/2023,n,136202727,,-1,in,"<a href=""http://twitter.com/download/iphone"" rel=""nofollow"">Twitter for iPhone</a>","Bodo punya vendor kat @foodpanda_my . After an hour baru nak cancelled order lancau ah. Aku dahla tengah lapar giler ni. Macam bodoh. Nak cancel, cancel lah awal2 bukan menyusahkan orang. I can go order food kat tempat lain bukan made me waiting for more than an hour.",,,,1.63297E+18
7/3/2023,IZZATI HUSNA,434599443,,-1,in,"<a href=""http://twitter.com/download/android"" rel=""nofollow"">Twitter for Android</a>",Bertugas hari ni..n now lapar nak mamposss...satg nak p ppd hntr borang claim..xboleh jadi ni..kena grab something to eat kalau x xleh drive..ape yg cepat n sedap??dt mcd la wehhh...ddapnye cheeseburger ??????..happy meal je ????,,,,1.63296E+18
7/3/2023,Nabila,160399759,,-1,in,"<a href=""http://twitter.com/download/iphone"" rel=""nofollow"">Twitter for iPhone</a>",Lapar tapi tak tahu nak makan apa ni emosi jugak jadinya ni??,,,,1.63291E+18
8/3/2023,????arynafiza????????,1227385022,,-1,in,"<a href=""http://twitter.com/download/android"" rel=""nofollow"">Twitter for Android</a>",Tiber lapar. Sebab tengok resepi puding jagung kt tiktok. Lepastu beef stew ??,,,,1.63348E+18
8/3/2023,??ᗴꀘ~??,1.35712E+18,,-1,in,"<a href=""http://twitter.com/download/iphone"" rel=""nofollow"">Twitter for iPhone</a>","Tadi berbuka donut aje,
Then lapar lagi buat la maggi asam laksa ?? https://t.co/wA3KzbUMhJ",,,,1.63345E+18
8/3/2023,Lisa Del Rey,1.61674E+18,,-1,in,"<a href=""http://twitter.com/download/iphone"" rel=""nofollow"">Twitter for iPhone</a>",Lapar la. Nak keluar makan,,,,1.63343E+18
8/3/2023,Fadd Yeager,149368853,,-1,in,"<a href=""http://twitter.com/download/iphone"" rel=""nofollow"">Twitter for iPhone</a>",Lapar ah nak dinner apa tonight?,,,,1.63342E+18
8/3/2023,• N I N •,170286763,lady_bugg11,1.2351E+18,in,"<a href=""http://twitter.com/download/iphone"" rel=""nofollow"">Twitter for iPhone</a>",@lady_bugg11 Tetiba aku pun lapar burger. Jahat kau @lady_bugg11,,,,1.63341E+18
8/3/2023,مَلِكه,1.37731E+18,,-1,in,"<a href=""http://twitter.com/download/iphone"" rel=""nofollow"">Twitter for iPhone</a>",Puasa duduk rumah pun lapar. Penat berfikir barangkali ??,,,,1.63341E+18
8/3/2023,Julyahoney,1.53033E+18,,-1,in,"<a href=""http://twitter.com/download/iphone"" rel=""nofollow"">Twitter for iPhone</a>",Pagi dah heavy breakfast. Pastu bangun tidur lapar macam x makan seminggu je. ??,,,,1.63337E+18
8/3/2023,anissyaff,571774430,,-1,in,"<a href=""http://twitter.com/download/iphone"" rel=""nofollow"">Twitter for iPhone</a>",Aku dah kenyang tgok gambar ni tibe jadi lapar https://t.co/kF5PE09Ts8,,,,1.63336E+18
8/3/2023,Dini.dy_,1.57693E+18,Dinidy90,1.57693E+18,in,"<a href=""http://twitter.com/download/iphone"" rel=""nofollow"">Twitter for iPhone</a>","Ghrelin = hormon yang dikeluarkan pada perut yang memberikan isyarat rasa lapar pada otak.

Leptin = hormon yg dilepaskan drpd sel-sel lemak.. ia menyekat rasa lapar & menghantar isyarat kenyang kpd otak.",,,,1.63334E+18
8/3/2023,Hanz,1.39282E+18,,-1,in,"<a href=""http://twitter.com/download/iphone"" rel=""nofollow"">Twitter for iPhone</a>",Patutlah rasa lapar. Semalam tak makan. Just minum meal replacement sekali haha,,,,1.63334E+18
8/3/2023,Imran ??⚒️,821082055,wtfsyh,1.24842E+18,in,"<a href=""http://twitter.com/download/android"" rel=""nofollow"">Twitter for Android</a>",@wtfsyh Hshshshshs dorang jaw drop kejap tp tutup mata ja semua tgh lapar ??,,,,1.63333E+18
8/3/2023,warDina awatif ❤️????,3336878719,f4izalhassan,366089337,in,"<a href=""http://twitter.com/download/android"" rel=""nofollow"">Twitter for Android</a>",@f4izalhassan @OkinaFitto @JazminaAin @cheajibsayang @PerakFood @JJCMPERAK @AusMeshi @Hunain_ @azraeimuhamad SUA lapar gak takdok laaa news utk PMX ??,,,,1.63332E+18
8/3/2023,FM,717661392,,-1,in,"<a href=""http://twitter.com/download/iphone"" rel=""nofollow"">Twitter for iPhone</a>",Lapar laa pulak tetiba ??,,,,1.63328E+18
8/3/2023,Juani Ari Go ????,157004175,,-1,in,"<a href=""http://twitter.com/download/android"" rel=""nofollow"">Twitter for Android</a>",Aisehmen...lapar pulak tgh2 mlm ni.. sekarang asal kerja midnight mesti lapar time2 mcm ni..Mana mau nak dpt berat 75kg mcm ni,,,,1.63315E+18
9/3/2023,Nellya Takde Cancer,1.05096E+18,,-1,in,"<a href=""http://twitter.com/download/iphone"" rel=""nofollow"">Twitter for iPhone</a>",Baru nampak bumbung rumah. Lapar tapi penat sangat. Terbayang bantal je dah ni.,,,,1.63385E+18
9/3/2023,sejiwa,837100626,,-1,in,"<a href=""http://twitter.com/download/android"" rel=""nofollow"">Twitter for Android</a>",Hidup ini keras tapi kalau lapar jangan lupa makan. Bismillahirrahmanirrahim... https://t.co/drW3BnA2l7,,,,1.63385E+18
9/3/2023,نابيلا هودى,1412326506,,-1,in,"<a href=""http://twitter.com/download/iphone"" rel=""nofollow"">Twitter for iPhone</a>",Ohh malamni anak aku lapar ke aku lapar tah ?? Aiskrim + nasi ft sambal KA + biskut lemak 3 keping ?? Semalam kemahen muntah2 tidur pun perut bunyi ???? Bila nak habis fasa ni ya,,,,1.63382E+18
9/3/2023,Bumper,1.35551E+18,Shahredzu4111,1.02605E+18,in,"<a href=""http://twitter.com/download/android"" rel=""nofollow"">Twitter for Android</a>",@Shahredzu4111 Sungguh menyelerakan kn...lapar kita dibuat nya,,,,1.63382E+18
9/3/2023,Akmalomar95,1.55264E+18,,-1,in,"<a href=""http://twitter.com/download/android"" rel=""nofollow"">Twitter for Android</a>",Tiada pilihan untuk berdua atau sorg. Cuma ada pilihan kekal lapar or kenyang?? https://t.co/1ULwKqZDCt,,,,1.63382E+18
9/3/2023,Farhanah,2309960449,,-1,in,"<a href=""http://twitter.com/download/android"" rel=""nofollow"">Twitter for Android</a>",Punyalah busy dengan kerja sampaikan nak rasa lapar pun tak sempat,,,,1.63382E+18
9/3/2023,??,719486382,,-1,in,"<a href=""http://twitter.com/download/iphone"" rel=""nofollow"">Twitter for iPhone</a>",lapar gila tapi tu ah tak larat,,,,1.63382E+18
9/3/2023,Bumper,1.35551E+18,shafiqarefiq,351664829,in,"<a href=""http://twitter.com/download/android"" rel=""nofollow"">Twitter for Android</a>",@shafiqarefiq Bismillah..lmbt nya Grab ni..lapar dah,,,1,1.63381E+18
9/3/2023,??,359380656,,-1,in,"<a href=""http://twitter.com/download/iphone"" rel=""nofollow"">Twitter for iPhone</a>",Lapar!! Takde sape ke nak teman dinnerrrr,,,,1.63379E+18
9/3/2023,为一个帅人,44280112,Syafiq_jee,7.41447E+17,in,"<a href=""http://twitter.com/download/iphone"" rel=""nofollow"">Twitter for iPhone</a>",@Syafiq_jee Lepas berak lapar balik. Jom makan.,,,,1.63379E+18
9/3/2023,ceah ✌️,544298964,,-1,in,"<a href=""http://twitter.com/download/iphone"" rel=""nofollow"">Twitter for iPhone</a>",Lepas makan berat masih boleh makan lagi. Masih bisa merasa lapar. Katanya saya ada 4 perut mcm lembu. https://t.co/bCcFCygBkg,,,,1.63378E+18
9/3/2023,mary ✨,1103060550,,-1,in,"<a href=""http://twitter.com/download/iphone"" rel=""nofollow"">Twitter for iPhone</a>",Lapar gila makan last pukul 10am. Hadap jammed lekat pulak. Sakit kepala lagi. Perut cramp lagi. ??,,,,1.63377E+18
9/3/2023,Aisha Iskandar,315558022,,-1,in,"<a href=""http://twitter.com/download/android"" rel=""nofollow"">Twitter for Android</a>","Lapar tapi tak boleh makan apa apa, melainkan bubur ??",,,,1.63377E+18
9/3/2023,Nazrayne,7.08825E+17,,-1,in,"<a href=""http://twitter.com/download/android"" rel=""nofollow"">Twitter for Android</a>","Mula2 macam nak complain sebab tersilap ikut jalan ni. Jalan jammed satu, takut kereta rosak satu, lapar pun satu. Tapi bila fikir balik, area atas sana, lebih ramai yang dah tak ada rumah, kereta, and makanan sebab banjir kalini teruk sangat. So, aku tutup mulut dan bersyukur. https://t.co/mu3AfZazA1",,,,1.63377E+18
9/3/2023,Eni Lestari Simanjuntak,1.17289E+18,,-1,in,"<a href=""http://twitter.com/download/android"" rel=""nofollow"">Twitter for Android</a>","Saya lapar lagi setelah menonton video ini.
https://t.co/60yzb16IqZ
Saksikan video ini
https://t.co/CROXRlLrbl
https://t.co/QpU7rEWDHe
https://t.co/vbcZOYS5EX
https://t.co/4KuXUHJpf6",,,,1.63375E+18
9/3/2023,MZHatta????????,202474881,,-1,in,"<a href=""http://twitter.com/download/iphone"" rel=""nofollow"">Twitter for iPhone</a>","Ratusan ni mesti dah bnyk kena suap, takde keluarga lapar masa PKP, takde ahli keluarga mati sbb incompetence abahcow https://t.co/ZOg9RczP9G",,,6,1.63373E+18
9/3/2023,자,1.18594E+18,,-1,in,"<a href=""http://twitter.com/download/iphone"" rel=""nofollow"">Twitter for iPhone</a>",Lapar tpi bnyk keje pulak hrmm ??,,,,1.63372E+18
9/3/2023,Berg!,1.02314E+18,emeir_faizal,999109297,in,"<a href=""http://twitter.com/download/iphone"" rel=""nofollow"">Twitter for iPhone</a>","@emeir_faizal Kau lapar tak? Aku lapar la, dia macam tiba tiba rasa nak makan",,,,1.63372E+18
9/3/2023,Eni Lestari Simanjuntak,1.17289E+18,,-1,in,"<a href=""http://twitter.com/download/android"" rel=""nofollow"">Twitter for Android</a>","Saya lapar lagi setelah menonton video ini.
https://t.co/uPLMjZ4swU
Saksikan video ini
https://t.co/Wg6XuSSWSc
https://t.co/0c7qSmcyZJ
https://t.co/sKiU3ZsRy0
https://t.co/0qLZm6PcWZ",,,,1.63371E+18
9/3/2023,Annemunisa Husin,1416194473,,-1,in,"<a href=""http://twitter.com/download/iphone"" rel=""nofollow"">Twitter for iPhone</a>","Aku punya frust takleh buat main. Punya terketaq-ketaq lapar g dapur nak buat roti telur for lunch. Sekali pecahkan telur dalam kuali, telur busuk. 

Terus kemas2 naik atas sambung keja. Spoil la ??",,,,1.6337E+18
9/3/2023,Nuna Nadia,420366861,efaperfume,1.17784E+18,in,"<a href=""http://twitter.com/download/android"" rel=""nofollow"">Twitter for Android</a>","@efaperfume Maybe hari 1st and 2nd day perut akan berangin, sebab nak adapt dengan puasa. Saya minum ESP blend dengan kurma?? time moreh pon minum jugak, sebab menyusukan anak,lapar memalam ?? https://t.co/d9IsQOPtdQ",,,,1.63369E+18
9/3/2023,333 ??,42077555,efaperfume,1.17784E+18,in,"<a href=""http://twitter.com/download/iphone"" rel=""nofollow"">Twitter for iPhone</a>","@efaperfume Aku practise mkn kurma & air putih je time sahur. Kdg2 kurma pun tak makan. Baru la boleh tahan sampai berbuka. 

If sahur heavy, half day pun dah start rasa lapar.",,,,1.63368E+18
9/3/2023,ZF_Agha/Bey,623563386,,-1,in,"<a href=""http://twitter.com/download/iphone"" rel=""nofollow"">Twitter for iPhone</a>",Mak aih laparnya..pagi tdi dah brekpes bihun kottt..kite nak kurus tauuu..jgn la asyik lapar..peyuttt ni ponnn..,,,,1.63368E+18
9/3/2023,Z Z??,989858528,,-1,in,"<a href=""http://twitter.com/download/iphone"" rel=""nofollow"">Twitter for iPhone</a>",dye macam lapar tapi tak hahaha tah lahh nak makan. tak boleh tgh ganti puasa ??,,,,1.63366E+18
9/3/2023,Lee SlimShady,68354249,bocahnandong,9.91492E+17,in,"<a href=""http://twitter.com/download/android"" rel=""nofollow"">Twitter for Android</a>","@bocahnandong Takpe kalau lapar lagi, boleh order kat @beep_my 

https://t.co/m30c3lmyJQ",,,,1.63366E+18
9/3/2023,JACK f×cks DOGS,1.30946E+18,,-1,in,"<a href=""http://twitter.com/download/android"" rel=""nofollow"">Twitter for Android</a>","Kek gini kali rasanya banting tulang. 
Mata perih kurang tidur 
Pikiran pusing
Badan lelah
Perut lapar
Yang penting semangat biar bisa halalin si ompol kecap kurap
@savira_warda",,,,1.63353E+18
9/3/2023,Kakak ??,513359545,,-1,in,"<a href=""http://twitter.com/download/iphone"" rel=""nofollow"">Twitter for iPhone</a>",Tgh mlm tiba lapar ??,,,,1.63352E+18
10/3/2023,alim,1.1845E+18,aleenhafidz,279536435,in,"<a href=""http://twitter.com/download/android"" rel=""nofollow"">Twitter for Android</a>",@aleenhafidz Lapar lagi ke?,,,,1.63421E+18
10/3/2023,tukang cuci,237131759,MiaAndiniz,1.2519E+18,in,"<a href=""http://twitter.com/download/android"" rel=""nofollow"">Twitter for Android</a>","@MiaAndiniz Ya kalo ngantuk, tidur
Kalo lapar, ya makan
Kalo kenyang, ya ngantuk

Gitu aja muter muter",,,,1.63419E+18
10/3/2023,Byakko,1.00146E+18,mAsTINY_lee,708761035,in,"<a href=""http://twitter.com/download/iphone"" rel=""nofollow"">Twitter for iPhone</a>","@mAsTINY_lee tak gerak mat, da la lapar takleh nak gi memana ??",,,,1.63416E+18
10/3/2023,Ooi Beng Cheang,270994792,luxentX,270994792,in,"<a href=""http://twitter.com/download/android"" rel=""nofollow"">Twitter for Android</a>","Mana je kau pergi, orang kampung pandang kau dengan hina kat kau sebab kau takde kerja, tidur bawah pokok. Selepas seminggu kau lapar sangat, curi buah dari dusun makan. Orang kampung nampak dan mengamuk, belasah kau dan ikat kau kat pokok...",,,1,1.63416E+18
10/3/2023,bbaaabbbbyyyyyy,1.04098E+18,,-1,in,"<a href=""http://twitter.com/download/iphone"" rel=""nofollow"">Twitter for iPhone</a>",Dah lapar ler https://t.co/WBPZNdRRey,,,,1.63409E+18
10/3/2023,qilah,308308033,aqilahzakki,308308033,in,"<a href=""http://twitter.com/download/iphone"" rel=""nofollow"">Twitter for iPhone</a>","Bab makan dan lapar ni jangan uji kesabaran aku. Dia boleh menggeletis video call member dia depan mesin tu dok ulang aku tak reti aku tak reti, eh geram ek",,,,1.63408E+18
10/3/2023,BearGemuk,1.19489E+18,,-1,in,"<a href=""http://twitter.com/download/iphone"" rel=""nofollow"">Twitter for iPhone</a>",Lapar ni.. tgh tunggu minah @ChentaaHatii ni g KK,,,,1.63404E+18
10/3/2023,niza,233842942,NH3309,845436534,in,"<a href=""http://twitter.com/download/android"" rel=""nofollow"">Twitter for Android</a>",@NH3309 Lapar terus tgk lontong tu,,,,1.63403E+18
10/3/2023,Ende Holidays,2274166706,EndeHolidays,2274166706,in,"<a href=""http://twitter.com/download/android"" rel=""nofollow"">Twitter for Android</a>","Perut sudah lapar rasanya
Kepengen makan nasi rendang
Kamu dan pemandangan alam itu sama
Sama sama enak dipandang",,,,1.63403E+18
10/3/2023,BearGemuk,1.19489E+18,,-1,in,"<a href=""http://twitter.com/download/iphone"" rel=""nofollow"">Twitter for iPhone</a>",Lapar plak… tu la makan awal sgt,,,,1.63388E+18
11/3/2023,ngohey,8.59775E+17,sotongmalas,7.29591E+17,in,"<a href=""http://twitter.com/download/iphone"" rel=""nofollow"">Twitter for iPhone</a>","@sotongmalas Cannot. Eat - cry - eat. Baru dapt makan lebih. Nangis requires energy. Lepas nangis lapar lagi. Kalau nangis dulu baru makan, bihun goreng kosong takda goreng pun tak habis",,,,1.63434E+18
11/3/2023,Izad Abas ????,42849503,,-1,in,"<a href=""http://twitter.com/download/android"" rel=""nofollow"">Twitter for Android</a>",Tak boleh tidur lepas tu lapar,,,,1.63428E+18
11/3/2023,Lekir Jambang ????,556946002,,-1,in,"<a href=""http://twitter.com/download/iphone"" rel=""nofollow"">Twitter for iPhone</a>",10:30 malam hingga 12:45 tngh malam dalam 4 orang berurut. Fit juga tenaga aku dalam diam senanya. Lapar kemudian jangan kata pula.,,,,1.63427E+18
11/3/2023,aswad,4914242654,,-1,in,"<a href=""http://twitter.com/download/iphone"" rel=""nofollow"">Twitter for iPhone</a>",Dasar lapar perhatian ?? Kau ingat movie ke datang last minute Pastu pompuan tu cancel wedding dia hahahhahahah https://t.co/oIcFtrElSP,,,,1.63423E+18
14/3/2023,Arifin NK,1.43514E+18,JulBayur3,1.4811E+18,in,"<a href=""http://twitter.com/download/android"" rel=""nofollow"">Twitter for Android</a>","@JulBayur3 Jeruji besi besi...??? Koruptor dan tukang suap ternyaman hanya ada di Indonesia. Miliaran bahkan triliyunan uang negara digarong tapi hukumannya nggak sepadan! giliran maling singkong karena lapar hukumannya,wow it's amazing! Bahkan ada penyuap yang ngumpet!",,,,1.63567E+18
14/3/2023,Paksheikh,323330516,syhr,83557159,in,"<a href=""http://twitter.com/download/iphone"" rel=""nofollow"">Twitter for iPhone</a>","@syhr Saya lapar,saya nak makan.Awak dah makan?",,,,1.63564E+18
14/3/2023,Syauti_a,241613969,,-1,in,"<a href=""http://twitter.com/download/android"" rel=""nofollow"">Twitter for Android</a>","Lapar, mencari satey.
15 daging, 15 ayam,2 ketul nasi impit. Total Rm 26.
Murah ke murah?
Hanya di Yus Satey keramat, berhadapan Masjid kubu gajah,  sungai buloh.
Mana nak cari 2023 di Sungai buloh Satey Ayam 0.80, Satey Daging 0.80. 
#kitajagasungaibuloh https://t.co/d3Fo57YcSJ",,,,1.63564E+18
14/3/2023,Aritha,111899673,,-1,in,"<a href=""https://mobile.twitter.com"" rel=""nofollow"">Twitter Web App</a>",Lapar nyaaa ??????,,,,1.63556E+18
14/3/2023,Ms.AnnaLisa,832946288,,-1,in,"<a href=""http://twitter.com/download/android"" rel=""nofollow"">Twitter for Android</a>",Baru pukul berape dah lapar ni macam mane nak tahan sampai ke malam,,,,1.63555E+18
14/3/2023,EKA,444417768,,-1,in,"<a href=""http://twitter.com/download/iphone"" rel=""nofollow"">Twitter for iPhone</a>",staff CIMB senawang mmg mcm sial ke perangai? kau nak tengking2 orang sebab kau bosan + lapar. butho,,,,1.63554E+18
14/3/2023,al,247763409,,-1,in,"<a href=""http://twitter.com/download/android"" rel=""nofollow"">Twitter for Android</a>","Kecewa dgn 4fingers. Guna shopee food, Order set add on nasi, dia bg set je :( org dh la tgh lapar, bayar kot ermm masa nak refund dia mntk gmbr adk tgh mkn maleh dh la, boikot 4 fingers",,,,1.63551E+18
14/3/2023,Baba Rayyan,881709002,STresnowat1,2700740070,in,"<a href=""http://twitter.com/download/iphone"" rel=""nofollow"">Twitter for iPhone</a>",@STresnowat1 Kesiannya kamu ni.. lapar perhatian..??,,,,1.63551E+18
14/3/2023,Andi Azhar Andi Tahir,27610370,amldrss,79957473,in,"<a href=""http://twitter.com/download/iphone"" rel=""nofollow"">Twitter for iPhone</a>",@amldrss BETUL! Biarkan je diorg jual mahal kan. Tgok2 kosong jugak. Lapar lah tu ????,,,,1.6355E+18
14/3/2023,Lily✨,508916218,,-1,in,"<a href=""http://twitter.com/download/iphone"" rel=""nofollow"">Twitter for iPhone</a>",Ngantuk tapi lapar,,,,1.63549E+18
14/3/2023,A M I R A ♡,1.22981E+18,,-1,in,"<a href=""http://twitter.com/download/iphone"" rel=""nofollow"">Twitter for iPhone</a>","dah makan lunch awal, confirm pukul 4 atau 5 nanti lapar balik",,,,1.63548E+18
14/3/2023,Sya,1137526147,,-1,in,"<a href=""http://twitter.com/download/android"" rel=""nofollow"">Twitter for Android</a>",Lapar youu. Baru nak dinner nasi ayam pukul 1.50 pagi waktu malaysia. Lol https://t.co/K4UuTqW0S6,,,,1.63534E+18
14/3/2023,Qiz Balqis • Takaful & Property,404774630,,-1,in,"<a href=""http://twitter.com/download/iphone"" rel=""nofollow"">Twitter for iPhone</a>",Saya lapar tapi saya ngantuk. Burger dengan air ada kt sebelah. Boleh tak makan dalam mimpi je ? ??,,,,1.63532E+18
14/3/2023,Freelancer,1674617574,,-1,in,"<a href=""http://twitter.com/download/android"" rel=""nofollow"">Twitter for Android</a>","Kalau sudah ngantuk jadi malas makan, lapar pun hilang...",,,,1.63532E+18
15/3/2023,Nazurah,9.06296E+17,,-1,in,"<a href=""http://twitter.com/download/iphone"" rel=""nofollow"">Twitter for iPhone</a>",Alu sikpat tdo mala terbayang. Gg esok am shift. Selagik sik menses ng mala lapar ?? https://t.co/3EbHrtQfV4,,,,1.63603E+18
15/3/2023,khalisah ??,3160541634,,-1,in,"<a href=""http://twitter.com/download/iphone"" rel=""nofollow"">Twitter for iPhone</a>",Tapi tulah lapar benor skrg ni.. nak masak megi rasa berdosa pada badan ??,,,,1.63603E+18
15/3/2023,kien.,9.44096E+17,,-1,in,"<a href=""http://twitter.com/download/iphone"" rel=""nofollow"">Twitter for iPhone</a>",lapar gila astu mak masak nasi goreng ada telur pula ??,,,,1.63598E+18
15/3/2023,نيسا ??,2991098931,,-1,in,"<a href=""http://twitter.com/download/iphone"" rel=""nofollow"">Twitter for iPhone</a>","Pukul 3 dah makan dgn husband, pastu lapar, pukul 6 lebih makan lagi. Ni lapar balik, apebenda ni perut ?? naii badannya tak jugak. Lauk pon dah habis, malas dah nak memasak malam2",,,,1.63597E+18
15/3/2023,SH ??,269246687,nuna_winna,1.02228E+18,in,"<a href=""http://twitter.com/download/iphone"" rel=""nofollow"">Twitter for iPhone</a>","@nuna_winna Kann, i pulak pattern makan tgk phone, dri lapar, tgk video concert trus hilang selera.. teruk betul ????????",,,,1.63597E+18
15/3/2023,iqbal saudagar,8.86545E+17,,-1,in,"<a href=""http://twitter.com/download/android"" rel=""nofollow"">Twitter for Android</a>","Burger tak murah ,tak mahal tapi sedap.. #burgertime #burgerlove #burgercrispy #burgersedap #burgermurah #gombakdelivery #gombakfooddelivery #fooddelivery #selayangfooddelivery #gombak #selayang #selayangbaru #selayangmall #batucaves #batucavesfood #lapar #laparke https://t.co/nhjMHS20pI",,,,1.63596E+18
15/3/2023,wanie ??,1.12469E+18,,-1,in,"<a href=""http://twitter.com/download/android"" rel=""nofollow"">Twitter for Android</a>","Balik dari hospital memang cari nasi, lapar teruk",,,,1.63596E+18
15/3/2023,suga sexy,2613416196,,-1,in,"<a href=""http://twitter.com/download/android"" rel=""nofollow"">Twitter for Android</a>",Aku ni lapar tapi nak kurus. Tadi dah makan nasi. :'),,,,1.63595E+18
15/3/2023,A M I R A ♡,1.22981E+18,,-1,in,"<a href=""http://twitter.com/download/iphone"" rel=""nofollow"">Twitter for iPhone</a>",lately ni cepat lapar tapi kalau makan mesti tak habis,,,,1.63594E+18
15/3/2023,ηυяαιzαт αвdziz ????,235915209,,-1,in,"<a href=""http://twitter.com/download/iphone"" rel=""nofollow"">Twitter for iPhone</a>",Lelaki n kalau dia lapar xpe. Tapi anak2 dia lapar xboleh. https://t.co/ks1FNcUUuy,,,,1.63592E+18
15/3/2023,deela,1329878630,,-1,in,"<a href=""http://twitter.com/download/android"" rel=""nofollow"">Twitter for Android</a>",Kenapa ye org kata air gula x sedap.. aku hritu rasa sedap je ?? relax je mcm minum sirap ?? maybe sbb lapar & haus kot dh puasa semalaman ?? https://t.co/jK2hj1k4Yd,,,,1.6359E+18
15/3/2023,Annisa Tamara ??,3406114763,,-1,in,"<a href=""http://twitter.com/download/android"" rel=""nofollow"">Twitter for Android</a>","Sarapan nasi kuning jam 7, jam segini udah lapar!",,,,1.63586E+18
15/3/2023,yanut,240199925,,-1,in,"<a href=""http://twitter.com/download/iphone"" rel=""nofollow"">Twitter for iPhone</a>",Lemah betul kalau shopping barang dapur time lapar ni ??,,,,1.63586E+18
15/3/2023,ain.sebbie | ✨???????????????? ????-??????????✨,1.36569E+18,SyahidahDarmawi,2288221622,in,"<a href=""http://twitter.com/download/iphone"" rel=""nofollow"">Twitter for iPhone</a>","@SyahidahDarmawi I seeeeee. Sbb family i jenis berbuka kuih2 je, lepas terawih baru dinner nasi, sebab tu sahur tu belum lapar. Tahun ni plan berbuka nak berbuka dgn nasi pulak, tp tgk la nanti terawih cemana dah kenyang tu ????",,,,1.63586E+18
15/3/2023,behave,458015024,,-1,in,"<a href=""http://twitter.com/download/iphone"" rel=""nofollow"">Twitter for iPhone</a>",Duduk rumah tak rasa lapar wpun makanan sentiasa dpn mata. Tapi bila kt office… 24jam fikir psl makanan. Adakah kesimpulannya jgn pegi office demi menjauhi kegemukan,,,,1.63584E+18
15/3/2023,ادي هاريث????????,482935127,,-1,in,"<a href=""http://twitter.com/download/android"" rel=""nofollow"">Twitter for Android</a>",Masuk office pagi ni rasa lapar yg amat. ??,,,,1.63581E+18
15/3/2023,menahan diri,738726036,,-1,in,"<a href=""http://twitter.com/download/android"" rel=""nofollow"">Twitter for Android</a>",Haaa..dah macam ni tak tidur lagi. Memang cari nahas. Kan dah lapar,,,,1.63569E+18
16/3/2023,Effaaaa,66645219,,-1,in,"<a href=""http://twitter.com/download/iphone"" rel=""nofollow"">Twitter for iPhone</a>",Lapar. Shud i masak maggie? Ke goreng nasi? Halaaaaaahhhh,,,,1.63636E+18
16/3/2023,jaa | online business owner ✨,2584320999,,-1,in,"<a href=""http://twitter.com/download/iphone"" rel=""nofollow"">Twitter for iPhone</a>",Hari ni makan dah banyak tapi masih lapar,,,,1.63633E+18
16/3/2023,ali,186053702,AliaaNadiah,186053702,in,"<a href=""http://twitter.com/download/iphone"" rel=""nofollow"">Twitter for iPhone</a>",dah 4 train ye sampai aku masih tak dapat naik HUAAAAAAA dah la tengah lapar ni,,,,1.63632E+18
16/3/2023,J U E ??,2168229414,,-1,in,"<a href=""http://foursquare.com"" rel=""nofollow"">Foursquare</a>",Lapar w/ @adha_arazman (@ The Manhattan Fish Market in Kuala Lumpur) https://t.co/Dvd9DNL2ks,3,102,,1.63632E+18
16/3/2023,MyLittleJourney,482690943,,-1,in,"<a href=""http://twitter.com/download/iphone"" rel=""nofollow"">Twitter for iPhone</a>",masa ni kau lapar pun tak heran dah dengan makanan ?? https://t.co/LShuRfelr1,,,1,1.63625E+18
16/3/2023,nina-syazna??????,156763577,,-1,in,"<a href=""http://twitter.com/download/android"" rel=""nofollow"">Twitter for Android</a>","Sikgor for lunch.
 Walaupun dah tak lalu tapi sebab lapar ku telankan Jebat!",,,,1.63625E+18
16/3/2023,alep,1.10945E+18,,-1,in,"<a href=""http://twitter.com/download/iphone"" rel=""nofollow"">Twitter for iPhone</a>",Lapar tapi taknak nasi. Faham tak?,,,,1.63625E+18
16/3/2023,fatinkeprawi,1.00981E+18,,-1,in,"<a href=""http://twitter.com/download/iphone"" rel=""nofollow"">Twitter for iPhone</a>","Mata mengantuk,perut lapar ??",,,,1.63623E+18
16/3/2023,natsume142,1605165343,,-1,in,"<a href=""http://twitter.com/download/iphone"" rel=""nofollow"">Twitter for iPhone</a>","Lapar.. tak sabar time lunch, bawa bekal ikan tempoyak",,,,1.63621E+18
16/3/2023,Fadd Yeager,149368853,,-1,in,"<a href=""http://twitter.com/download/iphone"" rel=""nofollow"">Twitter for iPhone</a>",Lapar tapi malas nak buka mulut,,,,1.63621E+18
16/3/2023,shes,1450674421,,-1,in,"<a href=""http://twitter.com/download/iphone"" rel=""nofollow"">Twitter for iPhone</a>",hai lapar semulahhhhhh nak makan apa yaaaa,,,,1.63605E+18
17/3/2023,Marsya,332121704,,-1,in,"<a href=""http://twitter.com/download/iphone"" rel=""nofollow"">Twitter for iPhone</a>","Apparently only after marrying me Syahmi baru dengar “lapar nasi”.

Ingat semua orang pun ckp lapar nasi(?) esp bila.. nak nasi? ??",,,,1.63675E+18
17/3/2023,. : : MNA : : .,1.5037E+18,,-1,in,"<a href=""http://twitter.com/download/iphone"" rel=""nofollow"">Twitter for iPhone</a>",Nasi lemak ayam 2 ketul for dinner. Lunch konon2 kenyang tak lapar sangat sebab busy. Office mate tapaukn pun tak usik. Bila dah malam ni lapaqq betul. Haha ✌️✌️ https://t.co/HHyA4n0OUu,,,,1.63671E+18
17/3/2023,PQ,1.19989E+18,,-1,in,"<a href=""http://twitter.com/download/iphone"" rel=""nofollow"">Twitter for iPhone</a>",Jenis lapar tapi taknak makan nasi,,,,1.63666E+18
17/3/2023,Mimie ????‍♂️,464496136,,-1,in,"<a href=""http://twitter.com/download/iphone"" rel=""nofollow"">Twitter for iPhone</a>",Jgn la main² dgn orang lapar.Lagi² yg jenis baran mcm aku ni…?? https://t.co/hACTThsgHv,,,,1.63663E+18
17/3/2023,Aisya Aurora,430985035,,-1,in,"<a href=""http://twitter.com/download/iphone"" rel=""nofollow"">Twitter for iPhone</a>",Sorry baby today mommy busy sgt. Baby tendang2 mommy kuat sebab lapar tadi. Rehat mommy lmbt arini. Maaf ya ??,,,,1.63662E+18
17/3/2023,Azian Abu Seman,1.24629E+18,,-1,in,"<a href=""http://twitter.com/download/android"" rel=""nofollow"">Twitter for Android</a>",Lapar terukk nii??,,,,1.6366E+18
17/3/2023,I'M Hasril,1.37836E+18,,-1,in,"<a href=""http://twitter.com/download/android"" rel=""nofollow"">Twitter for Android</a>",Kalau kita yg tgh beratur dibelakang india ni mcm mana? Dah la lapar. https://t.co/N67d9l3T1e,,,,1.63657E+18
17/3/2023,ニック ☁️,1.31163E+18,,-1,in,"<a href=""http://twitter.com/download/iphone"" rel=""nofollow"">Twitter for iPhone</a>",Allahu tgh lapar ni bnyk pulak mknn sedap lalu kat fyp,,,,1.63653E+18
17/3/2023,Lee SlimShady,68354249,LeeSlimShady,68354249,in,"<a href=""http://twitter.com/download/android"" rel=""nofollow"">Twitter for Android</a>","Betapa pedihnya si miskin dan anak yatim menahan lapar kerana tak punya wang untuk makan. Rai kan lah mereka yg kurang bernasib baik kerana itu akan mendekatkan dirimu dgn taqwa. Salam Ramadhan buat Dato' @FranticKL 

(Petikan ayat: Matthew 23:12)",,,,1.63652E+18
17/3/2023,????????,3148211384,,-1,in,"<a href=""http://twitter.com/download/iphone"" rel=""nofollow"">Twitter for iPhone</a>",At this hour I rasa nak kejut Fendi main masak2 bc im hungry :) tapi member is tired dan I takleh tengok dia penat. I’ll let him rest sampai sudah tapi tu lah lapar ni ??,,,,1.63644E+18
17/3/2023,Coach Khairul | GigVenture ??,1.07016E+18,hianishere,1128451110,in,"<a href=""http://twitter.com/download/iphone"" rel=""nofollow"">Twitter for iPhone</a>",@hianishere Maybe lah. Tengok lapar. Nok makang orang aje. Haha,,,,1.63641E+18
17/3/2023,SNH,211764457,,-1,in,"<a href=""http://twitter.com/download/android"" rel=""nofollow"">Twitter for Android</a>","Lapar, dapat smashed burger depan Irfan ni sodapnye.",,,,1.6364E+18
18/3/2023,PU liss ????,262415141,,-1,in,"<a href=""http://twitter.com/download/android"" rel=""nofollow"">Twitter for Android</a>","Tengok iChang ni makan tengah-tengah malam, lapar! Tapi kita tak boleh la melantak malam-malam. Lari diet nanti.",,,,1.63678E+18
19/3/2023,Λιηι ,1024466436,,-1,in,"<a href=""http://twitter.com/download/iphone"" rel=""nofollow"">Twitter for iPhone</a>","Aku taktau la lapar ke tak. Dah tu dari td duk buang air, ada la dalam 3 kali keluar masuk toilet within 1 hours. Menjadi2 bunyi perut kosong tu ??",,,,1.63746E+18
19/3/2023,Λιηι ,1024466436,,-1,in,"<a href=""http://twitter.com/download/iphone"" rel=""nofollow"">Twitter for iPhone</a>","Aku dah rasa kenyang dah tp tengah duduk2 kedengaran bunyi perut ""lapar"" ??",,,,1.63746E+18
19/3/2023,Effaaaa,66645219,,-1,in,"<a href=""http://twitter.com/download/iphone"" rel=""nofollow"">Twitter for iPhone</a>",Lapar lagi. @hanisfaiqahlahh  ????,,,,1.63743E+18
19/3/2023,William Chua,8.33298E+17,CONTEMPRA_INN,1.18018E+18,in,"<a href=""http://twitter.com/download/android"" rel=""nofollow"">Twitter for Android</a>",@CONTEMPRA_INN @iloveitalyy Kucing comel sudah lapar,,,,1.63735E+18
19/3/2023,ⓘ YobSebenar,718272337,,-1,in,"<a href=""http://twitter.com/download/iphone"" rel=""nofollow"">Twitter for iPhone</a>",Aku barai betul ni. Tapi lapar tapi barai nak keluar. Bimbo ke ek kalau gini?,,,,1.63732E+18
20/3/2023,•MiRo ????•,7.07927E+17,teatariq02,9.94545E+17,in,"<a href=""http://twitter.com/download/iphone"" rel=""nofollow"">Twitter for iPhone</a>",@teatariq02 Nasi kandar doh tu. hurm..kijoe lapar blako ni bice psal nasi kabu. Mano eh hok jual nasi kabu sedap2 kt shah ale ni?luso poso doh.,,,,1.63784E+18
20/3/2023,amèl,8.25256E+17,nurnathrah_,8.25256E+17,in,"<a href=""http://twitter.com/download/iphone"" rel=""nofollow"">Twitter for iPhone</a>",YA ALLAH SYUKUR GILA WEH LUAR RUMAH AKU PAKAI SOLAR LAMP kt area parking kete- jadinya takdela satu rumah gelap. ?? kalo satu rumah takde sekelumit cahaya confirm aku dah nangis td sebab sesorang je kat rumah. dahla lapar takdan nak makan.,,,,1.63784E+18
20/3/2023,알리야 ✨,902026028,,-1,in,"<a href=""http://twitter.com/download/iphone"" rel=""nofollow"">Twitter for iPhone</a>",aku ni kurus tpi at the same time perut rasa lapar je ??,,,,1.63779E+18
20/3/2023,αɳყα ժíղҽɾօ ??,1.42224E+18,,-1,in,"<a href=""http://twitter.com/download/android"" rel=""nofollow"">Twitter for Android</a>","Faham tak, aku rasa lapar tapi tak rasa nak makan? Hm dah empat hari macam ni. Makan sikit je, pastu dah taknak hmm this is not me!",,,,1.63778E+18
20/3/2023,MAY™,1031092542,,-1,in,"<a href=""http://twitter.com/download/android"" rel=""nofollow"">Twitter for Android</a>",Kalu kto press besungguh takut nyo kato kto lapar nk ngejah dio..,,,,1.63778E+18
20/3/2023,Sofea,594769333,,-1,in,"<a href=""http://twitter.com/download/android"" rel=""nofollow"">Twitter for Android</a>",Lapar aku ni mmg takleh bawak bincang. Mmg lapar betul ye setiap masa??,,,,1.63778E+18
20/3/2023,??,8.34442E+17,,-1,in,"<a href=""http://twitter.com/download/iphone"" rel=""nofollow"">Twitter for iPhone</a>","kalau lapar, tidur. then tada taklapar dah jehe",,,,1.63775E+18
20/3/2023,AHH 2,36712544,,-1,in,"<a href=""http://twitter.com/download/iphone"" rel=""nofollow"">Twitter for iPhone</a>",Lapar teruks….,,,,1.63773E+18
20/3/2023,Rosniah Abdullah,141129865,,-1,in,"<a href=""http://twitter.com/download/android"" rel=""nofollow"">Twitter for Android</a>","Flight dah sampai lewat malam, perut lapar, tapi kedai makan/cafe tutup dah. Tak convenient langsung. #klia https://t.co/cbHX6uP3uj",,,,1.63771E+18
20/3/2023,Yana Tasha,7.82072E+17,,-1,in,"<a href=""http://twitter.com/download/iphone"" rel=""nofollow"">Twitter for iPhone</a>",Dia macam lapar tapi tak lapar sangat.,,,,1.63769E+18
20/3/2023,WOOF??,3284508540,,-1,in,"<a href=""http://twitter.com/download/iphone"" rel=""nofollow"">Twitter for iPhone</a>",Lapar. Makan kt rumah jelah.  6 hours to go,,,,1.63768E+18
20/3/2023,????????????.??????????,1389020868,TunHitler,1656138025,in,"<a href=""http://twitter.com/download/iphone"" rel=""nofollow"">Twitter for iPhone</a>",@TunHitler Faham . Nak kata lapar . X sangat pon . Peanut butter boleh kot . Kacang jugak ??,,,,1.63768E+18
20/3/2023,????????????'?? ??,1.16477E+18,,-1,in,"<a href=""http://twitter.com/download/iphone"" rel=""nofollow"">Twitter for iPhone</a>",Lapar lah aku ni. Nak masak apa eh.,,,,1.63768E+18
20/3/2023,N E Y R A,22664411,,-1,in,"<a href=""http://twitter.com/download/android"" rel=""nofollow"">Twitter for Android</a>",Lapar. Nak McD. Tapi pakcik bas tak habaq berapa minit stop sini. Tanya banyak Kali dia diam je. Pakcik bas ni bisu ke huuuuuuu https://t.co/SqkAD6OBlb,,,,1.63753E+18
20/3/2023,Papayen (Adzren Adnan),94138196,Ariff_ft_ezlan,554319318,in,"<a href=""http://twitter.com/download/iphone"" rel=""nofollow"">Twitter for iPhone</a>","@Ariff_ft_ezlan @imranasyraff @sofearozaidi_ Betul, tp silap sy jugak, facts tak tepat. Facts kena tepat baru ok. Sama mcm kalau org tanya knp kena solat. Kita pulak jwb sbb solat ni adalah senaman utama utk kuruskn badan kurangkan lapar selain tiang agama. Kn salah tu...",,,,1.63751E+18
21/3/2023,✨Beef Liver Supremacy✨ ?? Isotret ??,2908067742,iezasevda,1.24128E+18,in,"<a href=""http://twitter.com/download/iphone"" rel=""nofollow"">Twitter for iPhone</a>","@iezasevda Dah la tak berjuang lawan lapar pun masa bulan puasa, pastu komplen harga baju raya mahal ????",,,,1.63818E+18
21/3/2023,?? ?? ?? ?? ?? ??,1.55523E+18,,-1,in,"<a href=""http://twitter.com/download/iphone"" rel=""nofollow"">Twitter for iPhone</a>",Aku lapar aku sakit perut ?? ke sebab tadi makan laksam weh ??,,,,1.63816E+18
21/3/2023,RamadanTiba,809256427,,-1,in,"<a href=""http://twitter.com/download/iphone"" rel=""nofollow"">Twitter for iPhone</a>","My normal day

Shahalam -> putrajaya-> dengkil -> sepang -> putrajaya-> shalam

Dah macam kerja grabcar ya.. Pastu nak dinner pon dah malas.. Tapi lapar ☹️",,,,1.63814E+18
21/3/2023,JIJO FIGHTER??,1.34226E+18,GhazaliPuteh,1.55265E+18,in,"<a href=""http://twitter.com/download/iphone"" rel=""nofollow"">Twitter for iPhone</a>",@GhazaliPuteh okey bagi sikit nanti makanan tu lapar,,,,1.63814E+18
21/3/2023,JIJO FIGHTER??,1.34226E+18,,-1,in,"<a href=""http://twitter.com/download/iphone"" rel=""nofollow"">Twitter for iPhone</a>",lelaki kalau lapar dia cari makan dulu..perempuan kalau dia lapar dia tak cari makan dulu! tapi dia cari pasal dulu barulah cari makan....????,,,15,1.63812E+18
21/3/2023,NFS,228398148,,-1,in,"<a href=""http://twitter.com/download/iphone"" rel=""nofollow"">Twitter for iPhone</a>",Lapar . Tp ngantuk . Amsyar pun tidur,,,,1.63808E+18
21/3/2023,Cik Senah,30199241,lilyzam__,1.30582E+18,in,"<a href=""http://twitter.com/download/iphone"" rel=""nofollow"">Twitter for iPhone</a>",@lilyzam__ @MeanMijer Benda makan jangan buat memain. Lelagi kalau time lapar. Hahhaaha,,,,1.63807E+18
21/3/2023,Kokoro,1197219512,azwant,65666044,in,"<a href=""http://twitter.com/download/iphone"" rel=""nofollow"">Twitter for iPhone</a>",@azwant Mkn sikit so x lapar n x ngantuk,,,,1.63804E+18
21/3/2023,Mala????,1.45315E+18,,-1,in,"<a href=""http://twitter.com/download/android"" rel=""nofollow"">Twitter for Android</a>",Sbentar lagi sdh bulan puasa harus kuat tahan nafsu dn lapar??✌️ https://t.co/ixy8eduE5x,,,,1.63803E+18
21/3/2023,Logan ??,1.2514E+18,,-1,in,"<a href=""http://twitter.com/download/android"" rel=""nofollow"">Twitter for Android</a>","Sambung redah jem..
Ada org area shah alam nak lunch sama?

Lapar weiii.. https://t.co/y3LXim3t2C",,,,1.63803E+18
21/3/2023,Christrie ??,1.29424E+18,,-1,in,"<a href=""http://twitter.com/download/android"" rel=""nofollow"">Twitter for Android</a>",Lapar bah asai ka meligan nemu ka,,,,1.63802E+18
21/3/2023,Raihana_Aai (2nd acc),1.59037E+18,Raihana_Aai4,1.59037E+18,in,"<a href=""http://twitter.com/download/iphone"" rel=""nofollow"">Twitter for iPhone</a>",sbb hari ni kene amek darah dengan perut lapar semua haihh,,,,1.63801E+18
21/3/2023,Meck Ajaib,1.53756E+18,,-1,in,"<a href=""http://twitter.com/download/android"" rel=""nofollow"">Twitter for Android</a>",bgun2 lapar,,,,1.63795E+18
21/3/2023,Qahhh ☂️,2550332383,,-1,in,"<a href=""http://twitter.com/download/iphone"" rel=""nofollow"">Twitter for iPhone</a>","Saya lapar, saya mahu makan kek ??",,,,1.63795E+18
21/3/2023,??,2381642209,,-1,in,"<a href=""http://twitter.com/download/iphone"" rel=""nofollow"">Twitter for iPhone</a>","So today makan toasted bread & mee kari je kat secret recipe. Now dah lapar nasi, dasar perut melayu lah sehari tk dpt nasi tk boleh ??",,,,1.63787E+18
22/3/2023,Sofia??,195182878,yw_w26,1.5631E+18,in,"<a href=""http://twitter.com/download/iphone"" rel=""nofollow"">Twitter for iPhone</a>","@yw_w26 @masBUNG3 @FOODFESS2 @sebutsajakucing trueee, di jam jam bangun tidur abis sahur, perut itu keroncongan lapar gak jelas, tapi abis itu biasa ajaa sampe maghrib",,,,1.63856E+18
22/3/2023,???? عزتي ذوالقرنين,287994068,askrapidkl,2934256998,in,"<a href=""http://twitter.com/download/android"" rel=""nofollow"">Twitter for Android</a>",@askrapidkl memang tak boleh nak sediakan air or roti ke kalau ada problem macam ni. Aku rasa nak marah gila lapar penat dari pukul 7 tadi dari Kelana Jaya. Pukul 10 baru sampai Dato' Keramat.  Shiballl.,,,,1.63855E+18
22/3/2023,Goddess of the Night??✨,508559787,,-1,in,"<a href=""http://twitter.com/download/iphone"" rel=""nofollow"">Twitter for iPhone</a>",Aaarghhh vid ameng dah keluar. Excited lain macam kalau awal bulan puasa ni. Auto lapar ??,,,,1.63853E+18
22/3/2023,Kalila ????,418440023,AsmaAzha,857679362,in,"<a href=""http://twitter.com/download/android"" rel=""nofollow"">Twitter for Android</a>",@AsmaAzha Weh apa simptom gdm hg paling ketara eh? Aku memang boleh tahan lapar tapi risau dlm perut ni haa. Tak makan denyut² perut aku.,,,,1.63853E+18
22/3/2023,Kalila ????,418440023,,-1,in,"<a href=""http://twitter.com/download/android"" rel=""nofollow"">Twitter for Android</a>","Harap esok puasa ok la. Bfr this try ganti puasa, pukul 11 dah kena bukak sbb lapar gila. Siap muntah². Now, alahan pun dah kurang. Insyaallah nak puasa full. https://t.co/oAHFQegq8d",,,,1.63852E+18
22/3/2023,jon,1453276909,hanisahnabilah_,1594759370,in,"<a href=""http://twitter.com/download/android"" rel=""nofollow"">Twitter for Android</a>",@hanisahnabilah_ Lapar makan u.....,,,,1.63846E+18
22/3/2023,????????,3148211384,,-1,in,"<a href=""http://twitter.com/download/iphone"" rel=""nofollow"">Twitter for iPhone</a>",I lapar so I tengok mukbang. Harapnya cepatlah suami pulang. Nak pisang cheese ??,,,,1.63846E+18
22/3/2023,????????????.??????????,1389020868,,-1,in,"<a href=""http://twitter.com/download/iphone"" rel=""nofollow"">Twitter for iPhone</a>","Siang ni lapar . Menahan lapar nya lah aku ni . Cut segala gula bagai . Air pon dah habis 2 liter . Kejap lagi malam lagi lah aku lapar . So aku dinner before 7pm ?? kalau lapar jugak aku bancuh milo . Pastu tidur awal, jam 12 dah tidur . Selagi aku berjaga, selagi tu aku masak",,,,1.63846E+18
22/3/2023,Voney,1.27872E+18,,-1,in,"<a href=""http://twitter.com/download/android"" rel=""nofollow"">Twitter for Android</a>",Lapar tapi ga nafsu makan,,,,1.63843E+18
22/3/2023,Jijie,309457692,,-1,in,"<a href=""http://twitter.com/download/iphone"" rel=""nofollow"">Twitter for iPhone</a>","Dh mkn nasi, pizza pstu lapar lagi ?? ap ke masalah btul",,,,1.63843E+18
22/3/2023,Marsya,332121704,,-1,in,"<a href=""http://twitter.com/download/iphone"" rel=""nofollow"">Twitter for iPhone</a>",Risau weh aku time mcm ni dah lapar nanti puasa harap ok amin,,,,1.63839E+18
22/3/2023,linda salihin,2382932348,_NazriH,157231481,in,"<a href=""http://twitter.com/download/iphone"" rel=""nofollow"">Twitter for iPhone</a>","@_NazriH Tak bukak kat sekolah anak sy. Masa pra pun dah x serve makan. Budak2 baya 6-7 thn balik dah macam udang terbakar. Dari semangat nak belajar puasa, terus singgah shell sebab lapar ??",,,,1.63836E+18
22/3/2023,Jijie,309457692,,-1,in,"<a href=""http://twitter.com/download/iphone"" rel=""nofollow"">Twitter for iPhone</a>",Mcm mna nk puasa eh klau stiap masa lapar ??‍????,,,,1.63834E+18
22/3/2023,thq,1.06758E+18,,-1,in,"<a href=""http://twitter.com/download/iphone"" rel=""nofollow"">Twitter for iPhone</a>",Lapar dengan jammed macam ni . Aku berhenti tepi jalan kang.,,,,1.63833E+18
22/3/2023,Izza Idris,9.40844E+17,Sauffie_84,3247784660,in,"<a href=""http://twitter.com/download/iphone"" rel=""nofollow"">Twitter for iPhone</a>","@Sauffie_84 Suami sy berkias. Sy berterus terang.
Lapar, ckp lapar.
Nk lipstik, ckp nk lipstik.
Mls msk, ckp mls msk.

Suami nk mntk sy msk, “syg kalau msk sdp”
Nk mkn burger, “syg, burger yg tu sdp kan”

Tp time dia berkias,sy terus tanya straight to the point. Dia gelak sbb sy dh fhm??",,,,1.63832E+18
22/3/2023,Dillydaly,591596695,kthpeachwinter,1.33302E+18,in,"<a href=""http://twitter.com/download/iphone"" rel=""nofollow"">Twitter for iPhone</a>",@kthpeachwinter Food is important. Bukan hanya memberikan nutrient but also boost morale. Imagine bebudak lapar and hanya ur keropok lekor 2rm is offered.,,,,1.63832E+18
22/3/2023,ena4wil,860860712,,-1,in,"<a href=""http://twitter.com/download/iphone"" rel=""nofollow"">Twitter for iPhone</a>","Within 10 minutes, ksong susu mama dia ?? sian dia lapar tggu mama dia.. sbb tu la daffa mena belajar mnum guna btol.. so if mama and daddy kluat jenis x ingt rmh, daffa blh tahan lapa skit..",,,,1.63829E+18
22/3/2023,JIJO FIGHTER??,1.34226E+18,ellysukatido,8.26823E+17,in,"<a href=""http://twitter.com/download/iphone"" rel=""nofollow"">Twitter for iPhone</a>",@ellysukatido alah sama lah jijo gurau jer tu. awal pagi dekat malaysia ni mmg mcm ni lapar tapi tak leh nak makan ??,,,,1.63825E+18
22/3/2023,Maria Gultom,1.24414E+18,,-1,in,"<a href=""http://twitter.com/download/android"" rel=""nofollow"">Twitter for Android</a>",Kirain susah tidur karena Insomnia ternyata karena Lapar-_-,,,,1.63823E+18
22/3/2023,syimplos ??,8.03287E+17,,-1,in,"<a href=""http://twitter.com/download/android"" rel=""nofollow"">Twitter for Android</a>",Tengah tengah lapar emotional pulak aku,,,,1.63822E+18
23/3/2023,Qil??,578780505,,-1,in,"<a href=""http://twitter.com/download/iphone"" rel=""nofollow"">Twitter for iPhone</a>",He’s calling me then “ni dkt nazri sebelah tu ada kk mart skrg dkt kk nk beli mkn lapar” haaa diet kemana dia kemana ??,,,,1.63892E+18
23/3/2023,Syed Azim ????????,1273798470,,-1,in,"<a href=""http://twitter.com/download/android"" rel=""nofollow"">Twitter for Android</a>","Muda ni makin lama makin meluat pulak aku tgok,time dia langgar kawasan org takpa, bila kena kat dia org tak layan jd gelabah lapar nk perhatian.
 
Elok ikut PN ke Tok Det join GTA je la lg bagus, kurang satu masalah. https://t.co/2HEoUdAsxy",,,,1.63892E+18
23/3/2023,DANIAL HAKIM,1.27068E+18,,-1,in,"<a href=""http://twitter.com/download/iphone"" rel=""nofollow"">Twitter for iPhone</a>",2kali dowh kena kejar ngn anjing time lari ptg tdi. Aq rase anjing pun puasa tu yg lapar nk gigit org??,,,,1.63887E+18
23/3/2023,Kalila ????,418440023,,-1,in,"<a href=""http://twitter.com/download/android"" rel=""nofollow"">Twitter for Android</a>",Berjaya habiskan puasa first day! Tak rasa lapar cuma dahaga. Makan mee goreng tambah 2 kali ??,,,,1.63887E+18
23/3/2023,amir syarif siregar.,34537216,Harian_Jogja,118371948,in,"<a href=""http://twitter.com/download/iphone"" rel=""nofollow"">Twitter for iPhone</a>","@Harian_Jogja PATUNG DIANGGAP GANGGU ORANG PUASA?! PATUNG?! PATUUUUNG?! 

LEMAH KALI KADAR IMAN KALIAN. LIAT PATUNG BISA NGURANGIN PAHALA PUASA? ATAU LIAT PATUNG BISA NGEBUAT KALIAN LAPAR?! NGEBUAT KALIAN NAFSU?!

ASTAGA. CETEK BANGET ISLAMNYA. MALU!",,,10,1.63887E+18
23/3/2023,SK,468320640,,-1,in,"<a href=""http://twitter.com/download/iphone"" rel=""nofollow"">Twitter for iPhone</a>",Habis pahala puasa aku yg mmg sikit je ni petang-petang ni. Dah la lapar yall,,,1,1.63885E+18
23/3/2023,liana,8.88117E+17,,-1,in,"<a href=""http://twitter.com/download/iphone"" rel=""nofollow"">Twitter for iPhone</a>","lapar boleh tahan lagi, dahaga tu tak tahan weh sumpah. ??",,,,1.63884E+18
23/3/2023,Zack Grealish,7.58715E+17,,-1,in,"<a href=""http://twitter.com/download/iphone"" rel=""nofollow"">Twitter for iPhone</a>",Rm70 habis dekat bazaar. Bahayanya bila pergi time tgh lapar. Semoga esok lebih baik.,,,,1.63884E+18
23/3/2023,Lieyaaaaa ????‍♀️,268654920,,-1,in,"<a href=""http://twitter.com/download/iphone"" rel=""nofollow"">Twitter for iPhone</a>",Ish boleh terbukak pulak live sajat tngah buka puasa ?? Kita dah lah tengah lapar??,,,,1.63883E+18
23/3/2023,?????????? ??????????,446001259,nanaqili,446001259,in,"<a href=""http://twitter.com/download/iphone"" rel=""nofollow"">Twitter for iPhone</a>","Tak lapar tapi heartburn ?? sabar ye perut, lagi 3 jam je",,,,1.63882E+18
23/3/2023,Mommy Monsta,621773415,,-1,in,"<a href=""http://twitter.com/download/iphone"" rel=""nofollow"">Twitter for iPhone</a>",Tapi sy tak lapar. Cuma perut sy yg bunyi-bunyi ??,,,,1.63879E+18
23/3/2023,ｏｒｋｉｄ ♡,850789976,,-1,in,"<a href=""http://twitter.com/download/iphone"" rel=""nofollow"">Twitter for iPhone</a>",Amir ni dah kenapa kehulu kehilir lalu depan aku harini. Lapar ke apa ??,,,,1.63878E+18
23/3/2023,oven terbang ,1.35435E+18,siSha98,1.54075E+18,in,"<a href=""http://twitter.com/download/iphone"" rel=""nofollow"">Twitter for iPhone</a>",@siSha98 Lapar lah … tapi kalau puasa kan harus ditahan laparnya ????,,,,1.63877E+18
23/3/2023,CikguFifaGaming,1082225054,,-1,in,"<a href=""http://twitter.com/download/android"" rel=""nofollow"">Twitter for Android</a>",Tiba² lapar. Kedai apa sedap tengahari mcm ni yer. ????????,,,,1.63877E+18
23/3/2023,terpaling paling,82277800,,-1,in,"<a href=""http://twitter.com/download/iphone"" rel=""nofollow"">Twitter for iPhone</a>",Belum terliur hhahha tak rasa lapar and haus lagi setakat ni.,,,,1.63876E+18
23/3/2023,♔EngkuWawaAshar♔,82580121,syueshariff,221619302,in,"<a href=""http://twitter.com/download/iphone"" rel=""nofollow"">Twitter for iPhone</a>","@syueshariff Dia ni baru pkul 12, takkan dh blur lapar ke? Kau ni apaa kau duk sini keee",,,,1.63876E+18
23/3/2023,Parboaboa,1.40326E+18,,-1,in,"<a href=""https://mobile.twitter.com"" rel=""nofollow"">Twitter Web App</a>","Resep Combro, Camilan Khas Sunda Penunda Lapar
https://t.co/LuZQCjbVwf
#parboaboa #trendingnow #trendingtopik #trendingviral #resep #combro #seleranusantara #makanankhas #sunda #jawabarat",,,,1.63876E+18
23/3/2023,SATBINMAS POLRES BKL-SEL,1.58727E+18,,-1,in,"<a href=""http://twitter.com/download/android"" rel=""nofollow"">Twitter for Android</a>","Selamat menunaikan ibadah puasa adiak sanak sekalian, sembari menahan haus dan lapar di siang hari jangan lupau tetap jagau Kamtibmas yang kondusif awu ????
@polda_bengkulu 
@polres_bengkulu_selatan 
@juda_tampubolon 
@judatampubolon 
#polripresisi
https://t.co/hMSMa8RGBZ",,,,1.63875E+18
23/3/2023,Anis,1954247269,,-1,in,"<a href=""http://twitter.com/download/iphone"" rel=""nofollow"">Twitter for iPhone</a>",Lain macam lapar first day puasa ni.,,,,1.63875E+18
23/3/2023,syimplos ??,8.03287E+17,,-1,in,"<a href=""http://twitter.com/download/android"" rel=""nofollow"">Twitter for Android</a>",Tak lapar cuma dahaga,,,,1.63874E+18
23/3/2023,AzharKhilmy,91223482,,-1,in,"<a href=""http://twitter.com/#!/download/ipad"" rel=""nofollow"">Twitter for iPad</a>",Baru pukul 11 dah start lapar ni. Haha. Itu lah. Sahur 1 minit sebelum subuh lagi. ??,,,,1.63874E+18
23/3/2023,umi.zedd??,1.45916E+18,,-1,in,"<a href=""http://twitter.com/download/iphone"" rel=""nofollow"">Twitter for iPhone</a>",Sape suruh tak sahur. Kan dah lapar. Mengantuk plak tu. Rasa malas nau??,,,,1.63873E+18
23/3/2023,Pejuang Kanak-Kanak,106618567,MohdAliTaib,106618567,in,"<a href=""https://mobile.twitter.com"" rel=""nofollow"">Twitter Web App</a>","Bantulah kami untuk melaksanakan puasa, melakukan solat malam, menjaga lisan dan memelihara pandangan; dan jangan jadikan puasa kami hanya sekadar lapar dan dahaga. 

SELAMAT BERPUASA https://t.co/0fdIMqCwcR",,,,1.63869E+18
23/3/2023,wan izzat,1450949372,,-1,in,"<a href=""http://twitter.com/download/android"" rel=""nofollow"">Twitter for Android</a>",Perut dah start lapar ni.,,,,1.63868E+18
23/3/2023,Meck Ajaib,1.53756E+18,,-1,in,"<a href=""http://twitter.com/download/android"" rel=""nofollow"">Twitter for Android</a>","sahur oat 2 sudu, kurma 5 biji, telur rebus 4biji. 

buat balik mcm tahun lepas. tidak terlalu kenyang & xterlalu lapar. bykkan air. atleast tgh hari perut x bergendang rencak irama asli.",,,,1.63865E+18
23/3/2023,syara ??,1.18686E+18,,-1,in,"<a href=""http://twitter.com/download/iphone"" rel=""nofollow"">Twitter for iPhone</a>",nak bangun sahur sbb lapar tapi kalau baru nak tidur sekarang mmg tak bangun la cerita dia,,,,1.63863E+18
24/3/2023,????????????.??????????,1389020868,,-1,in,"<a href=""http://twitter.com/download/iphone"" rel=""nofollow"">Twitter for iPhone</a>",nikmat dapat buka puasa . rasa hargai sangat² dapat makan . rasa insaf teringat orang yang tak dapat makan . rasa banyaknya kita membazir selama ni . belajar sesuatu sangat . rehat cukup and tidur lebih teratur sebab nak bangun sahur . zikir jadi “makanan” kita sebab tahan lapar https://t.co/waRfMAoW3d,,,,1.63927E+18
24/3/2023,not,164739887,tinaketiketana_,164739887,in,"<a href=""http://twitter.com/download/iphone"" rel=""nofollow"">Twitter for iPhone</a>",Whole day tak haus lgsung and start lapar bila dh pukul 6camtu. Suap anak makan pon rilek lg hahaha,,,,1.63926E+18
24/3/2023,n,345829649,,-1,in,"<a href=""http://twitter.com/download/iphone"" rel=""nofollow"">Twitter for iPhone</a>",Nang respect la kt orang nok berbusiness makanan masa Ramadan tok. Agik2 orang nok bejual banyak lauk or apa2 jk. Kmk orang nok sik banyak jual pun dah kepak sampe energy dah weak ???? nasib sik berasa gilak lapar. Cuma haus jk ??,,,,1.63926E+18
24/3/2023,NFS,228398148,,-1,in,"<a href=""http://twitter.com/download/iphone"" rel=""nofollow"">Twitter for iPhone</a>",Amsyar punya style lapar gigit orang wehh ??,,,,1.63924E+18
24/3/2023,Kinnn,994764205,,-1,in,"<a href=""http://twitter.com/download/android"" rel=""nofollow"">Twitter for Android</a>","Dah 2 hari makan granola time sahur. Sumpah kenyang gila. Time berbuka makan sikit pun dah kenyang. Memalam takde lapar pun. Yang nak diet tu, boleh cuba makan granola ??",,,,1.63923E+18
24/3/2023,Intansunny,40619843,,-1,in,"<a href=""http://twitter.com/download/iphone"" rel=""nofollow"">Twitter for iPhone</a>",i love seeing videos from non muslim yang cuba berpuasa. menghayati erti menahan diri dari lapar dah dahaga selain bagus utk kesihatan,,,,1.63923E+18
24/3/2023,#LuthfiBerkata,2992279539,,-1,in,"<a href=""http://twitter.com/download/android"" rel=""nofollow"">Twitter for Android</a>",Tekun betul kawan tu makan lemongrass chicken. Awak lapar atau baby yg lapar tuu ?? ?? https://t.co/t2tLuCPTU5,,,,1.63923E+18
24/3/2023,Hanz,1.39282E+18,,-1,in,"<a href=""http://twitter.com/download/iphone"" rel=""nofollow"">Twitter for iPhone</a>",What’s wrong with me eh. Aku malas nak makan utk berbuka. like smlm makan roti coklat gardenia yg singgit tu sebungkus. Harini tak tau lagi. Dia lapar tapi tak lapar. Tapi memang confirm malas. Stay sorang camtu lah ??,,,,1.63923E+18
24/3/2023,j,1415049553,,-1,in,"<a href=""http://twitter.com/download/android"" rel=""nofollow"">Twitter for Android</a>",Budak budak tak payah la nak paksa suruh dorang tahan lapar. Kesian gila https://t.co/ws2d8olk4v,,,,1.63922E+18
24/3/2023,Taufiq Jazze,1336377283,jllmisai,1.45774E+18,in,"<a href=""http://twitter.com/download/iphone"" rel=""nofollow"">Twitter for iPhone</a>","@jllmisai Apelah susah sgt nk tahan lapar dahaga, kalau keje buruh kasar boleh terima lg, ni yg keje dlm ofis, baik mati jela kurang buat dosa ??",,,,1.63921E+18
24/3/2023,Faziera Adznan,269650071,,-1,in,"<a href=""http://twitter.com/download/iphone"" rel=""nofollow"">Twitter for iPhone</a>","Bila aku lapar, aku cakap aku nak makan. Kalau ngantuk, aku cakap je aku nak tidur. Perempuan bila amalkan gaya gini mmg akn selalu bergaduh. Jangan expect org faham kita kalau kita tak cakap terus terang. https://t.co/ilM5TGQYCg",,,1,1.63921E+18
24/3/2023,teguh dragnel,1326154782,,-1,in,"<a href=""http://twitter.com/download/android"" rel=""nofollow"">Twitter for Android</a>",Diam bukan berarti lemah tapi lapar,,,,1.6392E+18
24/3/2023,Lil Zham X,1.45767E+18,,-1,in,"<a href=""http://twitter.com/download/android"" rel=""nofollow"">Twitter for Android</a>","Dah tua bangka ni aku rasa ko boleh tahan kot lapar dahaga time puasa ni. Org lain post gambar/vid resepi makanan pun ko dah tak tahan siap komen ""kenapa lalu time tengahari"". 

Korang ni bkn budak kecik, dah besar kot. Adehh",,,,1.63919E+18
24/3/2023,dy,1.59453E+18,,-1,in,"<a href=""http://twitter.com/download/iphone"" rel=""nofollow"">Twitter for iPhone</a>","Idc what people say about me, I never bring my kids for Raya shopping. Biasanya I will go during lunch break atau over the weekends and left them with le hubs. Koser nyah aku nak pilih pilih berperang pulak dengan sorang nak kencing, sorang lapar, sorang tanak duk stroller. ?? https://t.co/bqaBVPyoTv",,,,1.63919E+18
24/3/2023,?????????? ??????????,446001259,nanaqili,446001259,in,"<a href=""http://twitter.com/download/iphone"" rel=""nofollow"">Twitter for iPhone</a>",Lg 5 minit pukul 5 baru ade rasa lapar sikit2. Tapi masih takde rasa heartburn. Alhamdullilah ??,,,,1.63919E+18
24/3/2023,احمد,1088140370,,-1,in,"<a href=""http://twitter.com/download/iphone"" rel=""nofollow"">Twitter for iPhone</a>",Semoga rasa lapar dan dahaga anda hilang ?? https://t.co/LeyzUAjREr,,,,1.63917E+18
24/3/2023,✨,212596129,DausLaith,232087368,in,"<a href=""http://twitter.com/download/iphone"" rel=""nofollow"">Twitter for iPhone</a>",@DausLaith @khairulaming Hahaha ye! Geram betul. Lapar pulak skrg ni??????,,,,1.63915E+18
24/3/2023,shazril ????,8.57462E+17,shazrilramli,8.57462E+17,in,"<a href=""http://twitter.com/download/iphone"" rel=""nofollow"">Twitter for iPhone</a>","2 Ramadhan

Puasa memberi manfaat??

Hikmah puasa Ramadhan tidak hanya bermakna sebagai kewajipan seorang muslim terhadap perintah Allah dengan menahan lapar dan haus selama bulan Ramadhan. Puasa adalah perisai bagi yang melakukannya...",,,,1.63914E+18
24/3/2023,Muazz,90578839,,-1,in,"<a href=""http://foursquare.com"" rel=""nofollow"">Foursquare</a>","Tak sorok di bln ramadhan biar pon lapar dan dahaga (@ Masjid Abu Ubaidah Bin Al-Jarrah in Setapak, Kuala Lumpur) https://t.co/Cm3trEpvHA",3,102,,1.63913E+18
24/3/2023,B,8.95348E+17,hayfaaLeiaa,1.31996E+18,in,"<a href=""http://twitter.com/download/iphone"" rel=""nofollow"">Twitter for iPhone</a>",@hayfaaLeiaa Beli dine in kadang lagi laju dari drive thru. Pregnant mom kalau lapar bukan boleh tggu. Bukan masalah nak tunjuk ke tak. ☺️,,,,1.63909E+18
24/3/2023,deNa????,1955696622,,-1,in,"<a href=""http://twitter.com/download/iphone"" rel=""nofollow"">Twitter for iPhone</a>",baruk kol 9 dah lapar kdk apa ??,,,,1.63907E+18
24/3/2023,Αικατερίνη⚡️,125305970,,-1,in,"<a href=""http://twitter.com/download/iphone"" rel=""nofollow"">Twitter for iPhone</a>","Baru tahu kalau baby gerak kuat sgt maksudnya dia lapar, tk semestinya kurang gerak je..",,,,1.63905E+18
24/3/2023,monkifly/farra,299702272,,-1,in,"<a href=""http://twitter.com/download/iphone"" rel=""nofollow"">Twitter for iPhone</a>",apahal tetiba tgh malam aku lapar mcm aku xmakan sehari padahal buka td aku makan je . pelik betul ??,,,,1.63895E+18
25/3/2023,Iliani,72518229,,-1,in,"<a href=""http://twitter.com/download/iphone"" rel=""nofollow"">Twitter for iPhone</a>","Kalau lapar, makanlah. Kalau tudung senget, betulkanlah. Taktahu nak makan kat mana? Google jelah or beli kat food delivery. Hidup ni jangan terlalu complicated sangat dengan benda begini. ?? https://t.co/AzHY3S2tb3",,,,1.63939E+18
25/3/2023,Quincy Arrancar,1.0148E+18,,-1,in,"<a href=""http://twitter.com/download/android"" rel=""nofollow"">Twitter for Android</a>","Nasi ayam, roti john, popia sira, tea ais. Ok done kenyang. Tapi lapar nak makan pussy pulak. ????????",,,,1.6396E+18
25/3/2023,Fit,404046250,GoddOfFather,1.54397E+18,in,"<a href=""http://twitter.com/download/iphone"" rel=""nofollow"">Twitter for iPhone</a>",@GoddOfFather Kalau jenis workout malam boleh la kot makan banyak sebab lapar after workout… kalau tak workout tak tau dah nak sumbat apa lagi sebab dah penuh ??,,,,1.63958E+18
25/3/2023,Razeen Asyraf,592396463,,-1,in,"<a href=""http://twitter.com/download/android"" rel=""nofollow"">Twitter for Android</a>","salah ke bunuh something
 yang mak dia tak hilang tah ke mana..
 
still kecik tak makan 
bende lain selain susu..

Aku just nak bunuh n tiada yang siksa lapar
dan ia nya lebih cepat dari mati lapar",,,,1.63956E+18
25/3/2023,Dr Syafiq (maybe one day),16179437,,-1,in,"<a href=""http://twitter.com/download/iphone"" rel=""nofollow"">Twitter for iPhone</a>",Mesti lapar sangat tu. https://t.co/I6NsiMi9wM,,,,1.63956E+18
25/3/2023,Fadd Yeager,149368853,nisaabalqis,4566627979,in,"<a href=""http://twitter.com/download/iphone"" rel=""nofollow"">Twitter for iPhone</a>",@nisaabalqis Sebelum buka pic ni aku ingat gimbap tadi ?? Adakah sebab aku lapar Haha,,,,1.63953E+18
25/3/2023,Nur Syafikah Roslee,1.30916E+18,,-1,in,"<a href=""http://twitter.com/download/iphone"" rel=""nofollow"">Twitter for iPhone</a>","Penat mcm mana pun isteri tu kalau dua tiga pagi suami balik , cakap lapar , isteri tetap bangun masakkan utk suami , sebab rasa sedih isteri je tahu bila suami balik penat tapi tak makan .",,,,1.63953E+18
25/3/2023,who,1.62796E+18,,-1,in,"<a href=""http://twitter.com/download/iphone"" rel=""nofollow"">Twitter for iPhone</a>",makan bukan main banyak gik time sahur tadik tok baruk kol 11 lebih dah lapar ????,,,,1.63947E+18
25/3/2023,fii!,903487580,hidayat_yusaini,3262098444,in,"<a href=""http://twitter.com/download/iphone"" rel=""nofollow"">Twitter for iPhone</a>",@hidayat_yusaini Nanti kalau lapar datang rumah aku yat ajar urut.,,,,1.63947E+18
25/3/2023,Iliani,72518229,,-1,in,"<a href=""http://twitter.com/download/iphone"" rel=""nofollow"">Twitter for iPhone</a>","Kalau lapar, makanlah. Kalau tudung senget, betulkanlah. Taktahu nak makan kat mana? Google jelah or beli kat food delivery. Hidup ni jangan terlalu complicated sangat dengan benda begini. ?? https://t.co/AzHY3S2tb3",,,,1.63939E+18
26/3/2023,J U E ??,2168229414,,-1,in,"<a href=""http://twitter.com/download/iphone"" rel=""nofollow"">Twitter for iPhone</a>",Ya tuhan dan dan ni aku lapar ????‍♀️,,,,1.64001E+18
26/3/2023,SYAFIQ TARMIZI,1016943762,muhammadhamir,1093773078,in,"<a href=""http://twitter.com/download/iphone"" rel=""nofollow"">Twitter for iPhone</a>",@muhammadhamir @syahirrsanusi Hmmmm bulan ramadhan ni bukan menahan diri dari lapar semata mata - PU ji,,,,1.63997E+18
26/3/2023,Airisz Sheq,426665886,,-1,in,"<a href=""http://twitter.com/download/iphone"" rel=""nofollow"">Twitter for iPhone</a>",Serabutnya otak saya!!  Plus lapar.. hahahaha.. https://t.co/58t23ubvDw,,,,1.63992E+18
26/3/2023,Eucatastrophe,1.45241E+18,Anyieljr,395774716,in,"<a href=""http://twitter.com/download/android"" rel=""nofollow"">Twitter for Android</a>","@Anyieljr Aku pun perempuan tapi aku benci perempuan yang perangai macam ni. Kau nak makan apa kau cakap tak yah nak drama sangat, orang tengah lapar ni kang tinggal tepi jalan kang.??",,,,1.63991E+18
26/3/2023,not,164739887,,-1,in,"<a href=""http://twitter.com/download/iphone"" rel=""nofollow"">Twitter for iPhone</a>",Buang air besar 2 kali dh harini. Harap2 tak menggelupur lapar lewat ptg ni ????,,,,1.63988E+18
26/3/2023,La Suerte Aiman,7.96388E+17,adlii__,2954439408,in,"<a href=""http://twitter.com/download/iphone"" rel=""nofollow"">Twitter for iPhone</a>",@adlii__ Saing demo ko hirr nii lie ? Lapar bual molek napok ??,,,,1.63986E+18
26/3/2023,ILoveDessert ????,3089333690,,-1,in,"<a href=""http://twitter.com/download/iphone"" rel=""nofollow"">Twitter for iPhone</a>",Bukan selalu orang lapar cepat marah ke? Ke aku je? ?? https://t.co/Qg9xHVq3D0,,,,1.63985E+18
26/3/2023,Mior Naqiuddin ??,449813201,,-1,in,"<a href=""http://twitter.com/download/iphone"" rel=""nofollow"">Twitter for iPhone</a>",Macam sudah lapar. ??,,,,1.63984E+18
26/3/2023,Ayumi,306118965,,-1,in,"<a href=""http://twitter.com/download/iphone"" rel=""nofollow"">Twitter for iPhone</a>",Dah moreh bubur lambuk pun masih lapar lagi ??,,,,1.63968E+18
26/3/2023,૮₍ ˃̵͈᷄ . ˂̵͈᷅ ₎ა,2893692942,,-1,in,"<a href=""http://twitter.com/download/iphone"" rel=""nofollow"">Twitter for iPhone</a>",Buka puasa tadi makan sikit je sebab risau anak tak sihat ???? tu pasal la malam buta ni sebok cari makan lapar huhu,,,,1.63967E+18
26/3/2023,૮₍ ˃̵͈᷄ . ˂̵͈᷅ ₎ა,2893692942,,-1,in,"<a href=""http://twitter.com/download/iphone"" rel=""nofollow"">Twitter for iPhone</a>",Thankyou shuamikuuu memalam buta gini bini dia tetiba ngadu lapar padahal suami dah tidur dah ?? sanggup bangun kejap gi belikan makan ????,,,,1.63967E+18
26/3/2023,mackyminhaj,300150495,,-1,in,"<a href=""http://twitter.com/download/iphone"" rel=""nofollow"">Twitter for iPhone</a>",lapar ek. tadi buka makan sikit je.,,,,1.63966E+18
27/3/2023,NarawidyaLaksmiDewi,265291719,exaudiosiregar,181883907,in,"<a href=""http://twitter.com/download/iphone"" rel=""nofollow"">Twitter for iPhone</a>",@exaudiosiregar Enak enak juga.. makanya kalap kalo beli takjil. Titipan orang serumah plus lapar mata??,,,,1.64034E+18
27/3/2023,Hanis,75215234,,-1,in,"<a href=""http://twitter.com/download/iphone"" rel=""nofollow"">Twitter for iPhone</a>",Harini terasa lapar ?? Memang tak boleh tegur kalau sebelum ni tak rasa lapar ??????,,,,1.64027E+18
27/3/2023,Sophie,4498605794,,-1,in,"<a href=""http://twitter.com/download/iphone"" rel=""nofollow"">Twitter for iPhone</a>",Pehh dia punya lapar sampai kan tahi besi ni pun aku dah nampak macam chipmore,,,,1.64027E+18
27/3/2023,shazril ????,8.57462E+17,shazrilramli,8.57462E+17,in,"<a href=""http://twitter.com/download/iphone"" rel=""nofollow"">Twitter for iPhone</a>","5 Ramadhan

Hadith Rasulullah SAW menyatakan bahawa orang yang berpuasa sedangkan mereka tidak memelihara lidah (percakapannya) dan juga masih melakukan maksiat, tidak akan diberi pahala oleh Allah SWT ke atas puasa mereka selain lapar dan dahaga sahaja.",,,,1.64024E+18
27/3/2023,Yayat??,1025810876,,-1,in,"<a href=""http://twitter.com/download/iphone"" rel=""nofollow"">Twitter for iPhone</a>","Dulu masa kecil, batal puasa sebab lapar. Dewasa ini, batal puasa, sebab horny.",,,25,1.64024E+18
27/3/2023,Ilyani Fadlina,536095841,,-1,in,"<a href=""http://twitter.com/download/iphone"" rel=""nofollow"">Twitter for iPhone</a>","Lepastu settle, aku cakap kat dia. Kalau lapar pergi la beli maggi. Dah tak boleh puasa, kenapa tahan perut. Bukan salah pun. Hahahaha kuat nau bunyi??",,,,1.64023E+18
27/3/2023,dilla.nur_,1.27529E+18,,-1,in,"<a href=""https://mobile.twitter.com"" rel=""nofollow"">Twitter Web App</a>","3 sebab tak boleh skip meal lengkap (ada karbo & protein) bila diet: 

1. Mudah lapar
2. Kurang kalori berkualiti
3. Otot shrink, body fat maintain di badan

RT & follow utk lebih tips diet sihat ??",,,7,1.64022E+18
27/3/2023,????????????.??????????,1389020868,,-1,in,"<a href=""http://twitter.com/download/iphone"" rel=""nofollow"">Twitter for iPhone</a>","So far dah 5 ramadhan ni from 82 kilos, sekarang dah 79 kilos . Betul lah memang kena makan berat sekali sehari je . Makan nasi 2 senduk je sehari sebab sahur 1 senduk, buka 1 senduk . Lebihkan lauk and sayur ?? memang seksa lah menahan lapar . Jangan layan sangat lapar tu sis https://t.co/7CRAtb7OlR",,,,1.64021E+18
27/3/2023,Na P,3239638993,,-1,in,"<a href=""http://twitter.com/download/android"" rel=""nofollow"">Twitter for Android</a>",Mak ai dah start lapar,,,,1.6402E+18
27/3/2023,Alief Muhd,190994580,itunini86,955227962,in,"<a href=""http://twitter.com/download/iphone"" rel=""nofollow"">Twitter for iPhone</a>",@itunini86 @_rezarazali_ @SanyHamzan Nak simbolik-simbolik pula? Jadi dengan sendirinya anda akui pimpinan terdahulu lapar untuk di recognise pimpinan arab sahaja la? Takda sifat ikhlas pun dalam ibadat? Patut la arab haramkn selfie di kaabah terus sekarang. Jemaah umrah Malaysia suka buat hal seperti anda ????,,,,1.64018E+18
27/3/2023,BreadCatcherCheeseKimbap,375458448,,-1,in,"<a href=""http://twitter.com/download/iphone"" rel=""nofollow"">Twitter for iPhone</a>",Ya Allah lapar weh duduk dalam aircond sejuk2 ni ?????????? baru 9.30 kotttttt ????????,,,,1.64016E+18
27/3/2023,Syuuuu..,1256018965,,-1,in,"<a href=""http://twitter.com/download/iphone"" rel=""nofollow"">Twitter for iPhone</a>",tahu tahu hari ni da puasa kelima ?? ?? hari ni juga naik kerja da..rasa macam nk cuti sebulan ?? sebab sejak first puasa tu tak rasa lapar teruk sgt ?? alhamdulilah,,,,1.64013E+18
27/3/2023,Amer Al-Jeffrey,1.41907E+18,,-1,in,"<a href=""http://twitter.com/download/iphone"" rel=""nofollow"">Twitter for iPhone</a>","Sahur makan overnight oat pastu mama buat roti celup telur pastu minum protein shake.

Semoga tak lapar di office hari ni. ??",,,,1.64011E+18
27/3/2023,GulaGulaGetah,175263697,,-1,in,"<a href=""http://twitter.com/download/iphone"" rel=""nofollow"">Twitter for iPhone</a>","Done sahur
Nasi goreng, tempe dgn roti canai! Haha esk klu lapar xtau la nak habaq mcm mna",,,,1.64008E+18
27/3/2023,Fish and chips,1.48266E+18,Apei3011,1.48266E+18,in,"<a href=""http://twitter.com/download/android"" rel=""nofollow"">Twitter for Android</a>",Ok aku tak boleh tidur. Lapar sgt. Nasik putih + sambal goreng ikan bilis tempe + sayur labu masak lemak + ciken wing = sahur. https://t.co/wLVeAOjA0E,,,,1.64003E+18
28/3/2023,KleekOutdoor,138803125,irwan_bijon,73304997,in,"<a href=""http://twitter.com/download/iphone"" rel=""nofollow"">Twitter for iPhone</a>",@irwan_bijon @RajaPetra Dalam kes ni anak dia lapar nak nak pakai rxz,,,,1.64068E+18
28/3/2023,ahmd.hfz_,538673442,,-1,in,"<a href=""http://twitter.com/download/iphone"" rel=""nofollow"">Twitter for iPhone</a>","abord, hilang mood lupa tekan start. lapar suda aku erghh",,,,1.64066E+18
28/3/2023,luqman,1.08756E+18,,-1,in,"<a href=""http://twitter.com/download/iphone"" rel=""nofollow"">Twitter for iPhone</a>",sahur kurma dengan air boleh tahan lapar ya ??,,,,1.64065E+18
28/3/2023,AsliSabby,846825973,,-1,in,"<a href=""http://twitter.com/download/iphone"" rel=""nofollow"">Twitter for iPhone</a>",Harini baru terasa lapar,,,,1.64061E+18
28/3/2023,Uput_,1.31548E+18,,-1,in,"<a href=""http://twitter.com/download/android"" rel=""nofollow"">Twitter for Android</a>","abis sahur langsung gemeteran, kukira masih lapar, ternyata liat story ex lagi nongkrong berdua sama 'temen cewe', it's okai",,,,1.6406E+18
28/3/2023,L,1.2514E+18,,-1,in,"<a href=""http://twitter.com/download/android"" rel=""nofollow"">Twitter for Android</a>","Hi u..
Saya lapar..
Laparkan kasih sayang awak..
Come here, please....",,,,1.64058E+18
28/3/2023,Tira,368040844,,-1,in,"<a href=""http://twitter.com/download/iphone"" rel=""nofollow"">Twitter for iPhone</a>",Tahan ngantuk time puasa ni memang lagi susah dari tahan lapar ya ?? dari tadi aku nguap ni takleh nak buat apa,,,,1.64054E+18
28/3/2023,Rose ??,1674459552,YusriShamsuddin,103897416,in,"<a href=""http://twitter.com/download/iphone"" rel=""nofollow"">Twitter for iPhone</a>",@YusriShamsuddin @whyshiqa @neyrashazeyra Ni paling nak carut.. dah la lapar pastu cravibg da berbuka makan sesuap terus buang sebab lipatan dia macam nak ke neraka terus isi xde tapi tebal nak haram,,,,1.6405E+18
28/3/2023,Asyraf Parutos,610642189,,-1,in,"<a href=""http://twitter.com/download/android"" rel=""nofollow"">Twitter for Android</a>",gila apa time time mcm ni lapar roti canai ?? nohhh luppp hang asyraf ??,,,,1.64044E+18
28/3/2023,Iliani,72518229,,-1,in,"<a href=""http://twitter.com/download/iphone"" rel=""nofollow"">Twitter for iPhone</a>",Mungkin sebab lapar tu takleh tidur,,,,1.64043E+18
28/3/2023,Azim Azman,1.08523E+18,,-1,in,"<a href=""http://twitter.com/download/android"" rel=""nofollow"">Twitter for Android</a>",lapar ?? tapi makan takdak rasa.,,,,1.64039E+18
29/3/2023,tanpanama,1.16531E+18,,-1,in,"<a href=""http://twitter.com/download/android"" rel=""nofollow"">Twitter for Android</a>","Puasa kali ini selain menahan lapar dan haus juga menahan gak chek out sebelum gajian, ahahah",,,,1.64109E+18
29/3/2023,シャキラー ??????,2247549196,,-1,in,"<a href=""http://twitter.com/download/android"" rel=""nofollow"">Twitter for Android</a>","Berapa kali nak take ni... Jangan bagi saya marah eh, saya dah la tengah lapar.",,,,1.64108E+18
29/3/2023,intan farhana????,3299264534,warnabilla,340979322,in,"<a href=""http://twitter.com/download/iphone"" rel=""nofollow"">Twitter for iPhone</a>",@warnabilla owhhh yg ni muka  lapar ?? https://t.co/rUNkSyFlHN,,,,1.64105E+18
29/3/2023,azura.,9.44096E+17,,-1,in,"<a href=""http://twitter.com/download/iphone"" rel=""nofollow"">Twitter for iPhone</a>",sedih sbb lapar sangat ??,,,,1.64104E+18
29/3/2023,F.S,1.5753E+18,,-1,in,"<a href=""http://twitter.com/download/iphone"" rel=""nofollow"">Twitter for iPhone</a>","Diam bukan sebab kita lemah, tapi lapar.",,,,1.64103E+18
29/3/2023,L A N G K A S U K A,233934228,,-1,in,"<a href=""http://twitter.com/download/iphone"" rel=""nofollow"">Twitter for iPhone</a>",Hujan lebat mengiringi tangisanku yang semakin lapar ??,,,,1.64102E+18
29/3/2023,Rozmal Malakan,9.95941E+17,,-1,in,"<a href=""http://twitter.com/download/android"" rel=""nofollow"">Twitter for Android</a>",Kenapa kita lapar di siang hari pada bulan Ramadan? https://t.co/xCqkvgehME,,,,1.64101E+18
29/3/2023,zulhelmiejamaludin,134710800,,-1,in,"<a href=""http://twitter.com/download/iphone"" rel=""nofollow"">Twitter for iPhone</a>","Malas nak argue yang meleret2 ni kalau terang2 QA tu da error??????..aku lapar ni, bila lapar jadi grumpy ??????",,,,1.64101E+18
29/3/2023,نيسا,471970781,,-1,in,"<a href=""http://twitter.com/download/iphone"" rel=""nofollow"">Twitter for iPhone</a>","Penat sgt2. Selisih dgn murid sampai kena tanya, cikgu sakit perut ker? “Taklah, lapar ??”",,,,1.641E+18
29/3/2023,G,443682558,,-1,in,"<a href=""http://twitter.com/download/iphone"" rel=""nofollow"">Twitter for iPhone</a>",Wife bila aku tgh syok main game tapi dia lapar perhatian?? https://t.co/8AXsu2lCAY,,,,1.64096E+18
29/3/2023,kiyo,949352502,,-1,in,"<a href=""http://twitter.com/download/iphone"" rel=""nofollow"">Twitter for iPhone</a>",bapak ah sedap woi lapar ni https://t.co/ROKdHwgUIV,,,,1.64096E+18
29/3/2023,sabrina,8.81202E+17,,-1,in,"<a href=""http://twitter.com/download/iphone"" rel=""nofollow"">Twitter for iPhone</a>",Lapar pulakk hehe?? https://t.co/YNV3hbNSjv,,,2,1.64095E+18
29/3/2023,BreadCatcherCheeseKimbap,375458448,,-1,in,"<a href=""http://twitter.com/download/iphone"" rel=""nofollow"">Twitter for iPhone</a>",Weh kenapa hari ni terasa lapar………,,,,1.64094E+18
29/3/2023,??,2795138948,,-1,in,"<a href=""http://twitter.com/download/iphone"" rel=""nofollow"">Twitter for iPhone</a>",pagi pagi dah lapar mende ni ??,,,,1.64089E+18
29/3/2023,??,998550463,,-1,in,"<a href=""http://twitter.com/download/android"" rel=""nofollow"">Twitter for Android</a>",Bangon2 dh lapar??hmm hah.. jap pukul 5 hahaha aku makn lagi ..??,,,,1.64081E+18
29/3/2023,frznrdn.exe,66562200,bckupacc99,1.44751E+18,in,"<a href=""http://twitter.com/download/android"" rel=""nofollow"">Twitter for Android</a>",@bckupacc99 Lapar tu.. belum bukak lg.. lepas pekena bandung cincau sejuk la tu..,,,,1.6408E+18
30/3/2023,aqilah✨,188619790,akieyyys,188619790,in,"<a href=""http://twitter.com/download/iphone"" rel=""nofollow"">Twitter for iPhone</a>","pastu kalau petang petang lapar , aku yg LA ni yg g tanya budak chamber “wawa u ada makanan tak” ??????????",,,,1.64143E+18
30/3/2023,??,264611465,,-1,in,"<a href=""http://twitter.com/download/android"" rel=""nofollow"">Twitter for Android</a>",Aku diam sebab lapar. Bukan sebab marah ??,,,,1.64141E+18
30/3/2023,Achu Kazar,2605755024,ferdenandzerz23,1.33044E+18,in,"<a href=""http://twitter.com/download/iphone"" rel=""nofollow"">Twitter for iPhone</a>",@ferdenandzerz23 muka lapar..lubang hidung pon mengembang..,,,,1.64138E+18
30/3/2023,奴鲁丁????????,939138192,,-1,in,"<a href=""http://twitter.com/download/iphone"" rel=""nofollow"">Twitter for iPhone</a>",Delete je la. Lapar puasa jangan sampai jadi bodoh https://t.co/5xhQCleqyb,,,,1.64133E+18
30/3/2023,eiyda,82277800,,-1,in,"<a href=""http://twitter.com/download/iphone"" rel=""nofollow"">Twitter for iPhone</a>","Sahur makan roti or minum susu dengan kurma better la dari makan nasi ( bagi aku la). Tak mengantuk, tak lapar dan tak lemau badan.",,,,1.64133E+18
30/3/2023,Eh! Ardly,1.57177E+18,,-1,in,"<a href=""http://twitter.com/download/iphone"" rel=""nofollow"">Twitter for iPhone</a>",Tahun ni puasa serius tak lapar or dahaga sangat mcm puasa sebelum2 ni.. walaupun perit terik panas kat luar tu lain maciam.. berbuka/sahur pun tak mampu nak makan banyak.. minum sikit pun dah kenyang,,,,1.64132E+18
30/3/2023,nanadh,116475031,,-1,in,"<a href=""http://twitter.com/download/iphone"" rel=""nofollow"">Twitter for iPhone</a>",Baru pukul 11.30 tapi dah lapar ?? adoi la adik 3x awak susu since morning. Boleh tahan ke mak kau puasa sampai petang ni ??,,,,1.64128E+18
30/3/2023,MiniBite Delights HQ,1.60912E+18,,-1,in,"<a href=""http://twitter.com/download/iphone"" rel=""nofollow"">Twitter for iPhone</a>","Genap seminggu berpuasa, 
Tak terasa lapar dan dahaga, 
Minggu ini Freeze-Time bersua, 
Paparkan Puan Yunee sebagai pelanggan setia!

Terima kasih Puan Yunee & anak2 kerana sudi berkunjung ke @minibitedelights_hq! Seronok membeli dgn anak-anak, insyaaAllah nanti datang lagi ya. https://t.co/emDCdZrQlI",,,,1.64126E+18
30/3/2023,Julio Fernando Sibarani,614007494,,-1,in,"<a href=""http://twitter.com/download/iphone"" rel=""nofollow"">Twitter for iPhone</a>","Seketika Jiwa Kangen akan Kasur muncul ketika menahan lapar dan haus????

#JaiShreeRam #Supreme_Court_Of_Pakistan #swfc #Thabang #ThabangMazibuko #tiktokdown #คมชัดลึกอวอร์ด19xดูมันดิ #เขาแหลม https://t.co/Qqhh8ca45Y",,,,1.64125E+18
30/3/2023,Fazril ♋️,4857588493,IzzraifHarz,96706870,in,"<a href=""http://twitter.com/download/iphone"" rel=""nofollow"">Twitter for iPhone</a>",@IzzraifHarz Duk protes protes .. malam malam buta lapar cari McD juga nanti ??,,,,1.6412E+18
31/3/2023,Fariszuan Azhar,557663046,Fariszuone10,557663046,in,"<a href=""http://twitter.com/download/android"" rel=""nofollow"">Twitter for Android</a>","Maka sia sialah puasa kita selama sebulan.

Tiada yang kita dapat melainkan lapar dan dahaga semata mata.

Nauzubillah...",,,,1.64156E+18
31/3/2023,Kakak TATEH,1.64135E+18,KakakTATEH,1.64135E+18,in,"<a href=""http://twitter.com/download/iphone"" rel=""nofollow"">Twitter for iPhone</a>","5. Sebaiknya biarkan anak makan sendiri.

6. Pastikan anak makan ketika diorang lapar. https://t.co/BfzfR7P8pY",,,,1.64149E+18
31/3/2023,NFS,228398148,_eiiirene,228398148,in,"<a href=""http://twitter.com/download/iphone"" rel=""nofollow"">Twitter for iPhone</a>",Lapar tp belum makan nasi . So its a must .,,,,1.64149E+18
31/3/2023,??,276563645,najaatiqah,75205838,in,"<a href=""http://twitter.com/download/iphone"" rel=""nofollow"">Twitter for iPhone</a>",@najaatiqah Weyh knp kite tk jiran sbb aku lapar skrg ??,,,,1.64148E+18
