﻿Created-At,From-User,From-User-Id,To-User,To-User-Id,Language,Source,Text,Geo-Location-Latitude,Geo-Location-Longitude,Retweet-Count,Id
2023-03-04,Syafiq Zainal,725356599775129600,,-1,in,"<a href=""http://twitter.com/download/iphone"" rel=""nofollow"">Twitter for iPhone</a>","Tak payah throwback lama sangat.. aku start kerja takder gaji, kau tau aku makan apa masa tu?? Aku tak makan!! Tgh hari aku tak keluar!! Balik sampai rumah baru aku makan!! Kalau betul2 lapar aku akan carik nasik + telur dadar + air kosong kat mamak presint 9!! Bersyukur lah https://t.co/m3XjdEaZsM",,,,1631765988067913728
2023-03-04,Odegaard_,1048102980019310592,kopisusupekat,1204006746009686016,in,"<a href=""http://twitter.com/download/iphone"" rel=""nofollow"">Twitter for iPhone</a>","@kopisusupekat dah tanya la nak makan apa, dia cakap ' i sakit bukan lapar ish'. 

Tuam letak kat perut ke?",,,,1631744982477590528
2023-03-04,Fariszuan Azhar,557663046,,-1,in,"<a href=""http://twitter.com/download/android"" rel=""nofollow"">Twitter for Android</a>","Serba serbi dok kena malam ni.

1. Member nak main2 tak kena waktu.
2. Filem aku tengok hampir semua bodoh
3. Lapar. Datang mekdi. Mekdi lembab...",,,,1631697475802370049
2023-03-04,ⓘ YobSebenar,718272337,,-1,in,"<a href=""http://twitter.com/download/iphone"" rel=""nofollow"">Twitter for iPhone</a>",Hujan akhirnya berhenti. Rasa mcm nak g mee tarik la. Lapar tau tak lapar!!,,,,1631695799225843712
2023-03-03,it’s me Marou,58438087,Dodiiey,850917681859510274,in,"<a href=""http://twitter.com/download/iphone"" rel=""nofollow"">Twitter for iPhone</a>","@Dodiiey harap esok tak hujan. pergi awal, masuk awal lapar nanti ??‍??",,,,1631680721868972032
2023-03-03,Itsme_thatshim,1258004529775165444,,-1,in,"<a href=""http://twitter.com/download/android"" rel=""nofollow"">Twitter for Android</a>","4 minit lagi ke pukul 11pm, dan perut aku pon mengadu dia lapar.

????‍♂️",,,,1631669860085428224
2023-03-03,jimi,2909942172,nrfaliaa,569671215,in,"<a href=""http://twitter.com/download/iphone"" rel=""nofollow"">Twitter for iPhone</a>",@nrfaliaa tengok maggi ni mcm sedap pula pastu mcm lapar pula https://t.co/Q6A0iExqMH,,,,1631649868719755266
2023-03-03,Dini.dy,1576927453737496576,,-1,in,"<a href=""http://twitter.com/download/iphone"" rel=""nofollow"">Twitter for iPhone</a>","Cara elak terlebih makan waktu mlm..

1. Snacking ptg never miss
2. Minum air kosong sebelum & selepas dinner
3. If dah habis dinner tp still lapar, boleh snacking dgn buah

Mkn mlm bukan punca gemuk, tp mkn berlebihan yes punca gemuk ??",,,,1631637338471403520
2023-03-03,Dini.dy,1576927453737496576,,-1,in,"<a href=""http://twitter.com/download/iphone"" rel=""nofollow"">Twitter for iPhone</a>","Sebab perlu elak makan lewat malam utk turun berat badan: 

1. Kalori intake yg berlebihan di siang hari
2. Kurang bersenam
3. Tak sesuai bg yg low body metabolism 

If still lapar after dinner, boleh snacking dgn buah atau protein bar.",,,,1631637127162396672
2023-03-03,????Azreen™????,2986317444,,-1,in,"<a href=""http://twitter.com/download/iphone"" rel=""nofollow"">Twitter for iPhone</a>",Nak diet tp lapar??,,,,1631610527742070786
2023-03-03,suga sexy,2613416196,ThiaNadra95,2613416196,in,"<a href=""http://twitter.com/download/android"" rel=""nofollow"">Twitter for Android</a>","Aku kalau lapar, mmg mudah badmood lagi lagi bab makan.",,,,1631600747313004544
2023-03-03,suga sexy,2613416196,ThiaNadra95,2613416196,in,"<a href=""http://twitter.com/download/android"" rel=""nofollow"">Twitter for Android</a>","Aku punya lapar n tak puas hati, aku tenang je tanya staff tu ""bang, saya punya mee kolok daging dah siap ke?"" abang tu tengok aku terus dia ckp ""haah la ni awak punya""",,,,1631599361024229378
2023-03-03,ΛПDΣЯ ????,890147436684918784,nazmihalim_,890147436684918784,in,"<a href=""http://twitter.com/download/iphone"" rel=""nofollow"">Twitter for iPhone</a>","Lapar saje klau pergi utagha ni??

#ASHM2023 https://t.co/I7GN6whtBP",,,,1631598116926365699
2023-03-03,B,895347541629259777,,-1,in,"<a href=""http://twitter.com/download/iphone"" rel=""nofollow"">Twitter for iPhone</a>",Nak reheat pizza satgi. Lapar level boleh makan kambing sekor ni.,,,,1631591963870007297
2023-03-03,Hazril M.I,147256787,,-1,in,"<a href=""http://twitter.com/download/android"" rel=""nofollow"">Twitter for Android</a>","Sebenarnya tak perlu makan banyak pun jika sekadar nak hilangkan lapar.
Dia jadi makan banyak sebab nak makan sampai rasa kenyang.....",,,,1631508815270256640
2023-03-03,Dini.dy,1576927453737496576,,-1,in,"<a href=""http://twitter.com/download/iphone"" rel=""nofollow"">Twitter for iPhone</a>","Tanda2 bila ketagihan gula ??

1. Rasa resah bila seharian tak makan @ minum air manis
2. Ada “poket doremon” yg sentiasa ada simpan makanan manis - handbag, laci ofis & peti ais
3. Makan walaupun tak lapar, pernah?
4. Tak suka air kosong - nak minum 1 liter pun seksa teramat!",,,,1631502627430371328
2023-03-03,Hany ??,347204777,pelaridenai,955358990543732736,in,"<a href=""http://twitter.com/download/iphone"" rel=""nofollow"">Twitter for iPhone</a>","@pelaridenai Asal hujan, lapar.
Asal lapar, hujan.
Eh",,,,1631495449415917568
2023-03-03,Nur ????✨,309746437,,-1,in,"<a href=""http://twitter.com/download/iphone"" rel=""nofollow"">Twitter for iPhone</a>",Siapa punya idea lah stock take audit pukul 7am ni. Lapar mengantuk semua ada ????,,,,1631494097063247872
2023-03-03,?????????????? ???????? ??????????!(??????)??⚒️,1177843351246098432,,-1,in,"<a href=""http://twitter.com/download/android"" rel=""nofollow"">Twitter for Android</a>","Barang tengah lapar ni jangan buat main woo??,apa nak jadi ,jadi ?????? https://t.co/pXBOCuIsjf",,,,1631467550902190081
2023-03-03,.m,2497943126,,-1,in,"<a href=""http://twitter.com/download/iphone"" rel=""nofollow"">Twitter for iPhone</a>",Suruh celup tangan kanan pulak tu. Lepastu kena pergi lunch. Anda rasa saya masih berselera time tu!? Berselera je kut lepas dah cuci dgn sabun (tak ingat). Benda pun lapar. Duk hostel ni sentiasa kelaparan https://t.co/BLtsF7jXWu,,,,1631459893021659138
2023-03-03,?? ?? ?? ?? ?? ?? ?? ??‍☠️,94295744,,-1,in,"<a href=""http://twitter.com/download/iphone"" rel=""nofollow"">Twitter for iPhone</a>",Lapar nasik.,,,,1631442854496325633
2023-03-03,A'in,596649394,,-1,in,"<a href=""http://twitter.com/download/iphone"" rel=""nofollow"">Twitter for iPhone</a>",Lapar. Keluar iklan mcd pulak. Tapi ngantuk. Hm. Tapi perut berbunyi ni??,,,,1631373468917985280
2023-03-03,Siti Syamira,305708161,,-1,in,"<a href=""http://twitter.com/download/iphone"" rel=""nofollow"">Twitter for iPhone</a>",Dah makan maggie pun masih lapar ??,,,,1631356534688202753
2023-03-02,?? ?? ?? ?? ?? ??,1360100658200727553,,-1,in,"<a href=""http://twitter.com/download/iphone"" rel=""nofollow"">Twitter for iPhone</a>","Susah nak dapat, kalau dapat pun harga bukan main Yahudi. Coklat nya seciput! Hujan asyik lapar je, dah macam-macam benda aku telan ni ?? Lari Balik kampung kejap, nak release….. https://t.co/MpeedBMo70",,,7,1631303973574701057
2023-03-02,d.k,1318504962993713152,,-1,in,"<a href=""http://twitter.com/download/iphone"" rel=""nofollow"">Twitter for iPhone</a>",Sampai sampai lapar tapi tak tahu nak order ape ??,,,,1631298979114762241
2023-03-02,Akmal Ahmad,1024918909,,-1,in,"<a href=""http://twitter.com/download/android"" rel=""nofollow"">Twitter for Android</a>","Pun boleehhh... Macam2 hal la korang ni.. ??
.
*COAST GUARD MALAYSIA -OPS HELANG*
Si Rima Lapar Noooo....Awat tak Bawa Bekal Tadi⁉️
.
#jom Attack Attack Attack ‼️Coast Guard: OPS Helang...MASIH lagi di Pawagam ??
.
@coastguard_film 
@malaysia_coastguard 
@primeworksstudios.film https://t.co/gdgs3XQ5HZ",,,,1631247211798630400
2023-03-02,????????Azril Rozali,128834008,,-1,in,"<a href=""http://twitter.com/download/iphone"" rel=""nofollow"">Twitter for iPhone</a>","Greek yogurt bgs sbb kandungan proteinnya double berbanding yogurt biasa. Bantu kawal rasa lapar. Karbohidrat juga pula rendah. Bleh di ambil sbg pre workout meal (15 minit sblm). Tingkatkn metabolisme bdn. Good bagi yg mula nk turun berat.

RT, follow saya untuk more tips kurus https://t.co/R3B1mBU7hj",,,398,1631226909995724800
2023-03-02,zahraisa89,370731471,,-1,in,"<a href=""http://twitter.com/download/android"" rel=""nofollow"">Twitter for Android</a>",Saya lapar tp sy malu nk makan kenduri sorang².. please sape nk teman ni ??,,,,1631169150277279744
2023-03-02,????????حافظ الدين,1735598659,,-1,in,"<a href=""http://twitter.com/download/iphone"" rel=""nofollow"">Twitter for iPhone</a>",Baru masuk kerja. Lapar Sudah ??,,,,1631165357498187776
2023-03-02,BaMbEeNo,1463443705881235458,,-1,in,"<a href=""http://twitter.com/download/iphone"" rel=""nofollow"">Twitter for iPhone</a>",Lapar terok??‍??,,,,1631153347930759169
2023-03-02,حَانيم,547374407,,-1,in,"<a href=""http://twitter.com/download/iphone"" rel=""nofollow"">Twitter for iPhone</a>","Bila lapar tapi tak dapat makan sbb sore throat. 

Nikmat kesihatan yg baik adalah nikmat yg paling berharga??",,,,1631152576791220224
2023-03-02,Nur ????✨,309746437,,-1,in,"<a href=""http://twitter.com/download/iphone"" rel=""nofollow"">Twitter for iPhone</a>",Lapar lahh siott ???? breakfast tak sempat ??,,,,1631151073871400961
2023-03-02,Dettol Disinfectant Spray,3020171880,,-1,in,"<a href=""http://twitter.com/download/android"" rel=""nofollow"">Twitter for Android</a>",Ngidam lagi ni naskan @ Raihana Kenwinston. Lapar. Masih demam2 sikit. Mana peduli.,,,,1631129308969435136
2023-03-02,???? Abdullah Fikri,59743021,,-1,in,"<a href=""http://twitter.com/download/android"" rel=""nofollow"">Twitter for Android</a>","Antara perkara yg dapat menjimatkan perbelanjaan makan aku adalah sarapan berat yg murah.

Iaitu telur ayam kampung 2 biji dan kopi untuk bertenaga. Ikut la nak masak penuh atau separuh masak. Makan 2 biji insyaAllah tak rasa lapar sampai tengahari.",,,,1631110664155717632
2023-03-02,Abu Husnadhra,70351445,,-1,in,"<a href=""http://twitter.com/download/android"" rel=""nofollow"">Twitter for Android</a>","Mulakan pagi anda dengan sarapan, sebab saya dah cuba mulakan dengan senyuman. Jam 10pagi dah lapar https://t.co/NilKklP1iW",,,,1631101683232313345
2023-03-02,kimiskyper,1264349569346756608,SkyperKimi,1264349569346756608,in,"<a href=""http://twitter.com/download/android"" rel=""nofollow"">Twitter for Android</a>","@jOE9991989999 @CrackHeadzKL @syzwncdm @AminNurazmi @GrabMY ... lain then pada masa sama que. ??? If betul2 nak sngt dpt order sambil makan
 At least say "" sorry encik, boleh tk encik tunggu sebentar, saya tengah makan sebb lapar sngt"". Simple as that",,,,1631100349695299586
2023-03-02,kimiskyper,1264349569346756608,jOE9991989999,1425505401777184770,in,"<a href=""http://twitter.com/download/android"" rel=""nofollow"">Twitter for Android</a>","@jOE9991989999 @CrackHeadzKL @syzwncdm @AminNurazmi @GrabMY Pada pendapat saya , betul la driver tu yang salah. If you really ""ready"" to start your work. Then baru online then que. If nak buat benda lain, tak kisah la apa2 pun. If lapar ? Then offline and stop que. Pergi makan dulu, dh hbis makan baru masuk que. Ini tak, tengah buat benda",,,,1631099946857541634
2023-03-02,NurHidayahHanafi,214383246,,-1,in,"<a href=""http://twitter.com/download/android"" rel=""nofollow"">Twitter for Android</a>","Aku dah la postcall. Lapar nak breakfast turun la cafe. Ni pebenda sambal dengan daging masak hitam pedas namampos. Ya ampunn nak bunuh orang ke apa ?? 

Rm6.50. https://t.co/67y5t7z5O7",,,,1631091310181625856
2023-03-02,my,2441731110,,-1,in,"<a href=""http://twitter.com/download/android"" rel=""nofollow"">Twitter for Android</a>",Tak pernah sakit sampai takde selera makan. Demam kalini kenapa ek. Aku stress tau perut aku lapar tapi aku tak boleh nak makan sampai kenyang. Baru 2 3 suap dah tak boleh makan lagi dah. Stress tahu tak.,,,,1631084201641644032
2023-03-02,ayaa,1425318378567176194,,-1,in,"<a href=""http://twitter.com/download/android"" rel=""nofollow"">Twitter for Android</a>",ajg perut gue sakit bgtt plus lapar jg :( emg bnr kata doi “klo malam mamnya gble banyak biar pagi bangun bobo perutnya ga kesat”,,,,1631061588697309188
2023-03-02,ɴ ᴀ ʙ ɪ ʟ ᴀ ????,89678248,,-1,in,"<a href=""http://twitter.com/download/iphone"" rel=""nofollow"">Twitter for iPhone</a>",Bangun sbb salin pampers & bagi susu. Lapar pulak,,,,1631042341917130752
2023-03-02,Raja Fasola ??????,3186592758,sekeping_idan,3186592758,in,"<a href=""http://twitter.com/download/android"" rel=""nofollow"">Twitter for Android</a>","@XavierNaxa @ConfessTweetMY Kalau bukak table explain/cerita situasi kewangan kita,silap2 member yg ada lebih tu boleh collect pulak bgi pakai, tpi klo member still x faham, tunjuk fak then maki, kne cas kedekut pn pgi mampos, yg lapar nnti kita.",,,,1630984161183035392
2023-03-02,Cattleya??,1005651937,,-1,in,"<a href=""http://twitter.com/download/android"" rel=""nofollow"">Twitter for Android</a>",kul 1 pagi hujan lapar ??‍??️ https://t.co/OisVYzU1Ou,,,,1630977977675837441
2023-03-02,Ayumi,306118965,,-1,in,"<a href=""http://twitter.com/download/iphone"" rel=""nofollow"">Twitter for iPhone</a>",Dah makan pun masih lapar teruk ya,,,,1630975028136394752
2023-03-01,Lisa Del Rey,1616739769249325058,nnurlisa14,1616739769249325058,in,"<a href=""http://twitter.com/download/iphone"" rel=""nofollow"">Twitter for iPhone</a>","And aku tak tahu sebenarnya aku dpt kerja dekat pipeline dulu atas sbb aku sendiri atau sebab doa daripada anjing yang lapar tu. Maybe betul cakap ibu, kita buat baik, pada manusia atau binatang, akan ada ganjaran yang baik walaupun kita tak tahu ganjarannya apa.",,,,1630946287351906305
2023-03-01,Lisa Del Rey,1616739769249325058,nnurlisa14,1616739769249325058,in,"<a href=""http://twitter.com/download/iphone"" rel=""nofollow"">Twitter for iPhone</a>","Actually aku tak ingat pun aku dpt kerja lepas bagi anjing lapar makan. Tp aku ingat la yang aku tgh makan kfc, then ternampak anjing tgh lapar cari makanan dekat tong sampah tp takda langsung anything y dia boleh makan. So aku keluar bawak seketul ayam pergi cari dia, bagi mkn.",,,,1630946283803545605
2023-03-01,Lisa Del Rey,1616739769249325058,,-1,in,"<a href=""http://twitter.com/download/iphone"" rel=""nofollow"">Twitter for iPhone</a>","Hari ni berhabis 250 beli brg kucing. Pahtu ngomel ngomel dlm kereta. Then ibu ckp, 

""tak apa la sedekah dekat kucing. Kucing doa kat kakak. Dulu kakak ingat tak kakak bagi anjing lapar makan dekat tepi jalan, esoknya terus dapat kerja dekat pipeline.""",,,,1630946279059763200
2023-03-01,Nurhanis Mahirah,199317567,,-1,in,"<a href=""http://foursquare.com"" rel=""nofollow"">Foursquare</a>",Lapar (@ Damascus BBQ in Kuala Lumpur) https://t.co/hBr1wmejMu,3,102,,1630941205151318020
2023-03-01,syafiq safii ????????,966602528090611712,,-1,in,"<a href=""http://twitter.com/download/iphone"" rel=""nofollow"">Twitter for iPhone</a>",Selalu tido lambat ni..selera makan lain mcm ye?? kejap je lapar balik,,,,1630910731058298880
2023-03-01,Ayumi,306118965,,-1,in,"<a href=""http://twitter.com/download/iphone"" rel=""nofollow"">Twitter for iPhone</a>",Sejuk dan lapar,,,,1630880713431224320
2023-03-01,crygurl????,1443096449097420802,,-1,in,"<a href=""http://twitter.com/download/android"" rel=""nofollow"">Twitter for Android</a>","kalo sakit perut kaya lapar, perih gitu padahal udah makan kenapa yah? berasa lapar udah ga makan berhari hari pdhl baru aja makan",,,,1630876070617694208
2023-03-01,TASHA,99759044,,-1,in,"<a href=""http://twitter.com/download/iphone"" rel=""nofollow"">Twitter for iPhone</a>",Laparnya. Tiap jam lapar ??,,,,1630868305648160768
2023-03-01,?? ?? ?? ?? ?? ?? ?? ??‍☠️,94295744,,-1,in,"<a href=""http://twitter.com/download/iphone"" rel=""nofollow"">Twitter for iPhone</a>",Lapar woi.,,,,1630856501039595520
2023-03-01,ZeaKavinsky,494679857,,-1,in,"<a href=""http://twitter.com/download/iphone"" rel=""nofollow"">Twitter for iPhone</a>","Hujan tapi aku tak rasa lapar dari tengahari tadi, pelik ?? kalau hari hari mcm ni bagus, turun berat cepat ??",,,,1630855736711577601
2023-03-01,ش,950348179,,-1,in,"<a href=""http://twitter.com/download/iphone"" rel=""nofollow"">Twitter for iPhone</a>",Lapar tp xtahu nk mkn apa akhirnya ku pilih subway,,,,1630845820953333761
2023-03-01,Diy,270290995,,-1,in,"<a href=""http://twitter.com/download/android"" rel=""nofollow"">Twitter for Android</a>",Lapar tapi tak selera makan is the worstt,,,,1630839504838983683
2023-03-01,Sirius BLVCK,942707488398368769,adikdiala,1192252338406219778,in,"<a href=""http://twitter.com/download/iphone"" rel=""nofollow"">Twitter for iPhone</a>","@adikdiala Tengok makanan sedap2, lapar pulakkk",,,,1630826236460277761
2023-03-01,ألدو ريتشاردو,777860563,,-1,in,"<a href=""http://twitter.com/download/iphone"" rel=""nofollow"">Twitter for iPhone</a>",1 jam baru sampe rumah langsung ajak keluar makan karena lapar ?? https://t.co/tIhNqC02eJ,,,,1630792965487570945
2023-03-01,Teera,270426836,teeraflyhearty,270426836,in,"<a href=""http://twitter.com/download/android"" rel=""nofollow"">Twitter for Android</a>",Tapi saya lapar oredi,,,,1630778230042165248
2023-03-01,شَوخِي رجب????,1168287348,,-1,in,"<a href=""http://foursquare.com"" rel=""nofollow"">Foursquare</a>","Lapar (@ Bandar Utama Batang Kali in Batang Kali, Selangor) https://t.co/rzU3HyITnB https://t.co/WqmRK2G4fQ",3,102,,1630711387897962497
2023-02-28,Wawa Honda,438157484,,-1,in,"<a href=""http://twitter.com/download/iphone"" rel=""nofollow"">Twitter for iPhone</a>",Babi ! Selalu kalau aku order panda mesti nasib tak baik asyik delay je. Memang la dapat refund tapi aku lahhhh hish main dengan lapar ni takboleh lah,,,,1630595358610051072
2023-02-28,Aida,1446561708,,-1,in,"<a href=""http://twitter.com/download/iphone"" rel=""nofollow"">Twitter for iPhone</a>",Hujan ni lapar la pulak ??,,,,1630528846499045376
2023-02-28,Phikahsuu????,1133399882620817408,,-1,in,"<a href=""http://twitter.com/download/iphone"" rel=""nofollow"">Twitter for iPhone</a>",Bangun bangun lapar. Rupanya last makan breakfast tadi. Baik puasa je,,,,1630527715064573956
2023-02-28,Ezekiel,460880687,,-1,in,"<a href=""http://twitter.com/download/iphone"" rel=""nofollow"">Twitter for iPhone</a>","Sambil ngadap laptop,tpi kepala otak duk pikir nk dinner apa..lapar lain macam",,,,1630500652517560326
2023-02-28,Nrynia,146814510,naaelena786,1568566662735233025,in,"<a href=""http://twitter.com/download/android"" rel=""nofollow"">Twitter for Android</a>",@naaelena786 kau x lapar klu tak boleh abiskan sebiji apple https://t.co/sxv6ty904x,,,,1630497096049758208
2023-02-28,D!,1173639378574270464,,-1,in,"<a href=""http://twitter.com/download/iphone"" rel=""nofollow"">Twitter for iPhone</a>","Kalau lapar, jangan tweet",,,,1630484332774309890
2023-02-28,syer✨,289327784,fasyahrh,266806145,in,"<a href=""http://twitter.com/download/iphone"" rel=""nofollow"">Twitter for iPhone</a>","@fasyahrh So far tak pernah makan ubat2 lagi. Tapi yang kononnya meal replacement penah la try. Lapar jugak! Baik makan proper meal, yg cukup nutrients lagi better and kenyang lama",,,,1630481108788985857
2023-02-28,Abg Bae??,1903557152,,-1,in,"<a href=""http://twitter.com/download/iphone"" rel=""nofollow"">Twitter for iPhone</a>","Omg dayah, roti kosong 2 keping td mampu bertahan selama 1 jam stgh je ke???skrg sy dah lapar balik???? anak ibu ke ibu yg kelaparan ni????‍????",,,,1630416942732566528
2023-02-28,꧁???? ???????? ?? ?????????? ????꧂,1955437502,,-1,in,"<a href=""http://twitter.com/download/android"" rel=""nofollow"">Twitter for Android</a>","ᴬʷᵃˡⁱ ᵖᵃᵍⁱ ᵈᵉⁿᵍᵃⁿ ˢᵃʳᵃᵖᵃⁿ, ᵏᵉʳᵃⁿᵃ ᵏᵉˡᵐᵃʳⁱⁿ ᵃᵏᵘ ᶜᵘᵇᵃ ᵈᵉⁿᵍᵃⁿ ˢᵉⁿʸᵘᵐᵃⁿ ʲᵃᵐ ¹⁰ ˢᵘᵈᵃʰ ˡᵃᵖᵃʳ.
#assalamualaikumdunia
#selamatpagikamukamudankamu",,,,1630370363141140482
2023-02-28,TwinKitty????,86080967,,-1,in,"<a href=""http://twitter.com/download/iphone"" rel=""nofollow"">Twitter for iPhone</a>","Breakfast org sakit, yg sihat ni tgk lapar la pulak?? https://t.co/dyY0QYydJO",,,,1630348473542516736
2023-02-28,ชา,416155460,,-1,in,"<a href=""http://twitter.com/download/iphone"" rel=""nofollow"">Twitter for iPhone</a>",sampai semalam terus pengsan ahahha lepas tu bangun this morning terus lapar ??,,,,1630336365543182336
2023-02-28,??,716616572,,-1,in,"<a href=""http://twitter.com/download/android"" rel=""nofollow"">Twitter for Android</a>",2 pagi kau lapar ye nana ?????? huaa!,,,,1630265731140165632
2023-02-28,haniff_,1621815283488026624,,-1,in,"<a href=""http://twitter.com/download/android"" rel=""nofollow"">Twitter for Android</a>",Nak tidur tapi lapar ???,,,,1630253752820338694
2023-02-28,Juani Ari Go ????,157004175,,-1,in,"<a href=""http://twitter.com/download/android"" rel=""nofollow"">Twitter for Android</a>",Lama tak kanyo...terus lapar ni...rosak IF aku mcm ni ????,,,,1630241646297362432
2023-02-28,Fawwaz Anuar,66392206,yoomathambar,1313765073383432200,in,"<a href=""http://twitter.com/download/iphone"" rel=""nofollow"">Twitter for iPhone</a>","@yoomathambar Betul tuan, biasa kalau lapar sangat cari based ikan dan seafood je kalau tempat susah cari makanan halal ni. Last time pergi Philippines bantai makan buah sehari je tahan. Ketor tangan nak nasi.  Haha",,,,1630238323154489344
2023-02-27,Mai,441059131,orkedly,99962032,in,"<a href=""http://twitter.com/download/iphone"" rel=""nofollow"">Twitter for iPhone</a>",@orkedly Bangun sebab lapar hahahahaha. Now nak tidur balik ??,,,,1630235329524551680
2023-02-27,?????????? ????????????????‍??,252915812,,-1,in,"<a href=""http://twitter.com/download/iphone"" rel=""nofollow"">Twitter for iPhone</a>",Dah tengah malam baru rasa lapar. Ee saja tau perut niii??,,,,1630229786571464706
2023-02-27,Nedz,41938261,,-1,in,"<a href=""http://twitter.com/download/iphone"" rel=""nofollow"">Twitter for iPhone</a>",ni bangun2 lapar .. acane,,,,1630220292529471490
2023-02-27,Avgeekmy ????????,786135905283166208,,-1,in,"<a href=""http://twitter.com/download/android"" rel=""nofollow"">Twitter for Android</a>","Bismillah.

Taip..padam..taip..padam..
Kang salah kapsyen kene kecam...so xyah cakap apa-apa lah. Hahaha.

Lapar samosa plak... https://t.co/5QunkYUXED",,,10,1630199954538131458
2023-02-27,Izad Abas ????,42849503,,-1,in,"<a href=""http://twitter.com/download/android"" rel=""nofollow"">Twitter for Android</a>",Penatnya workout sampai lapar takleh gerak ??,,,,1630178686493413377
2023-02-27,Saya,267659691,,-1,in,"<a href=""http://twitter.com/download/iphone"" rel=""nofollow"">Twitter for iPhone</a>",Lapar tapi tulah aku malas nak makan. Diet diet diet. Dh gemok shundel,,,,1630163315963097088
