﻿Created-At,From-User,From-User-Id,To-User,To-User-Id,Language,Source,Text,Geo-Location-Latitude,Geo-Location-Longitude,Retweet-Count,Id
2023-03-18,PU liss ????,262415141,,-1,in,"<a href=""http://twitter.com/download/android"" rel=""nofollow"">Twitter for Android</a>","Tengok iChang ni makan tengah-tengah malam, lapar! Tapi kita tak boleh la melantak malam-malam. Lari diet nanti.",,,,1636784940493967360
2023-03-17,Marsya,332121704,,-1,in,"<a href=""http://twitter.com/download/iphone"" rel=""nofollow"">Twitter for iPhone</a>","Apparently only after marrying me Syahmi baru dengar “lapar nasi”.

Ingat semua orang pun ckp lapar nasi(?) esp bila.. nak nasi? ??",,,,1636749106784903168
2023-03-17,. : : MNA : : .,1503695174907490308,,-1,in,"<a href=""http://twitter.com/download/iphone"" rel=""nofollow"">Twitter for iPhone</a>",Nasi lemak ayam 2 ketul for dinner. Lunch konon2 kenyang tak lapar sangat sebab busy. Office mate tapaukn pun tak usik. Bila dah malam ni lapaqq betul. Haha ✌️✌️ https://t.co/HHyA4n0OUu,,,,1636712238462685185
2023-03-17,PQ,1199894701983223808,,-1,in,"<a href=""http://twitter.com/download/iphone"" rel=""nofollow"">Twitter for iPhone</a>",Jenis lapar tapi taknak makan nasi,,,,1636660284617281536
2023-03-17,Mimie ????‍♂️,464496136,,-1,in,"<a href=""http://twitter.com/download/iphone"" rel=""nofollow"">Twitter for iPhone</a>",Jgn la main² dgn orang lapar.Lagi² yg jenis baran mcm aku ni…?? https://t.co/hACTThsgHv,,,,1636626610903486464
2023-03-17,Aisya Aurora,430985035,,-1,in,"<a href=""http://twitter.com/download/iphone"" rel=""nofollow"">Twitter for iPhone</a>",Sorry baby today mommy busy sgt. Baby tendang2 mommy kuat sebab lapar tadi. Rehat mommy lmbt arini. Maaf ya ??,,,,1636620272550973440
2023-03-17,Azian Abu Seman,1246287400742948864,,-1,in,"<a href=""http://twitter.com/download/android"" rel=""nofollow"">Twitter for Android</a>",Lapar terukk nii??,,,,1636598900995002369
2023-03-17,I'M Hasril,1378364285387038720,,-1,in,"<a href=""http://twitter.com/download/android"" rel=""nofollow"">Twitter for Android</a>",Kalau kita yg tgh beratur dibelakang india ni mcm mana? Dah la lapar. https://t.co/N67d9l3T1e,,,,1636573035221389312
2023-03-17,ニック ☁️,1311627498807980033,,-1,in,"<a href=""http://twitter.com/download/iphone"" rel=""nofollow"">Twitter for iPhone</a>",Allahu tgh lapar ni bnyk pulak mknn sedap lalu kat fyp,,,,1636533966940557312
2023-03-17,Lee SlimShady,68354249,LeeSlimShady,68354249,in,"<a href=""http://twitter.com/download/android"" rel=""nofollow"">Twitter for Android</a>","Betapa pedihnya si miskin dan anak yatim menahan lapar kerana tak punya wang untuk makan. Rai kan lah mereka yg kurang bernasib baik kerana itu akan mendekatkan dirimu dgn taqwa. Salam Ramadhan buat Dato' @FranticKL 

(Petikan ayat: Matthew 23:12)",,,,1636523343800315905
2023-03-17,????????,3148211384,,-1,in,"<a href=""http://twitter.com/download/iphone"" rel=""nofollow"">Twitter for iPhone</a>",At this hour I rasa nak kejut Fendi main masak2 bc im hungry :) tapi member is tired dan I takleh tengok dia penat. I’ll let him rest sampai sudah tapi tu lah lapar ni ??,,,,1636435333553483776
2023-03-17,Coach Khairul | GigVenture ??,1070155873849303042,hianishere,1128451110,in,"<a href=""http://twitter.com/download/iphone"" rel=""nofollow"">Twitter for iPhone</a>",@hianishere Maybe lah. Tengok lapar. Nok makang orang aje. Haha,,,,1636409049339289600
2023-03-17,SNH,211764457,,-1,in,"<a href=""http://twitter.com/download/android"" rel=""nofollow"">Twitter for Android</a>","Lapar, dapat smashed burger depan Irfan ni sodapnye.",,,,1636399899456712705
2023-03-16,Effaaaa,66645219,,-1,in,"<a href=""http://twitter.com/download/iphone"" rel=""nofollow"">Twitter for iPhone</a>",Lapar. Shud i masak maggie? Ke goreng nasi? Halaaaaaahhhh,,,,1636364483143823361
2023-03-16,jaa | online business owner ✨,2584320999,,-1,in,"<a href=""http://twitter.com/download/iphone"" rel=""nofollow"">Twitter for iPhone</a>",Hari ni makan dah banyak tapi masih lapar,,,,1636334757922611201
2023-03-16,ali,186053702,AliaaNadiah,186053702,in,"<a href=""http://twitter.com/download/iphone"" rel=""nofollow"">Twitter for iPhone</a>",dah 4 train ye sampai aku masih tak dapat naik HUAAAAAAA dah la tengah lapar ni,,,,1636317051181731841
2023-03-16,J U E ??,2168229414,,-1,in,"<a href=""http://foursquare.com"" rel=""nofollow"">Foursquare</a>",Lapar w/ @adha_arazman (@ The Manhattan Fish Market in Kuala Lumpur) https://t.co/Dvd9DNL2ks,3,102,,1636315704344412162
2023-03-16,MyLittleJourney,482690943,,-1,in,"<a href=""http://twitter.com/download/iphone"" rel=""nofollow"">Twitter for iPhone</a>",masa ni kau lapar pun tak heran dah dengan makanan ?? https://t.co/LShuRfelr1,,,1,1636254833949949952
2023-03-16,nina-syazna??????,156763577,,-1,in,"<a href=""http://twitter.com/download/android"" rel=""nofollow"">Twitter for Android</a>","Sikgor for lunch.
 Walaupun dah tak lalu tapi sebab lapar ku telankan Jebat!",,,,1636248709368537090
2023-03-16,alep,1109450977189351424,,-1,in,"<a href=""http://twitter.com/download/iphone"" rel=""nofollow"">Twitter for iPhone</a>",Lapar tapi taknak nasi. Faham tak?,,,,1636247343506018304
2023-03-16,fatinkeprawi,1009809856558059521,,-1,in,"<a href=""http://twitter.com/download/iphone"" rel=""nofollow"">Twitter for iPhone</a>","Mata mengantuk,perut lapar ??",,,,1636231850065788929
2023-03-16,natsume142,1605165343,,-1,in,"<a href=""http://twitter.com/download/iphone"" rel=""nofollow"">Twitter for iPhone</a>","Lapar.. tak sabar time lunch, bawa bekal ikan tempoyak",,,,1636210415565942784
2023-03-16,Fadd Yeager,149368853,,-1,in,"<a href=""http://twitter.com/download/iphone"" rel=""nofollow"">Twitter for iPhone</a>",Lapar tapi malas nak buka mulut,,,,1636205543584063488
2023-03-16,shes,1450674421,,-1,in,"<a href=""http://twitter.com/download/iphone"" rel=""nofollow"">Twitter for iPhone</a>",hai lapar semulahhhhhh nak makan apa yaaaa,,,,1636054978501672960
2023-03-15,Nazurah,906296016487329792,,-1,in,"<a href=""http://twitter.com/download/iphone"" rel=""nofollow"">Twitter for iPhone</a>",Alu sikpat tdo mala terbayang. Gg esok am shift. Selagik sik menses ng mala lapar ?? https://t.co/3EbHrtQfV4,,,,1636028612909625344
2023-03-15,khalisah ??,3160541634,,-1,in,"<a href=""http://twitter.com/download/iphone"" rel=""nofollow"">Twitter for iPhone</a>",Tapi tulah lapar benor skrg ni.. nak masak megi rasa berdosa pada badan ??,,,,1636027178428301313
2023-03-15,kien.,944096300923895808,,-1,in,"<a href=""http://twitter.com/download/iphone"" rel=""nofollow"">Twitter for iPhone</a>",lapar gila astu mak masak nasi goreng ada telur pula ??,,,,1635981282583924738
2023-03-15,نيسا ??,2991098931,,-1,in,"<a href=""http://twitter.com/download/iphone"" rel=""nofollow"">Twitter for iPhone</a>","Pukul 3 dah makan dgn husband, pastu lapar, pukul 6 lebih makan lagi. Ni lapar balik, apebenda ni perut ?? naii badannya tak jugak. Lauk pon dah habis, malas dah nak memasak malam2",,,,1635972192453406727
2023-03-15,SH ??,269246687,nuna_winna,1022281995278147584,in,"<a href=""http://twitter.com/download/iphone"" rel=""nofollow"">Twitter for iPhone</a>","@nuna_winna Kann, i pulak pattern makan tgk phone, dri lapar, tgk video concert trus hilang selera.. teruk betul ????????",,,,1635967837339795456
2023-03-15,iqbal saudagar,886545285802885120,,-1,in,"<a href=""http://twitter.com/download/android"" rel=""nofollow"">Twitter for Android</a>","Burger tak murah ,tak mahal tapi sedap.. #burgertime #burgerlove #burgercrispy #burgersedap #burgermurah #gombakdelivery #gombakfooddelivery #fooddelivery #selayangfooddelivery #gombak #selayang #selayangbaru #selayangmall #batucaves #batucavesfood #lapar #laparke https://t.co/nhjMHS20pI",,,,1635963740662431746
2023-03-15,wanie ??,1124688110531440644,,-1,in,"<a href=""http://twitter.com/download/android"" rel=""nofollow"">Twitter for Android</a>","Balik dari hospital memang cari nasi, lapar teruk",,,,1635956724074180609
2023-03-15,suga sexy,2613416196,,-1,in,"<a href=""http://twitter.com/download/android"" rel=""nofollow"">Twitter for Android</a>",Aku ni lapar tapi nak kurus. Tadi dah makan nasi. :'),,,,1635953329766543360
2023-03-15,A M I R A ♡,1229809747655712768,,-1,in,"<a href=""http://twitter.com/download/iphone"" rel=""nofollow"">Twitter for iPhone</a>",lately ni cepat lapar tapi kalau makan mesti tak habis,,,,1635938251948322816
2023-03-15,ηυяαιzαт αвdziz ????,235915209,,-1,in,"<a href=""http://twitter.com/download/iphone"" rel=""nofollow"">Twitter for iPhone</a>",Lelaki n kalau dia lapar xpe. Tapi anak2 dia lapar xboleh. https://t.co/ks1FNcUUuy,,,,1635916438988009474
2023-03-15,deela,1329878630,,-1,in,"<a href=""http://twitter.com/download/android"" rel=""nofollow"">Twitter for Android</a>",Kenapa ye org kata air gula x sedap.. aku hritu rasa sedap je ?? relax je mcm minum sirap ?? maybe sbb lapar & haus kot dh puasa semalaman ?? https://t.co/jK2hj1k4Yd,,,,1635902132271595521
2023-03-15,Annisa Tamara ??,3406114763,,-1,in,"<a href=""http://twitter.com/download/android"" rel=""nofollow"">Twitter for Android</a>","Sarapan nasi kuning jam 7, jam segini udah lapar!",,,,1635863460125999104
2023-03-15,yanut,240199925,,-1,in,"<a href=""http://twitter.com/download/iphone"" rel=""nofollow"">Twitter for iPhone</a>",Lemah betul kalau shopping barang dapur time lapar ni ??,,,,1635861159193776132
2023-03-15,ain.sebbie | ✨???????????????? ????-??????????✨,1365694287975866372,SyahidahDarmawi,2288221622,in,"<a href=""http://twitter.com/download/iphone"" rel=""nofollow"">Twitter for iPhone</a>","@SyahidahDarmawi I seeeeee. Sbb family i jenis berbuka kuih2 je, lepas terawih baru dinner nasi, sebab tu sahur tu belum lapar. Tahun ni plan berbuka nak berbuka dgn nasi pulak, tp tgk la nanti terawih cemana dah kenyang tu ????",,,,1635856207947890688
2023-03-15,behave,458015024,,-1,in,"<a href=""http://twitter.com/download/iphone"" rel=""nofollow"">Twitter for iPhone</a>",Duduk rumah tak rasa lapar wpun makanan sentiasa dpn mata. Tapi bila kt office… 24jam fikir psl makanan. Adakah kesimpulannya jgn pegi office demi menjauhi kegemukan,,,,1635838614792970240
2023-03-15,ادي هاريث????????,482935127,,-1,in,"<a href=""http://twitter.com/download/android"" rel=""nofollow"">Twitter for Android</a>",Masuk office pagi ni rasa lapar yg amat. ??,,,,1635814536010936320
2023-03-15,menahan diri,738726036,,-1,in,"<a href=""http://twitter.com/download/android"" rel=""nofollow"">Twitter for Android</a>",Haaa..dah macam ni tak tidur lagi. Memang cari nahas. Kan dah lapar,,,,1635694583890984960
2023-03-14,Arifin NK,1435135533382991874,JulBayur3,1481102448446283776,in,"<a href=""http://twitter.com/download/android"" rel=""nofollow"">Twitter for Android</a>","@JulBayur3 Jeruji besi besi...??? Koruptor dan tukang suap ternyaman hanya ada di Indonesia. Miliaran bahkan triliyunan uang negara digarong tapi hukumannya nggak sepadan! giliran maling singkong karena lapar hukumannya,wow it's amazing! Bahkan ada penyuap yang ngumpet!",,,,1635667496882831366
2023-03-14,Paksheikh,323330516,syhr,83557159,in,"<a href=""http://twitter.com/download/iphone"" rel=""nofollow"">Twitter for iPhone</a>","@syhr Saya lapar,saya nak makan.Awak dah makan?",,,,1635636651430154240
2023-03-14,Syauti_a,241613969,,-1,in,"<a href=""http://twitter.com/download/android"" rel=""nofollow"">Twitter for Android</a>","Lapar, mencari satey.
15 daging, 15 ayam,2 ketul nasi impit. Total Rm 26.
Murah ke murah?
Hanya di Yus Satey keramat, berhadapan Masjid kubu gajah,  sungai buloh.
Mana nak cari 2023 di Sungai buloh Satey Ayam 0.80, Satey Daging 0.80. 
#kitajagasungaibuloh https://t.co/d3Fo57YcSJ",,,,1635635315775004673
2023-03-14,Aritha,111899673,,-1,in,"<a href=""https://mobile.twitter.com"" rel=""nofollow"">Twitter Web App</a>",Lapar nyaaa ??????,,,,1635564775106297858
2023-03-14,Ms.AnnaLisa,832946288,,-1,in,"<a href=""http://twitter.com/download/android"" rel=""nofollow"">Twitter for Android</a>",Baru pukul berape dah lapar ni macam mane nak tahan sampai ke malam,,,,1635549514651279360
2023-03-14,EKA,444417768,,-1,in,"<a href=""http://twitter.com/download/iphone"" rel=""nofollow"">Twitter for iPhone</a>",staff CIMB senawang mmg mcm sial ke perangai? kau nak tengking2 orang sebab kau bosan + lapar. butho,,,,1635539511424987136
2023-03-14,al,247763409,,-1,in,"<a href=""http://twitter.com/download/android"" rel=""nofollow"">Twitter for Android</a>","Kecewa dgn 4fingers. Guna shopee food, Order set add on nasi, dia bg set je :( org dh la tgh lapar, bayar kot ermm masa nak refund dia mntk gmbr adk tgh mkn maleh dh la, boikot 4 fingers",,,,1635514881406545920
2023-03-14,Baba Rayyan,881709002,STresnowat1,2700740070,in,"<a href=""http://twitter.com/download/iphone"" rel=""nofollow"">Twitter for iPhone</a>",@STresnowat1 Kesiannya kamu ni.. lapar perhatian..??,,,,1635513194495246338
2023-03-14,Andi Azhar Andi Tahir,27610370,amldrss,79957473,in,"<a href=""http://twitter.com/download/iphone"" rel=""nofollow"">Twitter for iPhone</a>",@amldrss BETUL! Biarkan je diorg jual mahal kan. Tgok2 kosong jugak. Lapar lah tu ????,,,,1635498430406729728
2023-03-14,Lily✨,508916218,,-1,in,"<a href=""http://twitter.com/download/iphone"" rel=""nofollow"">Twitter for iPhone</a>",Ngantuk tapi lapar,,,,1635494791508275201
2023-03-14,A M I R A ♡,1229809747655712768,,-1,in,"<a href=""http://twitter.com/download/iphone"" rel=""nofollow"">Twitter for iPhone</a>","dah makan lunch awal, confirm pukul 4 atau 5 nanti lapar balik",,,,1635480845548146688
2023-03-14,Sya,1137526147,,-1,in,"<a href=""http://twitter.com/download/android"" rel=""nofollow"">Twitter for Android</a>",Lapar youu. Baru nak dinner nasi ayam pukul 1.50 pagi waktu malaysia. Lol https://t.co/K4UuTqW0S6,,,,1635339946990141440
2023-03-14,Qiz Balqis • Takaful & Property,404774630,,-1,in,"<a href=""http://twitter.com/download/iphone"" rel=""nofollow"">Twitter for iPhone</a>",Saya lapar tapi saya ngantuk. Burger dengan air ada kt sebelah. Boleh tak makan dalam mimpi je ? ??,,,,1635320838789689345
2023-03-14,Freelancer,1674617574,,-1,in,"<a href=""http://twitter.com/download/android"" rel=""nofollow"">Twitter for Android</a>","Kalau sudah ngantuk jadi malas makan, lapar pun hilang...",,,,1635319830206369797
