﻿Created-At,From-User,From-User-Id,To-User,To-User-Id,Language,Source,Text,Geo-Location-Latitude,Geo-Location-Longitude,Retweet-Count,Id
2023-03-31,Fariszuan Azhar,557663046,Fariszuone10,557663046,in,"<a href=""http://twitter.com/download/android"" rel=""nofollow"">Twitter for Android</a>","Maka sia sialah puasa kita selama sebulan.

Tiada yang kita dapat melainkan lapar dan dahaga semata mata.

Nauzubillah...",,,,1641561244556722176
2023-03-31,Kakak TATEH,1641352410592579586,KakakTATEH,1641352410592579586,in,"<a href=""http://twitter.com/download/iphone"" rel=""nofollow"">Twitter for iPhone</a>","5. Sebaiknya biarkan anak makan sendiri.

6. Pastikan anak makan ketika diorang lapar. https://t.co/BfzfR7P8pY",,,,1641493575816060928
2023-03-31,NFS,228398148,_eiiirene,228398148,in,"<a href=""http://twitter.com/download/iphone"" rel=""nofollow"">Twitter for iPhone</a>",Lapar tp belum makan nasi . So its a must .,,,,1641485284171984897
2023-03-31,??,276563645,najaatiqah,75205838,in,"<a href=""http://twitter.com/download/iphone"" rel=""nofollow"">Twitter for iPhone</a>",@najaatiqah Weyh knp kite tk jiran sbb aku lapar skrg ??,,,,1641477374918418434
2023-03-30,aqilah✨,188619790,akieyyys,188619790,in,"<a href=""http://twitter.com/download/iphone"" rel=""nofollow"">Twitter for iPhone</a>","pastu kalau petang petang lapar , aku yg LA ni yg g tanya budak chamber “wawa u ada makanan tak” ??????????",,,,1641434335021776897
2023-03-30,??,264611465,,-1,in,"<a href=""http://twitter.com/download/android"" rel=""nofollow"">Twitter for Android</a>",Aku diam sebab lapar. Bukan sebab marah ??,,,,1641406993327099904
2023-03-30,Achu Kazar,2605755024,ferdenandzerz23,1330435852766482433,in,"<a href=""http://twitter.com/download/iphone"" rel=""nofollow"">Twitter for iPhone</a>",@ferdenandzerz23 muka lapar..lubang hidung pon mengembang..,,,,1641380377217609729
2023-03-30,奴鲁丁????????,939138192,,-1,in,"<a href=""http://twitter.com/download/iphone"" rel=""nofollow"">Twitter for iPhone</a>",Delete je la. Lapar puasa jangan sampai jadi bodoh https://t.co/5xhQCleqyb,,,,1641332010005442563
2023-03-30,eiyda,82277800,,-1,in,"<a href=""http://twitter.com/download/iphone"" rel=""nofollow"">Twitter for iPhone</a>","Sahur makan roti or minum susu dengan kurma better la dari makan nasi ( bagi aku la). Tak mengantuk, tak lapar dan tak lemau badan.",,,,1641330464379244547
2023-03-30,Eh! Ardly,1571770754836070400,,-1,in,"<a href=""http://twitter.com/download/iphone"" rel=""nofollow"">Twitter for iPhone</a>",Tahun ni puasa serius tak lapar or dahaga sangat mcm puasa sebelum2 ni.. walaupun perit terik panas kat luar tu lain maciam.. berbuka/sahur pun tak mampu nak makan banyak.. minum sikit pun dah kenyang,,,,1641317901339885569
2023-03-30,nanadh,116475031,,-1,in,"<a href=""http://twitter.com/download/iphone"" rel=""nofollow"">Twitter for iPhone</a>",Baru pukul 11.30 tapi dah lapar ?? adoi la adik 3x awak susu since morning. Boleh tahan ke mak kau puasa sampai petang ni ??,,,,1641283834380697600
2023-03-30,MiniBite Delights HQ,1609115357993922561,,-1,in,"<a href=""http://twitter.com/download/iphone"" rel=""nofollow"">Twitter for iPhone</a>","Genap seminggu berpuasa, 
Tak terasa lapar dan dahaga, 
Minggu ini Freeze-Time bersua, 
Paparkan Puan Yunee sebagai pelanggan setia!

Terima kasih Puan Yunee & anak2 kerana sudi berkunjung ke @minibitedelights_hq! Seronok membeli dgn anak-anak, insyaaAllah nanti datang lagi ya. https://t.co/emDCdZrQlI",,,,1641262256737644545
2023-03-30,Julio Fernando Sibarani,614007494,,-1,in,"<a href=""http://twitter.com/download/iphone"" rel=""nofollow"">Twitter for iPhone</a>","Seketika Jiwa Kangen akan Kasur muncul ketika menahan lapar dan haus????

#JaiShreeRam #Supreme_Court_Of_Pakistan #swfc #Thabang #ThabangMazibuko #tiktokdown #คมชัดลึกอวอร์ด19xดูมันดิ #เขาแหลม https://t.co/Qqhh8ca45Y",,,,1641250088864616450
2023-03-30,Fazril ♋️,4857588493,IzzraifHarz,96706870,in,"<a href=""http://twitter.com/download/iphone"" rel=""nofollow"">Twitter for iPhone</a>",@IzzraifHarz Duk protes protes .. malam malam buta lapar cari McD juga nanti ??,,,,1641199942961348609
2023-03-29,tanpanama,1165310849440870400,,-1,in,"<a href=""http://twitter.com/download/android"" rel=""nofollow"">Twitter for Android</a>","Puasa kali ini selain menahan lapar dan haus juga menahan gak chek out sebelum gajian, ahahah",,,,1641089679675248645
2023-03-29,シャキラー ??????,2247549196,,-1,in,"<a href=""http://twitter.com/download/android"" rel=""nofollow"">Twitter for Android</a>","Berapa kali nak take ni... Jangan bagi saya marah eh, saya dah la tengah lapar.",,,,1641082343485218818
2023-03-29,intan farhana????,3299264534,warnabilla,340979322,in,"<a href=""http://twitter.com/download/iphone"" rel=""nofollow"">Twitter for iPhone</a>",@warnabilla owhhh yg ni muka  lapar ?? https://t.co/rUNkSyFlHN,,,,1641047473878872064
2023-03-29,azura.,944096300923895808,,-1,in,"<a href=""http://twitter.com/download/iphone"" rel=""nofollow"">Twitter for iPhone</a>",sedih sbb lapar sangat ??,,,,1641044038777462785
2023-03-29,F.S,1575301239277228032,,-1,in,"<a href=""http://twitter.com/download/iphone"" rel=""nofollow"">Twitter for iPhone</a>","Diam bukan sebab kita lemah, tapi lapar.",,,,1641033117946245120
2023-03-29,L A N G K A S U K A,233934228,,-1,in,"<a href=""http://twitter.com/download/iphone"" rel=""nofollow"">Twitter for iPhone</a>",Hujan lebat mengiringi tangisanku yang semakin lapar ??,,,,1641016956177502208
2023-03-29,Rozmal Malakan,995940621620670464,,-1,in,"<a href=""http://twitter.com/download/android"" rel=""nofollow"">Twitter for Android</a>",Kenapa kita lapar di siang hari pada bulan Ramadan? https://t.co/xCqkvgehME,,,,1641013590768652289
2023-03-29,zulhelmiejamaludin,134710800,,-1,in,"<a href=""http://twitter.com/download/iphone"" rel=""nofollow"">Twitter for iPhone</a>","Malas nak argue yang meleret2 ni kalau terang2 QA tu da error??????..aku lapar ni, bila lapar jadi grumpy ??????",,,,1641006389173833729
2023-03-29,نيسا,471970781,,-1,in,"<a href=""http://twitter.com/download/iphone"" rel=""nofollow"">Twitter for iPhone</a>","Penat sgt2. Selisih dgn murid sampai kena tanya, cikgu sakit perut ker? “Taklah, lapar ??”",,,,1640995689961508865
2023-03-29,G,443682558,,-1,in,"<a href=""http://twitter.com/download/iphone"" rel=""nofollow"">Twitter for iPhone</a>",Wife bila aku tgh syok main game tapi dia lapar perhatian?? https://t.co/8AXsu2lCAY,,,,1640963023476248577
2023-03-29,kiyo,949352502,,-1,in,"<a href=""http://twitter.com/download/iphone"" rel=""nofollow"">Twitter for iPhone</a>",bapak ah sedap woi lapar ni https://t.co/ROKdHwgUIV,,,,1640958813238099968
2023-03-29,sabrina,881202141515309056,,-1,in,"<a href=""http://twitter.com/download/iphone"" rel=""nofollow"">Twitter for iPhone</a>",Lapar pulakk hehe?? https://t.co/YNV3hbNSjv,,,2,1640945414974361600
2023-03-29,BreadCatcherCheeseKimbap,375458448,,-1,in,"<a href=""http://twitter.com/download/iphone"" rel=""nofollow"">Twitter for iPhone</a>",Weh kenapa hari ni terasa lapar………,,,,1640938516560621569
2023-03-29,??,2795138948,,-1,in,"<a href=""http://twitter.com/download/iphone"" rel=""nofollow"">Twitter for iPhone</a>",pagi pagi dah lapar mende ni ??,,,,1640887298018643969
2023-03-29,??,998550463,,-1,in,"<a href=""http://twitter.com/download/android"" rel=""nofollow"">Twitter for Android</a>",Bangon2 dh lapar??hmm hah.. jap pukul 5 hahaha aku makn lagi ..??,,,,1640806474560716800
2023-03-29,frznrdn.exe,66562200,bckupacc99,1447509451632566273,in,"<a href=""http://twitter.com/download/android"" rel=""nofollow"">Twitter for Android</a>",@bckupacc99 Lapar tu.. belum bukak lg.. lepas pekena bandung cincau sejuk la tu..,,,,1640802087759122432
2023-03-28,KleekOutdoor,138803125,irwan_bijon,73304997,in,"<a href=""http://twitter.com/download/iphone"" rel=""nofollow"">Twitter for iPhone</a>",@irwan_bijon @RajaPetra Dalam kes ni anak dia lapar nak nak pakai rxz,,,,1640683293732651010
2023-03-28,ahmd.hfz_,538673442,,-1,in,"<a href=""http://twitter.com/download/iphone"" rel=""nofollow"">Twitter for iPhone</a>","abord, hilang mood lupa tekan start. lapar suda aku erghh",,,,1640656252501118977
2023-03-28,luqman,1087564417502302208,,-1,in,"<a href=""http://twitter.com/download/iphone"" rel=""nofollow"">Twitter for iPhone</a>",sahur kurma dengan air boleh tahan lapar ya ??,,,,1640648146022993920
2023-03-28,AsliSabby,846825973,,-1,in,"<a href=""http://twitter.com/download/iphone"" rel=""nofollow"">Twitter for iPhone</a>",Harini baru terasa lapar,,,,1640606468570324992
2023-03-28,Uput_,1315484500961325056,,-1,in,"<a href=""http://twitter.com/download/android"" rel=""nofollow"">Twitter for Android</a>","abis sahur langsung gemeteran, kukira masih lapar, ternyata liat story ex lagi nongkrong berdua sama 'temen cewe', it's okai",,,,1640598565809704962
2023-03-28,L,1251404145648472071,,-1,in,"<a href=""http://twitter.com/download/android"" rel=""nofollow"">Twitter for Android</a>","Hi u..
Saya lapar..
Laparkan kasih sayang awak..
Come here, please....",,,,1640578114106589186
2023-03-28,Tira,368040844,,-1,in,"<a href=""http://twitter.com/download/iphone"" rel=""nofollow"">Twitter for iPhone</a>",Tahan ngantuk time puasa ni memang lagi susah dari tahan lapar ya ?? dari tadi aku nguap ni takleh nak buat apa,,,,1640539485816643584
2023-03-28,Rose ??,1674459552,YusriShamsuddin,103897416,in,"<a href=""http://twitter.com/download/iphone"" rel=""nofollow"">Twitter for iPhone</a>",@YusriShamsuddin @whyshiqa @neyrashazeyra Ni paling nak carut.. dah la lapar pastu cravibg da berbuka makan sesuap terus buang sebab lipatan dia macam nak ke neraka terus isi xde tapi tebal nak haram,,,,1640495902782783490
2023-03-28,Asyraf Parutos,610642189,,-1,in,"<a href=""http://twitter.com/download/android"" rel=""nofollow"">Twitter for Android</a>",gila apa time time mcm ni lapar roti canai ?? nohhh luppp hang asyraf ??,,,,1640439638283415553
2023-03-28,Iliani,72518229,,-1,in,"<a href=""http://twitter.com/download/iphone"" rel=""nofollow"">Twitter for iPhone</a>",Mungkin sebab lapar tu takleh tidur,,,,1640430198582804482
2023-03-28,Azim Azman,1085232495098880000,,-1,in,"<a href=""http://twitter.com/download/android"" rel=""nofollow"">Twitter for Android</a>",lapar ?? tapi makan takdak rasa.,,,,1640391612563083266
2023-03-27,NarawidyaLaksmiDewi,265291719,exaudiosiregar,181883907,in,"<a href=""http://twitter.com/download/iphone"" rel=""nofollow"">Twitter for iPhone</a>",@exaudiosiregar Enak enak juga.. makanya kalap kalo beli takjil. Titipan orang serumah plus lapar mata??,,,,1640340096842092546
2023-03-27,Hanis,75215234,,-1,in,"<a href=""http://twitter.com/download/iphone"" rel=""nofollow"">Twitter for iPhone</a>",Harini terasa lapar ?? Memang tak boleh tegur kalau sebelum ni tak rasa lapar ??????,,,,1640274634821230592
2023-03-27,Sophie,4498605794,,-1,in,"<a href=""http://twitter.com/download/iphone"" rel=""nofollow"">Twitter for iPhone</a>",Pehh dia punya lapar sampai kan tahi besi ni pun aku dah nampak macam chipmore,,,,1640268719132909569
2023-03-27,shazril ????,857462102088339456,shazrilramli,857462102088339456,in,"<a href=""http://twitter.com/download/iphone"" rel=""nofollow"">Twitter for iPhone</a>","5 Ramadhan

Hadith Rasulullah SAW menyatakan bahawa orang yang berpuasa sedangkan mereka tidak memelihara lidah (percakapannya) dan juga masih melakukan maksiat, tidak akan diberi pahala oleh Allah SWT ke atas puasa mereka selain lapar dan dahaga sahaja.",,,,1640244982266331139
2023-03-27,Yayat??,1025810876,,-1,in,"<a href=""http://twitter.com/download/iphone"" rel=""nofollow"">Twitter for iPhone</a>","Dulu masa kecil, batal puasa sebab lapar. Dewasa ini, batal puasa, sebab horny.",,,25,1640241653893185538
2023-03-27,Ilyani Fadlina,536095841,,-1,in,"<a href=""http://twitter.com/download/iphone"" rel=""nofollow"">Twitter for iPhone</a>","Lepastu settle, aku cakap kat dia. Kalau lapar pergi la beli maggi. Dah tak boleh puasa, kenapa tahan perut. Bukan salah pun. Hahahaha kuat nau bunyi??",,,,1640230514979401728
2023-03-27,dilla.nur_,1275290582277996544,,-1,in,"<a href=""https://mobile.twitter.com"" rel=""nofollow"">Twitter Web App</a>","3 sebab tak boleh skip meal lengkap (ada karbo & protein) bila diet: 

1. Mudah lapar
2. Kurang kalori berkualiti
3. Otot shrink, body fat maintain di badan

RT & follow utk lebih tips diet sihat ??",,,7,1640217649690062849
2023-03-27,????????????.??????????,1389020868,,-1,in,"<a href=""http://twitter.com/download/iphone"" rel=""nofollow"">Twitter for iPhone</a>","So far dah 5 ramadhan ni from 82 kilos, sekarang dah 79 kilos . Betul lah memang kena makan berat sekali sehari je . Makan nasi 2 senduk je sehari sebab sahur 1 senduk, buka 1 senduk . Lebihkan lauk and sayur ?? memang seksa lah menahan lapar . Jangan layan sangat lapar tu sis https://t.co/7CRAtb7OlR",,,,1640211226532925440
2023-03-27,Na P,3239638993,,-1,in,"<a href=""http://twitter.com/download/android"" rel=""nofollow"">Twitter for Android</a>",Mak ai dah start lapar,,,,1640204679601848321
2023-03-27,Alief Muhd,190994580,itunini86,955227962,in,"<a href=""http://twitter.com/download/iphone"" rel=""nofollow"">Twitter for iPhone</a>",@itunini86 @_rezarazali_ @SanyHamzan Nak simbolik-simbolik pula? Jadi dengan sendirinya anda akui pimpinan terdahulu lapar untuk di recognise pimpinan arab sahaja la? Takda sifat ikhlas pun dalam ibadat? Patut la arab haramkn selfie di kaabah terus sekarang. Jemaah umrah Malaysia suka buat hal seperti anda ????,,,,1640184809728380931
2023-03-27,BreadCatcherCheeseKimbap,375458448,,-1,in,"<a href=""http://twitter.com/download/iphone"" rel=""nofollow"">Twitter for iPhone</a>",Ya Allah lapar weh duduk dalam aircond sejuk2 ni ?????????? baru 9.30 kotttttt ????????,,,,1640163554740568064
2023-03-27,Syuuuu..,1256018965,,-1,in,"<a href=""http://twitter.com/download/iphone"" rel=""nofollow"">Twitter for iPhone</a>",tahu tahu hari ni da puasa kelima ?? ?? hari ni juga naik kerja da..rasa macam nk cuti sebulan ?? sebab sejak first puasa tu tak rasa lapar teruk sgt ?? alhamdulilah,,,,1640126934989565952
2023-03-27,Amer Al-Jeffrey,1419065846689779715,,-1,in,"<a href=""http://twitter.com/download/iphone"" rel=""nofollow"">Twitter for iPhone</a>","Sahur makan overnight oat pastu mama buat roti celup telur pastu minum protein shake.

Semoga tak lapar di office hari ni. ??",,,,1640110916967739392
2023-03-27,GulaGulaGetah,175263697,,-1,in,"<a href=""http://twitter.com/download/iphone"" rel=""nofollow"">Twitter for iPhone</a>","Done sahur
Nasi goreng, tempe dgn roti canai! Haha esk klu lapar xtau la nak habaq mcm mna",,,,1640083018961518592
2023-03-27,Fish and chips,1482658034404843522,Apei3011,1482658034404843522,in,"<a href=""http://twitter.com/download/android"" rel=""nofollow"">Twitter for Android</a>",Ok aku tak boleh tidur. Lapar sgt. Nasik putih + sambal goreng ikan bilis tempe + sayur labu masak lemak + ciken wing = sahur. https://t.co/wLVeAOjA0E,,,,1640033193427632128
2023-03-26,J U E ??,2168229414,,-1,in,"<a href=""http://twitter.com/download/iphone"" rel=""nofollow"">Twitter for iPhone</a>",Ya tuhan dan dan ni aku lapar ????‍♀️,,,,1640010756501680128
2023-03-26,SYAFIQ TARMIZI,1016943762,muhammadhamir,1093773078,in,"<a href=""http://twitter.com/download/iphone"" rel=""nofollow"">Twitter for iPhone</a>",@muhammadhamir @syahirrsanusi Hmmmm bulan ramadhan ni bukan menahan diri dari lapar semata mata - PU ji,,,,1639967375016751108
2023-03-26,Airisz Sheq,426665886,,-1,in,"<a href=""http://twitter.com/download/iphone"" rel=""nofollow"">Twitter for iPhone</a>",Serabutnya otak saya!!  Plus lapar.. hahahaha.. https://t.co/58t23ubvDw,,,,1639924835857104902
2023-03-26,Eucatastrophe,1452413826037551104,Anyieljr,395774716,in,"<a href=""http://twitter.com/download/android"" rel=""nofollow"">Twitter for Android</a>","@Anyieljr Aku pun perempuan tapi aku benci perempuan yang perangai macam ni. Kau nak makan apa kau cakap tak yah nak drama sangat, orang tengah lapar ni kang tinggal tepi jalan kang.??",,,,1639910195584471042
2023-03-26,not,164739887,,-1,in,"<a href=""http://twitter.com/download/iphone"" rel=""nofollow"">Twitter for iPhone</a>",Buang air besar 2 kali dh harini. Harap2 tak menggelupur lapar lewat ptg ni ????,,,,1639881187673120770
2023-03-26,La Suerte Aiman,796388402425831425,adlii__,2954439408,in,"<a href=""http://twitter.com/download/iphone"" rel=""nofollow"">Twitter for iPhone</a>",@adlii__ Saing demo ko hirr nii lie ? Lapar bual molek napok ??,,,,1639861643504160771
2023-03-26,ILoveDessert ????,3089333690,,-1,in,"<a href=""http://twitter.com/download/iphone"" rel=""nofollow"">Twitter for iPhone</a>",Bukan selalu orang lapar cepat marah ke? Ke aku je? ?? https://t.co/Qg9xHVq3D0,,,,1639845665584078848
2023-03-26,Mior Naqiuddin ??,449813201,,-1,in,"<a href=""http://twitter.com/download/iphone"" rel=""nofollow"">Twitter for iPhone</a>",Macam sudah lapar. ??,,,,1639842495172599809
2023-03-26,Ayumi,306118965,,-1,in,"<a href=""http://twitter.com/download/iphone"" rel=""nofollow"">Twitter for iPhone</a>",Dah moreh bubur lambuk pun masih lapar lagi ??,,,,1639682857621938176
2023-03-26,૮₍ ˃̵͈᷄ . ˂̵͈᷅ ₎ა,2893692942,,-1,in,"<a href=""http://twitter.com/download/iphone"" rel=""nofollow"">Twitter for iPhone</a>",Buka puasa tadi makan sikit je sebab risau anak tak sihat ???? tu pasal la malam buta ni sebok cari makan lapar huhu,,,,1639673547135291392
2023-03-26,૮₍ ˃̵͈᷄ . ˂̵͈᷅ ₎ა,2893692942,,-1,in,"<a href=""http://twitter.com/download/iphone"" rel=""nofollow"">Twitter for iPhone</a>",Thankyou shuamikuuu memalam buta gini bini dia tetiba ngadu lapar padahal suami dah tidur dah ?? sanggup bangun kejap gi belikan makan ????,,,,1639671942260326400
2023-03-26,mackyminhaj,300150495,,-1,in,"<a href=""http://twitter.com/download/iphone"" rel=""nofollow"">Twitter for iPhone</a>",lapar ek. tadi buka makan sikit je.,,,,1639658398093578241
2023-03-25,Quincy Arrancar,1014801836526657536,,-1,in,"<a href=""http://twitter.com/download/android"" rel=""nofollow"">Twitter for Android</a>","Nasi ayam, roti john, popia sira, tea ais. Ok done kenyang. Tapi lapar nak makan pussy pulak. ????????",,,,1639598049600356356
2023-03-25,Fit,404046250,GoddOfFather,1543968418495287296,in,"<a href=""http://twitter.com/download/iphone"" rel=""nofollow"">Twitter for iPhone</a>",@GoddOfFather Kalau jenis workout malam boleh la kot makan banyak sebab lapar after workout… kalau tak workout tak tau dah nak sumbat apa lagi sebab dah penuh ??,,,,1639583675036897281
2023-03-25,Razeen Asyraf,592396463,,-1,in,"<a href=""http://twitter.com/download/android"" rel=""nofollow"">Twitter for Android</a>","salah ke bunuh something
 yang mak dia tak hilang tah ke mana..
 
still kecik tak makan 
bende lain selain susu..

Aku just nak bunuh n tiada yang siksa lapar
dan ia nya lebih cepat dari mati lapar",,,,1639564552898748418
2023-03-25,Dr Syafiq (maybe one day),16179437,,-1,in,"<a href=""http://twitter.com/download/iphone"" rel=""nofollow"">Twitter for iPhone</a>",Mesti lapar sangat tu. https://t.co/I6NsiMi9wM,,,,1639555135851630594
2023-03-25,Fadd Yeager,149368853,nisaabalqis,4566627979,in,"<a href=""http://twitter.com/download/iphone"" rel=""nofollow"">Twitter for iPhone</a>",@nisaabalqis Sebelum buka pic ni aku ingat gimbap tadi ?? Adakah sebab aku lapar Haha,,,,1639534654733840384
2023-03-25,Nur Syafikah Roslee,1309158913389088770,,-1,in,"<a href=""http://twitter.com/download/iphone"" rel=""nofollow"">Twitter for iPhone</a>","Penat mcm mana pun isteri tu kalau dua tiga pagi suami balik , cakap lapar , isteri tetap bangun masakkan utk suami , sebab rasa sedih isteri je tahu bila suami balik penat tapi tak makan .",,,,1639528911750189057
2023-03-25,who,1627959259035217921,,-1,in,"<a href=""http://twitter.com/download/iphone"" rel=""nofollow"">Twitter for iPhone</a>",makan bukan main banyak gik time sahur tadik tok baruk kol 11 lebih dah lapar ????,,,,1639472502358556672
2023-03-25,fii!,903487580,hidayat_yusaini,3262098444,in,"<a href=""http://twitter.com/download/iphone"" rel=""nofollow"">Twitter for iPhone</a>",@hidayat_yusaini Nanti kalau lapar datang rumah aku yat ajar urut.,,,,1639470672903819267
2023-03-25,Iliani,72518229,,-1,in,"<a href=""http://twitter.com/download/iphone"" rel=""nofollow"">Twitter for iPhone</a>","Kalau lapar, makanlah. Kalau tudung senget, betulkanlah. Taktahu nak makan kat mana? Google jelah or beli kat food delivery. Hidup ni jangan terlalu complicated sangat dengan benda begini. ?? https://t.co/AzHY3S2tb3",,,,1639391009170677763
