﻿Created-At,From-User,From-User-Id,To-User,To-User-Id,Language,Source,Text,Geo-Location-Latitude,Geo-Location-Longitude,Retweet-Count,Id
2023-03-11,ngohey,859774886864080898,sotongmalas,729591088546091008,in,"<a href=""http://twitter.com/download/iphone"" rel=""nofollow"">Twitter for iPhone</a>","@sotongmalas Cannot. Eat - cry - eat. Baru dapt makan lebih. Nangis requires energy. Lepas nangis lapar lagi. Kalau nangis dulu baru makan, bihun goreng kosong takda goreng pun tak habis",,,,1634336875073908736
2023-03-11,Izad Abas ????,42849503,,-1,in,"<a href=""http://twitter.com/download/android"" rel=""nofollow"">Twitter for Android</a>",Tak boleh tidur lepas tu lapar,,,,1634278393314418688
2023-03-11,Lekir Jambang ????,556946002,,-1,in,"<a href=""http://twitter.com/download/iphone"" rel=""nofollow"">Twitter for iPhone</a>",10:30 malam hingga 12:45 tngh malam dalam 4 orang berurut. Fit juga tenaga aku dalam diam senanya. Lapar kemudian jangan kata pula.,,,,1634269418829250560
2023-03-11,aswad,4914242654,,-1,in,"<a href=""http://twitter.com/download/iphone"" rel=""nofollow"">Twitter for iPhone</a>",Dasar lapar perhatian ?? Kau ingat movie ke datang last minute Pastu pompuan tu cancel wedding dia hahahhahahah https://t.co/oIcFtrElSP,,,,1634232537219481603
2023-03-10,alim,1184496972654211073,aleenhafidz,279536435,in,"<a href=""http://twitter.com/download/android"" rel=""nofollow"">Twitter for Android</a>",@aleenhafidz Lapar lagi ke?,,,,1634205217049792513
2023-03-10,tukang cuci,237131759,MiaAndiniz,1251897598610309124,in,"<a href=""http://twitter.com/download/android"" rel=""nofollow"">Twitter for Android</a>","@MiaAndiniz Ya kalo ngantuk, tidur
Kalo lapar, ya makan
Kalo kenyang, ya ngantuk

Gitu aja muter muter",,,,1634191638712180736
2023-03-10,Byakko,1001463932727390208,mAsTINY_lee,708761035,in,"<a href=""http://twitter.com/download/iphone"" rel=""nofollow"">Twitter for iPhone</a>","@mAsTINY_lee tak gerak mat, da la lapar takleh nak gi memana ??",,,,1634163106350768128
2023-03-10,Ooi Beng Cheang,270994792,luxentX,270994792,in,"<a href=""http://twitter.com/download/android"" rel=""nofollow"">Twitter for Android</a>","Mana je kau pergi, orang kampung pandang kau dengan hina kat kau sebab kau takde kerja, tidur bawah pokok. Selepas seminggu kau lapar sangat, curi buah dari dusun makan. Orang kampung nampak dan mengamuk, belasah kau dan ikat kau kat pokok...",,,1,1634157063772274688
2023-03-10,bbaaabbbbyyyyyy,1040981488563417088,,-1,in,"<a href=""http://twitter.com/download/iphone"" rel=""nofollow"">Twitter for iPhone</a>",Dah lapar ler https://t.co/WBPZNdRRey,,,,1634094325146730498
2023-03-10,qilah,308308033,aqilahzakki,308308033,in,"<a href=""http://twitter.com/download/iphone"" rel=""nofollow"">Twitter for iPhone</a>","Bab makan dan lapar ni jangan uji kesabaran aku. Dia boleh menggeletis video call member dia depan mesin tu dok ulang aku tak reti aku tak reti, eh geram ek",,,,1634077721906278400
2023-03-10,BearGemuk,1194891881764638720,,-1,in,"<a href=""http://twitter.com/download/iphone"" rel=""nofollow"">Twitter for iPhone</a>",Lapar ni.. tgh tunggu minah @ChentaaHatii ni g KK,,,,1634041569673371648
2023-03-10,niza,233842942,NH3309,845436534,in,"<a href=""http://twitter.com/download/android"" rel=""nofollow"">Twitter for Android</a>",@NH3309 Lapar terus tgk lontong tu,,,,1634033731920101376
2023-03-10,Ende Holidays,2274166706,EndeHolidays,2274166706,in,"<a href=""http://twitter.com/download/android"" rel=""nofollow"">Twitter for Android</a>","Perut sudah lapar rasanya
Kepengen makan nasi rendang
Kamu dan pemandangan alam itu sama
Sama sama enak dipandang",,,,1634028514625359872
2023-03-10,BearGemuk,1194891881764638720,,-1,in,"<a href=""http://twitter.com/download/iphone"" rel=""nofollow"">Twitter for iPhone</a>",Lapar plak… tu la makan awal sgt,,,,1633883228082933760
2023-03-09,Nellya Takde Cancer,1050955311287128064,,-1,in,"<a href=""http://twitter.com/download/iphone"" rel=""nofollow"">Twitter for iPhone</a>",Baru nampak bumbung rumah. Lapar tapi penat sangat. Terbayang bantal je dah ni.,,,,1633854267131047938
2023-03-09,sejiwa,837100626,,-1,in,"<a href=""http://twitter.com/download/android"" rel=""nofollow"">Twitter for Android</a>",Hidup ini keras tapi kalau lapar jangan lupa makan. Bismillahirrahmanirrahim... https://t.co/drW3BnA2l7,,,,1633852071983329287
2023-03-09,نابيلا هودى,1412326506,,-1,in,"<a href=""http://twitter.com/download/iphone"" rel=""nofollow"">Twitter for iPhone</a>",Ohh malamni anak aku lapar ke aku lapar tah ?? Aiskrim + nasi ft sambal KA + biskut lemak 3 keping ?? Semalam kemahen muntah2 tidur pun perut bunyi ???? Bila nak habis fasa ni ya,,,,1633824932785434625
2023-03-09,Bumper,1355510407411077120,Shahredzu4111,1026050274954100736,in,"<a href=""http://twitter.com/download/android"" rel=""nofollow"">Twitter for Android</a>",@Shahredzu4111 Sungguh menyelerakan kn...lapar kita dibuat nya,,,,1633823738348326913
2023-03-09,Akmalomar95,1552637638552670208,,-1,in,"<a href=""http://twitter.com/download/android"" rel=""nofollow"">Twitter for Android</a>",Tiada pilihan untuk berdua atau sorg. Cuma ada pilihan kekal lapar or kenyang?? https://t.co/1ULwKqZDCt,,,,1633820251002638337
2023-03-09,Farhanah,2309960449,,-1,in,"<a href=""http://twitter.com/download/android"" rel=""nofollow"">Twitter for Android</a>",Punyalah busy dengan kerja sampaikan nak rasa lapar pun tak sempat,,,,1633820141065756675
2023-03-09,??,719486382,,-1,in,"<a href=""http://twitter.com/download/iphone"" rel=""nofollow"">Twitter for iPhone</a>",lapar gila tapi tu ah tak larat,,,,1633819481502777344
2023-03-09,Bumper,1355510407411077120,shafiqarefiq,351664829,in,"<a href=""http://twitter.com/download/android"" rel=""nofollow"">Twitter for Android</a>",@shafiqarefiq Bismillah..lmbt nya Grab ni..lapar dah,,,1,1633814529003110403
2023-03-09,??,359380656,,-1,in,"<a href=""http://twitter.com/download/iphone"" rel=""nofollow"">Twitter for iPhone</a>",Lapar!! Takde sape ke nak teman dinnerrrr,,,,1633794568520105984
2023-03-09,为一个帅人,44280112,Syafiq_jee,741447063812984832,in,"<a href=""http://twitter.com/download/iphone"" rel=""nofollow"">Twitter for iPhone</a>",@Syafiq_jee Lepas berak lapar balik. Jom makan.,,,,1633791380517715968
2023-03-09,ceah ✌️,544298964,,-1,in,"<a href=""http://twitter.com/download/iphone"" rel=""nofollow"">Twitter for iPhone</a>",Lepas makan berat masih boleh makan lagi. Masih bisa merasa lapar. Katanya saya ada 4 perut mcm lembu. https://t.co/bCcFCygBkg,,,,1633782464253677573
2023-03-09,mary ✨,1103060550,,-1,in,"<a href=""http://twitter.com/download/iphone"" rel=""nofollow"">Twitter for iPhone</a>",Lapar gila makan last pukul 10am. Hadap jammed lekat pulak. Sakit kepala lagi. Perut cramp lagi. ??,,,,1633772319842746368
2023-03-09,Aisha Iskandar,315558022,,-1,in,"<a href=""http://twitter.com/download/android"" rel=""nofollow"">Twitter for Android</a>","Lapar tapi tak boleh makan apa apa, melainkan bubur ??",,,,1633771497146949633
2023-03-09,Nazrayne,708824719143743488,,-1,in,"<a href=""http://twitter.com/download/android"" rel=""nofollow"">Twitter for Android</a>","Mula2 macam nak complain sebab tersilap ikut jalan ni. Jalan jammed satu, takut kereta rosak satu, lapar pun satu. Tapi bila fikir balik, area atas sana, lebih ramai yang dah tak ada rumah, kereta, and makanan sebab banjir kalini teruk sangat. So, aku tutup mulut dan bersyukur. https://t.co/mu3AfZazA1",,,,1633766271060967424
2023-03-09,Eni Lestari Simanjuntak,1172892121591775232,,-1,in,"<a href=""http://twitter.com/download/android"" rel=""nofollow"">Twitter for Android</a>","Saya lapar lagi setelah menonton video ini.
https://t.co/60yzb16IqZ
Saksikan video ini
https://t.co/CROXRlLrbl
https://t.co/QpU7rEWDHe
https://t.co/vbcZOYS5EX
https://t.co/4KuXUHJpf6",,,,1633751202256261122
2023-03-09,MZHatta????????,202474881,,-1,in,"<a href=""http://twitter.com/download/iphone"" rel=""nofollow"">Twitter for iPhone</a>","Ratusan ni mesti dah bnyk kena suap, takde keluarga lapar masa PKP, takde ahli keluarga mati sbb incompetence abahcow https://t.co/ZOg9RczP9G",,,6,1633729332484141056
2023-03-09,자,1185944380810489860,,-1,in,"<a href=""http://twitter.com/download/iphone"" rel=""nofollow"">Twitter for iPhone</a>",Lapar tpi bnyk keje pulak hrmm ??,,,,1633722615151067137
2023-03-09,Berg!,1023142714123022338,emeir_faizal,999109297,in,"<a href=""http://twitter.com/download/iphone"" rel=""nofollow"">Twitter for iPhone</a>","@emeir_faizal Kau lapar tak? Aku lapar la, dia macam tiba tiba rasa nak makan",,,,1633721720908681218
2023-03-09,Eni Lestari Simanjuntak,1172892121591775232,,-1,in,"<a href=""http://twitter.com/download/android"" rel=""nofollow"">Twitter for Android</a>","Saya lapar lagi setelah menonton video ini.
https://t.co/uPLMjZ4swU
Saksikan video ini
https://t.co/Wg6XuSSWSc
https://t.co/0c7qSmcyZJ
https://t.co/sKiU3ZsRy0
https://t.co/0qLZm6PcWZ",,,,1633705233703665665
2023-03-09,Annemunisa Husin,1416194473,,-1,in,"<a href=""http://twitter.com/download/iphone"" rel=""nofollow"">Twitter for iPhone</a>","Aku punya frust takleh buat main. Punya terketaq-ketaq lapar g dapur nak buat roti telur for lunch. Sekali pecahkan telur dalam kuali, telur busuk. 

Terus kemas2 naik atas sambung keja. Spoil la ??",,,,1633697062662590470
2023-03-09,Nuna Nadia,420366861,efaperfume,1177843914339782657,in,"<a href=""http://twitter.com/download/android"" rel=""nofollow"">Twitter for Android</a>","@efaperfume Maybe hari 1st and 2nd day perut akan berangin, sebab nak adapt dengan puasa. Saya minum ESP blend dengan kurma?? time moreh pon minum jugak, sebab menyusukan anak,lapar memalam ?? https://t.co/d9IsQOPtdQ",,,,1633687084585328640
2023-03-09,333 ??,42077555,efaperfume,1177843914339782657,in,"<a href=""http://twitter.com/download/iphone"" rel=""nofollow"">Twitter for iPhone</a>","@efaperfume Aku practise mkn kurma & air putih je time sahur. Kdg2 kurma pun tak makan. Baru la boleh tahan sampai berbuka. 

If sahur heavy, half day pun dah start rasa lapar.",,,,1633684340684234752
2023-03-09,ZF_Agha/Bey,623563386,,-1,in,"<a href=""http://twitter.com/download/iphone"" rel=""nofollow"">Twitter for iPhone</a>",Mak aih laparnya..pagi tdi dah brekpes bihun kottt..kite nak kurus tauuu..jgn la asyik lapar..peyuttt ni ponnn..,,,,1633678657578479618
2023-03-09,Z Z??,989858528,,-1,in,"<a href=""http://twitter.com/download/iphone"" rel=""nofollow"">Twitter for iPhone</a>",dye macam lapar tapi tak hahaha tah lahh nak makan. tak boleh tgh ganti puasa ??,,,,1633658405381611521
2023-03-09,Lee SlimShady,68354249,bocahnandong,991492015341748224,in,"<a href=""http://twitter.com/download/android"" rel=""nofollow"">Twitter for Android</a>","@bocahnandong Takpe kalau lapar lagi, boleh order kat @beep_my 

https://t.co/m30c3lmyJQ",,,,1633655925352591360
2023-03-09,JACK f×cks DOGS,1309462314425352197,,-1,in,"<a href=""http://twitter.com/download/android"" rel=""nofollow"">Twitter for Android</a>","Kek gini kali rasanya banting tulang. 
Mata perih kurang tidur 
Pikiran pusing
Badan lelah
Perut lapar
Yang penting semangat biar bisa halalin si ompol kecap kurap
@savira_warda",,,,1633533936180817925
2023-03-09,Kakak ??,513359545,,-1,in,"<a href=""http://twitter.com/download/iphone"" rel=""nofollow"">Twitter for iPhone</a>",Tgh mlm tiba lapar ??,,,,1633518106986577921
2023-03-08,????arynafiza????????,1227385022,,-1,in,"<a href=""http://twitter.com/download/android"" rel=""nofollow"">Twitter for Android</a>",Tiber lapar. Sebab tengok resepi puding jagung kt tiktok. Lepastu beef stew ??,,,,1633480129145094144
2023-03-08,??ᗴꀘ~??,1357117147936399360,,-1,in,"<a href=""http://twitter.com/download/iphone"" rel=""nofollow"">Twitter for iPhone</a>","Tadi berbuka donut aje,
Then lapar lagi buat la maggi asam laksa ?? https://t.co/wA3KzbUMhJ",,,,1633447250054746114
2023-03-08,Lisa Del Rey,1616739769249325058,,-1,in,"<a href=""http://twitter.com/download/iphone"" rel=""nofollow"">Twitter for iPhone</a>",Lapar la. Nak keluar makan,,,,1633433806651940867
2023-03-08,Fadd Yeager,149368853,,-1,in,"<a href=""http://twitter.com/download/iphone"" rel=""nofollow"">Twitter for iPhone</a>",Lapar ah nak dinner apa tonight?,,,,1633420551703379968
2023-03-08,• N I N •,170286763,lady_bugg11,1235099759230234625,in,"<a href=""http://twitter.com/download/iphone"" rel=""nofollow"">Twitter for iPhone</a>",@lady_bugg11 Tetiba aku pun lapar burger. Jahat kau @lady_bugg11,,,,1633413341472505856
2023-03-08,مَلِكه,1377310288496656386,,-1,in,"<a href=""http://twitter.com/download/iphone"" rel=""nofollow"">Twitter for iPhone</a>",Puasa duduk rumah pun lapar. Penat berfikir barangkali ??,,,,1633405375650332675
2023-03-08,Julyahoney,1530332974264094721,,-1,in,"<a href=""http://twitter.com/download/iphone"" rel=""nofollow"">Twitter for iPhone</a>",Pagi dah heavy breakfast. Pastu bangun tidur lapar macam x makan seminggu je. ??,,,,1633374205285904386
2023-03-08,anissyaff,571774430,,-1,in,"<a href=""http://twitter.com/download/iphone"" rel=""nofollow"">Twitter for iPhone</a>",Aku dah kenyang tgok gambar ni tibe jadi lapar https://t.co/kF5PE09Ts8,,,,1633356319578288128
2023-03-08,Dini.dy_,1576927453737496576,Dinidy90,1576927453737496576,in,"<a href=""http://twitter.com/download/iphone"" rel=""nofollow"">Twitter for iPhone</a>","Ghrelin = hormon yang dikeluarkan pada perut yang memberikan isyarat rasa lapar pada otak.

Leptin = hormon yg dilepaskan drpd sel-sel lemak.. ia menyekat rasa lapar & menghantar isyarat kenyang kpd otak.",,,,1633340585837752321
2023-03-08,Hanz,1392823975055486981,,-1,in,"<a href=""http://twitter.com/download/iphone"" rel=""nofollow"">Twitter for iPhone</a>",Patutlah rasa lapar. Semalam tak makan. Just minum meal replacement sekali haha,,,,1633339330994511872
2023-03-08,Imran ??⚒️,821082055,wtfsyh,1248417823098933252,in,"<a href=""http://twitter.com/download/android"" rel=""nofollow"">Twitter for Android</a>",@wtfsyh Hshshshshs dorang jaw drop kejap tp tutup mata ja semua tgh lapar ??,,,,1633330237982543873
2023-03-08,warDina awatif ❤️????,3336878719,f4izalhassan,366089337,in,"<a href=""http://twitter.com/download/android"" rel=""nofollow"">Twitter for Android</a>",@f4izalhassan @OkinaFitto @JazminaAin @cheajibsayang @PerakFood @JJCMPERAK @AusMeshi @Hunain_ @azraeimuhamad SUA lapar gak takdok laaa news utk PMX ??,,,,1633319514724261888
2023-03-08,FM,717661392,,-1,in,"<a href=""http://twitter.com/download/iphone"" rel=""nofollow"">Twitter for iPhone</a>",Lapar laa pulak tetiba ??,,,,1633279107755802624
2023-03-08,Juani Ari Go ????,157004175,,-1,in,"<a href=""http://twitter.com/download/android"" rel=""nofollow"">Twitter for Android</a>",Aisehmen...lapar pulak tgh2 mlm ni.. sekarang asal kerja midnight mesti lapar time2 mcm ni..Mana mau nak dpt berat 75kg mcm ni,,,,1633149766690553856
2023-03-07,hahahaar,306311220,,-1,in,"<a href=""http://twitter.com/download/iphone"" rel=""nofollow"">Twitter for iPhone</a>","Lapar. Tapi macam tak patut makan.

Ke burger?",,,,1633126958904270850
2023-03-07,?????????? ????????????????‍??,252915812,,-1,in,"<a href=""http://twitter.com/download/iphone"" rel=""nofollow"">Twitter for iPhone</a>",Perut tak lapar sgt pun tapi jadi tabiat still nak makan??cemana tak naik badan gini??,,,,1633107601591263234
2023-03-07,syer✨,289327784,,-1,in,"<a href=""http://twitter.com/download/iphone"" rel=""nofollow"">Twitter for iPhone</a>","Sebelum buka: takde mood ah nak makan, nanti2 lah fikir makan apa. Jap lagi ada class pulak.

After class: okay lapar gila, aduh nak muntah pulak. Angin ke eh? *proceed to order shopee food

Food sampai: okay makan cepat! 

While eating: okay tak habis

Kah! Amenda lah ko ni",,,,1633097472342990848
2023-03-07,Anel??,1611166245960941568,,-1,in,"<a href=""http://twitter.com/download/iphone"" rel=""nofollow"">Twitter for iPhone</a>",Pov: lapar https://t.co/c8mBSrhG5S,,,,1633051305693569024
2023-03-07,Amln,203609289,schawrite,1321089506322374666,in,"<a href=""http://twitter.com/download/iphone"" rel=""nofollow"">Twitter for iPhone</a>",@schawrite kena banyak makan dan minum utk banyak susu.. boleh kata makin lembik dan lapar kot lepas pump tp kena kuat ??,,,,1633020077946855425
2023-03-07,Al-Fajr Travel & Tours Official,1567708387835809793,,-1,in,"<a href=""http://twitter.com/download/android"" rel=""nofollow"">Twitter for Android</a>","KURMA SAYER ISTIMEWA DARI UAE!

Rasulullah SAW bersabda, “Sebuah keluarga yang mempunyai kurma tidak akan lapar”. (Hadis, Sahih Muslim, 5078).

Promosi Kurma Sayer kini kembali! Harga 1 carton RM110 SAHAJA. Dapatkan segera sementara stok masih ada! ?? https://t.co/5DLFp9h1z0",,,,1633011950191005696
2023-03-07,??,1105337035,,-1,in,"<a href=""http://twitter.com/download/iphone"" rel=""nofollow"">Twitter for iPhone</a>","Kalau lapar tak boleh bawak bincang, dah kenyang rasa nak muntah balik??",,,,1632974062141190144
2023-03-07,n,136202727,,-1,in,"<a href=""http://twitter.com/download/iphone"" rel=""nofollow"">Twitter for iPhone</a>","Bodo punya vendor kat @foodpanda_my . After an hour baru nak cancelled order lancau ah. Aku dahla tengah lapar giler ni. Macam bodoh. Nak cancel, cancel lah awal2 bukan menyusahkan orang. I can go order food kat tempat lain bukan made me waiting for more than an hour.",,,,1632973103210049537
2023-03-07,IZZATI HUSNA,434599443,,-1,in,"<a href=""http://twitter.com/download/android"" rel=""nofollow"">Twitter for Android</a>",Bertugas hari ni..n now lapar nak mamposss...satg nak p ppd hntr borang claim..xboleh jadi ni..kena grab something to eat kalau x xleh drive..ape yg cepat n sedap??dt mcd la wehhh...ddapnye cheeseburger ??????..happy meal je ????,,,,1632959934127308802
2023-03-07,Nabila,160399759,,-1,in,"<a href=""http://twitter.com/download/iphone"" rel=""nofollow"">Twitter for iPhone</a>",Lapar tapi tak tahu nak makan apa ni emosi jugak jadinya ni??,,,,1632908322889400320
