﻿Created-At,From-User,From-User-Id,To-User,To-User-Id,Language,Source,Text,Geo-Location-Latitude,Geo-Location-Longitude,Retweet-Count,Id
2023-03-25,Iliani,72518229,,-1,in,"<a href=""http://twitter.com/download/iphone"" rel=""nofollow"">Twitter for iPhone</a>","Kalau lapar, makanlah. Kalau tudung senget, betulkanlah. Taktahu nak makan kat mana? Google jelah or beli kat food delivery. Hidup ni jangan terlalu complicated sangat dengan benda begini. ?? https://t.co/AzHY3S2tb3",,,,1639391009170677763
2023-03-24,????????????.??????????,1389020868,,-1,in,"<a href=""http://twitter.com/download/iphone"" rel=""nofollow"">Twitter for iPhone</a>",nikmat dapat buka puasa . rasa hargai sangat² dapat makan . rasa insaf teringat orang yang tak dapat makan . rasa banyaknya kita membazir selama ni . belajar sesuatu sangat . rehat cukup and tidur lebih teratur sebab nak bangun sahur . zikir jadi “makanan” kita sebab tahan lapar https://t.co/waRfMAoW3d,,,,1639273361103527936
2023-03-24,not,164739887,tinaketiketana_,164739887,in,"<a href=""http://twitter.com/download/iphone"" rel=""nofollow"">Twitter for iPhone</a>",Whole day tak haus lgsung and start lapar bila dh pukul 6camtu. Suap anak makan pon rilek lg hahaha,,,,1639262379455160322
2023-03-24,n,345829649,,-1,in,"<a href=""http://twitter.com/download/iphone"" rel=""nofollow"">Twitter for iPhone</a>",Nang respect la kt orang nok berbusiness makanan masa Ramadan tok. Agik2 orang nok bejual banyak lauk or apa2 jk. Kmk orang nok sik banyak jual pun dah kepak sampe energy dah weak ???? nasib sik berasa gilak lapar. Cuma haus jk ??,,,,1639260549354512390
2023-03-24,NFS,228398148,,-1,in,"<a href=""http://twitter.com/download/iphone"" rel=""nofollow"">Twitter for iPhone</a>",Amsyar punya style lapar gigit orang wehh ??,,,,1639238497667268608
2023-03-24,Kinnn,994764205,,-1,in,"<a href=""http://twitter.com/download/android"" rel=""nofollow"">Twitter for Android</a>","Dah 2 hari makan granola time sahur. Sumpah kenyang gila. Time berbuka makan sikit pun dah kenyang. Memalam takde lapar pun. Yang nak diet tu, boleh cuba makan granola ??",,,,1639233749530603520
2023-03-24,Intansunny,40619843,,-1,in,"<a href=""http://twitter.com/download/iphone"" rel=""nofollow"">Twitter for iPhone</a>",i love seeing videos from non muslim yang cuba berpuasa. menghayati erti menahan diri dari lapar dah dahaga selain bagus utk kesihatan,,,,1639231588625182721
2023-03-24,#LuthfiBerkata,2992279539,,-1,in,"<a href=""http://twitter.com/download/android"" rel=""nofollow"">Twitter for Android</a>",Tekun betul kawan tu makan lemongrass chicken. Awak lapar atau baby yg lapar tuu ?? ?? https://t.co/t2tLuCPTU5,,,,1639229531776245760
2023-03-24,Hanz,1392823975055486981,,-1,in,"<a href=""http://twitter.com/download/iphone"" rel=""nofollow"">Twitter for iPhone</a>",What’s wrong with me eh. Aku malas nak makan utk berbuka. like smlm makan roti coklat gardenia yg singgit tu sebungkus. Harini tak tau lagi. Dia lapar tapi tak lapar. Tapi memang confirm malas. Stay sorang camtu lah ??,,,,1639225151836528642
2023-03-24,j,1415049553,,-1,in,"<a href=""http://twitter.com/download/android"" rel=""nofollow"">Twitter for Android</a>",Budak budak tak payah la nak paksa suruh dorang tahan lapar. Kesian gila https://t.co/ws2d8olk4v,,,,1639218356451672065
2023-03-24,Taufiq Jazze,1336377283,jllmisai,1457740102801657860,in,"<a href=""http://twitter.com/download/iphone"" rel=""nofollow"">Twitter for iPhone</a>","@jllmisai Apelah susah sgt nk tahan lapar dahaga, kalau keje buruh kasar boleh terima lg, ni yg keje dlm ofis, baik mati jela kurang buat dosa ??",,,,1639209554239193088
2023-03-24,Faziera Adznan,269650071,,-1,in,"<a href=""http://twitter.com/download/iphone"" rel=""nofollow"">Twitter for iPhone</a>","Bila aku lapar, aku cakap aku nak makan. Kalau ngantuk, aku cakap je aku nak tidur. Perempuan bila amalkan gaya gini mmg akn selalu bergaduh. Jangan expect org faham kita kalau kita tak cakap terus terang. https://t.co/ilM5TGQYCg",,,1,1639208318668517376
2023-03-24,teguh dragnel,1326154782,,-1,in,"<a href=""http://twitter.com/download/android"" rel=""nofollow"">Twitter for Android</a>",Diam bukan berarti lemah tapi lapar,,,,1639197288420741120
2023-03-24,Lil Zham X,1457665317199495169,,-1,in,"<a href=""http://twitter.com/download/android"" rel=""nofollow"">Twitter for Android</a>","Dah tua bangka ni aku rasa ko boleh tahan kot lapar dahaga time puasa ni. Org lain post gambar/vid resepi makanan pun ko dah tak tahan siap komen ""kenapa lalu time tengahari"". 

Korang ni bkn budak kecik, dah besar kot. Adehh",,,,1639192907604439041
2023-03-24,dy,1594531733713858560,,-1,in,"<a href=""http://twitter.com/download/iphone"" rel=""nofollow"">Twitter for iPhone</a>","Idc what people say about me, I never bring my kids for Raya shopping. Biasanya I will go during lunch break atau over the weekends and left them with le hubs. Koser nyah aku nak pilih pilih berperang pulak dengan sorang nak kencing, sorang lapar, sorang tanak duk stroller. ?? https://t.co/bqaBVPyoTv",,,,1639189690011258880
2023-03-24,?????????? ??????????,446001259,nanaqili,446001259,in,"<a href=""http://twitter.com/download/iphone"" rel=""nofollow"">Twitter for iPhone</a>",Lg 5 minit pukul 5 baru ade rasa lapar sikit2. Tapi masih takde rasa heartburn. Alhamdullilah ??,,,,1639189440022323205
2023-03-24,احمد,1088140370,,-1,in,"<a href=""http://twitter.com/download/iphone"" rel=""nofollow"">Twitter for iPhone</a>",Semoga rasa lapar dan dahaga anda hilang ?? https://t.co/LeyzUAjREr,,,,1639171643984711680
2023-03-24,✨,212596129,DausLaith,232087368,in,"<a href=""http://twitter.com/download/iphone"" rel=""nofollow"">Twitter for iPhone</a>",@DausLaith @khairulaming Hahaha ye! Geram betul. Lapar pulak skrg ni??????,,,,1639147344469037057
2023-03-24,shazril ????,857462102088339456,shazrilramli,857462102088339456,in,"<a href=""http://twitter.com/download/iphone"" rel=""nofollow"">Twitter for iPhone</a>","2 Ramadhan

Puasa memberi manfaat??

Hikmah puasa Ramadhan tidak hanya bermakna sebagai kewajipan seorang muslim terhadap perintah Allah dengan menahan lapar dan haus selama bulan Ramadhan. Puasa adalah perisai bagi yang melakukannya...",,,,1639135178898706433
2023-03-24,Muazz,90578839,,-1,in,"<a href=""http://foursquare.com"" rel=""nofollow"">Foursquare</a>","Tak sorok di bln ramadhan biar pon lapar dan dahaga (@ Masjid Abu Ubaidah Bin Al-Jarrah in Setapak, Kuala Lumpur) https://t.co/Cm3trEpvHA",3,102,,1639134157606641667
2023-03-24,B,895347541629259777,hayfaaLeiaa,1319960309453316096,in,"<a href=""http://twitter.com/download/iphone"" rel=""nofollow"">Twitter for iPhone</a>",@hayfaaLeiaa Beli dine in kadang lagi laju dari drive thru. Pregnant mom kalau lapar bukan boleh tggu. Bukan masalah nak tunjuk ke tak. ☺️,,,,1639090682798428160
2023-03-24,deNa????,1955696622,,-1,in,"<a href=""http://twitter.com/download/iphone"" rel=""nofollow"">Twitter for iPhone</a>",baruk kol 9 dah lapar kdk apa ??,,,,1639069821362147329
2023-03-24,Αικατερίνη⚡️,125305970,,-1,in,"<a href=""http://twitter.com/download/iphone"" rel=""nofollow"">Twitter for iPhone</a>","Baru tahu kalau baby gerak kuat sgt maksudnya dia lapar, tk semestinya kurang gerak je..",,,,1639046350582198272
2023-03-24,monkifly/farra,299702272,,-1,in,"<a href=""http://twitter.com/download/iphone"" rel=""nofollow"">Twitter for iPhone</a>",apahal tetiba tgh malam aku lapar mcm aku xmakan sehari padahal buka td aku makan je . pelik betul ??,,,,1638953943568101378
2023-03-23,Qil??,578780505,,-1,in,"<a href=""http://twitter.com/download/iphone"" rel=""nofollow"">Twitter for iPhone</a>",He’s calling me then “ni dkt nazri sebelah tu ada kk mart skrg dkt kk nk beli mkn lapar” haaa diet kemana dia kemana ??,,,,1638921217892839424
2023-03-23,Syed Azim ????????,1273798470,,-1,in,"<a href=""http://twitter.com/download/android"" rel=""nofollow"">Twitter for Android</a>","Muda ni makin lama makin meluat pulak aku tgok,time dia langgar kawasan org takpa, bila kena kat dia org tak layan jd gelabah lapar nk perhatian.
 
Elok ikut PN ke Tok Det join GTA je la lg bagus, kurang satu masalah. https://t.co/2HEoUdAsxy",,,,1638917699530272769
2023-03-23,DANIAL HAKIM,1270682825092591616,,-1,in,"<a href=""http://twitter.com/download/iphone"" rel=""nofollow"">Twitter for iPhone</a>",2kali dowh kena kejar ngn anjing time lari ptg tdi. Aq rase anjing pun puasa tu yg lapar nk gigit org??,,,,1638873374347919360
2023-03-23,Kalila ????,418440023,,-1,in,"<a href=""http://twitter.com/download/android"" rel=""nofollow"">Twitter for Android</a>",Berjaya habiskan puasa first day! Tak rasa lapar cuma dahaga. Makan mee goreng tambah 2 kali ??,,,,1638872952325431297
2023-03-23,amir syarif siregar.,34537216,Harian_Jogja,118371948,in,"<a href=""http://twitter.com/download/iphone"" rel=""nofollow"">Twitter for iPhone</a>","@Harian_Jogja PATUNG DIANGGAP GANGGU ORANG PUASA?! PATUNG?! PATUUUUNG?! 

LEMAH KALI KADAR IMAN KALIAN. LIAT PATUNG BISA NGURANGIN PAHALA PUASA? ATAU LIAT PATUNG BISA NGEBUAT KALIAN LAPAR?! NGEBUAT KALIAN NAFSU?!

ASTAGA. CETEK BANGET ISLAMNYA. MALU!",,,10,1638872479405064192
2023-03-23,SK,468320640,,-1,in,"<a href=""http://twitter.com/download/iphone"" rel=""nofollow"">Twitter for iPhone</a>",Habis pahala puasa aku yg mmg sikit je ni petang-petang ni. Dah la lapar yall,,,1,1638846635471171585
2023-03-23,liana,888116834825719809,,-1,in,"<a href=""http://twitter.com/download/iphone"" rel=""nofollow"">Twitter for iPhone</a>","lapar boleh tahan lagi, dahaga tu tak tahan weh sumpah. ??",,,,1638835740565213185
2023-03-23,Zack Grealish,758714698975936524,,-1,in,"<a href=""http://twitter.com/download/iphone"" rel=""nofollow"">Twitter for iPhone</a>",Rm70 habis dekat bazaar. Bahayanya bila pergi time tgh lapar. Semoga esok lebih baik.,,,,1638835330790096897
2023-03-23,Lieyaaaaa ????‍♀️,268654920,,-1,in,"<a href=""http://twitter.com/download/iphone"" rel=""nofollow"">Twitter for iPhone</a>",Ish boleh terbukak pulak live sajat tngah buka puasa ?? Kita dah lah tengah lapar??,,,,1638826716255891458
2023-03-23,?????????? ??????????,446001259,nanaqili,446001259,in,"<a href=""http://twitter.com/download/iphone"" rel=""nofollow"">Twitter for iPhone</a>","Tak lapar tapi heartburn ?? sabar ye perut, lagi 3 jam je",,,,1638815082774925312
2023-03-23,Mommy Monsta,621773415,,-1,in,"<a href=""http://twitter.com/download/iphone"" rel=""nofollow"">Twitter for iPhone</a>",Tapi sy tak lapar. Cuma perut sy yg bunyi-bunyi ??,,,,1638793856073494529
2023-03-23,ｏｒｋｉｄ ♡,850789976,,-1,in,"<a href=""http://twitter.com/download/iphone"" rel=""nofollow"">Twitter for iPhone</a>",Amir ni dah kenapa kehulu kehilir lalu depan aku harini. Lapar ke apa ??,,,,1638784185501614083
2023-03-23,oven terbang ,1354353418454802434,siSha98,1540750742536933376,in,"<a href=""http://twitter.com/download/iphone"" rel=""nofollow"">Twitter for iPhone</a>",@siSha98 Lapar lah … tapi kalau puasa kan harus ditahan laparnya ????,,,,1638774130316300289
2023-03-23,CikguFifaGaming,1082225054,,-1,in,"<a href=""http://twitter.com/download/android"" rel=""nofollow"">Twitter for Android</a>",Tiba² lapar. Kedai apa sedap tengahari mcm ni yer. ????????,,,,1638765357359063040
2023-03-23,terpaling paling,82277800,,-1,in,"<a href=""http://twitter.com/download/iphone"" rel=""nofollow"">Twitter for iPhone</a>",Belum terliur hhahha tak rasa lapar and haus lagi setakat ni.,,,,1638764332178866176
2023-03-23,♔EngkuWawaAshar♔,82580121,syueshariff,221619302,in,"<a href=""http://twitter.com/download/iphone"" rel=""nofollow"">Twitter for iPhone</a>","@syueshariff Dia ni baru pkul 12, takkan dh blur lapar ke? Kau ni apaa kau duk sini keee",,,,1638757905167179776
2023-03-23,Parboaboa,1403262851142230017,,-1,in,"<a href=""https://mobile.twitter.com"" rel=""nofollow"">Twitter Web App</a>","Resep Combro, Camilan Khas Sunda Penunda Lapar
https://t.co/LuZQCjbVwf
#parboaboa #trendingnow #trendingtopik #trendingviral #resep #combro #seleranusantara #makanankhas #sunda #jawabarat",,,,1638756227227475968
2023-03-23,SATBINMAS POLRES BKL-SEL,1587272727488237568,,-1,in,"<a href=""http://twitter.com/download/android"" rel=""nofollow"">Twitter for Android</a>","Selamat menunaikan ibadah puasa adiak sanak sekalian, sembari menahan haus dan lapar di siang hari jangan lupau tetap jagau Kamtibmas yang kondusif awu ????
@polda_bengkulu 
@polres_bengkulu_selatan 
@juda_tampubolon 
@judatampubolon 
#polripresisi
https://t.co/hMSMa8RGBZ",,,,1638753330871824384
2023-03-23,Anis,1954247269,,-1,in,"<a href=""http://twitter.com/download/iphone"" rel=""nofollow"">Twitter for iPhone</a>",Lain macam lapar first day puasa ni.,,,,1638747512503926784
2023-03-23,syimplos ??,803287261823410176,,-1,in,"<a href=""http://twitter.com/download/android"" rel=""nofollow"">Twitter for Android</a>",Tak lapar cuma dahaga,,,,1638743628846891015
2023-03-23,AzharKhilmy,91223482,,-1,in,"<a href=""http://twitter.com/#!/download/ipad"" rel=""nofollow"">Twitter for iPad</a>",Baru pukul 11 dah start lapar ni. Haha. Itu lah. Sahur 1 minit sebelum subuh lagi. ??,,,,1638740272652894211
2023-03-23,umi.zedd??,1459163966848974853,,-1,in,"<a href=""http://twitter.com/download/iphone"" rel=""nofollow"">Twitter for iPhone</a>",Sape suruh tak sahur. Kan dah lapar. Mengantuk plak tu. Rasa malas nau??,,,,1638728951563698178
2023-03-23,Pejuang Kanak-Kanak,106618567,MohdAliTaib,106618567,in,"<a href=""https://mobile.twitter.com"" rel=""nofollow"">Twitter Web App</a>","Bantulah kami untuk melaksanakan puasa, melakukan solat malam, menjaga lisan dan memelihara pandangan; dan jangan jadikan puasa kami hanya sekadar lapar dan dahaga. 

SELAMAT BERPUASA https://t.co/0fdIMqCwcR",,,,1638693953666191360
2023-03-23,wan izzat,1450949372,,-1,in,"<a href=""http://twitter.com/download/android"" rel=""nofollow"">Twitter for Android</a>",Perut dah start lapar ni.,,,,1638675205802577920
2023-03-23,Meck Ajaib,1537557249715245056,,-1,in,"<a href=""http://twitter.com/download/android"" rel=""nofollow"">Twitter for Android</a>","sahur oat 2 sudu, kurma 5 biji, telur rebus 4biji. 

buat balik mcm tahun lepas. tidak terlalu kenyang & xterlalu lapar. bykkan air. atleast tgh hari perut x bergendang rencak irama asli.",,,,1638651054517813248
2023-03-23,syara ??,1186862420704124929,,-1,in,"<a href=""http://twitter.com/download/iphone"" rel=""nofollow"">Twitter for iPhone</a>",nak bangun sahur sbb lapar tapi kalau baru nak tidur sekarang mmg tak bangun la cerita dia,,,,1638626009984675841
2023-03-22,Sofia??,195182878,yw_w26,1563098435820986369,in,"<a href=""http://twitter.com/download/iphone"" rel=""nofollow"">Twitter for iPhone</a>","@yw_w26 @masBUNG3 @FOODFESS2 @sebutsajakucing trueee, di jam jam bangun tidur abis sahur, perut itu keroncongan lapar gak jelas, tapi abis itu biasa ajaa sampe maghrib",,,,1638558196196605954
2023-03-22,???? عزتي ذوالقرنين,287994068,askrapidkl,2934256998,in,"<a href=""http://twitter.com/download/android"" rel=""nofollow"">Twitter for Android</a>",@askrapidkl memang tak boleh nak sediakan air or roti ke kalau ada problem macam ni. Aku rasa nak marah gila lapar penat dari pukul 7 tadi dari Kelana Jaya. Pukul 10 baru sampai Dato' Keramat.  Shiballl.,,,,1638549957610455042
2023-03-22,Goddess of the Night??✨,508559787,,-1,in,"<a href=""http://twitter.com/download/iphone"" rel=""nofollow"">Twitter for iPhone</a>",Aaarghhh vid ameng dah keluar. Excited lain macam kalau awal bulan puasa ni. Auto lapar ??,,,,1638532722502279168
2023-03-22,Kalila ????,418440023,AsmaAzha,857679362,in,"<a href=""http://twitter.com/download/android"" rel=""nofollow"">Twitter for Android</a>",@AsmaAzha Weh apa simptom gdm hg paling ketara eh? Aku memang boleh tahan lapar tapi risau dlm perut ni haa. Tak makan denyut² perut aku.,,,,1638531730369056768
2023-03-22,Kalila ????,418440023,,-1,in,"<a href=""http://twitter.com/download/android"" rel=""nofollow"">Twitter for Android</a>","Harap esok puasa ok la. Bfr this try ganti puasa, pukul 11 dah kena bukak sbb lapar gila. Siap muntah². Now, alahan pun dah kurang. Insyaallah nak puasa full. https://t.co/oAHFQegq8d",,,,1638521700102078464
2023-03-22,jon,1453276909,hanisahnabilah_,1594759370,in,"<a href=""http://twitter.com/download/android"" rel=""nofollow"">Twitter for Android</a>",@hanisahnabilah_ Lapar makan u.....,,,,1638464948400705537
2023-03-22,????????,3148211384,,-1,in,"<a href=""http://twitter.com/download/iphone"" rel=""nofollow"">Twitter for iPhone</a>",I lapar so I tengok mukbang. Harapnya cepatlah suami pulang. Nak pisang cheese ??,,,,1638463555413643264
2023-03-22,????????????.??????????,1389020868,,-1,in,"<a href=""http://twitter.com/download/iphone"" rel=""nofollow"">Twitter for iPhone</a>","Siang ni lapar . Menahan lapar nya lah aku ni . Cut segala gula bagai . Air pon dah habis 2 liter . Kejap lagi malam lagi lah aku lapar . So aku dinner before 7pm ?? kalau lapar jugak aku bancuh milo . Pastu tidur awal, jam 12 dah tidur . Selagi aku berjaga, selagi tu aku masak",,,,1638457746029965312
2023-03-22,Voney,1278716121789550595,,-1,in,"<a href=""http://twitter.com/download/android"" rel=""nofollow"">Twitter for Android</a>",Lapar tapi ga nafsu makan,,,,1638432596928647169
2023-03-22,Jijie,309457692,,-1,in,"<a href=""http://twitter.com/download/iphone"" rel=""nofollow"">Twitter for iPhone</a>","Dh mkn nasi, pizza pstu lapar lagi ?? ap ke masalah btul",,,,1638430680123338752
2023-03-22,Marsya,332121704,,-1,in,"<a href=""http://twitter.com/download/iphone"" rel=""nofollow"">Twitter for iPhone</a>",Risau weh aku time mcm ni dah lapar nanti puasa harap ok amin,,,,1638385034641170434
2023-03-22,linda salihin,2382932348,_NazriH,157231481,in,"<a href=""http://twitter.com/download/iphone"" rel=""nofollow"">Twitter for iPhone</a>","@_NazriH Tak bukak kat sekolah anak sy. Masa pra pun dah x serve makan. Budak2 baya 6-7 thn balik dah macam udang terbakar. Dari semangat nak belajar puasa, terus singgah shell sebab lapar ??",,,,1638356385481252866
2023-03-22,Jijie,309457692,,-1,in,"<a href=""http://twitter.com/download/iphone"" rel=""nofollow"">Twitter for iPhone</a>",Mcm mna nk puasa eh klau stiap masa lapar ??‍????,,,,1638336564811161600
2023-03-22,thq,1067580911233855488,,-1,in,"<a href=""http://twitter.com/download/iphone"" rel=""nofollow"">Twitter for iPhone</a>",Lapar dengan jammed macam ni . Aku berhenti tepi jalan kang.,,,,1638334905900990464
2023-03-22,Izza Idris,940843734836695041,Sauffie_84,3247784660,in,"<a href=""http://twitter.com/download/iphone"" rel=""nofollow"">Twitter for iPhone</a>","@Sauffie_84 Suami sy berkias. Sy berterus terang.
Lapar, ckp lapar.
Nk lipstik, ckp nk lipstik.
Mls msk, ckp mls msk.

Suami nk mntk sy msk, “syg kalau msk sdp”
Nk mkn burger, “syg, burger yg tu sdp kan”

Tp time dia berkias,sy terus tanya straight to the point. Dia gelak sbb sy dh fhm??",,,,1638324019891163137
2023-03-22,Dillydaly,591596695,kthpeachwinter,1333019968691081221,in,"<a href=""http://twitter.com/download/iphone"" rel=""nofollow"">Twitter for iPhone</a>",@kthpeachwinter Food is important. Bukan hanya memberikan nutrient but also boost morale. Imagine bebudak lapar and hanya ur keropok lekor 2rm is offered.,,,,1638321894423400448
2023-03-22,ena4wil,860860712,,-1,in,"<a href=""http://twitter.com/download/iphone"" rel=""nofollow"">Twitter for iPhone</a>","Within 10 minutes, ksong susu mama dia ?? sian dia lapar tggu mama dia.. sbb tu la daffa mena belajar mnum guna btol.. so if mama and daddy kluat jenis x ingt rmh, daffa blh tahan lapa skit..",,,,1638288677947441152
2023-03-22,JIJO FIGHTER??,1342264426116726784,ellysukatido,826823002218180609,in,"<a href=""http://twitter.com/download/iphone"" rel=""nofollow"">Twitter for iPhone</a>",@ellysukatido alah sama lah jijo gurau jer tu. awal pagi dekat malaysia ni mmg mcm ni lapar tapi tak leh nak makan ??,,,,1638248391707852800
2023-03-22,Maria Gultom,1244144797805195264,,-1,in,"<a href=""http://twitter.com/download/android"" rel=""nofollow"">Twitter for Android</a>",Kirain susah tidur karena Insomnia ternyata karena Lapar-_-,,,,1638229599606960128
2023-03-22,syimplos ??,803287261823410176,,-1,in,"<a href=""http://twitter.com/download/android"" rel=""nofollow"">Twitter for Android</a>",Tengah tengah lapar emotional pulak aku,,,,1638220073856036864
2023-03-21,✨Beef Liver Supremacy✨ ?? Isotret ??,2908067742,iezasevda,1241282930401349633,in,"<a href=""http://twitter.com/download/iphone"" rel=""nofollow"">Twitter for iPhone</a>","@iezasevda Dah la tak berjuang lawan lapar pun masa bulan puasa, pastu komplen harga baju raya mahal ????",,,,1638181433587154946
2023-03-21,?? ?? ?? ?? ?? ??,1555229816793620482,,-1,in,"<a href=""http://twitter.com/download/iphone"" rel=""nofollow"">Twitter for iPhone</a>",Aku lapar aku sakit perut ?? ke sebab tadi makan laksam weh ??,,,,1638159101200052224
2023-03-21,RamadanTiba,809256427,,-1,in,"<a href=""http://twitter.com/download/iphone"" rel=""nofollow"">Twitter for iPhone</a>","My normal day

Shahalam -> putrajaya-> dengkil -> sepang -> putrajaya-> shalam

Dah macam kerja grabcar ya.. Pastu nak dinner pon dah malas.. Tapi lapar ☹️",,,,1638143251130753025
2023-03-21,JIJO FIGHTER??,1342264426116726784,GhazaliPuteh,1552650994571325440,in,"<a href=""http://twitter.com/download/iphone"" rel=""nofollow"">Twitter for iPhone</a>",@GhazaliPuteh okey bagi sikit nanti makanan tu lapar,,,,1638142695184158720
2023-03-21,JIJO FIGHTER??,1342264426116726784,,-1,in,"<a href=""http://twitter.com/download/iphone"" rel=""nofollow"">Twitter for iPhone</a>",lelaki kalau lapar dia cari makan dulu..perempuan kalau dia lapar dia tak cari makan dulu! tapi dia cari pasal dulu barulah cari makan....????,,,15,1638117235528175616
2023-03-21,NFS,228398148,,-1,in,"<a href=""http://twitter.com/download/iphone"" rel=""nofollow"">Twitter for iPhone</a>",Lapar . Tp ngantuk . Amsyar pun tidur,,,,1638083197346123777
2023-03-21,Cik Senah,30199241,lilyzam__,1305821407868153857,in,"<a href=""http://twitter.com/download/iphone"" rel=""nofollow"">Twitter for iPhone</a>",@lilyzam__ @MeanMijer Benda makan jangan buat memain. Lelagi kalau time lapar. Hahhaaha,,,,1638070941111717888
2023-03-21,Kokoro,1197219512,azwant,65666044,in,"<a href=""http://twitter.com/download/iphone"" rel=""nofollow"">Twitter for iPhone</a>",@azwant Mkn sikit so x lapar n x ngantuk,,,,1638044877698248706
2023-03-21,Mala????,1453152752171847680,,-1,in,"<a href=""http://twitter.com/download/android"" rel=""nofollow"">Twitter for Android</a>",Sbentar lagi sdh bulan puasa harus kuat tahan nafsu dn lapar??✌️ https://t.co/ixy8eduE5x,,,,1638028782459322368
2023-03-21,Logan ??,1251404145648472071,,-1,in,"<a href=""http://twitter.com/download/android"" rel=""nofollow"">Twitter for Android</a>","Sambung redah jem..
Ada org area shah alam nak lunch sama?

Lapar weiii.. https://t.co/y3LXim3t2C",,,,1638028699131052032
2023-03-21,Christrie ??,1294242667866386432,,-1,in,"<a href=""http://twitter.com/download/android"" rel=""nofollow"">Twitter for Android</a>",Lapar bah asai ka meligan nemu ka,,,,1638020685913276417
2023-03-21,Raihana_Aai (2nd acc),1590372441511297025,Raihana_Aai4,1590372441511297025,in,"<a href=""http://twitter.com/download/iphone"" rel=""nofollow"">Twitter for iPhone</a>",sbb hari ni kene amek darah dengan perut lapar semua haihh,,,,1638005394021978113
2023-03-21,Meck Ajaib,1537557249715245056,,-1,in,"<a href=""http://twitter.com/download/android"" rel=""nofollow"">Twitter for Android</a>",bgun2 lapar,,,,1637950674238574594
2023-03-21,Qahhh ☂️,2550332383,,-1,in,"<a href=""http://twitter.com/download/iphone"" rel=""nofollow"">Twitter for iPhone</a>","Saya lapar, saya mahu makan kek ??",,,,1637948540008943620
2023-03-21,??,2381642209,,-1,in,"<a href=""http://twitter.com/download/iphone"" rel=""nofollow"">Twitter for iPhone</a>","So today makan toasted bread & mee kari je kat secret recipe. Now dah lapar nasi, dasar perut melayu lah sehari tk dpt nasi tk boleh ??",,,,1637869926924042241
2023-03-20,•MiRo ????•,707926932378128384,teatariq02,994545164101144576,in,"<a href=""http://twitter.com/download/iphone"" rel=""nofollow"">Twitter for iPhone</a>",@teatariq02 Nasi kandar doh tu. hurm..kijoe lapar blako ni bice psal nasi kabu. Mano eh hok jual nasi kabu sedap2 kt shah ale ni?luso poso doh.,,,,1637837638177804288
2023-03-20,amèl,825255618428547073,nurnathrah_,825255618428547073,in,"<a href=""http://twitter.com/download/iphone"" rel=""nofollow"">Twitter for iPhone</a>",YA ALLAH SYUKUR GILA WEH LUAR RUMAH AKU PAKAI SOLAR LAMP kt area parking kete- jadinya takdela satu rumah gelap. ?? kalo satu rumah takde sekelumit cahaya confirm aku dah nangis td sebab sesorang je kat rumah. dahla lapar takdan nak makan.,,,,1637836033877508096
2023-03-20,알리야 ✨,902026028,,-1,in,"<a href=""http://twitter.com/download/iphone"" rel=""nofollow"">Twitter for iPhone</a>",aku ni kurus tpi at the same time perut rasa lapar je ??,,,,1637791407057534977
2023-03-20,αɳყα ժíղҽɾօ ??,1422238676247990277,,-1,in,"<a href=""http://twitter.com/download/android"" rel=""nofollow"">Twitter for Android</a>","Faham tak, aku rasa lapar tapi tak rasa nak makan? Hm dah empat hari macam ni. Makan sikit je, pastu dah taknak hmm this is not me!",,,,1637783210745815040
2023-03-20,MAY™,1031092542,,-1,in,"<a href=""http://twitter.com/download/android"" rel=""nofollow"">Twitter for Android</a>",Kalu kto press besungguh takut nyo kato kto lapar nk ngejah dio..,,,,1637783091602391043
2023-03-20,Sofea,594769333,,-1,in,"<a href=""http://twitter.com/download/android"" rel=""nofollow"">Twitter for Android</a>",Lapar aku ni mmg takleh bawak bincang. Mmg lapar betul ye setiap masa??,,,,1637781185542918144
2023-03-20,??,834441786189766656,,-1,in,"<a href=""http://twitter.com/download/iphone"" rel=""nofollow"">Twitter for iPhone</a>","kalau lapar, tidur. then tada taklapar dah jehe",,,,1637745932862357504
2023-03-20,AHH 2,36712544,,-1,in,"<a href=""http://twitter.com/download/iphone"" rel=""nofollow"">Twitter for iPhone</a>",Lapar teruks….,,,,1637725429598674945
2023-03-20,Rosniah Abdullah,141129865,,-1,in,"<a href=""http://twitter.com/download/android"" rel=""nofollow"">Twitter for Android</a>","Flight dah sampai lewat malam, perut lapar, tapi kedai makan/cafe tutup dah. Tak convenient langsung. #klia https://t.co/cbHX6uP3uj",,,,1637713106624475136
2023-03-20,Yana Tasha,782072438527971329,,-1,in,"<a href=""http://twitter.com/download/iphone"" rel=""nofollow"">Twitter for iPhone</a>",Dia macam lapar tapi tak lapar sangat.,,,,1637688857163624449
2023-03-20,WOOF??,3284508540,,-1,in,"<a href=""http://twitter.com/download/iphone"" rel=""nofollow"">Twitter for iPhone</a>",Lapar. Makan kt rumah jelah.  6 hours to go,,,,1637684771496296448
2023-03-20,????????????.??????????,1389020868,TunHitler,1656138025,in,"<a href=""http://twitter.com/download/iphone"" rel=""nofollow"">Twitter for iPhone</a>",@TunHitler Faham . Nak kata lapar . X sangat pon . Peanut butter boleh kot . Kacang jugak ??,,,,1637680487912341504
2023-03-20,????????????'?? ??,1164767521381081088,,-1,in,"<a href=""http://twitter.com/download/iphone"" rel=""nofollow"">Twitter for iPhone</a>",Lapar lah aku ni. Nak masak apa eh.,,,,1637675849741901831
2023-03-20,N E Y R A,22664411,,-1,in,"<a href=""http://twitter.com/download/android"" rel=""nofollow"">Twitter for Android</a>",Lapar. Nak McD. Tapi pakcik bas tak habaq berapa minit stop sini. Tanya banyak Kali dia diam je. Pakcik bas ni bisu ke huuuuuuu https://t.co/SqkAD6OBlb,,,,1637526941246054400
2023-03-20,Papayen (Adzren Adnan),94138196,Ariff_ft_ezlan,554319318,in,"<a href=""http://twitter.com/download/iphone"" rel=""nofollow"">Twitter for iPhone</a>","@Ariff_ft_ezlan @imranasyraff @sofearozaidi_ Betul, tp silap sy jugak, facts tak tepat. Facts kena tepat baru ok. Sama mcm kalau org tanya knp kena solat. Kita pulak jwb sbb solat ni adalah senaman utama utk kuruskn badan kurangkan lapar selain tiang agama. Kn salah tu...",,,,1637505918530355201
2023-03-19,Λιηι ,1024466436,,-1,in,"<a href=""http://twitter.com/download/iphone"" rel=""nofollow"">Twitter for iPhone</a>","Aku taktau la lapar ke tak. Dah tu dari td duk buang air, ada la dalam 3 kali keluar masuk toilet within 1 hours. Menjadi2 bunyi perut kosong tu ??",,,,1637464191929053185
2023-03-19,Λιηι ,1024466436,,-1,in,"<a href=""http://twitter.com/download/iphone"" rel=""nofollow"">Twitter for iPhone</a>","Aku dah rasa kenyang dah tp tengah duduk2 kedengaran bunyi perut ""lapar"" ??",,,,1637463609583484929
2023-03-19,Effaaaa,66645219,,-1,in,"<a href=""http://twitter.com/download/iphone"" rel=""nofollow"">Twitter for iPhone</a>",Lapar lagi. @hanisfaiqahlahh  ????,,,,1637429459258339328
2023-03-19,William Chua,833298073283485696,CONTEMPRA_INN,1180181301095215104,in,"<a href=""http://twitter.com/download/android"" rel=""nofollow"">Twitter for Android</a>",@CONTEMPRA_INN @iloveitalyy Kucing comel sudah lapar,,,,1637354186869473282
2023-03-19,ⓘ YobSebenar,718272337,,-1,in,"<a href=""http://twitter.com/download/iphone"" rel=""nofollow"">Twitter for iPhone</a>",Aku barai betul ni. Tapi lapar tapi barai nak keluar. Bimbo ke ek kalau gini?,,,,1637324702522970112
