Datetime,ID,Username,Text,Location
2022-11-18 00:45:46+00:00,1.59341E+18,AlannaEloa,Am not gonna buy any type of medicine because I don't have enough money even for my healthy foods. I don't think my job has life insurance coverage. So sucks. Why everyone can't tell me the truth opinions that time I came back under Emergency? They zipped their mouths now opening,
2022-11-18 00:45:46+00:00,1.59341E+18,AlannaEloa,Am not gonna buy any type of medicine because I don't have enough money even for my healthy foods. I don't think my job has life insurance coverage. So sucks. Why everyone can't tell me the truth opinions that time I came back under Emergency? They zipped their mouths now opening,
2022-11-18 00:45:46+00:00,1.59341E+18,AlannaEloa,Am not gonna buy any type of medicine because I don't have enough money even for my healthy foods. I don't think my job has life insurance coverage. So sucks. Why everyone can't tell me the truth opinions that time I came back under Emergency? They zipped their mouths now opening,
2022-11-18 00:45:46+00:00,1.59341E+18,AlannaEloa,Am not gonna buy any type of medicine because I don't have enough money even for my healthy foods. I don't think my job has life insurance coverage. So sucks. Why everyone can't tell me the truth opinions that time I came back under Emergency? They zipped their mouths now opening,
2022-11-22 06:56:48+00:00,1.59495E+18,AlannaEloa,"I am fat not because of I eat enough healthy foods but because that fatty non gym habit, so the cholesterol isn't burning and reside comfortably in my body 😊😝",
2022-11-22 06:56:48+00:00,1.59495E+18,AlannaEloa,"I am fat not because of I eat enough healthy foods but because that fatty non gym habit, so the cholesterol isn't burning and reside comfortably in my body 😊😝",
2022-11-22 06:56:48+00:00,1.59495E+18,AlannaEloa,"I am fat not because of I eat enough healthy foods but because that fatty non gym habit, so the cholesterol isn't burning and reside comfortably in my body 😊😝",
2022-11-22 06:56:48+00:00,1.59495E+18,AlannaEloa,"I am fat not because of I eat enough healthy foods but because that fatty non gym habit, so the cholesterol isn't burning and reside comfortably in my body 😊😝",
2023-01-24 14:18:21+00:00,1.61789E+18,belleye,"@Emancipatedbla2 @TweetsOfCats Few rescued, the rest are my kitties. Not only loved but spoiled brats! 
The mom eats less so the kitties can the healthy and happy. That what matters. 
Their endless love is food enough for me.",KUALA LUMPUR
2023-01-24 14:18:21+00:00,1.61789E+18,belleye,"@Emancipatedbla2 @TweetsOfCats Few rescued, the rest are my kitties. Not only loved but spoiled brats! 
The mom eats less so the kitties can the healthy and happy. That what matters. 
Their endless love is food enough for me.",KUALA LUMPUR
2023-01-24 14:18:21+00:00,1.61789E+18,belleye,"@Emancipatedbla2 @TweetsOfCats Few rescued, the rest are my kitties. Not only loved but spoiled brats! 
The mom eats less so the kitties can the healthy and happy. That what matters. 
Their endless love is food enough for me.",KUALA LUMPUR
2023-01-24 14:18:21+00:00,1.61789E+18,belleye,"@Emancipatedbla2 @TweetsOfCats Few rescued, the rest are my kitties. Not only loved but spoiled brats! 
The mom eats less so the kitties can the healthy and happy. That what matters. 
Their endless love is food enough for me.",KUALA LUMPUR
2023-02-28 01:12:49+00:00,1.63038E+18,AlannaEloa,"That time I didn't have Passport in Australia. After this I have Passport so no need to worry so much World. I'd loved you too💚. Hungry is my money enough/not to buy food. I said, healthy like protein bars, fresh blended fruits and veggies, nuts, beans are advisable in Pool part",
2023-02-28 01:12:49+00:00,1.63038E+18,AlannaEloa,"That time I didn't have Passport in Australia. After this I have Passport so no need to worry so much World. I'd loved you too💚. Hungry is my money enough/not to buy food. I said, healthy like protein bars, fresh blended fruits and veggies, nuts, beans are advisable in Pool part",
2023-02-28 01:12:49+00:00,1.63038E+18,AlannaEloa,"That time I didn't have Passport in Australia. After this I have Passport so no need to worry so much World. I'd loved you too💚. Hungry is my money enough/not to buy food. I said, healthy like protein bars, fresh blended fruits and veggies, nuts, beans are advisable in Pool part",
2023-02-28 01:12:49+00:00,1.63038E+18,AlannaEloa,"That time I didn't have Passport in Australia. After this I have Passport so no need to worry so much World. I'd loved you too💚. Hungry is my money enough/not to buy food. I said, healthy like protein bars, fresh blended fruits and veggies, nuts, beans are advisable in Pool part",
2023-03-08 03:57:14+00:00,1.63332E+18,AlannaEloa,"Off to KLCc soon, my head is dizzy because not enough healthy food and body gains weight. Swimming have to pay AUD8.",
2023-03-08 03:57:14+00:00,1.63332E+18,AlannaEloa,"Off to KLCc soon, my head is dizzy because not enough healthy food and body gains weight. Swimming have to pay AUD8.",
2023-03-08 03:57:14+00:00,1.63332E+18,AlannaEloa,"Off to KLCc soon, my head is dizzy because not enough healthy food and body gains weight. Swimming have to pay AUD8.",
2023-03-08 03:57:14+00:00,1.63332E+18,AlannaEloa,"Off to KLCc soon, my head is dizzy because not enough healthy food and body gains weight. Swimming have to pay AUD8.",
