Datetime,ID,Username,Text,Location
2023-02-28 01:12:49+00:00,1.63038E+18,AlannaEloa,"That time I didn't have Passport in Australia. After this I have Passport so no need to worry so much World. I'd loved you too💚. Hungry is my money enough/not to buy food. I said, healthy like protein bars, fresh blended fruits and veggies, nuts, beans are advisable in Pool part",
2023-02-28 01:12:49+00:00,1.63038E+18,AlannaEloa,"That time I didn't have Passport in Australia. After this I have Passport so no need to worry so much World. I'd loved you too💚. Hungry is my money enough/not to buy food. I said, healthy like protein bars, fresh blended fruits and veggies, nuts, beans are advisable in Pool part",
2023-02-28 01:12:49+00:00,1.63038E+18,AlannaEloa,"That time I didn't have Passport in Australia. After this I have Passport so no need to worry so much World. I'd loved you too💚. Hungry is my money enough/not to buy food. I said, healthy like protein bars, fresh blended fruits and veggies, nuts, beans are advisable in Pool part",
2023-02-28 01:12:49+00:00,1.63038E+18,AlannaEloa,"That time I didn't have Passport in Australia. After this I have Passport so no need to worry so much World. I'd loved you too💚. Hungry is my money enough/not to buy food. I said, healthy like protein bars, fresh blended fruits and veggies, nuts, beans are advisable in Pool part",
