Datetime,ID,Username,Text,Location
2022-02-25 08:37:56+00:00,1.49713E+18,SanasyAppanah,Last days for Russian peoples food on the table. Sanction on the large scale will make poverty level worst for Putin self intetest and cronies. https://t.co/FEt3fhP4Nl,"Bandar Kuala Lumpur, Wilayah P"
2022-02-25 08:37:56+00:00,1.49713E+18,SanasyAppanah,Last days for Russian peoples food on the table. Sanction on the large scale will make poverty level worst for Putin self intetest and cronies. https://t.co/FEt3fhP4Nl,"Bandar Kuala Lumpur, Wilayah P"
2022-02-25 08:37:56+00:00,1.49713E+18,SanasyAppanah,Last days for Russian peoples food on the table. Sanction on the large scale will make poverty level worst for Putin self intetest and cronies. https://t.co/FEt3fhP4Nl,"Bandar Kuala Lumpur, Wilayah P"
2022-02-25 08:37:56+00:00,1.49713E+18,SanasyAppanah,Last days for Russian peoples food on the table. Sanction on the large scale will make poverty level worst for Putin self intetest and cronies. https://t.co/FEt3fhP4Nl,"Bandar Kuala Lumpur, Wilayah P"
2022-03-28 04:46:46+00:00,1.5083E+18,SanasyAppanah,Putin made hell for millions around the world. Food shortage due to short supplies like grains to third world countries. Hardly any left over for next day. Basic needs like breads are very essential item for poor people. Putin not only killing innocents but killing poverty nation https://t.co/i48BIR0Oxr,"Bandar Kuala Lumpur, Wilayah P"
2022-03-28 04:46:46+00:00,1.5083E+18,SanasyAppanah,Putin made hell for millions around the world. Food shortage due to short supplies like grains to third world countries. Hardly any left over for next day. Basic needs like breads are very essential item for poor people. Putin not only killing innocents but killing poverty nation https://t.co/i48BIR0Oxr,"Bandar Kuala Lumpur, Wilayah P"
2022-03-28 04:46:46+00:00,1.5083E+18,SanasyAppanah,Putin made hell for millions around the world. Food shortage due to short supplies like grains to third world countries. Hardly any left over for next day. Basic needs like breads are very essential item for poor people. Putin not only killing innocents but killing poverty nation https://t.co/i48BIR0Oxr,"Bandar Kuala Lumpur, Wilayah P"
2022-03-28 04:46:46+00:00,1.5083E+18,SanasyAppanah,Putin made hell for millions around the world. Food shortage due to short supplies like grains to third world countries. Hardly any left over for next day. Basic needs like breads are very essential item for poor people. Putin not only killing innocents but killing poverty nation https://t.co/i48BIR0Oxr,"Bandar Kuala Lumpur, Wilayah P"
2022-04-29 09:38:58+00:00,1.51997E+18,UKRinMAS,"According to the UN, over 1.7 billion people may risk poverty and famine as a result of disruptions in the food production system caused by Russia. 🇷🇺 continues to intentionally block sowing in 🇺🇦, destroying agricultural machinery, launching missile strikes across the country.","Kuala Lumpur, Malaysia"
2022-07-18 10:34:36+00:00,1.54898E+18,bahabidari,"Is this really necessary? Many Malaysians are going without enough food, living below the poverty line and we want to do this??? Maybe we should drink warm water. 

https://t.co/M2wGj8hij3",Sarawak 🇲🇾
2022-10-07 16:51:02+00:00,1.57843E+18,SangethaJ,"When we want to understand multi dimensional poverty, then we must move beyond the “food basket” modus operandi. Clothes cost way more than food at times, esoecially if one has growing children.",Malaysia
2022-10-07 16:51:02+00:00,1.57843E+18,SangethaJ,"When we want to understand multi dimensional poverty, then we must move beyond the “food basket” modus operandi. Clothes cost way more than food at times, esoecially if one has growing children.",Malaysia
2022-10-07 16:51:02+00:00,1.57843E+18,SangethaJ,"When we want to understand multi dimensional poverty, then we must move beyond the “food basket” modus operandi. Clothes cost way more than food at times, esoecially if one has growing children.",Malaysia
2022-10-07 16:51:02+00:00,1.57843E+18,SangethaJ,"When we want to understand multi dimensional poverty, then we must move beyond the “food basket” modus operandi. Clothes cost way more than food at times, esoecially if one has growing children.",Malaysia
2022-11-24 10:38:01+00:00,1.59573E+18,rajan_2009,"#AnwarIbrahimPM10  Can we have: 

1. cabinet &amp; shadow cabinet 
2.independent MACC, AGC &amp; the enforcement answerable to Parliment 
3.focus on Economy, Environment, education, food security, international relationship, poverty, disposable income 
4. Lean cabinet &amp; not bloated one",Batang Berjuntai/ K.Selangor 
2022-11-24 10:38:01+00:00,1.59573E+18,rajan_2009,"#AnwarIbrahimPM10  Can we have: 

1. cabinet &amp; shadow cabinet 
2.independent MACC, AGC &amp; the enforcement answerable to Parliment 
3.focus on Economy, Environment, education, food security, international relationship, poverty, disposable income 
4. Lean cabinet &amp; not bloated one",Batang Berjuntai/ K.Selangor 
2023-02-27 06:50:33+00:00,1.6301E+18,Media_Selangor,"Selangor Journal | Malaysia, Indonesia in pact to reduce poverty, increase food security in Southeast Asia https://t.co/ndbRHqnvp7 https://t.co/BMxzcgGQ3u",Shah Alam
2023-02-27 06:50:33+00:00,1.6301E+18,Media_Selangor,"Selangor Journal | Malaysia, Indonesia in pact to reduce poverty, increase food security in Southeast Asia https://t.co/ndbRHqnvp7 https://t.co/BMxzcgGQ3u",Shah Alam
2023-02-27 06:50:33+00:00,1.6301E+18,Media_Selangor,"Selangor Journal | Malaysia, Indonesia in pact to reduce poverty, increase food security in Southeast Asia https://t.co/ndbRHqnvp7 https://t.co/BMxzcgGQ3u",Shah Alam
2023-02-27 06:50:33+00:00,1.6301E+18,Media_Selangor,"Selangor Journal | Malaysia, Indonesia in pact to reduce poverty, increase food security in Southeast Asia https://t.co/ndbRHqnvp7 https://t.co/BMxzcgGQ3u",Shah Alam
2023-03-11 01:49:14+00:00,1.63437E+18,xanwara,"These factors may worsen ADHD symptom, but does not cause ADHD.

- Eating too much sugar
- Consuming artificial food colorings and flavorings
- Watching too much television
- Bad parenting styles
- Family chaos
- Poverty

#MentalHealthAwareness","Kuala Lumpur, Malaysia"
2023-03-11 01:49:14+00:00,1.63437E+18,xanwara,"These factors may worsen ADHD symptom, but does not cause ADHD.

- Eating too much sugar
- Consuming artificial food colorings and flavorings
- Watching too much television
- Bad parenting styles
- Family chaos
- Poverty

#MentalHealthAwareness","Kuala Lumpur, Malaysia"
2023-03-26 02:53:32+00:00,1.63982E+18,cheanchung,I was briefed that JCI PJ Chapter has been assisting and servicing the communities within PJ for many many years. Among the notable programs is the FoodHero Campaign initiated together with TedBoy bakery to help reduce food wastage addressing urban poverty within PJ &amp; Selangor. https://t.co/BHygUJFNYT,"Petaling, Selangor"
2023-03-26 02:53:32+00:00,1.63982E+18,cheanchung,I was briefed that JCI PJ Chapter has been assisting and servicing the communities within PJ for many many years. Among the notable programs is the FoodHero Campaign initiated together with TedBoy bakery to help reduce food wastage addressing urban poverty within PJ &amp; Selangor. https://t.co/BHygUJFNYT,"Petaling, Selangor"
2023-03-26 02:53:32+00:00,1.63982E+18,cheanchung,I was briefed that JCI PJ Chapter has been assisting and servicing the communities within PJ for many many years. Among the notable programs is the FoodHero Campaign initiated together with TedBoy bakery to help reduce food wastage addressing urban poverty within PJ &amp; Selangor. https://t.co/BHygUJFNYT,"Petaling, Selangor"
2023-03-26 02:53:32+00:00,1.63982E+18,cheanchung,I was briefed that JCI PJ Chapter has been assisting and servicing the communities within PJ for many many years. Among the notable programs is the FoodHero Campaign initiated together with TedBoy bakery to help reduce food wastage addressing urban poverty within PJ &amp; Selangor. https://t.co/BHygUJFNYT,"Petaling, Selangor"
