Datetime,ID,Username,Text,Location
2022-11-03 13:50:53+00:00,1.58817E+18,DelwarH9628,@elonmusk Dear elomusk #if you hungry can eat anything #but you hungry can’t eat your #twitter,Malaysia
2022-11-03 13:50:53+00:00,1.58817E+18,DelwarH9628,@elonmusk Dear elomusk #if you hungry can eat anything #but you hungry can’t eat your #twitter,Malaysia
2023-02-08 11:44:17+00:00,1.62329E+18,athrhcj,super duper hungry but can’t eat anything 😞,Pasir puteh
2023-02-08 11:44:17+00:00,1.62329E+18,athrhcj,super duper hungry but can’t eat anything 😞,Pasir puteh
