Datetime,ID,Username,Text,Location
2022-03-22 10:27:15+00:00,1.50622E+18,CurryKhoo,"@flowpetri Ya, that part worry me more. Once the food supply chain got disrupted, world can become chaotic. Hungry man, it’s an angry man.","Penang, Malaysia"
2022-04-17 04:20:44+00:00,1.51555E+18,penang_food,"Anyone there looking for fried oysters don't worry we are there to give you best for you 😋shop located in 84 Anjung Gurney 10250, Georgetown, George Town, Penang #food #foodie #penang #penangfood #Malaysia #makan https://t.co/tVoaAXeYRb",Penang 
2022-07-09 12:58:42+00:00,1.54575E+18,Hasuki244,"I’ve met his family so now it was his turn😊

Don’t worry, the husky family didn’t eat the fish (@/chaozfish)😂 

We ate nyonya food while we chit chat 😋💬 https://t.co/o0X6RnCJJY",
2022-07-29 16:02:48+00:00,1.55305E+18,AlannaEloa,"I'm so hungry, not enough food to my taste. Cost of living is expansive. Single life alone in Malaysia. Don't worry die also alone. To start struggling back to the previous life. How to continue shouldering these pain again. Hopefully there's employer to hire me not to marry me",
2022-08-28 07:03:41+00:00,1.56378E+18,AlannaEloa,"I am always everyday worry living in uncertainty and hanging without ample finance, ample food, ample roof and bright future. Where to stay after 1.9.2022 with still no job as what been guaranteed online before. This is real facts of my life Mr President of USA.",
2022-08-28 07:03:41+00:00,1.56378E+18,AlannaEloa,"I am always everyday worry living in uncertainty and hanging without ample finance, ample food, ample roof and bright future. Where to stay after 1.9.2022 with still no job as what been guaranteed online before. This is real facts of my life Mr President of USA.",
2022-08-28 07:03:41+00:00,1.56378E+18,AlannaEloa,"I am always everyday worry living in uncertainty and hanging without ample finance, ample food, ample roof and bright future. Where to stay after 1.9.2022 with still no job as what been guaranteed online before. This is real facts of my life Mr President of USA.",
2022-09-08 14:14:59+00:00,1.56788E+18,nnyysaa,"im not saying aku kakak yang baik. tapi i try my best to fulfill their needs. topup, sometimes treat them their fav food, when gaji will give them duit belanja. tak berkira. now ill try to NOT do it anymore since terasa yang amat sangat. for umi dont worry you still ok for me. 🥰",KL
2022-09-08 14:14:59+00:00,1.56788E+18,nnyysaa,"im not saying aku kakak yang baik. tapi i try my best to fulfill their needs. topup, sometimes treat them their fav food, when gaji will give them duit belanja. tak berkira. now ill try to NOT do it anymore since terasa yang amat sangat. for umi dont worry you still ok for me. 🥰",KL
2022-09-08 14:14:59+00:00,1.56788E+18,nnyysaa,"im not saying aku kakak yang baik. tapi i try my best to fulfill their needs. topup, sometimes treat them their fav food, when gaji will give them duit belanja. tak berkira. now ill try to NOT do it anymore since terasa yang amat sangat. for umi dont worry you still ok for me. 🥰",KL
2022-10-03 09:38:49+00:00,1.57687E+18,natashagideon,When she gets sick I don’t have to worry too much and thats something money can’t buy. Sign up with our code so Inca can get wet food 🌝,Malaysia
2022-10-03 09:38:49+00:00,1.57687E+18,natashagideon,When she gets sick I don’t have to worry too much and thats something money can’t buy. Sign up with our code so Inca can get wet food 🌝,Malaysia
2022-11-13 02:56:01+00:00,1.59163E+18,sudut_ngopi,Have a nice Sunday with a cup of good coffee from Sudut Ngopi today! Not a caffeine lover? Worry not! We serve a series of Matcha drinks as well 😉 @Twt_Kuantan @twtkuantan_food @KuantanReview @KuantanTV https://t.co/GjkcGmJRcP,Bandar Damansara Kuantan
2022-11-25 04:16:12+00:00,1.59599E+18,goodgirlshaf,"My stomach was abt to explode ystrday, tp andres kept offering me more food.

“Dont worry, it’s free”

😂😂😂",ram chander
2022-11-25 04:16:12+00:00,1.59599E+18,goodgirlshaf,"My stomach was abt to explode ystrday, tp andres kept offering me more food.

“Dont worry, it’s free”

😂😂😂",ram chander
2022-11-25 04:16:12+00:00,1.59599E+18,goodgirlshaf,"My stomach was abt to explode ystrday, tp andres kept offering me more food.

“Dont worry, it’s free”

😂😂😂",ram chander
2022-12-11 23:17:30+00:00,1.60208E+18,sudut_ngopi,"Not a fan of coffee? Don’t worry, we have several non coffee drinks to offer you and one of it is our delicious Matcha Latte. Visit our home based coffee shop to try it now! @KuantanTV @twtkuantan_food #kuantancoffeeshop #jjcmkuantan https://t.co/HKComyzMAy",Bandar Damansara Kuantan
2023-01-08 04:00:00+00:00,1.61194E+18,ayampenyets3,"Feeling hungry? But Sunday is the day to chill at home? Worry not, we are available online! Just search ✨Restoran Ayam Penyet Simpang 3✨ on your food apps. 😉

@BangiCommunity @BangiKita @Twt__Kajang https://t.co/IALTzisFTv","Kajang, Selangor"
2023-01-08 04:00:00+00:00,1.61194E+18,ayampenyets3,"Feeling hungry? But Sunday is the day to chill at home? Worry not, we are available online! Just search ✨Restoran Ayam Penyet Simpang 3✨ on your food apps. 😉

@BangiCommunity @BangiKita @Twt__Kajang https://t.co/IALTzisFTv","Kajang, Selangor"
2023-01-08 04:00:00+00:00,1.61194E+18,ayampenyets3,"Feeling hungry? But Sunday is the day to chill at home? Worry not, we are available online! Just search ✨Restoran Ayam Penyet Simpang 3✨ on your food apps. 😉

@BangiCommunity @BangiKita @Twt__Kajang https://t.co/IALTzisFTv","Kajang, Selangor"
2023-01-08 04:00:00+00:00,1.61194E+18,ayampenyets3,"Feeling hungry? But Sunday is the day to chill at home? Worry not, we are available online! Just search ✨Restoran Ayam Penyet Simpang 3✨ on your food apps. 😉

@BangiCommunity @BangiKita @Twt__Kajang https://t.co/IALTzisFTv","Kajang, Selangor"
2023-01-08 04:00:00+00:00,1.61194E+18,ayampenyets3,"Feeling hungry? But Sunday is the day to chill at home? Worry not, we are available online! Just search ✨Restoran Ayam Penyet Simpang 3✨ on your food apps. 😉

@BangiCommunity @BangiKita @Twt__Kajang https://t.co/IALTzisFTv","Kajang, Selangor"
2023-01-23 06:36:13+00:00,1.61741E+18,naqirozman,We need to realize that anxiety is not the same thing as anxiety disorder. You may feel anxious when talking to stranger and when ordering food that is just normal. Except when you have prolonged excessive worry and few anxiety disorder symptom that bothering your daily life.,Ipoh
2023-02-25 01:24:58+00:00,1.62929E+18,ChettiarShashi,"Your health is obviously important but stress, fear and worry are far more damaging than any delicious food or drink you may deny yourself. Happiness and peace are the best medicine.",Wilayah Persekutuan Kuala Lump
2023-02-25 01:24:58+00:00,1.62929E+18,ChettiarShashi,"Your health is obviously important but stress, fear and worry are far more damaging than any delicious food or drink you may deny yourself. Happiness and peace are the best medicine.",Wilayah Persekutuan Kuala Lump
2023-02-25 01:24:58+00:00,1.62929E+18,ChettiarShashi,"Your health is obviously important but stress, fear and worry are far more damaging than any delicious food or drink you may deny yourself. Happiness and peace are the best medicine.",Wilayah Persekutuan Kuala Lump
2023-02-25 01:24:58+00:00,1.62929E+18,ChettiarShashi,"Your health is obviously important but stress, fear and worry are far more damaging than any delicious food or drink you may deny yourself. Happiness and peace are the best medicine.",Wilayah Persekutuan Kuala Lump
2023-02-25 03:10:52+00:00,1.62932E+18,mrcurtainmy,"Sunscreen blinds continue to allow “soft light” into your home, so you can still appreciate natural light in the kitchen while you cook without being hot and flustered. They are also easy to clean so there is no need to worry about food and water staining them. https://t.co/JVW4ckwWJP","Johore, Malaysia"
2023-02-28 01:12:49+00:00,1.63038E+18,AlannaEloa,"That time I didn't have Passport in Australia. After this I have Passport so no need to worry so much World. I'd loved you too💚. Hungry is my money enough/not to buy food. I said, healthy like protein bars, fresh blended fruits and veggies, nuts, beans are advisable in Pool part",
2023-02-28 01:12:49+00:00,1.63038E+18,AlannaEloa,"That time I didn't have Passport in Australia. After this I have Passport so no need to worry so much World. I'd loved you too💚. Hungry is my money enough/not to buy food. I said, healthy like protein bars, fresh blended fruits and veggies, nuts, beans are advisable in Pool part",
2023-02-28 01:12:49+00:00,1.63038E+18,AlannaEloa,"That time I didn't have Passport in Australia. After this I have Passport so no need to worry so much World. I'd loved you too💚. Hungry is my money enough/not to buy food. I said, healthy like protein bars, fresh blended fruits and veggies, nuts, beans are advisable in Pool part",
2023-02-28 01:12:49+00:00,1.63038E+18,AlannaEloa,"That time I didn't have Passport in Australia. After this I have Passport so no need to worry so much World. I'd loved you too💚. Hungry is my money enough/not to buy food. I said, healthy like protein bars, fresh blended fruits and veggies, nuts, beans are advisable in Pool part",
2023-02-28 05:22:04+00:00,1.63044E+18,AlannaEloa,"In Australia Milo will give me foods, Peter will give me roofs. Everything is free of charge. Graham will give me breakfast and swimming all will be good, no need to worry about me at all but what you have to do, you have to worry about yourselves, just focus on yourself",
2023-02-28 05:22:04+00:00,1.63044E+18,AlannaEloa,"In Australia Milo will give me foods, Peter will give me roofs. Everything is free of charge. Graham will give me breakfast and swimming all will be good, no need to worry about me at all but what you have to do, you have to worry about yourselves, just focus on yourself",
2023-02-28 05:22:04+00:00,1.63044E+18,AlannaEloa,"In Australia Milo will give me foods, Peter will give me roofs. Everything is free of charge. Graham will give me breakfast and swimming all will be good, no need to worry about me at all but what you have to do, you have to worry about yourselves, just focus on yourself",
2023-02-28 05:22:04+00:00,1.63044E+18,AlannaEloa,"In Australia Milo will give me foods, Peter will give me roofs. Everything is free of charge. Graham will give me breakfast and swimming all will be good, no need to worry about me at all but what you have to do, you have to worry about yourselves, just focus on yourself",
2023-03-08 03:16:44+00:00,1.63331E+18,hiduphijau,@NotHarisHazizan Dont worry. I always eat your food 😘,
2023-03-08 03:16:44+00:00,1.63331E+18,hiduphijau,@NotHarisHazizan Dont worry. I always eat your food 😘,
2023-03-08 03:16:44+00:00,1.63331E+18,hiduphijau,@NotHarisHazizan Dont worry. I always eat your food 😘,
2023-03-08 03:16:44+00:00,1.63331E+18,hiduphijau,@NotHarisHazizan Dont worry. I always eat your food 😘,
2023-03-18 07:36:44+00:00,1.637E+18,Crynaux,"@n_ahwal No worry

Food kalau sedap, takde masalah harga keras

Jangan food Lebih kurang, bawah level saya Masak, charge gegila dekat 1k kat 1 restoran aritu

🤭",Hell
2023-03-18 07:36:44+00:00,1.637E+18,Crynaux,"@n_ahwal No worry

Food kalau sedap, takde masalah harga keras

Jangan food Lebih kurang, bawah level saya Masak, charge gegila dekat 1k kat 1 restoran aritu

🤭",Hell
2023-03-18 07:36:44+00:00,1.637E+18,Crynaux,"@n_ahwal No worry

Food kalau sedap, takde masalah harga keras

Jangan food Lebih kurang, bawah level saya Masak, charge gegila dekat 1k kat 1 restoran aritu

🤭",Hell
2023-03-18 07:36:44+00:00,1.637E+18,Crynaux,"@n_ahwal No worry

Food kalau sedap, takde masalah harga keras

Jangan food Lebih kurang, bawah level saya Masak, charge gegila dekat 1k kat 1 restoran aritu

🤭",Hell
