Datetime,ID,Username,Text,Location
2022-10-16 15:43:58+00:00,1.58167E+18,faizalhamssin,"Wear your perfume; not bathe in it.

Eat nutritious food. Sweat it out regularly. Drink enough water. Then, you’ll notice that one spray on the chest is all it takes; the perfume will blend nicely with your natural smell, and you will smell just nice and pleasant all day long. 😃","Kuala Lumpur, Malaysia"
2022-10-16 15:43:58+00:00,1.58167E+18,faizalhamssin,"Wear your perfume; not bathe in it.

Eat nutritious food. Sweat it out regularly. Drink enough water. Then, you’ll notice that one spray on the chest is all it takes; the perfume will blend nicely with your natural smell, and you will smell just nice and pleasant all day long. 😃","Kuala Lumpur, Malaysia"
2022-10-16 15:43:58+00:00,1.58167E+18,faizalhamssin,"Wear your perfume; not bathe in it.

Eat nutritious food. Sweat it out regularly. Drink enough water. Then, you’ll notice that one spray on the chest is all it takes; the perfume will blend nicely with your natural smell, and you will smell just nice and pleasant all day long. 😃","Kuala Lumpur, Malaysia"
2022-10-16 15:43:58+00:00,1.58167E+18,faizalhamssin,"Wear your perfume; not bathe in it.

Eat nutritious food. Sweat it out regularly. Drink enough water. Then, you’ll notice that one spray on the chest is all it takes; the perfume will blend nicely with your natural smell, and you will smell just nice and pleasant all day long. 😃","Kuala Lumpur, Malaysia"
