Datetime,ID,Username,Text,Location
2022-02-06 16:46:04+00:00,1.49037E+18,zakirahzahran,"Emosinyaaa rasa di judge. Butttt the trick work wonders for Nuh. Terus ada selera makan. Never skip meals. Pagi petang snack malam. Kadang2 tu makanan pun cari sendiri. 

Lantak mak tiri nenek kau lah nak kata apa. Yang penting capai maksud.",BSC
2022-02-08 05:03:23+00:00,1.49091E+18,itsaaimanyaakob,Happy luncheon everyone! Don't skip your meals,
2022-04-09 06:12:30+00:00,1.51267E+18,amaafifah,Lesson learned jangan skip inflight meals when you flight at 3am or else masuk angin,
2022-05-01 04:17:53+00:00,1.52062E+18,MikeWongTzeJin,"On weekends, well-to-do ppl will eat out, the average families will tapao &amp; the less fortunate ones will either cook or skip meals.
What category r u???",Malaysia
2022-06-25 12:31:09+00:00,1.54067E+18,zezaai,Rest well! Don't skip your meals oki 😘 I love you Choi Bomin 💕 @Hi_Goldenness https://t.co/HIUPTzVD7S,
2022-06-25 12:31:09+00:00,1.54067E+18,zezaai,Rest well! Don't skip your meals oki 😘 I love you Choi Bomin 💕 @Hi_Goldenness https://t.co/HIUPTzVD7S,
2022-07-05 10:41:55+00:00,1.54427E+18,Elill_E,".@IsmailSabri60 team loves making videos of him but perhaps now is not the best time.

🔴There were 627 flood victims today

🔴University students skipping meals due to hike in prices

🔴Covid-19 cases rising

🔴People can’t afford to buy basic necessities due to cost of living",Selangor 
2022-07-05 10:41:55+00:00,1.54427E+18,Elill_E,".@IsmailSabri60 team loves making videos of him but perhaps now is not the best time.

🔴There were 627 flood victims today

🔴University students skipping meals due to hike in prices

🔴Covid-19 cases rising

🔴People can’t afford to buy basic necessities due to cost of living",Selangor 
2022-07-05 10:41:55+00:00,1.54427E+18,Elill_E,".@IsmailSabri60 team loves making videos of him but perhaps now is not the best time.

🔴There were 627 flood victims today

🔴University students skipping meals due to hike in prices

🔴Covid-19 cases rising

🔴People can’t afford to buy basic necessities due to cost of living",Selangor 
2022-07-05 10:41:55+00:00,1.54427E+18,Elill_E,".@IsmailSabri60 team loves making videos of him but perhaps now is not the best time.

🔴There were 627 flood victims today

🔴University students skipping meals due to hike in prices

🔴Covid-19 cases rising

🔴People can’t afford to buy basic necessities due to cost of living",Selangor 
2022-07-19 18:20:06+00:00,1.54946E+18,AdilaKadir,"Sometimes I’d wake up early out of habit but I almost always go back to sleep. I’d skip meals &amp; oversleep till noon, or worse. Then I’d wake up feeling groggy, I’d take a shower and my first meal of the day, looking at the time, thinking I’ve wasted half of my Saturday 😔","Shah Alam, Selangor.🇲🇾"
2022-07-29 17:59:54+00:00,1.55308E+18,Abu_Bin_Aslan,"Tips to help you lose weight

Do not skip breakfast. Skipping breakfast will not help you lose weight. ...

Eat regular meals. ...

Eat plenty of fruit and veg. ...

Get more active. ...

Drink plenty of water. ...

Eat high fibre foods. ...

🖤https://t.co/3oNJkXsYKC🖤 https://t.co/dDy6rACAel",United States
2022-07-29 17:59:54+00:00,1.55308E+18,Abu_Bin_Aslan,"Tips to help you lose weight

Do not skip breakfast. Skipping breakfast will not help you lose weight. ...

Eat regular meals. ...

Eat plenty of fruit and veg. ...

Get more active. ...

Drink plenty of water. ...

Eat high fibre foods. ...

🖤https://t.co/3oNJkXsYKC🖤 https://t.co/dDy6rACAel",United States
2022-07-29 17:59:54+00:00,1.55308E+18,Abu_Bin_Aslan,"Tips to help you lose weight

Do not skip breakfast. Skipping breakfast will not help you lose weight. ...

Eat regular meals. ...

Eat plenty of fruit and veg. ...

Get more active. ...

Drink plenty of water. ...

Eat high fibre foods. ...

🖤https://t.co/3oNJkXsYKC🖤 https://t.co/dDy6rACAel",United States
2022-08-28 11:16:40+00:00,1.56385E+18,ruffleseed,@dahlianae1 Orang kurus memang kena kira. Can lose 2kg a day if skip meals hahaha,Malaysia
2022-10-09 15:40:58+00:00,1.57913E+18,llanowaaa,Baca comment kt fb psl gastric n gerd ni i promise tk nak skip meals dah 😭,
2022-11-18 13:25:49+00:00,1.5936E+18,adamidyrazlan,"3. Plan your meals. Jgn skip meals pastu tiba2 lapar. Or makan sikit sgt pastu blom sempat pape lapar balik. Walaupun xde selera, try not to skip any meals.",Malaysia
2022-11-18 13:25:49+00:00,1.5936E+18,adamidyrazlan,"3. Plan your meals. Jgn skip meals pastu tiba2 lapar. Or makan sikit sgt pastu blom sempat pape lapar balik. Walaupun xde selera, try not to skip any meals.",Malaysia
2022-11-18 13:25:49+00:00,1.5936E+18,adamidyrazlan,"3. Plan your meals. Jgn skip meals pastu tiba2 lapar. Or makan sikit sgt pastu blom sempat pape lapar balik. Walaupun xde selera, try not to skip any meals.",Malaysia
2022-12-02 15:25:04+00:00,1.5987E+18,alfhysrna,"Skip meals over and over again. 

How do i get rid this habit ah 🥲",BKI // KUL 
2022-12-02 15:25:04+00:00,1.5987E+18,alfhysrna,"Skip meals over and over again. 

How do i get rid this habit ah 🥲",BKI // KUL 
2022-12-02 15:25:04+00:00,1.5987E+18,alfhysrna,"Skip meals over and over again. 

How do i get rid this habit ah 🥲",BKI // KUL 
2022-12-02 15:25:04+00:00,1.5987E+18,alfhysrna,"Skip meals over and over again. 

How do i get rid this habit ah 🥲",BKI // KUL 
2022-12-05 09:59:30+00:00,1.59971E+18,syafiqah_samat,"See I can live w/o ppi bcs I know I bukan gastrik, Dr suruh jgn skip meals sbbtu pagi2 muntah2 mual2 tapi harini my first meal at 5 pm &amp; no gastric attack so far 🦖",Malaysia
2022-12-05 09:59:30+00:00,1.59971E+18,syafiqah_samat,"See I can live w/o ppi bcs I know I bukan gastrik, Dr suruh jgn skip meals sbbtu pagi2 muntah2 mual2 tapi harini my first meal at 5 pm &amp; no gastric attack so far 🦖",Malaysia
2022-12-05 09:59:30+00:00,1.59971E+18,syafiqah_samat,"See I can live w/o ppi bcs I know I bukan gastrik, Dr suruh jgn skip meals sbbtu pagi2 muntah2 mual2 tapi harini my first meal at 5 pm &amp; no gastric attack so far 🦖",Malaysia
2022-12-05 09:59:30+00:00,1.59971E+18,syafiqah_samat,"See I can live w/o ppi bcs I know I bukan gastrik, Dr suruh jgn skip meals sbbtu pagi2 muntah2 mual2 tapi harini my first meal at 5 pm &amp; no gastric attack so far 🦖",Malaysia
2022-12-08 02:13:33+00:00,1.60067E+18,ArifRalph,@_theijal Tak boleh skip meals*,Kings Landing / KL
2022-12-08 02:13:33+00:00,1.60067E+18,ArifRalph,@_theijal Tak boleh skip meals*,Kings Landing / KL
2022-12-08 02:13:33+00:00,1.60067E+18,ArifRalph,@_theijal Tak boleh skip meals*,Kings Landing / KL
2022-12-08 02:13:33+00:00,1.60067E+18,ArifRalph,@_theijal Tak boleh skip meals*,Kings Landing / KL
2022-12-20 10:14:11+00:00,1.60514E+18,aaaaamiera,"@EnyRafael yelah, not enough sleep or skipping meals punca u pening. so? avoid semua tu ok?",
2022-12-20 10:14:11+00:00,1.60514E+18,aaaaamiera,"@EnyRafael yelah, not enough sleep or skipping meals punca u pening. so? avoid semua tu ok?",
2022-12-20 10:14:11+00:00,1.60514E+18,aaaaamiera,"@EnyRafael yelah, not enough sleep or skipping meals punca u pening. so? avoid semua tu ok?",
2022-12-20 10:14:11+00:00,1.60514E+18,aaaaamiera,"@EnyRafael yelah, not enough sleep or skipping meals punca u pening. so? avoid semua tu ok?",
2023-02-01 10:09:54+00:00,1.62073E+18,Azpapip,@AinZainuddn Never skip meals. Nanti gastric. I used to do that till dapat colitis &amp; bad gastric &amp; admit hosp. We are replaceable. Take care ☝🏻,Kuala Lumpur Federal Territory
2023-02-01 10:09:54+00:00,1.62073E+18,Azpapip,@AinZainuddn Never skip meals. Nanti gastric. I used to do that till dapat colitis &amp; bad gastric &amp; admit hosp. We are replaceable. Take care ☝🏻,Kuala Lumpur Federal Territory
2023-02-01 10:09:54+00:00,1.62073E+18,Azpapip,@AinZainuddn Never skip meals. Nanti gastric. I used to do that till dapat colitis &amp; bad gastric &amp; admit hosp. We are replaceable. Take care ☝🏻,Kuala Lumpur Federal Territory
2023-02-01 10:09:54+00:00,1.62073E+18,Azpapip,@AinZainuddn Never skip meals. Nanti gastric. I used to do that till dapat colitis &amp; bad gastric &amp; admit hosp. We are replaceable. Take care ☝🏻,Kuala Lumpur Federal Territory
2023-02-12 09:41:59+00:00,1.62471E+18,jingers__,"skipping meals to deserve a good meal like this! (@ Jatujak @ Siam [Bangkok Street Food] in Ara Damansara, Selangor) https://t.co/pEtzyPQEjH",Sydney
2023-02-12 09:41:59+00:00,1.62471E+18,jingers__,"skipping meals to deserve a good meal like this! (@ Jatujak @ Siam [Bangkok Street Food] in Ara Damansara, Selangor) https://t.co/pEtzyPQEjH",Sydney
2023-02-12 09:41:59+00:00,1.62471E+18,jingers__,"skipping meals to deserve a good meal like this! (@ Jatujak @ Siam [Bangkok Street Food] in Ara Damansara, Selangor) https://t.co/pEtzyPQEjH",Sydney
2023-02-12 09:41:59+00:00,1.62471E+18,jingers__,"skipping meals to deserve a good meal like this! (@ Jatujak @ Siam [Bangkok Street Food] in Ara Damansara, Selangor) https://t.co/pEtzyPQEjH",Sydney
2023-02-17 14:47:19+00:00,1.62659E+18,FindingNnn,@ChenRcj please not to skip ur meals naa 🥹,
2023-02-17 14:47:19+00:00,1.62659E+18,FindingNnn,@ChenRcj please not to skip ur meals naa 🥹,
2023-02-17 14:47:19+00:00,1.62659E+18,FindingNnn,@ChenRcj please not to skip ur meals naa 🥹,
2023-02-17 14:47:19+00:00,1.62659E+18,FindingNnn,@ChenRcj please not to skip ur meals naa 🥹,
