Datetime,ID,Username,Text,Location
2023-02-21 15:47:43+00:00,1.62806E+18,faizalhamssin,"Judging from the sentiment on Facebook, Menu Rahmah is probably the most successful (and well-received) initiative by the PMX govt so far (and by far).

Never underestimate the power of a simple, straightforward initiative - people love food, and they need it cheap. So it works.","Kuala Lumpur, Malaysia"
2023-02-04 16:17:47+00:00,1.62191E+18,HannZiq,Menu Rahmah ni tak boleh semua pun join sbb ada makanan tu memang tak sesuai pun. I am against for fast food to be part of it. Do we encourage parents give McD &amp; KFC to the kids everyday just because it is cheap under Menu Rahmah?,"kepong, kl"
2023-01-21 16:57:51+00:00,1.61684E+18,faizzeo,food confirm pricey. nearest cheap one maybe mynews or shoplot/stall at the LRT station. or axiata arena. onsite confirm mahal. stadium kot. plus the tix is rm40 each. dah level #comicfiesta,Kuala Lumpur
2022-12-23 19:55:23+00:00,1.60638E+18,tsukiyaii,@brgsjks Idc bc i'm either going to sushi zanmai or no sushi at all for me. Freshness tu penting sbb mmg flavor n texture pun lain. Dah forever fobia food poisoning makan cheap sushi.,
2022-12-13 02:15:20+00:00,1.60249E+18,chickweed79,"To every customer who review us on google, I know who you are. Expecting cheap lunch set menu on PH but saying you want to spend your money on our food is contradictory.
You give customer service 1/5 cos you can’t get cheap lunch set just show what a cheap skate you are.",68100
2022-12-06 00:04:28+00:00,1.59992E+18,luxentX,"Real maple syrup is expensive in Malaysia. In Malaysia, they have corn syrup instead which is cheap served in fast food joints for waffles.",Petaling Jaya
2022-12-04 10:12:03+00:00,1.59935E+18,izuddinhelmi,Delicious cheap food. https://t.co/GmBGJHl4KZ,Kuala Lumpur Federal Territory
2022-11-29 10:36:17+00:00,1.59754E+18,thegreatjinnie,"Conclusion for today self rewards 'day'
1) Got myself a new PUMA shoe
2) Nice lunch food with officemates
3) Kind grab drivers who entertained my day
The only cons is public transport. Hard to travel around shah alam cheap and fast. Spent RM40 + just for traveling. https://t.co/L38rVjrK5E",ma bed
2022-11-15 12:10:09+00:00,1.59249E+18,AlannaEloa,"Spend my cheap salary is just to buy toiletries more expansive than my food price for my body, my brain no food",
2022-10-27 13:50:02+00:00,1.58563E+18,AlannaEloa,"Eventhough I got paid cheap, and I have to buy the cheapest foods doesn't mean that my foods price are cheap and I eat the cheap foods",
2022-10-22 16:52:50+00:00,1.58386E+18,radziyusof,"7. If you think, our currency is good now, it used to be 1:1 and now 1TL is about 30 sen, hence things are cheap. Nope. To begin with the price in lira especially food is nothing less than 120TL. Campur air, at least RM50. Good meal is about RM70.",Putra Heights
2022-07-07 03:49:41+00:00,1.54489E+18,sirennextdoor,What the hell is small order fee @GrabMY why cant i order cheap food? https://t.co/OwNMyVWAK0,
2022-06-16 04:03:04+00:00,1.53728E+18,MarioJD90,"Finally managed to get proper groceries via @HappyFresh_MY .

Food delivery is not cheap at all. Definitely a luxury 💀","Kuala Lumpur,Malaysia"
2022-05-08 04:21:25+00:00,1.52316E+18,jimmyjemii,Absolutely agree. Currently interning in KL. My first time staying independently without family. Found a rental home in kampung baru. Near to workplace. Near to lrt and monorail. Got many good and cheap foods. Really love being here. 🤣,"Kuala Lumpur City, Kuala Lumpur Federal Territory"
2022-03-23 13:54:15+00:00,1.50663E+18,MUAZZUDIRADAM,@hafizithninlol Demson. Cheap enough. Arghhhhh!!! Cannot stand anymore laa. Come here free food from kakton cafe.,TUKANG MASAK
2022-02-05 04:59:13+00:00,1.48983E+18,SeowChinSiew3,"Malacca housing is excellent and expanded to Green area.
Future investors will pouring in to Malacca as foods is cheap.
Environment is Green. https://t.co/H9OsNqNtjl",
2022-10-26 14:21:18+00:00,1.58528E+18,WMHilmiOmar,"Oh no, a cheap fast food is cheaply made.",Kuala Lumpur Federal Territory
2023-03-28 12:34:05+00:00,1.64069E+18,zophanem,"Today will probably be my first and last day going to bazaar. Overrated. Mahal. Semua dah taste dah pun.

Sebelum puasa aku aim nak rasa murtabak, roti john, nasi tomato, nasi briyani. All that done. So back to usual great cheap foods in Bangi. Lagi berbaloi :)",Putrajaya
2023-03-26 15:50:55+00:00,1.64002E+18,MohdRidzuanIsa1,"@JKSteinberger you really like to have billions die don't you? bold of you to assume your ilk wont be the first to go. ramping down fossil fuel without a viable alternative would mean no more modern products, no more cheap products across the globe, markedly less food material etc.",kuala lumpur
2023-03-26 14:27:56+00:00,1.64E+18,loz_dude,"@toadmeister As a vegetarian who loves Italian food, I am very happy at this news.
But I suspect that any food producer that uses bugs will find that they are targeting a very small niche market - it will probably appear in cheap snacks first.","Petaling Jaya, Malaysia"
2023-02-21 15:47:43+00:00,1.62806E+18,faizalhamssin,"Judging from the sentiment on Facebook, Menu Rahmah is probably the most successful (and well-received) initiative by the PMX govt so far (and by far).

Never underestimate the power of a simple, straightforward initiative - people love food, and they need it cheap. So it works.","Kuala Lumpur, Malaysia"
2023-02-04 16:17:47+00:00,1.62191E+18,HannZiq,Menu Rahmah ni tak boleh semua pun join sbb ada makanan tu memang tak sesuai pun. I am against for fast food to be part of it. Do we encourage parents give McD &amp; KFC to the kids everyday just because it is cheap under Menu Rahmah?,"kepong, kl"
2023-01-21 16:57:51+00:00,1.61684E+18,faizzeo,food confirm pricey. nearest cheap one maybe mynews or shoplot/stall at the LRT station. or axiata arena. onsite confirm mahal. stadium kot. plus the tix is rm40 each. dah level #comicfiesta,Kuala Lumpur
2022-12-23 19:55:23+00:00,1.60638E+18,tsukiyaii,@brgsjks Idc bc i'm either going to sushi zanmai or no sushi at all for me. Freshness tu penting sbb mmg flavor n texture pun lain. Dah forever fobia food poisoning makan cheap sushi.,
2022-12-13 02:15:20+00:00,1.60249E+18,chickweed79,"To every customer who review us on google, I know who you are. Expecting cheap lunch set menu on PH but saying you want to spend your money on our food is contradictory.
You give customer service 1/5 cos you can’t get cheap lunch set just show what a cheap skate you are.",68100
2022-12-06 00:04:28+00:00,1.59992E+18,luxentX,"Real maple syrup is expensive in Malaysia. In Malaysia, they have corn syrup instead which is cheap served in fast food joints for waffles.",Petaling Jaya
2022-12-04 10:12:03+00:00,1.59935E+18,izuddinhelmi,Delicious cheap food. https://t.co/GmBGJHl4KZ,Kuala Lumpur Federal Territory
2022-11-29 10:36:17+00:00,1.59754E+18,thegreatjinnie,"Conclusion for today self rewards 'day'
1) Got myself a new PUMA shoe
2) Nice lunch food with officemates
3) Kind grab drivers who entertained my day
The only cons is public transport. Hard to travel around shah alam cheap and fast. Spent RM40 + just for traveling. https://t.co/L38rVjrK5E",ma bed
2022-11-15 12:10:09+00:00,1.59249E+18,AlannaEloa,"Spend my cheap salary is just to buy toiletries more expansive than my food price for my body, my brain no food",
2022-10-27 13:50:02+00:00,1.58563E+18,AlannaEloa,"Eventhough I got paid cheap, and I have to buy the cheapest foods doesn't mean that my foods price are cheap and I eat the cheap foods",
2022-10-22 16:52:50+00:00,1.58386E+18,radziyusof,"7. If you think, our currency is good now, it used to be 1:1 and now 1TL is about 30 sen, hence things are cheap. Nope. To begin with the price in lira especially food is nothing less than 120TL. Campur air, at least RM50. Good meal is about RM70.",Putra Heights
2022-05-08 04:21:25+00:00,1.52316E+18,jimmyjemii,Absolutely agree. Currently interning in KL. My first time staying independently without family. Found a rental home in kampung baru. Near to workplace. Near to lrt and monorail. Got many good and cheap foods. Really love being here. 🤣,"Kuala Lumpur City, Kuala Lumpur Federal Territory"
2022-03-23 13:54:15+00:00,1.50663E+18,MUAZZUDIRADAM,@hafizithninlol Demson. Cheap enough. Arghhhhh!!! Cannot stand anymore laa. Come here free food from kakton cafe.,TUKANG MASAK
2022-02-05 04:59:13+00:00,1.48983E+18,SeowChinSiew3,"Malacca housing is excellent and expanded to Green area.
Future investors will pouring in to Malacca as foods is cheap.
Environment is Green. https://t.co/H9OsNqNtjl",
2022-10-15 01:53:08+00:00,1.5811E+18,AnthonyHere88,@Rjohnching7 Quality Food but Cheap 💯. I hope we have these in MNL.,Muntinlupa City
2023-03-28 12:34:05+00:00,1.64069E+18,zophanem,"Today will probably be my first and last day going to bazaar. Overrated. Mahal. Semua dah taste dah pun.

Sebelum puasa aku aim nak rasa murtabak, roti john, nasi tomato, nasi briyani. All that done. So back to usual great cheap foods in Bangi. Lagi berbaloi :)",Putrajaya
2023-03-15 04:17:30+00:00,1.63586E+18,msiarabbitowner,"Maybe when I was younger idk why but Klang really a nice place actually, cheap food, free parking most of the time because MPK is lazy and fewer traffic jams",Malaysia
2022-09-19 09:51:15+00:00,1.5718E+18,Nik4hm4d,Dont blame us for choosing Indonesia or Thailand. This early October I’m driving to BKK again &amp; onwards to Pattaya. Fuel may cost more but food plus accomodations are damn cheap. It’s worth the trip.,"Putrajaya Federal Territory, Malaysia"
2022-07-11 06:22:04+00:00,1.54638E+18,MARcomOfficial,"yup. i think i'll drive 2 hours back and forth to &amp; from this shop/gerai every meal time (breakfast, lunch, dinner = total 6 hours) to get cheap food. yay",Tamago no Chuushin
2022-06-26 16:58:06+00:00,1.5411E+18,dettol_sprayz,Cheap food 404 not found,Dettol Manufacturing Factory
2022-03-28 08:32:19+00:00,1.50836E+18,manzlovelinus,this restaurant sell food and drink so cheap 😳🥹😭 https://t.co/7GD9y8fRKW,🇲🇾 x 🇰🇷
2022-05-27 19:08:55+00:00,1.53026E+18,avionajo_,I love Penang. I really enjoy the food here coz it's so good and cheap. Guess I'm coming back here again next time for a short vacation ☺💛✨,"Kuching, Sarawak"
2022-10-23 00:39:39+00:00,1.58398E+18,Nadnarcotic,"I was at uitm shah alam for a year doing my Tesl foundation. Penat betul had to rush everyday sebab my faculty wasn't even at the main campus. Everday had to travel from seksyen 2 to seksyen 17. So I decided for my degree I nak Uni yang tenang, no rush, no curfew, and cheap food.",Naddo's Crib Ipoh
2022-03-06 07:06:44+00:00,1.50037E+18,elossawp,the bread and food here is quite cheap. I recommend you come here if you're in ipoh https://t.co/s4sRiLC0nT,
2023-03-28 12:34:05+00:00,1.64069E+18,zophanem,"Today will probably be my first and last day going to bazaar. Overrated. Mahal. Semua dah taste dah pun.

Sebelum puasa aku aim nak rasa murtabak, roti john, nasi tomato, nasi briyani. All that done. So back to usual great cheap foods in Bangi. Lagi berbaloi :)",Putrajaya
2023-03-15 04:17:30+00:00,1.63586E+18,msiarabbitowner,"Maybe when I was younger idk why but Klang really a nice place actually, cheap food, free parking most of the time because MPK is lazy and fewer traffic jams",Malaysia
2023-02-21 15:47:43+00:00,1.62806E+18,faizalhamssin,"Judging from the sentiment on Facebook, Menu Rahmah is probably the most successful (and well-received) initiative by the PMX govt so far (and by far).

Never underestimate the power of a simple, straightforward initiative - people love food, and they need it cheap. So it works.","Kuala Lumpur, Malaysia"
2023-02-04 16:17:47+00:00,1.62191E+18,HannZiq,Menu Rahmah ni tak boleh semua pun join sbb ada makanan tu memang tak sesuai pun. I am against for fast food to be part of it. Do we encourage parents give McD &amp; KFC to the kids everyday just because it is cheap under Menu Rahmah?,"kepong, kl"
2023-01-21 16:57:51+00:00,1.61684E+18,faizzeo,food confirm pricey. nearest cheap one maybe mynews or shoplot/stall at the LRT station. or axiata arena. onsite confirm mahal. stadium kot. plus the tix is rm40 each. dah level #comicfiesta,Kuala Lumpur
2022-12-04 10:12:03+00:00,1.59935E+18,izuddinhelmi,Delicious cheap food. https://t.co/GmBGJHl4KZ,Kuala Lumpur Federal Territory
2022-11-29 10:36:17+00:00,1.59754E+18,thegreatjinnie,"Conclusion for today self rewards 'day'
1) Got myself a new PUMA shoe
2) Nice lunch food with officemates
3) Kind grab drivers who entertained my day
The only cons is public transport. Hard to travel around shah alam cheap and fast. Spent RM40 + just for traveling. https://t.co/L38rVjrK5E",ma bed
2022-11-15 12:10:09+00:00,1.59249E+18,AlannaEloa,"Spend my cheap salary is just to buy toiletries more expansive than my food price for my body, my brain no food",
2022-10-27 13:50:02+00:00,1.58563E+18,AlannaEloa,"Eventhough I got paid cheap, and I have to buy the cheapest foods doesn't mean that my foods price are cheap and I eat the cheap foods",
2022-10-22 16:52:50+00:00,1.58386E+18,radziyusof,"7. If you think, our currency is good now, it used to be 1:1 and now 1TL is about 30 sen, hence things are cheap. Nope. To begin with the price in lira especially food is nothing less than 120TL. Campur air, at least RM50. Good meal is about RM70.",Putra Heights
2022-09-19 09:51:15+00:00,1.5718E+18,Nik4hm4d,Dont blame us for choosing Indonesia or Thailand. This early October I’m driving to BKK again &amp; onwards to Pattaya. Fuel may cost more but food plus accomodations are damn cheap. It’s worth the trip.,"Putrajaya Federal Territory, Malaysia"
2022-07-11 06:22:04+00:00,1.54638E+18,MARcomOfficial,"yup. i think i'll drive 2 hours back and forth to &amp; from this shop/gerai every meal time (breakfast, lunch, dinner = total 6 hours) to get cheap food. yay",Tamago no Chuushin
2022-07-07 03:49:41+00:00,1.54489E+18,sirennextdoor,What the hell is small order fee @GrabMY why cant i order cheap food? https://t.co/OwNMyVWAK0,
2022-06-26 16:58:06+00:00,1.5411E+18,dettol_sprayz,Cheap food 404 not found,Dettol Manufacturing Factory
2022-05-08 04:21:25+00:00,1.52316E+18,jimmyjemii,Absolutely agree. Currently interning in KL. My first time staying independently without family. Found a rental home in kampung baru. Near to workplace. Near to lrt and monorail. Got many good and cheap foods. Really love being here. 🤣,"Kuala Lumpur City, Kuala Lumpur Federal Territory"
2022-02-05 04:59:13+00:00,1.48983E+18,SeowChinSiew3,"Malacca housing is excellent and expanded to Green area.
Future investors will pouring in to Malacca as foods is cheap.
Environment is Green. https://t.co/H9OsNqNtjl",
2022-11-13 11:09:39+00:00,1.59175E+18,emceejason,"@lyssiegab @ushardaniele Not that. I mean, why undertake food running jobs when clearly they know how to make more money than that 😂

Those bikes aren't cheap and food running job alone can't get them enough money to afford it really.

I know I can't afford the things I have now if I work full time 🤣","Kota Kinabalu, Sabah (BKI)"
2022-07-25 05:22:20+00:00,1.55144E+18,avenfauzi,"Bland, slow service and cheap food. Upperstar holds a soft spot in me and will always be the to-go-food  in KK. https://t.co/jFgpSUyW5C","Kuala Lumpur, Malaysia"
2022-05-20 01:39:38+00:00,1.52746E+18,EdwinNurdjajadi,Spoiled for choice! Dunno which to choose for my #breakfast 😅#food quite cheap too &amp; no pork served here #fridaymorning #foodblogger #CostOfLivingCrisis #Sarawak #weekendmood @khalidainie @SimpletonED @PittbullSarawak https://t.co/eUzF0zaNmt,"Kuching, Sarawak"
2023-03-28 12:34:05+00:00,1.64069E+18,zophanem,"Today will probably be my first and last day going to bazaar. Overrated. Mahal. Semua dah taste dah pun.

Sebelum puasa aku aim nak rasa murtabak, roti john, nasi tomato, nasi briyani. All that done. So back to usual great cheap foods in Bangi. Lagi berbaloi :)",Putrajaya
2023-03-15 04:17:30+00:00,1.63586E+18,msiarabbitowner,"Maybe when I was younger idk why but Klang really a nice place actually, cheap food, free parking most of the time because MPK is lazy and fewer traffic jams",Malaysia
2023-02-21 15:47:43+00:00,1.62806E+18,faizalhamssin,"Judging from the sentiment on Facebook, Menu Rahmah is probably the most successful (and well-received) initiative by the PMX govt so far (and by far).

Never underestimate the power of a simple, straightforward initiative - people love food, and they need it cheap. So it works.","Kuala Lumpur, Malaysia"
2023-02-04 16:17:47+00:00,1.62191E+18,HannZiq,Menu Rahmah ni tak boleh semua pun join sbb ada makanan tu memang tak sesuai pun. I am against for fast food to be part of it. Do we encourage parents give McD &amp; KFC to the kids everyday just because it is cheap under Menu Rahmah?,"kepong, kl"
2023-01-21 16:57:51+00:00,1.61684E+18,faizzeo,food confirm pricey. nearest cheap one maybe mynews or shoplot/stall at the LRT station. or axiata arena. onsite confirm mahal. stadium kot. plus the tix is rm40 each. dah level #comicfiesta,Kuala Lumpur
2022-12-23 19:55:23+00:00,1.60638E+18,tsukiyaii,@brgsjks Idc bc i'm either going to sushi zanmai or no sushi at all for me. Freshness tu penting sbb mmg flavor n texture pun lain. Dah forever fobia food poisoning makan cheap sushi.,
2022-12-13 02:15:20+00:00,1.60249E+18,chickweed79,"To every customer who review us on google, I know who you are. Expecting cheap lunch set menu on PH but saying you want to spend your money on our food is contradictory.
You give customer service 1/5 cos you can’t get cheap lunch set just show what a cheap skate you are.",68100
2022-12-04 10:12:03+00:00,1.59935E+18,izuddinhelmi,Delicious cheap food. https://t.co/GmBGJHl4KZ,Kuala Lumpur Federal Territory
2022-11-15 12:10:09+00:00,1.59249E+18,AlannaEloa,"Spend my cheap salary is just to buy toiletries more expansive than my food price for my body, my brain no food",
2022-10-27 13:50:02+00:00,1.58563E+18,AlannaEloa,"Eventhough I got paid cheap, and I have to buy the cheapest foods doesn't mean that my foods price are cheap and I eat the cheap foods",
2022-10-22 16:52:50+00:00,1.58386E+18,radziyusof,"7. If you think, our currency is good now, it used to be 1:1 and now 1TL is about 30 sen, hence things are cheap. Nope. To begin with the price in lira especially food is nothing less than 120TL. Campur air, at least RM50. Good meal is about RM70.",Putra Heights
2022-09-19 09:51:15+00:00,1.5718E+18,Nik4hm4d,Dont blame us for choosing Indonesia or Thailand. This early October I’m driving to BKK again &amp; onwards to Pattaya. Fuel may cost more but food plus accomodations are damn cheap. It’s worth the trip.,"Putrajaya Federal Territory, Malaysia"
2022-09-01 11:37:10+00:00,1.5653E+18,HareenaHans,Spent the afternoon amongst many Harley bikes at Route 77 with the mister...the more I'm around these bikes the more I want to learn riding one of it which mister is against because of how clumsy I am. Also the food there was unexpectedly good. And cheap! 🤣🤣🤣,"Kuala Lumpur, Malaysia"
2022-07-11 06:22:04+00:00,1.54638E+18,MARcomOfficial,"yup. i think i'll drive 2 hours back and forth to &amp; from this shop/gerai every meal time (breakfast, lunch, dinner = total 6 hours) to get cheap food. yay",Tamago no Chuushin
2022-07-10 05:52:36+00:00,1.54601E+18,AlannaEloa,"Yesterday, after dancing at KLCC. To buy hair care at Sephora KLCC, new colour for hair, DIM at my place. Hopefully cheap, if expansive I need to rethink if I am affordable, else forget is better to save money. Can I withdraw my EPF, Employees Provident Funds again to buy food? https://t.co/Hz9OXZH9Xu",
2022-07-07 03:49:41+00:00,1.54489E+18,sirennextdoor,What the hell is small order fee @GrabMY why cant i order cheap food? https://t.co/OwNMyVWAK0,
2022-06-16 04:03:04+00:00,1.53728E+18,MarioJD90,"Finally managed to get proper groceries via @HappyFresh_MY .

Food delivery is not cheap at all. Definitely a luxury 💀","Kuala Lumpur,Malaysia"
2022-05-08 04:21:25+00:00,1.52316E+18,jimmyjemii,Absolutely agree. Currently interning in KL. My first time staying independently without family. Found a rental home in kampung baru. Near to workplace. Near to lrt and monorail. Got many good and cheap foods. Really love being here. 🤣,"Kuala Lumpur City, Kuala Lumpur Federal Territory"
2022-03-28 08:32:19+00:00,1.50836E+18,manzlovelinus,this restaurant sell food and drink so cheap 😳🥹😭 https://t.co/7GD9y8fRKW,🇲🇾 x 🇰🇷
2022-02-05 04:59:13+00:00,1.48983E+18,SeowChinSiew3,"Malacca housing is excellent and expanded to Green area.
Future investors will pouring in to Malacca as foods is cheap.
Environment is Green. https://t.co/H9OsNqNtjl",
