Datetime,ID,Username,Text,Location
2022-02-25 08:16:55+00:00,1.50E+18,muda_puchong,"Semalam, MUDA Puchong bersama @MUDAxBangi ke Kolej Universiti Islam Selangor (KUIS) untuk membantu pelajar-pelajar mendapatkan makanan kerana di kuarantin. 

Bantuan yang telah disampaikan
- 50 pek makanan (roti, biskut dan lain-lain)
- 60 kotak air mineral https://t.co/nbzfcFYixD",
2022-02-25 08:16:55+00:00,1.50E+18,muda_puchong,"Semalam, MUDA Puchong bersama @MUDAxBangi ke Kolej Universiti Islam Selangor (KUIS) untuk membantu pelajar-pelajar mendapatkan makanan kerana di kuarantin. 

Bantuan yang telah disampaikan
- 50 pek makanan (roti, biskut dan lain-lain)
- 60 kotak air mineral https://t.co/nbzfcFYixD",
2022-02-25 08:16:55+00:00,1.50E+18,muda_puchong,"Semalam, MUDA Puchong bersama @MUDAxBangi ke Kolej Universiti Islam Selangor (KUIS) untuk membantu pelajar-pelajar mendapatkan makanan kerana di kuarantin. 

Bantuan yang telah disampaikan
- 50 pek makanan (roti, biskut dan lain-lain)
- 60 kotak air mineral https://t.co/nbzfcFYixD",
2022-02-27 13:30:05+00:00,1.50E+18,JJCMPERAK,"Ini bukan di Padang Ipoh, Ipoh tapi di Kampung Padang Ipoh, Kuala Berang, Terengganu. Sebuah lori Angkatan Pertahanan Awam Malaysia (APM) terbalik dibawa arus deras, hari ini.

Lori tersebut membawa bantuan makanan utk dihantar kpd mangsa banjir.  

📸Mohd Khairul Fikiri/Bernama https://t.co/rPsov1YpEj","Perak, Malaysia"
2022-02-27 15:39:02+00:00,1.50E+18,adamapotek,Bukan deme je rasa nya semua mmg tak tahu tugas yg berbeza2. Itu tiap kali mintak adun jd pemberi wang/makanan/bantuan/repair jalan/ etccc,"Selangor, Malaysia"
2022-02-27 15:39:02+00:00,1.50E+18,adamapotek,Bukan deme je rasa nya semua mmg tak tahu tugas yg berbeza2. Itu tiap kali mintak adun jd pemberi wang/makanan/bantuan/repair jalan/ etccc,"Selangor, Malaysia"
2022-02-27 15:39:02+00:00,1.50E+18,adamapotek,Bukan deme je rasa nya semua mmg tak tahu tugas yg berbeza2. Itu tiap kali mintak adun jd pemberi wang/makanan/bantuan/repair jalan/ etccc,"Selangor, Malaysia"
2022-02-27 15:39:02+00:00,1.50E+18,adamapotek,Bukan deme je rasa nya semua mmg tak tahu tugas yg berbeza2. Itu tiap kali mintak adun jd pemberi wang/makanan/bantuan/repair jalan/ etccc,"Selangor, Malaysia"
2022-03-09 23:19:42+00:00,1.50E+18,nrhznsofea,"Ni nak habaq mai , the latest Opah aku org UMNO kan , Kuarintin waktu PKP sekor org UMNO pun tk mai bg bantuan . Aku la usung kotak Makanan YB PKR bg 😅 . Tolong org time nk PRU je lepastu hilang 😔","Perak, Malaysia"
2022-03-12 03:09:03+00:00,1.50E+18,Media_Selangor,LZS: Lima keluarga asnaf positif #Covid19 terima bantuan makanan https://t.co/yopgKtFlp8 https://t.co/qdg3muMsOS,Shah Alam
2022-03-12 03:09:03+00:00,1.50E+18,Media_Selangor,LZS: Lima keluarga asnaf positif #Covid19 terima bantuan makanan https://t.co/yopgKtFlp8 https://t.co/qdg3muMsOS,Shah Alam
2022-03-12 03:09:03+00:00,1.50E+18,Media_Selangor,LZS: Lima keluarga asnaf positif #Covid19 terima bantuan makanan https://t.co/yopgKtFlp8 https://t.co/qdg3muMsOS,Shah Alam
2022-03-12 03:09:03+00:00,1.50E+18,Media_Selangor,LZS: Lima keluarga asnaf positif #Covid19 terima bantuan makanan https://t.co/yopgKtFlp8 https://t.co/qdg3muMsOS,Shah Alam
2022-03-25 06:16:32+00:00,1.51E+18,paanpogba,"@aimansheeran Bila boleh set appointment dgn ceo zakat kedah ni, nak minta bantuan makanan mcd setiap minggu boleh ka?","Kuala Lumpur, Wilayah Persekutuan Kuala Lumpur"
2022-03-30 02:15:34+00:00,1.51E+18,luxentX,"@pedoqpop Zaman covid. Situasi ekonomi setiap orang tak menentu. Ada yang T20 dulu pun jatuh B40, minta bakul makanan. Nak minta bantuan, ada yang tak tahu mana nak minta. IPT sepatutnya tanya student dan cari siapa dapat bantu.",Petaling Jaya
2022-03-30 02:15:34+00:00,1.51E+18,luxentX,"@pedoqpop Zaman covid. Situasi ekonomi setiap orang tak menentu. Ada yang T20 dulu pun jatuh B40, minta bakul makanan. Nak minta bantuan, ada yang tak tahu mana nak minta. IPT sepatutnya tanya student dan cari siapa dapat bantu.",Petaling Jaya
2022-03-30 02:15:34+00:00,1.51E+18,luxentX,"@pedoqpop Zaman covid. Situasi ekonomi setiap orang tak menentu. Ada yang T20 dulu pun jatuh B40, minta bakul makanan. Nak minta bantuan, ada yang tak tahu mana nak minta. IPT sepatutnya tanya student dan cari siapa dapat bantu.",Petaling Jaya
2022-03-31 17:13:32+00:00,1.51E+18,allexseah_bm,"Pusat Khidmat DAP DUN Kesidang bersama dengan NGO SXY memberi bantuan makanan kepada 20 keluarga yang memerlukan, semoga semua ahli keluarga mereka sihat sejahtera. 🇲🇾

*Terima kasih kepada semua penyumbang, sukarelawan dan ahli-ahli Unit Tindak DAP DUN Kesidang. https://t.co/UlT1raNeRH",
2022-04-02 03:39:56+00:00,1.51E+18,limlipeng,"Dia bujang berumur 77 tahun, bermasalah berjalan, tinggal di bawah pencawang TNB dan bergantung kepada bantuan makanan daripada orang awam. Dia kata semua saudara dah meninggal. Dia enggan tinggal di rumah warga emas. Dia hanya nak pihak kami bantu dia dapatkan bantuan @JKMHQ. https://t.co/6idRcKgobP",Kuala Lumpur
2022-04-02 11:15:29+00:00,1.51E+18,UniMalayaSDC,"Selamat mengimarahkan bulan Ramadan, bulan tarbiyah terbaik menjadi insan lestari

1. Tadabbur Quran &amp; Hadith dlm kehidupan 
2. Guna air &amp; elektrik secara bertanggungjawab
3. Katakan tidak kpd pembaziran &amp; sisa makanan
4. Banyak memberi: sedekah, hadiah, bantuan

#salamramadan https://t.co/lCiduXiyDZ",Kuala Lumpur
2022-04-02 11:15:29+00:00,1.51E+18,UniMalayaSDC,"Selamat mengimarahkan bulan Ramadan, bulan tarbiyah terbaik menjadi insan lestari

1. Tadabbur Quran &amp; Hadith dlm kehidupan 
2. Guna air &amp; elektrik secara bertanggungjawab
3. Katakan tidak kpd pembaziran &amp; sisa makanan
4. Banyak memberi: sedekah, hadiah, bantuan

#salamramadan https://t.co/lCiduXiyDZ",Kuala Lumpur
2022-04-02 11:15:29+00:00,1.51E+18,UniMalayaSDC,"Selamat mengimarahkan bulan Ramadan, bulan tarbiyah terbaik menjadi insan lestari

1. Tadabbur Quran &amp; Hadith dlm kehidupan 
2. Guna air &amp; elektrik secara bertanggungjawab
3. Katakan tidak kpd pembaziran &amp; sisa makanan
4. Banyak memberi: sedekah, hadiah, bantuan

#salamramadan https://t.co/lCiduXiyDZ",Kuala Lumpur
2022-04-02 11:15:29+00:00,1.51E+18,UniMalayaSDC,"Selamat mengimarahkan bulan Ramadan, bulan tarbiyah terbaik menjadi insan lestari

1. Tadabbur Quran &amp; Hadith dlm kehidupan 
2. Guna air &amp; elektrik secara bertanggungjawab
3. Katakan tidak kpd pembaziran &amp; sisa makanan
4. Banyak memberi: sedekah, hadiah, bantuan

#salamramadan https://t.co/lCiduXiyDZ",Kuala Lumpur
2022-04-05 06:00:20+00:00,1.51E+18,THBM_HQ,"05042022 - di Pendang 

Ihya' Ramadan 1443 H
Bantuan Makanan Asas

sesi serahan sumbangan 600 kampit beras untuk asnaf sekitar Pendang

disempurnakan - 
Pengurus Besar #THBMHQ
Tn @firdaus_thbm 

moga bantu mereka sewajarnya  

#THBWeCare https://t.co/LbhMcb40ke",Alor Setar
2022-05-19 09:02:24+00:00,1.53E+18,SDC_Nilai,"Desa Cempaka yang memerlukan bantuan makanan asas.

Jemaah atau penduduk sekitar yang memerlukan bantuan dialu-alukan untuk datang ke Gerobok Rezeki Surau Desa Cempaka. InsyaAllah 

“𝑹𝒆𝒛𝒆𝒌𝒊 𝑺𝒂𝒎𝒂 𝑫𝒊𝒌𝒐𝒏𝒈𝒔𝒊
𝑴𝒖𝒂𝒇𝒂𝒌𝒂𝒕 𝑴𝒆𝒏𝒋𝒂𝒅𝒊 𝑬𝒓𝒕𝒊”","Negri Sembilan, Malaysia"
2022-05-19 09:02:24+00:00,1.53E+18,SDC_Nilai,"Desa Cempaka yang memerlukan bantuan makanan asas.

Jemaah atau penduduk sekitar yang memerlukan bantuan dialu-alukan untuk datang ke Gerobok Rezeki Surau Desa Cempaka. InsyaAllah 

“𝑹𝒆𝒛𝒆𝒌𝒊 𝑺𝒂𝒎𝒂 𝑫𝒊𝒌𝒐𝒏𝒈𝒔𝒊
𝑴𝒖𝒂𝒇𝒂𝒌𝒂𝒕 𝑴𝒆𝒏𝒋𝒂𝒅𝒊 𝑬𝒓𝒕𝒊”","Negri Sembilan, Malaysia"
2022-06-18 00:04:34+00:00,1.54E+18,Media_Selangor,108 pelajar asnaf Unisel terima bantuan makanan percuma https://t.co/AsSS3WGlH5 https://t.co/ZFOeowC9yu,Shah Alam
2022-06-18 00:04:34+00:00,1.54E+18,Media_Selangor,108 pelajar asnaf Unisel terima bantuan makanan percuma https://t.co/AsSS3WGlH5 https://t.co/ZFOeowC9yu,Shah Alam
2022-06-18 00:04:34+00:00,1.54E+18,Media_Selangor,108 pelajar asnaf Unisel terima bantuan makanan percuma https://t.co/AsSS3WGlH5 https://t.co/ZFOeowC9yu,Shah Alam
2022-06-18 00:04:34+00:00,1.54E+18,Media_Selangor,108 pelajar asnaf Unisel terima bantuan makanan percuma https://t.co/AsSS3WGlH5 https://t.co/ZFOeowC9yu,Shah Alam
2022-06-21 12:10:01+00:00,1.54E+18,noraakira,Stress tengok berita minyak masak nak naik ayam pun nak naik lg..alasan subsidi tu nak bagi bantuan kepada yang tersasar..abis tu yng orang lain x perlu bantuan ke..harga makanan dah naik pasni takut naik lagi..geram plak kiter..,Malaysia
2022-06-21 12:10:01+00:00,1.54E+18,noraakira,Stress tengok berita minyak masak nak naik ayam pun nak naik lg..alasan subsidi tu nak bagi bantuan kepada yang tersasar..abis tu yng orang lain x perlu bantuan ke..harga makanan dah naik pasni takut naik lagi..geram plak kiter..,Malaysia
2022-06-21 12:10:01+00:00,1.54E+18,noraakira,Stress tengok berita minyak masak nak naik ayam pun nak naik lg..alasan subsidi tu nak bagi bantuan kepada yang tersasar..abis tu yng orang lain x perlu bantuan ke..harga makanan dah naik pasni takut naik lagi..geram plak kiter..,Malaysia
2022-06-21 12:10:01+00:00,1.54E+18,noraakira,Stress tengok berita minyak masak nak naik ayam pun nak naik lg..alasan subsidi tu nak bagi bantuan kepada yang tersasar..abis tu yng orang lain x perlu bantuan ke..harga makanan dah naik pasni takut naik lagi..geram plak kiter..,Malaysia
2022-07-05 09:50:20+00:00,1.54E+18,AbdullahMY74,"@IsmailSabri60 Golongan yang paling terkesan ialah pelajar. Mohon juga dilihat golongan pelajar di sekolah² rendah dan menengah terutama golongan rentan dan B40. 

Bantuan Harga Siling Makanan untuk Pelajar IPT. Kami ucapkan ribuan Terimakasih.",Kuala Lumpur
2022-07-05 09:50:20+00:00,1.54E+18,AbdullahMY74,"@IsmailSabri60 Golongan yang paling terkesan ialah pelajar. Mohon juga dilihat golongan pelajar di sekolah² rendah dan menengah terutama golongan rentan dan B40. 

Bantuan Harga Siling Makanan untuk Pelajar IPT. Kami ucapkan ribuan Terimakasih.",Kuala Lumpur
2022-07-05 09:50:20+00:00,1.54E+18,AbdullahMY74,"@IsmailSabri60 Golongan yang paling terkesan ialah pelajar. Mohon juga dilihat golongan pelajar di sekolah² rendah dan menengah terutama golongan rentan dan B40. 

Bantuan Harga Siling Makanan untuk Pelajar IPT. Kami ucapkan ribuan Terimakasih.",Kuala Lumpur
2022-07-05 09:50:20+00:00,1.54E+18,AbdullahMY74,"@IsmailSabri60 Golongan yang paling terkesan ialah pelajar. Mohon juga dilihat golongan pelajar di sekolah² rendah dan menengah terutama golongan rentan dan B40. 

Bantuan Harga Siling Makanan untuk Pelajar IPT. Kami ucapkan ribuan Terimakasih.",Kuala Lumpur
2022-07-12 00:41:06+00:00,1.55E+18,Media_Selangor,"Aidiladha: 100 penduduk Ijok terima bantuan makanan, daging korban https://t.co/5flTlj3Ovv https://t.co/zPimWtIAwW",Shah Alam
2022-07-12 00:41:06+00:00,1.55E+18,Media_Selangor,"Aidiladha: 100 penduduk Ijok terima bantuan makanan, daging korban https://t.co/5flTlj3Ovv https://t.co/zPimWtIAwW",Shah Alam
2022-07-12 00:41:06+00:00,1.55E+18,Media_Selangor,"Aidiladha: 100 penduduk Ijok terima bantuan makanan, daging korban https://t.co/5flTlj3Ovv https://t.co/zPimWtIAwW",Shah Alam
2022-07-12 00:41:06+00:00,1.55E+18,Media_Selangor,"Aidiladha: 100 penduduk Ijok terima bantuan makanan, daging korban https://t.co/5flTlj3Ovv https://t.co/zPimWtIAwW",Shah Alam
2022-07-23 05:50:04+00:00,1.55E+18,CheapremeBrand,"#LimaTuntutan #TURUN 

1. Potong Gaji Menteri
2. Kekalkan Subsidi
3. Salurkan Bantuan Bermaruah
4. Kawal Harga Barang 
5. Selesaikan Bekalan Makanan

#ByRakyat4Rakyat https://t.co/whBUi7yQgR",Wilayah Persekutuan Kuala Lump
2022-07-23 05:50:04+00:00,1.55E+18,CheapremeBrand,"#LimaTuntutan #TURUN 

1. Potong Gaji Menteri
2. Kekalkan Subsidi
3. Salurkan Bantuan Bermaruah
4. Kawal Harga Barang 
5. Selesaikan Bekalan Makanan

#ByRakyat4Rakyat https://t.co/whBUi7yQgR",Wilayah Persekutuan Kuala Lump
2022-07-23 05:50:04+00:00,1.55E+18,CheapremeBrand,"#LimaTuntutan #TURUN 

1. Potong Gaji Menteri
2. Kekalkan Subsidi
3. Salurkan Bantuan Bermaruah
4. Kawal Harga Barang 
5. Selesaikan Bekalan Makanan

#ByRakyat4Rakyat https://t.co/whBUi7yQgR",Wilayah Persekutuan Kuala Lump
2022-08-14 14:24:24+00:00,1.56E+18,burningredberry,"Selesai serving yang ke-179. Bantuan makanan pada golongan gelandangan &amp; miskin kota

#DapurJalananIpoh https://t.co/Lmahp8uRLg",Ipoh | Malaysia
2022-08-16 15:35:26+00:00,1.56E+18,addien90s,"Bismillah, saya dan team @MyFundAction selamat tiba di Sabah. InsyaAllah bermula esok selama seminggu, kami akan masuk pedalaman Sabah beri bantuan pelajaran dan makanan kepada mualaf, kanak-kanak dan warga setempat. Ini adalah thread sepanjang misi kami disini. Stay tuned! https://t.co/AG57MiG6ty",
2022-08-28 09:40:53+00:00,1.56E+18,allexseah_bm,"Memberi sedikit bantuan makanan kepada seorang ibu, anaknya dilahirkan tidak cukup bulan dan masuk wad selama 6 bulan.
捐助一些食物给予这位印裔妈妈，他的孩子早产，之前住院长达6个月。
#AllexSeah #谢守钦 https://t.co/DuYfZN3Fau",
2022-08-30 05:51:48+00:00,1.56E+18,Fitri_Nizam,Ayuh kita hulurkan bantuan RM30 je utk keperluan makanan harian mereka🥺,Malaysia
2022-08-30 05:51:48+00:00,1.56E+18,Fitri_Nizam,Ayuh kita hulurkan bantuan RM30 je utk keperluan makanan harian mereka🥺,Malaysia
2022-08-30 05:51:48+00:00,1.56E+18,Fitri_Nizam,Ayuh kita hulurkan bantuan RM30 je utk keperluan makanan harian mereka🥺,Malaysia
2022-08-30 05:51:48+00:00,1.56E+18,Fitri_Nizam,Ayuh kita hulurkan bantuan RM30 je utk keperluan makanan harian mereka🥺,Malaysia
2022-09-28 03:40:44+00:00,1.57E+18,AliBiju_my,"27 September 2022, Selasa  :

Penyerahan Bantuan Kebakaran Di Kampung Darat, Kabong

Sebentar tadi, kakitangan dari Pusat Khidmat P.205 Saratok telah turun padang untuk menyerahkan sedikit bantuan berupa bakul makanan barang keperluan asas sebagai bantuan awal https://t.co/mWcLg8FvpP","Saratok, Sarawak"
2022-09-28 03:40:44+00:00,1.57E+18,AliBiju_my,"27 September 2022, Selasa  :

Penyerahan Bantuan Kebakaran Di Kampung Darat, Kabong

Sebentar tadi, kakitangan dari Pusat Khidmat P.205 Saratok telah turun padang untuk menyerahkan sedikit bantuan berupa bakul makanan barang keperluan asas sebagai bantuan awal https://t.co/mWcLg8FvpP","Saratok, Sarawak"
2022-09-28 03:40:44+00:00,1.57E+18,AliBiju_my,"27 September 2022, Selasa  :

Penyerahan Bantuan Kebakaran Di Kampung Darat, Kabong

Sebentar tadi, kakitangan dari Pusat Khidmat P.205 Saratok telah turun padang untuk menyerahkan sedikit bantuan berupa bakul makanan barang keperluan asas sebagai bantuan awal https://t.co/mWcLg8FvpP","Saratok, Sarawak"
2022-09-30 09:14:08+00:00,1.58E+18,yeolahv,"“Tapi pills mahal”

No, they’re cheap. Only if you bother to listen to the KK nurse lepas beranak tu mesti you tahu benda ni tak sampai RM10 at KK

Ye memang ada yang rasa lagi better beli makanan, so tanggung je lah anak nanti jangan memekak minta bantuan",Malaysia
2022-09-30 09:14:08+00:00,1.58E+18,yeolahv,"“Tapi pills mahal”

No, they’re cheap. Only if you bother to listen to the KK nurse lepas beranak tu mesti you tahu benda ni tak sampai RM10 at KK

Ye memang ada yang rasa lagi better beli makanan, so tanggung je lah anak nanti jangan memekak minta bantuan",Malaysia
2022-09-30 09:14:08+00:00,1.58E+18,yeolahv,"“Tapi pills mahal”

No, they’re cheap. Only if you bother to listen to the KK nurse lepas beranak tu mesti you tahu benda ni tak sampai RM10 at KK

Ye memang ada yang rasa lagi better beli makanan, so tanggung je lah anak nanti jangan memekak minta bantuan",Malaysia
2022-10-07 12:39:19+00:00,1.58E+18,farahfarawayyy,@OneNyta Sedihnya. Padahal tujuan bantuan makanan ni untuk pastikan anak2 cukup nutrisi. 😓,"Kuala Lumpur,Malaysia"
2022-10-07 12:39:19+00:00,1.58E+18,farahfarawayyy,@OneNyta Sedihnya. Padahal tujuan bantuan makanan ni untuk pastikan anak2 cukup nutrisi. 😓,"Kuala Lumpur,Malaysia"
2022-10-07 12:39:19+00:00,1.58E+18,farahfarawayyy,@OneNyta Sedihnya. Padahal tujuan bantuan makanan ni untuk pastikan anak2 cukup nutrisi. 😓,"Kuala Lumpur,Malaysia"
2022-10-07 12:39:19+00:00,1.58E+18,farahfarawayyy,@OneNyta Sedihnya. Padahal tujuan bantuan makanan ni untuk pastikan anak2 cukup nutrisi. 😓,"Kuala Lumpur,Malaysia"
2022-10-20 12:29:52+00:00,1.58E+18,RakyatB40,"Cara mohon bantuan makanan RM 300 melalui Mykasih.

Cara mohon ⤵️
https://t.co/ZhAlGsZqzB",Malaysia
2022-10-20 12:29:52+00:00,1.58E+18,RakyatB40,"Cara mohon bantuan makanan RM 300 melalui Mykasih.

Cara mohon ⤵️
https://t.co/ZhAlGsZqzB",Malaysia
2022-10-31 01:56:04+00:00,1.59E+18,cempedakhangit,"Satu je la nak pesan kat Anwar Ibrahim, orang tambun ni dah biasa terima bantuan dari kerajaan, bantuan makanan, sedekah bubur lambuk, sedekah rendang lemang tu memang dah biasa. So kalau dia menang jiwa orang orang tua kat kawasan tambun ni, tolong teruskan sedekah/ bantuan ni.",Ipoh
2022-12-01 05:57:58+00:00,1.60E+18,F_SyimaM,"@KakchikAshaKC Sebab tu kena stop bantuan makanan ni. DBKL dah stop tapi ada je lagi yang buat. Kadang2 makanan lebih melimpah ruah. Kalau time puasa lagi lah.
Kat Anjung Singgah pun banyak buat program utk gelandangan under YKN. Tapi tu lah..","Setapak, Selangor"
2022-12-01 05:57:58+00:00,1.60E+18,F_SyimaM,"@KakchikAshaKC Sebab tu kena stop bantuan makanan ni. DBKL dah stop tapi ada je lagi yang buat. Kadang2 makanan lebih melimpah ruah. Kalau time puasa lagi lah.
Kat Anjung Singgah pun banyak buat program utk gelandangan under YKN. Tapi tu lah..","Setapak, Selangor"
2022-12-01 05:57:58+00:00,1.60E+18,F_SyimaM,"@KakchikAshaKC Sebab tu kena stop bantuan makanan ni. DBKL dah stop tapi ada je lagi yang buat. Kadang2 makanan lebih melimpah ruah. Kalau time puasa lagi lah.
Kat Anjung Singgah pun banyak buat program utk gelandangan under YKN. Tapi tu lah..","Setapak, Selangor"
2022-12-07 13:00:55+00:00,1.60E+18,HelmiHarieri,"Aku takde lah suka pun dia ni. Tapi bab ini nampak dia ke depan. Dan penyampaian dia kepada orang kampung pun bagus. Sebab tu Kedah dapat ke PN.

Nak tingkatkan bantuan segera kepada petani bagus. Tapi nama kementerian pun ada keterjaminan makanan. Kena lah forward thinking sikit",
2022-12-07 13:00:55+00:00,1.60E+18,HelmiHarieri,"Aku takde lah suka pun dia ni. Tapi bab ini nampak dia ke depan. Dan penyampaian dia kepada orang kampung pun bagus. Sebab tu Kedah dapat ke PN.

Nak tingkatkan bantuan segera kepada petani bagus. Tapi nama kementerian pun ada keterjaminan makanan. Kena lah forward thinking sikit",
2022-12-07 13:00:55+00:00,1.60E+18,HelmiHarieri,"Aku takde lah suka pun dia ni. Tapi bab ini nampak dia ke depan. Dan penyampaian dia kepada orang kampung pun bagus. Sebab tu Kedah dapat ke PN.

Nak tingkatkan bantuan segera kepada petani bagus. Tapi nama kementerian pun ada keterjaminan makanan. Kena lah forward thinking sikit",
2022-12-07 13:00:55+00:00,1.60E+18,HelmiHarieri,"Aku takde lah suka pun dia ni. Tapi bab ini nampak dia ke depan. Dan penyampaian dia kepada orang kampung pun bagus. Sebab tu Kedah dapat ke PN.

Nak tingkatkan bantuan segera kepada petani bagus. Tapi nama kementerian pun ada keterjaminan makanan. Kena lah forward thinking sikit",
2022-12-07 13:00:55+00:00,1.60E+18,HelmiHarieri,"Aku takde lah suka pun dia ni. Tapi bab ini nampak dia ke depan. Dan penyampaian dia kepada orang kampung pun bagus. Sebab tu Kedah dapat ke PN.

Nak tingkatkan bantuan segera kepada petani bagus. Tapi nama kementerian pun ada keterjaminan makanan. Kena lah forward thinking sikit",
2022-12-13 05:52:53+00:00,1.60E+18,Zaki_Yamani_,"Bagi bantuan kepada orang miskin ni sentiasa ada bantah.

Parlimen Hang Tuah Jaya mulakan bantuan makanan bulanan setiap bulan pada tahun 2019, ada yang tanya ""takkan setiap bulan nak bagi?"" Apa kau ingat orang susah makan sebulan, puasa sebulan? Atau makan masa kempen PRU saja?",
2022-12-19 01:11:03+00:00,1.60E+18,Media_Selangor,"LZS hulur bantuan makanan, keperluan harian kepada mangsa banjir Sungai Besar https://t.co/b3Qmj49NkM",Shah Alam
2022-12-19 01:11:03+00:00,1.60E+18,Media_Selangor,"LZS hulur bantuan makanan, keperluan harian kepada mangsa banjir Sungai Besar https://t.co/b3Qmj49NkM",Shah Alam
2022-12-19 01:11:03+00:00,1.60E+18,Media_Selangor,"LZS hulur bantuan makanan, keperluan harian kepada mangsa banjir Sungai Besar https://t.co/b3Qmj49NkM",Shah Alam
2022-12-19 01:11:03+00:00,1.60E+18,Media_Selangor,"LZS hulur bantuan makanan, keperluan harian kepada mangsa banjir Sungai Besar https://t.co/b3Qmj49NkM",Shah Alam
2022-12-21 03:12:39+00:00,1.61E+18,saifnasution,"Ini merupakan sebahagian daripada rentetan usaha serta inisiatif yang telah KDN gerakkan. Misi bantuan kali ini merupakan usaha sama dengan Yayasan Food Bank Malaysia melibatkan serahan awal 1000 kotak makanan.

2/3 https://t.co/K5FzhS9Y4Z",Kulim Bandar Baharu
2022-12-21 03:12:39+00:00,1.61E+18,saifnasution,"Ini merupakan sebahagian daripada rentetan usaha serta inisiatif yang telah KDN gerakkan. Misi bantuan kali ini merupakan usaha sama dengan Yayasan Food Bank Malaysia melibatkan serahan awal 1000 kotak makanan.

2/3 https://t.co/K5FzhS9Y4Z",Kulim Bandar Baharu
2022-12-21 03:12:39+00:00,1.61E+18,saifnasution,"Ini merupakan sebahagian daripada rentetan usaha serta inisiatif yang telah KDN gerakkan. Misi bantuan kali ini merupakan usaha sama dengan Yayasan Food Bank Malaysia melibatkan serahan awal 1000 kotak makanan.

2/3 https://t.co/K5FzhS9Y4Z",Kulim Bandar Baharu
2022-12-21 08:19:15+00:00,1.61E+18,Fariszuone10,"Suka untuk diingatkan.

Bantuan makanan kepada mangsa banjir kalau boleh yang terus boleh dimakan seperti

✅ Kurma (highly recommended)
✅ Roti
✅ Biskut
✅ Air mineral
✅ Makanan bungkus
✅ Air kotak

Boleh nak bagi beras.
Sertakan sekali dengan makanan2 di atas.",Kuala Terengganu
2022-12-21 11:09:41+00:00,1.61E+18,Aminadri_,"• 50 Keluarga di Sungai Limau terima bantuan bakul makanan
• 30 mahasiswa Pedu terima bantuan awal IPT Negeri RM300

Berita penuh di laman Facebook Urus Setia Penerangan Darul Aman

#UrusSetiaPeneranganDarulAman
#UPDA

Kedah terus sejahtera bersama Islam 🥰",
2022-12-22 06:26:23+00:00,1.61E+18,AbangAirul,@mynewshub Are la pya banggang hal lama sibuk Nak dibangkitkan ..bangkitakn semula hal nuar tue banjir kat pantai Timur tue bole surut ker ?? Bantuan makanan tercampak dari langit ??,"Gombak, Selangor"
2022-12-22 06:26:23+00:00,1.61E+18,AbangAirul,@mynewshub Are la pya banggang hal lama sibuk Nak dibangkitkan ..bangkitakn semula hal nuar tue banjir kat pantai Timur tue bole surut ker ?? Bantuan makanan tercampak dari langit ??,"Gombak, Selangor"
2022-12-22 06:26:23+00:00,1.61E+18,AbangAirul,@mynewshub Are la pya banggang hal lama sibuk Nak dibangkitkan ..bangkitakn semula hal nuar tue banjir kat pantai Timur tue bole surut ker ?? Bantuan makanan tercampak dari langit ??,"Gombak, Selangor"
2022-12-24 10:50:49+00:00,1.61E+18,akmalarif90,"Sinar Harian

Agih 12.4 tan metrik bantuan makanan kepada mangsa banjir

25 minit yang lalu - https://t.co/s5hV0Owb1p",Malaysia
2022-12-24 10:50:49+00:00,1.61E+18,akmalarif90,"Sinar Harian

Agih 12.4 tan metrik bantuan makanan kepada mangsa banjir

25 minit yang lalu - https://t.co/s5hV0Owb1p",Malaysia
2022-12-24 10:50:49+00:00,1.61E+18,akmalarif90,"Sinar Harian

Agih 12.4 tan metrik bantuan makanan kepada mangsa banjir

25 minit yang lalu - https://t.co/s5hV0Owb1p",Malaysia
2022-12-26 07:12:07+00:00,1.61E+18,ummah_today,"TUMPAT: Sukarelawan kenderaan pacuan 4 roda, MAPIM Rangers menggembleng tenaga untuk menyalurkan bantuan seperti keperluan asas dan makanan panas kepada penduduk terjejas banjir termasuk yang tidak berpindah ke pusat pemindahan sementara (PPS)

https://t.co/yA652UZXUZ",
2022-12-26 07:12:07+00:00,1.61E+18,ummah_today,"TUMPAT: Sukarelawan kenderaan pacuan 4 roda, MAPIM Rangers menggembleng tenaga untuk menyalurkan bantuan seperti keperluan asas dan makanan panas kepada penduduk terjejas banjir termasuk yang tidak berpindah ke pusat pemindahan sementara (PPS)

https://t.co/yA652UZXUZ",
2022-12-26 07:12:07+00:00,1.61E+18,ummah_today,"TUMPAT: Sukarelawan kenderaan pacuan 4 roda, MAPIM Rangers menggembleng tenaga untuk menyalurkan bantuan seperti keperluan asas dan makanan panas kepada penduduk terjejas banjir termasuk yang tidak berpindah ke pusat pemindahan sementara (PPS)

https://t.co/yA652UZXUZ",
2022-12-26 07:12:07+00:00,1.61E+18,ummah_today,"TUMPAT: Sukarelawan kenderaan pacuan 4 roda, MAPIM Rangers menggembleng tenaga untuk menyalurkan bantuan seperti keperluan asas dan makanan panas kepada penduduk terjejas banjir termasuk yang tidak berpindah ke pusat pemindahan sementara (PPS)

https://t.co/yA652UZXUZ",
2022-12-27 09:54:58+00:00,1.61E+18,Aminadri_,"Penoreh getah terjejas terima bantuan 

BALING- Sembilan penoreh getah dari Kampung Charok Kelian menerima sumbangan bakul makanan daripada Ahli Parlimen Baling, Ustaz Hassan Saad petang ini.

23.12.2022 https://t.co/zGz1TpsvUw",
2022-12-28 15:29:06+00:00,1.61E+18,Aminadri_,"Alhamdulillah, selesai mengagihkan bantuan bakul makanan kepada isi rumah di Kg Alor Durian yang terkesan akibat banjir.
 
Alhamdulillah terbaik mb🥰

#ybpas
#mbpas
#kelantan https://t.co/lVziyyPcmw",
2022-12-30 17:04:05+00:00,1.61E+18,AhmadZarulAfiq1,"Semoga rombongan sukarelawan #maribantu bersama bantuan perubatan, makanan asas selamat tiba esok pagi di Kelantan. Kami dah gerak! https://t.co/hVWVFNXKoM",
2022-12-30 17:04:05+00:00,1.61E+18,AhmadZarulAfiq1,"Semoga rombongan sukarelawan #maribantu bersama bantuan perubatan, makanan asas selamat tiba esok pagi di Kelantan. Kami dah gerak! https://t.co/hVWVFNXKoM",
2022-12-30 17:04:05+00:00,1.61E+18,AhmadZarulAfiq1,"Semoga rombongan sukarelawan #maribantu bersama bantuan perubatan, makanan asas selamat tiba esok pagi di Kelantan. Kami dah gerak! https://t.co/hVWVFNXKoM",
2023-01-28 10:55:05+00:00,1.62E+18,JapenSabah,"2,586 KIR Terima Bantuan Bakul Makanan

🔗https://t.co/eMvQx7Ikd9

#JaPenSabah https://t.co/YJj6uBr8kf","Kota Kinabalu, Sabah"
2023-02-14 11:43:36+00:00,1.63E+18,afaizalfy,Errrr… agak2 kos perjalanan tu boleh cover berapa banyak ubat ubatan atau bantuan makanan yg boleh dihantar eh,Damansara Heights
2023-02-14 11:43:36+00:00,1.63E+18,afaizalfy,Errrr… agak2 kos perjalanan tu boleh cover berapa banyak ubat ubatan atau bantuan makanan yg boleh dihantar eh,Damansara Heights
2023-02-14 11:43:36+00:00,1.63E+18,afaizalfy,Errrr… agak2 kos perjalanan tu boleh cover berapa banyak ubat ubatan atau bantuan makanan yg boleh dihantar eh,Damansara Heights
2023-02-14 11:43:36+00:00,1.63E+18,afaizalfy,Errrr… agak2 kos perjalanan tu boleh cover berapa banyak ubat ubatan atau bantuan makanan yg boleh dihantar eh,Damansara Heights
2023-02-25 02:41:22+00:00,1.63E+18,YCyodi,Kucing ok ja ayam makan makanannya tp bkn anjingla.. Anjing dia menghalau pastu dia panggil manusia minta bantuan jika ambil makanan atau tempatnya https://t.co/RwyrGNSJjG,"Yan, Kedah"
2023-02-27 04:00:44+00:00,1.63E+18,AnasAmdan,"Projek ini bermula ketika pandemik. 

Persatuan kami (BANTU) aktif memberi bakul2 makanan di sekitar Sabah.

Sambil bagi bantuan, kami juga terima aduan dari pekebun tempatan yang mereka tidak dapat jual sayur mereka.

Total waste boleh sampai 500kg! https://t.co/J0kdziD4Av","Kota Kinabalu, Sabah"
2023-03-03 06:11:35+00:00,1.63E+18,ProudOrangAsli,"Kerana kelihatannya masih banyak kampung yang terjejas dan memerlukan bantuan yang bukan sahaja barang makanan tetapi meliputi pakaian, selimut, tilam/tikar, air mineral, dapur gas dan lain-lain. https://t.co/9CJeQJj5zL",
2023-03-03 06:11:35+00:00,1.63E+18,ProudOrangAsli,"Kerana kelihatannya masih banyak kampung yang terjejas dan memerlukan bantuan yang bukan sahaja barang makanan tetapi meliputi pakaian, selimut, tilam/tikar, air mineral, dapur gas dan lain-lain. https://t.co/9CJeQJj5zL",
2023-03-03 06:11:35+00:00,1.63E+18,ProudOrangAsli,"Kerana kelihatannya masih banyak kampung yang terjejas dan memerlukan bantuan yang bukan sahaja barang makanan tetapi meliputi pakaian, selimut, tilam/tikar, air mineral, dapur gas dan lain-lain. https://t.co/9CJeQJj5zL",
2023-03-03 14:30:14+00:00,1.63E+18,outlaw__J,And the worst thing? Bantuan kat pps xsampai. Air takde. Camne nak kencing berak weh. Makanan pon xde. Basic necessities xde.,J's Pocket
2023-03-03 14:30:14+00:00,1.63E+18,outlaw__J,And the worst thing? Bantuan kat pps xsampai. Air takde. Camne nak kencing berak weh. Makanan pon xde. Basic necessities xde.,J's Pocket
2023-03-03 14:30:14+00:00,1.63E+18,outlaw__J,And the worst thing? Bantuan kat pps xsampai. Air takde. Camne nak kencing berak weh. Makanan pon xde. Basic necessities xde.,J's Pocket
2023-03-03 14:30:14+00:00,1.63E+18,outlaw__J,And the worst thing? Bantuan kat pps xsampai. Air takde. Camne nak kencing berak weh. Makanan pon xde. Basic necessities xde.,J's Pocket
2023-03-04 23:52:26+00:00,1.63E+18,suffikamari,"Sudah sudah la update makan sana sini PMX, fokus &amp; serius bantu @onnhafiz MB Johor sedang hadapi banjir ni. Mohon semua menteri beri perhatian serius. Sedih sangat apa yang berlaku di Johor sampai limited  bantuan makanan di area Chaah! @anwaribrahim @saifnasution @fahmi_fadzil","Ulu Kelang, Selangor"
2023-03-04 23:52:26+00:00,1.63E+18,suffikamari,"Sudah sudah la update makan sana sini PMX, fokus &amp; serius bantu @onnhafiz MB Johor sedang hadapi banjir ni. Mohon semua menteri beri perhatian serius. Sedih sangat apa yang berlaku di Johor sampai limited  bantuan makanan di area Chaah! @anwaribrahim @saifnasution @fahmi_fadzil","Ulu Kelang, Selangor"
2023-03-04 23:52:26+00:00,1.63E+18,suffikamari,"Sudah sudah la update makan sana sini PMX, fokus &amp; serius bantu @onnhafiz MB Johor sedang hadapi banjir ni. Mohon semua menteri beri perhatian serius. Sedih sangat apa yang berlaku di Johor sampai limited  bantuan makanan di area Chaah! @anwaribrahim @saifnasution @fahmi_fadzil","Ulu Kelang, Selangor"
2023-03-06 15:53:39+00:00,1.63E+18,MyJAKIM,"Syukur alhamdulillah YBrs. Tuan Haji Ruslan Bin Said, TKPO JAKIM telah menyampaikan ‘Sumbangan Tabung Musaadah Dan Jom Ke Sekolah ’ pada petang ini bertempat di Dewan Kampung Libang Ranau Sabah.Seramai 296 keluarga telah menerima bantuan berupa makanan asas&amp; barangan persekolahan https://t.co/D3wXJvoilg",Kompleks Islam Putrajaya
2023-03-16 05:17:08+00:00,1.64E+18,Media_Selangor,"Inisiatif bantuan nutrisi makanan negeri manfaat 2,800 kanak-kanak tahun ini https://t.co/IpNS8d9jgM",Shah Alam
2023-03-16 05:17:08+00:00,1.64E+18,Media_Selangor,"Inisiatif bantuan nutrisi makanan negeri manfaat 2,800 kanak-kanak tahun ini https://t.co/IpNS8d9jgM",Shah Alam
2023-03-16 05:17:08+00:00,1.64E+18,Media_Selangor,"Inisiatif bantuan nutrisi makanan negeri manfaat 2,800 kanak-kanak tahun ini https://t.co/IpNS8d9jgM",Shah Alam
2023-03-16 05:17:08+00:00,1.64E+18,Media_Selangor,"Inisiatif bantuan nutrisi makanan negeri manfaat 2,800 kanak-kanak tahun ini https://t.co/IpNS8d9jgM",Shah Alam
2023-03-16 07:36:36+00:00,1.64E+18,PerakFood,"Gaduh gaduh apa lagi ni pasal menu rahmah? 

Ni port makanan dan air RM1 sahaja. 

Takde bantuan dari gomen, cuma inisiatif dari peniaga dan masyarakat. 

Peniaga dapat habiskan jualan
Masyarakat dapat beli pelbagai jenis makanan. 

https://t.co/KPYOWhtHoC https://t.co/MXDASbTVe8","Perak, Malaysia"
2023-03-27 08:11:19+00:00,1.64E+18,Media_Selangor,"Seramai 100 penduduk berpendapatan rendah (B40) di Dewan Undangan Negeri (DUN) Bandar Utama bakal menerima manfaat bantuan makanan menerusi mesin layan diri (vending machine).

https://t.co/MPyTeugjv1",Shah Alam
2023-03-27 08:11:19+00:00,1.64E+18,Media_Selangor,"Seramai 100 penduduk berpendapatan rendah (B40) di Dewan Undangan Negeri (DUN) Bandar Utama bakal menerima manfaat bantuan makanan menerusi mesin layan diri (vending machine).

https://t.co/MPyTeugjv1",Shah Alam
2023-03-27 08:11:19+00:00,1.64E+18,Media_Selangor,"Seramai 100 penduduk berpendapatan rendah (B40) di Dewan Undangan Negeri (DUN) Bandar Utama bakal menerima manfaat bantuan makanan menerusi mesin layan diri (vending machine).

https://t.co/MPyTeugjv1",Shah Alam
2023-03-28 01:11:57+00:00,1.64E+18,Media_Selangor,Seorang ibu tunggal bersyukur dan lega dengan adanya mesin layan diri (vending machine) yang menyediakan bantuan makanan dan penjagaan diri di bawah rumah pangsanya. https://t.co/1YXhExOb0G,Shah Alam
2023-03-28 01:11:57+00:00,1.64E+18,Media_Selangor,Seorang ibu tunggal bersyukur dan lega dengan adanya mesin layan diri (vending machine) yang menyediakan bantuan makanan dan penjagaan diri di bawah rumah pangsanya. https://t.co/1YXhExOb0G,Shah Alam
2023-03-28 01:11:57+00:00,1.64E+18,Media_Selangor,Seorang ibu tunggal bersyukur dan lega dengan adanya mesin layan diri (vending machine) yang menyediakan bantuan makanan dan penjagaan diri di bawah rumah pangsanya. https://t.co/1YXhExOb0G,Shah Alam
2023-03-29 06:21:50+00:00,1.64E+18,YBKMalaysia,#SKR2023 - Rumah yang beliau dan keluarga diami adalah  sumbangan daripada Lembaga Zakat Selangor dan juga mendapat bantuan berbentuk perbelanjaan bulanan RM 500 serta makanan asas - https://t.co/VCN5QodeAO https://t.co/WA3LZN8ZR3,"Petaling Jaya, Malaysia"
2023-03-29 06:21:50+00:00,1.64E+18,YBKMalaysia,#SKR2023 - Rumah yang beliau dan keluarga diami adalah  sumbangan daripada Lembaga Zakat Selangor dan juga mendapat bantuan berbentuk perbelanjaan bulanan RM 500 serta makanan asas - https://t.co/VCN5QodeAO https://t.co/WA3LZN8ZR3,"Petaling Jaya, Malaysia"
2023-03-29 06:21:50+00:00,1.64E+18,YBKMalaysia,#SKR2023 - Rumah yang beliau dan keluarga diami adalah  sumbangan daripada Lembaga Zakat Selangor dan juga mendapat bantuan berbentuk perbelanjaan bulanan RM 500 serta makanan asas - https://t.co/VCN5QodeAO https://t.co/WA3LZN8ZR3,"Petaling Jaya, Malaysia"
2023-03-29 07:01:46+00:00,1.64E+18,DagangNews,"Coca-Cola, foodpanda bekerjasama sumbang bantuan makanan kepada golongan memerlukan  | DagangNews https://t.co/gBKSMoNHQH",Kuala Lumpur Malaysia
2023-03-29 07:01:46+00:00,1.64E+18,DagangNews,"Coca-Cola, foodpanda bekerjasama sumbang bantuan makanan kepada golongan memerlukan  | DagangNews https://t.co/gBKSMoNHQH",Kuala Lumpur Malaysia
2023-03-29 07:01:46+00:00,1.64E+18,DagangNews,"Coca-Cola, foodpanda bekerjasama sumbang bantuan makanan kepada golongan memerlukan  | DagangNews https://t.co/gBKSMoNHQH",Kuala Lumpur Malaysia
2023-03-29 08:07:59+00:00,1.64E+18,JapenSarawak,"Menteri Perdagangan Dalam Negeri dan Kos Sara Hidup, YB Datuk Seri Salahuddin Ayub berkata, sehingga semalam, sebanyak 26,150 Bakul Rahmah telah diagihkan ke seluruh Malaysia dengan bantuan sumbangan berbentuk makanan asas daripada Yayasan Global Mesra (YGM).

#JabatanPenerangan","Kuching, Sarawak"
2023-03-29 08:58:03+00:00,1.64E+18,pmrutckk,"Menteri Perdagangan Dalam Negeri dan Kos Sara Hidup, YB Datuk Seri Salahuddin Ayub berkata, sehingga semalam, sebanyak 26,150 Bakul Rahmah telah diagihkan ke seluruh Malaysia dengan bantuan sumbangan berbentuk makanan asas daripada Yayasan Global Mesra (YGM).
#JabatanPenerangan https://t.co/bzO7KuHdUj","Kota Kinabalu, Sabah"
2023-03-30 01:45:54+00:00,1.64E+18,Fulan806464364,"https://t.co/cI6Yv5Gf9j

🎙 Berkata Asy-Syaikh Ibnu Taimiyyah رحمه الله,

""Memberi bantuan kepada orang fakir dengan makanan di bulan Ramadhan, merupakan sunnah-sunnah dalam Islam, sungguh telah bersabda Rasulullah ﷺ: Barangsiapa yang memberi

https://t.co/1jY3RJGJXK https://t.co/W5GjAunUxv",di bawah langit-MU
2023-03-30 01:56:35+00:00,1.64E+18,Fahri_Official,"Halo @ShopeeCare , saya Seller Shopee mohon bantuan penyelesaian pesanan dengan resi SPXID032833481343   

Disini Barang dikatakan gagal kirim, dan dikembalikan ke penjual. Loh sedangkan barang yg dikirim adalah makanan yg sudah pasti rusak saat dikirimkan kembali ke saya.","Medan, Indonesia"
2023-03-30 02:59:13+00:00,1.64E+18,Enviidii,"@pantungalimar Menanggapi komen ibunya yg bilang si dedek ga pernah mau lihat kamera.

Coba;
Poto minta bantuan org. Yg moto suruh bawa mainan/makanan kesukaan dedeknya. Meskipun syulit mgkn berhasil.",Bumi
2023-03-30 03:19:27+00:00,1.64E+18,siswapas,"‼️SEBARKAN - Due 9 malam, 30 Mac 2023

MENCARI 50 PENERIMA SUMBANGAN TABUNG MAKANAN MAHASISWA NEGARA - UIAM GOMBAK

SiswaPAS UIA mencari 50 orang mahasiswa UIAM Gombak yang kurang berkemampuan dan/atau memerlukan bantuan sumbangan makanan berupa makanan kering. https://t.co/DZP1cdlczU",
2023-03-30 03:23:13+00:00,1.64E+18,Barac30987,@knpiharis Lu kalo mau ngebela Palestina Lu dateng Sono ke Palestina bantuin perang kasih bantuan makanan dan pakaian juga jangan malah koar koar doang sampai mengubur mimpi anak muda Indonesia pakkkk!,
2023-03-30 05:28:11+00:00,1.64E+18,getbeu,"Terdapat pelbagai cara untuk bersedekah sebagai contoh:

•Bersedekah kepada masjid atau organisasi kebajikan 
•Memberi bantuan makanan kepada yang memerlukan 
•Menaja bantuan untuk anak yatim dan keluarga yang dalam kesusahan",
2023-03-30 06:07:51+00:00,1.64E+18,thereportermy,"""Saya dapat bantuan JKM (Jabatan Kebajikan Masyarakat) RM300 sebulan yang digunakan untuk membeli makanan dan minuman.""

https://t.co/C8VEhz1D2B https://t.co/sKR0R4V2dl",Malaysia
2023-03-30 09:11:07+00:00,1.64E+18,kumparan,"Bantuan tersebut berupa air minum, makanan dan beberapa obat yang dibutuhkan masyarakat. #newsupdate #update #news #text https://t.co/6BwPqVxijs",
2023-03-30 15:05:59+00:00,1.64E+18,Juwaeny1,"Kenapa di bulan puasa banyak makanan? Apa tidak menguras kekayaan? 
Seorang muslim bekerja hanya untuk merayakan bulan ini, bahkan org ekonomi bawah mendapat bantuan
Begitulah rotasi kehidupan selama 1 tahun... Masya allah

٩ رمضان ١٤٤٤ ه‍",
2023-03-30 15:32:49+00:00,1.64E+18,PemdaKabJember,"BUPATI JEMBER BAGIKAN PMT DI DESA LAMPEJI

Bupati Jember Hendy Siswanto menyerahkan bantuan PMT (Pemberian Makanan Tambahan) kepada para ibu hamil dan balita di Desa Lampeji, Kecamatan Mumbulsari, Kamis 30 Maret 2023.
https://t.co/g1Y6CwS7Z2",Jember
2023-03-30 17:09:13+00:00,1.64E+18,IwanFrankie,@mridho_17 @idextratime @gastonedul Respon palestina:  agar indon lebih sering dan bersemangat mengirim bantuan berupa uang dan bahan makanan yg enak enak ke palestin. Syukron.,
