Datetime,ID,Username,Text,Location
2022-05-01 07:49:45+00:00,1.52067E+18,musicc0bsessed,Restricting myself from consuming food worried i wont fit the slim fit black kurung before eid 😅.,kuala lumpur/kota bharu
2022-11-17 09:58:15+00:00,1.59318E+18,afmnurdin,Should I be worried about my future child? I think kids these days so tall 😂😂I just gonna feed them with high nutrition food lol,
2022-11-17 09:58:15+00:00,1.59318E+18,afmnurdin,Should I be worried about my future child? I think kids these days so tall 😂😂I just gonna feed them with high nutrition food lol,
2022-11-17 09:58:15+00:00,1.59318E+18,afmnurdin,Should I be worried about my future child? I think kids these days so tall 😂😂I just gonna feed them with high nutrition food lol,
2022-11-17 09:58:15+00:00,1.59318E+18,afmnurdin,Should I be worried about my future child? I think kids these days so tall 😂😂I just gonna feed them with high nutrition food lol,
2023-03-30 01:56:01+00:00,1.64126E+18,sinardailymy,"To be in charge of a hunger strike was a great responsibility, all I worried about was the fate of the strikers and the desire of the hungry souls for freedom, not food. #IsmaatMansour #ThePalestinianDiaries #HungerStrike #Palestine #Israel https://t.co/KpRdIZ9fF9","Shah Alam, Selangor, Malaysia"
2023-03-30 01:56:01+00:00,1.64126E+18,sinardailymy,"To be in charge of a hunger strike was a great responsibility, all I worried about was the fate of the strikers and the desire of the hungry souls for freedom, not food. #IsmaatMansour #ThePalestinianDiaries #HungerStrike #Palestine #Israel https://t.co/KpRdIZ9fF9","Shah Alam, Selangor, Malaysia"
2023-03-30 01:56:01+00:00,1.64126E+18,sinardailymy,"To be in charge of a hunger strike was a great responsibility, all I worried about was the fate of the strikers and the desire of the hungry souls for freedom, not food. #IsmaatMansour #ThePalestinianDiaries #HungerStrike #Palestine #Israel https://t.co/KpRdIZ9fF9","Shah Alam, Selangor, Malaysia"
