Datetime,ID,Username,Text,Location
2023-03-05 09:57:39+00:00,1.63232E+18,leehengyuen,@KPDN_HQ I suggest another review on foods sold as in the weight because during this time few sellers are known to reduce the foods portion while maintaining/hiking price.,
2023-03-05 09:57:39+00:00,1.63232E+18,leehengyuen,@KPDN_HQ I suggest another review on foods sold as in the weight because during this time few sellers are known to reduce the foods portion while maintaining/hiking price.,
2023-03-05 09:57:39+00:00,1.63232E+18,leehengyuen,@KPDN_HQ I suggest another review on foods sold as in the weight because during this time few sellers are known to reduce the foods portion while maintaining/hiking price.,
2023-03-05 09:57:39+00:00,1.63232E+18,leehengyuen,@KPDN_HQ I suggest another review on foods sold as in the weight because during this time few sellers are known to reduce the foods portion while maintaining/hiking price.,
