Datetime,ID,Username,Text,Location
2022-02-01 22:51:25+00:00,1.48865E+18,vince_zack,"A very interesting graph dari article aku baca pagi ni..

Malaysian, Indonesian &amp; Filipino pays more for food compared to the developed and seen as ""expensive"" nation like singapore

But sapa2 je yg pernah kerja kat sana and makan kat hawkers will agree on this https://t.co/YLLZWLKWAN",
2022-02-01 22:51:26+00:00,1.48865E+18,vince_zack,"Bila aku pegi Philippines and aku tahu tangga gaji ppl on the streets, aku pelik how can these ppl survive dgn harga food depa.. aku bayar kat normal restaurant pun aku terasa mahal.. like i cant be paying like this daily for lunch or dinner.. its crazy expensive",
2022-03-11 09:04:03+00:00,1.50221E+18,apisulaiman,"It seems that I have to bring my own food from home, packing food from outside is very expensive.",
2022-03-11 09:04:03+00:00,1.50221E+18,apisulaiman,"It seems that I have to bring my own food from home, packing food from outside is very expensive.",
2022-03-11 09:04:03+00:00,1.50221E+18,apisulaiman,"It seems that I have to bring my own food from home, packing food from outside is very expensive.",
2022-03-13 07:33:36+00:00,1.50291E+18,jeiyaaa_,"Dude, my expenses is expensive. My haircare, skincare, my food, my health, my makeup needs my love","Petra Jaya,Kuching"
2022-03-27 10:48:38+00:00,1.50803E+18,xatullee,@CeddyOrNot Ya laa the food quite expensive but i think the price mmg standard kalau masuk food festival mcm tu. All this while klau ada food fest mmg harga semua above rm10. Mybe these kids yg complaint never went food fest bfore kot 💁🏻‍♀️,"Muo → Klang Valley, MY"
2022-03-27 10:48:38+00:00,1.50803E+18,xatullee,@CeddyOrNot Ya laa the food quite expensive but i think the price mmg standard kalau masuk food festival mcm tu. All this while klau ada food fest mmg harga semua above rm10. Mybe these kids yg complaint never went food fest bfore kot 💁🏻‍♀️,"Muo → Klang Valley, MY"
2022-03-27 10:48:38+00:00,1.50803E+18,xatullee,@CeddyOrNot Ya laa the food quite expensive but i think the price mmg standard kalau masuk food festival mcm tu. All this while klau ada food fest mmg harga semua above rm10. Mybe these kids yg complaint never went food fest bfore kot 💁🏻‍♀️,"Muo → Klang Valley, MY"
2022-03-27 10:48:38+00:00,1.50803E+18,xatullee,@CeddyOrNot Ya laa the food quite expensive but i think the price mmg standard kalau masuk food festival mcm tu. All this while klau ada food fest mmg harga semua above rm10. Mybe these kids yg complaint never went food fest bfore kot 💁🏻‍♀️,"Muo → Klang Valley, MY"
2022-03-29 02:05:56+00:00,1.50863E+18,mynameiskakak,"Jangan lepas ni dia tambah jgn hantar brg kitty plak 🤣🤣🤣🤣. Tapi hangpa pun.. dulu lagi kan depa dh habaq no expensive item, foods 😅😅 https://t.co/eY3uBp95jL",Shah Alam 
2022-03-29 02:05:56+00:00,1.50863E+18,mynameiskakak,"Jangan lepas ni dia tambah jgn hantar brg kitty plak 🤣🤣🤣🤣. Tapi hangpa pun.. dulu lagi kan depa dh habaq no expensive item, foods 😅😅 https://t.co/eY3uBp95jL",Shah Alam 
2022-03-29 02:05:56+00:00,1.50863E+18,mynameiskakak,"Jangan lepas ni dia tambah jgn hantar brg kitty plak 🤣🤣🤣🤣. Tapi hangpa pun.. dulu lagi kan depa dh habaq no expensive item, foods 😅😅 https://t.co/eY3uBp95jL",Shah Alam 
2022-03-29 02:05:56+00:00,1.50863E+18,mynameiskakak,"Jangan lepas ni dia tambah jgn hantar brg kitty plak 🤣🤣🤣🤣. Tapi hangpa pun.. dulu lagi kan depa dh habaq no expensive item, foods 😅😅 https://t.co/eY3uBp95jL",Shah Alam 
2022-03-30 14:09:04+00:00,1.50917E+18,nabiswho,Why fast food is damn expensive,
2022-03-30 14:09:04+00:00,1.50917E+18,nabiswho,Why fast food is damn expensive,
2022-03-30 14:09:04+00:00,1.50917E+18,nabiswho,Why fast food is damn expensive,
2022-04-03 11:00:54+00:00,1.51057E+18,Bubbly1003,"After 20 years or so of hard labour and simpan duit, I manage to fly economy on @KoreanAir to Seoul and @jejuair to Jeju, South Korea in 2018. 10 days trip. Spent almost 9k (food + accommodation + transportation). That's my most expensive self reward by far. 😌",United Federations of Planets 
2022-04-03 11:00:54+00:00,1.51057E+18,Bubbly1003,"After 20 years or so of hard labour and simpan duit, I manage to fly economy on @KoreanAir to Seoul and @jejuair to Jeju, South Korea in 2018. 10 days trip. Spent almost 9k (food + accommodation + transportation). That's my most expensive self reward by far. 😌",United Federations of Planets 
2022-04-03 11:00:54+00:00,1.51057E+18,Bubbly1003,"After 20 years or so of hard labour and simpan duit, I manage to fly economy on @KoreanAir to Seoul and @jejuair to Jeju, South Korea in 2018. 10 days trip. Spent almost 9k (food + accommodation + transportation). That's my most expensive self reward by far. 😌",United Federations of Planets 
2022-04-07 06:05:34+00:00,1.51195E+18,yanasyrfftxn,"On a related note, cuba lah menyimpan.. Sikit pun ok daripada takda langsung, lama-lama jadi bukit. If you could spend on expensive foods or stuff many times in a month, not having the ‘privilege to do saving’ is not the case for you. You actually could, but you choose to not to.",MARL
2022-04-08 22:06:37+00:00,1.51255E+18,amrashrv_,"If you think the food is too expensive for your wallet, tu maksudnya you bukan target customer dia. Bahasa kasar dia ialah if kau tak mampu, kau gi beli tempat yang kau mampu je lah. Bising watpa? Bukan dia paksa kau beli pun 🤣","Cheras, Kuala Lumpur"
2022-04-17 05:09:23+00:00,1.51556E+18,sara_nikka,"@financialfaiz I am very much aware of brands and how it costs. However, for me if I am gifting my wife a present, I would not describe it as mid level. It's like food, there's a lot expensive food out there, but you won't call home cooking ' just mid level'. It degrades the value of the gift.",Kuala Lumpur
2022-04-17 05:09:23+00:00,1.51556E+18,sara_nikka,"@financialfaiz I am very much aware of brands and how it costs. However, for me if I am gifting my wife a present, I would not describe it as mid level. It's like food, there's a lot expensive food out there, but you won't call home cooking ' just mid level'. It degrades the value of the gift.",Kuala Lumpur
2022-04-23 12:17:12+00:00,1.51784E+18,kiddiepax,"I need things that money can't buy. That's the problem. I don't need presents. I don't need food. I don't need gifts. I just need time and attention. That's the most expensive things. It makes me insecure when my man didn't spend time with me. Insecure, is that the right word?",
2022-04-23 12:17:12+00:00,1.51784E+18,kiddiepax,"I need things that money can't buy. That's the problem. I don't need presents. I don't need food. I don't need gifts. I just need time and attention. That's the most expensive things. It makes me insecure when my man didn't spend time with me. Insecure, is that the right word?",
2022-04-26 17:21:35+00:00,1.519E+18,changing_shade,"Unpopular Opinion- this is the reality of quality raw materials. Its expensive. If they scale back to fit malaysian pricing, it probably wont be very good… just accept the fact our wages are low and our food stuff prices went up, n keep pushing fr higher minimum wage",Kuala Lumpur City
2022-05-15 09:12:08+00:00,1.52577E+18,faqihsyakiran,Di Manchester lunch food beyond 10 pound dorang panggil over expensive . Tapi di Malaysia fresh oren RM15 segelas dipanggil standard . Di Manchester kerja sejam dapat makan dan sehelai t shirt .kerja di Malaysia satu jam mampu telan air liur . Hmm k lah sis,"Wilayah Persekutuan Putrajaya,"
2022-05-15 09:12:08+00:00,1.52577E+18,faqihsyakiran,Di Manchester lunch food beyond 10 pound dorang panggil over expensive . Tapi di Malaysia fresh oren RM15 segelas dipanggil standard . Di Manchester kerja sejam dapat makan dan sehelai t shirt .kerja di Malaysia satu jam mampu telan air liur . Hmm k lah sis,"Wilayah Persekutuan Putrajaya,"
2022-05-19 04:51:46+00:00,1.52715E+18,syncsooya,"The food here is expensive -,-",W.A ♡
2022-05-24 00:59:12+00:00,1.5289E+18,gbeejipp,Foods in Sabah are so expensive I don't know how these poor people can survive #shitfact,Malaysia
2022-05-30 14:01:54+00:00,1.53127E+18,jimmyjemii,@yulianamour I literally cried because foods are expensive. And its not my fault that i have a big appetite. 😭😭😭,"Kuala Lumpur City, Kuala Lumpur Federal Territory"
2022-05-30 14:01:54+00:00,1.53127E+18,jimmyjemii,@yulianamour I literally cried because foods are expensive. And its not my fault that i have a big appetite. 😭😭😭,"Kuala Lumpur City, Kuala Lumpur Federal Territory"
2022-05-30 14:01:54+00:00,1.53127E+18,jimmyjemii,@yulianamour I literally cried because foods are expensive. And its not my fault that i have a big appetite. 😭😭😭,"Kuala Lumpur City, Kuala Lumpur Federal Territory"
2022-05-30 14:01:54+00:00,1.53127E+18,jimmyjemii,@yulianamour I literally cried because foods are expensive. And its not my fault that i have a big appetite. 😭😭😭,"Kuala Lumpur City, Kuala Lumpur Federal Territory"
2022-06-06 06:41:09+00:00,1.5337E+18,_alissyaibrhm,"My mom always told me save my money. But i cant do that. I tried. Instead I spend my money go for travelling, buying some expensive stuff and good food. 🫠",Malaysia
2022-06-06 06:41:09+00:00,1.5337E+18,_alissyaibrhm,"My mom always told me save my money. But i cant do that. I tried. Instead I spend my money go for travelling, buying some expensive stuff and good food. 🫠",Malaysia
2022-06-06 06:41:09+00:00,1.5337E+18,_alissyaibrhm,"My mom always told me save my money. But i cant do that. I tried. Instead I spend my money go for travelling, buying some expensive stuff and good food. 🫠",Malaysia
2022-06-10 05:48:11+00:00,1.53514E+18,Eva7314,@ainsophea_ Erm yes but it was done properly with well-known caterers and proper guest management to minimise wastage on food as well as ensuring proper handling of food to avoid it going bad in the heat etc. Most important- well known and trusted caterer even if they are expensive,Malaysia
2022-06-10 05:48:11+00:00,1.53514E+18,Eva7314,@ainsophea_ Erm yes but it was done properly with well-known caterers and proper guest management to minimise wastage on food as well as ensuring proper handling of food to avoid it going bad in the heat etc. Most important- well known and trusted caterer even if they are expensive,Malaysia
2022-06-10 05:48:11+00:00,1.53514E+18,Eva7314,@ainsophea_ Erm yes but it was done properly with well-known caterers and proper guest management to minimise wastage on food as well as ensuring proper handling of food to avoid it going bad in the heat etc. Most important- well known and trusted caterer even if they are expensive,Malaysia
2022-06-10 05:48:11+00:00,1.53514E+18,Eva7314,@ainsophea_ Erm yes but it was done properly with well-known caterers and proper guest management to minimise wastage on food as well as ensuring proper handling of food to avoid it going bad in the heat etc. Most important- well known and trusted caterer even if they are expensive,Malaysia
2022-06-13 12:13:05+00:00,1.53632E+18,rahmanbaaqeel,"@aingerrrrrr No WiFi, expensive food, wild dogs and toilets aren't clean. What is wrong with IIUM?

Good enough right? hahaha","Kuala Lumpur , Malaysia"
2022-06-13 12:13:05+00:00,1.53632E+18,rahmanbaaqeel,"@aingerrrrrr No WiFi, expensive food, wild dogs and toilets aren't clean. What is wrong with IIUM?

Good enough right? hahaha","Kuala Lumpur , Malaysia"
2022-06-13 12:13:05+00:00,1.53632E+18,rahmanbaaqeel,"@aingerrrrrr No WiFi, expensive food, wild dogs and toilets aren't clean. What is wrong with IIUM?

Good enough right? hahaha","Kuala Lumpur , Malaysia"
2022-06-15 18:02:28+00:00,1.53713E+18,dyzulll,And all food at GSC Cinema is ridiculously expensive too! Please check 🙏🏼,Kuala Lumpur
2022-06-15 18:02:28+00:00,1.53713E+18,dyzulll,And all food at GSC Cinema is ridiculously expensive too! Please check 🙏🏼,Kuala Lumpur
2022-06-15 18:02:28+00:00,1.53713E+18,dyzulll,And all food at GSC Cinema is ridiculously expensive too! Please check 🙏🏼,Kuala Lumpur
2022-06-17 03:16:09+00:00,1.53764E+18,MarioJD90,We love Arab food but it's soo expensive 😫,"Kuala Lumpur,Malaysia"
2022-06-17 03:16:09+00:00,1.53764E+18,MarioJD90,We love Arab food but it's soo expensive 😫,"Kuala Lumpur,Malaysia"
2022-06-17 03:16:09+00:00,1.53764E+18,MarioJD90,We love Arab food but it's soo expensive 😫,"Kuala Lumpur,Malaysia"
2022-06-17 03:16:09+00:00,1.53764E+18,MarioJD90,We love Arab food but it's soo expensive 😫,"Kuala Lumpur,Malaysia"
2022-06-18 14:51:27+00:00,1.53817E+18,vtymhd,"Atleast walaupun mahal, aku happy dapat sedekah family some good food 🥰 (and still murah dr mkn rah siya). Mn rasa murah for harga Kl nun, mana kata lah. Too expensive just for food 😌","Sibu, Sarawak"
2022-06-19 15:20:09+00:00,1.53854E+18,j9wgcnkn,Nice food. But a bit expensive https://t.co/WnLDPA7pHw,
2022-06-19 15:20:09+00:00,1.53854E+18,j9wgcnkn,Nice food. But a bit expensive https://t.co/WnLDPA7pHw,
2022-06-19 15:20:09+00:00,1.53854E+18,j9wgcnkn,Nice food. But a bit expensive https://t.co/WnLDPA7pHw,
2022-06-19 15:20:09+00:00,1.53854E+18,j9wgcnkn,Nice food. But a bit expensive https://t.co/WnLDPA7pHw,
2022-06-21 10:34:23+00:00,1.5392E+18,ryuhiro,"Good think i can't speak chinese and she can't speak english so speak rojak malay. But i really just don't like her attitude. Saying her food is expensive lar, medical bill is this much lar, and what am i suppose to do with that knowledge?",Malaysia 
2022-06-21 10:34:23+00:00,1.5392E+18,ryuhiro,"Good think i can't speak chinese and she can't speak english so speak rojak malay. But i really just don't like her attitude. Saying her food is expensive lar, medical bill is this much lar, and what am i suppose to do with that knowledge?",Malaysia 
2022-06-21 10:34:23+00:00,1.5392E+18,ryuhiro,"Good think i can't speak chinese and she can't speak english so speak rojak malay. But i really just don't like her attitude. Saying her food is expensive lar, medical bill is this much lar, and what am i suppose to do with that knowledge?",Malaysia 
2022-06-22 00:11:09+00:00,1.5394E+18,kusahafiez,"After spending too much on food delivery service, eating at O'Briens doesn't seem too expensive anymore. https://t.co/jiR4qQDpKG",
2022-06-22 00:11:09+00:00,1.5394E+18,kusahafiez,"After spending too much on food delivery service, eating at O'Briens doesn't seem too expensive anymore. https://t.co/jiR4qQDpKG",
2022-06-22 00:11:09+00:00,1.5394E+18,kusahafiez,"After spending too much on food delivery service, eating at O'Briens doesn't seem too expensive anymore. https://t.co/jiR4qQDpKG",
2022-06-22 10:25:56+00:00,1.53956E+18,OkaforMaxi,"Go 2 school-ASUU Strike
Go 2 farm-Herdsmen
Go 2 Mosque-Gunmen/Bomb
Go 2 Church-Gunmen/Bomb
Travel by road-Kidnappers
Travel by train-Bandits
Graduate from school-No job
You're hungry-Food is expensive
Stay at home-No fuel and Light
So get your PVC. Let's vote right for once! PO",Nigeria & Malaysia.
2022-06-22 10:25:56+00:00,1.53956E+18,OkaforMaxi,"Go 2 school-ASUU Strike
Go 2 farm-Herdsmen
Go 2 Mosque-Gunmen/Bomb
Go 2 Church-Gunmen/Bomb
Travel by road-Kidnappers
Travel by train-Bandits
Graduate from school-No job
You're hungry-Food is expensive
Stay at home-No fuel and Light
So get your PVC. Let's vote right for once! PO",Nigeria & Malaysia.
2022-06-28 02:05:20+00:00,1.5416E+18,MSallehuddin05,True. It is so expensive. Not Rvp calibre. Pay over the odds. Food player but not a 20 goals a season player in my book. Not really a poacher but recently played out wide. Even sterling have better positioning in the box,"KUL, LHR"
2022-07-10 12:52:21+00:00,1.54612E+18,Alishk_Ace,Expensive but tasty food at sushiya. Can only go once in a blue moon xD https://t.co/OhxXf4B8rN,"Petaling Jaya, Selangor"
2022-07-10 12:52:21+00:00,1.54612E+18,Alishk_Ace,Expensive but tasty food at sushiya. Can only go once in a blue moon xD https://t.co/OhxXf4B8rN,"Petaling Jaya, Selangor"
2022-07-14 08:07:43+00:00,1.54749E+18,ans47,"Salam @tzafrul_aziz ... please propose for ""PELEPASAN CUKAI HAIWAN PELIHARAAN"" RM500 setahun
to appreciate pet lovers in Msia.

Having pets is expensive (pet food, litter, vaccine and vet)

Pelepasan isteri dan anak tidak bekerja ada. Add one for kucing anjing tidak berkerja 🐈🐕",
2022-07-14 08:07:43+00:00,1.54749E+18,ans47,"Salam @tzafrul_aziz ... please propose for ""PELEPASAN CUKAI HAIWAN PELIHARAAN"" RM500 setahun
to appreciate pet lovers in Msia.

Having pets is expensive (pet food, litter, vaccine and vet)

Pelepasan isteri dan anak tidak bekerja ada. Add one for kucing anjing tidak berkerja 🐈🐕",
2022-07-14 08:07:43+00:00,1.54749E+18,ans47,"Salam @tzafrul_aziz ... please propose for ""PELEPASAN CUKAI HAIWAN PELIHARAAN"" RM500 setahun
to appreciate pet lovers in Msia.

Having pets is expensive (pet food, litter, vaccine and vet)

Pelepasan isteri dan anak tidak bekerja ada. Add one for kucing anjing tidak berkerja 🐈🐕",
2022-07-23 04:39:12+00:00,1.5507E+18,_azba_,"@ppsstpma understand, and cafe food can be crazy expensive",Kuala Lumpur City
2022-07-23 04:39:12+00:00,1.5507E+18,_azba_,"@ppsstpma understand, and cafe food can be crazy expensive",Kuala Lumpur City
2022-07-28 05:35:19+00:00,1.55253E+18,AfilSyazwan,"The expensive sate in the middle of golden triangle.

#beforeandafter #lightroom #malaysia #wagyu #wagyubeef #wagyusate #wagyuskewers #streetfood #food #kualalumpur #bukitbintang #street #streetphotography #sony #sonya5100 #kamlan50mmf1 https://t.co/psvDzwKkWS","Shah Alam, Malaysia"
2022-07-28 05:35:19+00:00,1.55253E+18,AfilSyazwan,"The expensive sate in the middle of golden triangle.

#beforeandafter #lightroom #malaysia #wagyu #wagyubeef #wagyusate #wagyuskewers #streetfood #food #kualalumpur #bukitbintang #street #streetphotography #sony #sonya5100 #kamlan50mmf1 https://t.co/psvDzwKkWS","Shah Alam, Malaysia"
2022-07-28 05:51:04+00:00,1.55253E+18,mikehwaffle,The basic stuff like food also getting expensive wtf la sial,"Petaling Jaya, Selangor"
2022-08-05 00:54:44+00:00,1.55536E+18,Nashranamri,delivery food so fucking expensive but the riders still underpaid 🤡,
2022-08-05 00:54:44+00:00,1.55536E+18,Nashranamri,delivery food so fucking expensive but the riders still underpaid 🤡,
2022-08-11 01:18:52+00:00,1.55754E+18,buwanisbulan,"It’s our first Food Festival together hihi❤️We were sweating a lot, the food mostly overpriced, better bring our own mineral water bcs the drinks are so expensive too😂We spent around RM90 for Tacos, fried ice cream, dragon beard candy, Taiwan sausages, kcg kuda &amp; charkue💀 https://t.co/sfQffahWQV","Kuching, Sarawak"
2022-08-14 08:37:46+00:00,1.55873E+18,KepitingKesasar,"2 decades later, this place for me still define what peak halal chinese food look like. Better than some of the most expensive ones that money can buy in jakarta. Total damage for this is still ridiculously just around 100k in rupiah https://t.co/Gfc2G8bkRB",Cairnhill
2022-08-14 08:37:46+00:00,1.55873E+18,KepitingKesasar,"2 decades later, this place for me still define what peak halal chinese food look like. Better than some of the most expensive ones that money can buy in jakarta. Total damage for this is still ridiculously just around 100k in rupiah https://t.co/Gfc2G8bkRB",Cairnhill
2022-08-20 04:12:46+00:00,1.56084E+18,hewyk,@Duurianne Hahah not bad leh my 16 year old enjoyed with his younger cousins. Food is expensive la but harry ramsdens fish and chips is decent,"Kuala Lumpur, Malaysia"
2022-08-20 04:12:46+00:00,1.56084E+18,hewyk,@Duurianne Hahah not bad leh my 16 year old enjoyed with his younger cousins. Food is expensive la but harry ramsdens fish and chips is decent,"Kuala Lumpur, Malaysia"
2022-08-23 06:13:08+00:00,1.56196E+18,_alissyaibrhm,"Same goes with me. Orang duk perlekehkan kenapa pakai waja. Oh come on. I have extra money i can go for travel, buy food, clothes and many other expensive things.",Malaysia
2022-08-23 06:13:08+00:00,1.56196E+18,_alissyaibrhm,"Same goes with me. Orang duk perlekehkan kenapa pakai waja. Oh come on. I have extra money i can go for travel, buy food, clothes and many other expensive things.",Malaysia
2022-08-23 06:13:08+00:00,1.56196E+18,_alissyaibrhm,"Same goes with me. Orang duk perlekehkan kenapa pakai waja. Oh come on. I have extra money i can go for travel, buy food, clothes and many other expensive things.",Malaysia
2022-09-05 00:20:40+00:00,1.56658E+18,syvzwvn,"@afifster No bro, these are the malay who can't afford nice things. Normal for folks from kampung and rural to do this. Food is expensive at the airport. Tapi kalau benda ni jadi sebab inspired by Alif Syukri, layak disula Alif tu.","Chicago, Kelantan"
2022-09-05 00:20:40+00:00,1.56658E+18,syvzwvn,"@afifster No bro, these are the malay who can't afford nice things. Normal for folks from kampung and rural to do this. Food is expensive at the airport. Tapi kalau benda ni jadi sebab inspired by Alif Syukri, layak disula Alif tu.","Chicago, Kelantan"
2022-09-07 00:04:49+00:00,1.5673E+18,sitikasim,"Some may not agree with me but I don't blame this family 4 bringing their own food. Airport food is just too expensive 4 many. As long they're not causing trouble to others,leave them alone. Easy for us to judge others unless you're walking in their shoes.https://t.co/9bfTsPl1hL",Kuala Lumpur
2022-09-07 00:04:49+00:00,1.5673E+18,sitikasim,"Some may not agree with me but I don't blame this family 4 bringing their own food. Airport food is just too expensive 4 many. As long they're not causing trouble to others,leave them alone. Easy for us to judge others unless you're walking in their shoes.https://t.co/9bfTsPl1hL",Kuala Lumpur
2022-09-07 00:04:49+00:00,1.5673E+18,sitikasim,"Some may not agree with me but I don't blame this family 4 bringing their own food. Airport food is just too expensive 4 many. As long they're not causing trouble to others,leave them alone. Easy for us to judge others unless you're walking in their shoes.https://t.co/9bfTsPl1hL",Kuala Lumpur
2022-09-08 04:47:27+00:00,1.56774E+18,luxentX,"The ringgit is 4.50 to the Dollar now. One of the lowest point in a long time. Things are just going to get more expensive:
-imported food
-fuel
-electronics
-studying overseas
-imported medicine https://t.co/x6TxE4Rwzt",Petaling Jaya
2022-09-09 05:45:32+00:00,1.56811E+18,adamidyrazlan,"Pizza monsters 🍕👾

On a side note, Dominos via Grab Food is super expensive 😰 https://t.co/I7uGQBambR",Malaysia
2022-09-09 05:45:32+00:00,1.56811E+18,adamidyrazlan,"Pizza monsters 🍕👾

On a side note, Dominos via Grab Food is super expensive 😰 https://t.co/I7uGQBambR",Malaysia
2022-09-09 05:59:28+00:00,1.56812E+18,chrischongec,@alwyn_lau Oh you be surprised about the cost of food. Some places are more expensive than Kl,Malaysia
2022-09-09 05:59:28+00:00,1.56812E+18,chrischongec,@alwyn_lau Oh you be surprised about the cost of food. Some places are more expensive than Kl,Malaysia
2022-09-09 05:59:28+00:00,1.56812E+18,chrischongec,@alwyn_lau Oh you be surprised about the cost of food. Some places are more expensive than Kl,Malaysia
2022-09-09 05:59:28+00:00,1.56812E+18,chrischongec,@alwyn_lau Oh you be surprised about the cost of food. Some places are more expensive than Kl,Malaysia
2022-09-19 18:01:44+00:00,1.57192E+18,DiyaSeesGhosts,And when we went to go get Panna Cotta and expensive cafe food https://t.co/quj5AhBRBZ,Malaysia 
2022-09-19 18:01:44+00:00,1.57192E+18,DiyaSeesGhosts,And when we went to go get Panna Cotta and expensive cafe food https://t.co/quj5AhBRBZ,Malaysia 
2022-09-19 18:01:44+00:00,1.57192E+18,DiyaSeesGhosts,And when we went to go get Panna Cotta and expensive cafe food https://t.co/quj5AhBRBZ,Malaysia 
2022-09-20 15:29:31+00:00,1.57225E+18,shahrezanoor,"Was back from langkawi. Food is expensive for 6 of us. Ikan bakar seketul lauk kari dengan 6 pinggan nasi cost rm75. Air kosong.
Dapat vios for rm150 per day because katanya kereta lain. semua dah fully book. Rupanya agent dah mark up siap siap.",
2022-09-20 15:29:31+00:00,1.57225E+18,shahrezanoor,"Was back from langkawi. Food is expensive for 6 of us. Ikan bakar seketul lauk kari dengan 6 pinggan nasi cost rm75. Air kosong.
Dapat vios for rm150 per day because katanya kereta lain. semua dah fully book. Rupanya agent dah mark up siap siap.",
2022-09-20 15:29:31+00:00,1.57225E+18,shahrezanoor,"Was back from langkawi. Food is expensive for 6 of us. Ikan bakar seketul lauk kari dengan 6 pinggan nasi cost rm75. Air kosong.
Dapat vios for rm150 per day because katanya kereta lain. semua dah fully book. Rupanya agent dah mark up siap siap.",
2022-09-27 23:39:21+00:00,1.57491E+18,mlllandy,@hichizarai1 pernah nampak yg beli expensive food dan pergi travel... 🙃,"Kajang, Selangor"
2022-09-27 23:39:21+00:00,1.57491E+18,mlllandy,@hichizarai1 pernah nampak yg beli expensive food dan pergi travel... 🙃,"Kajang, Selangor"
2022-10-01 07:09:38+00:00,1.57611E+18,muchawesomewow,"Memang rasa nak try je semua,but as with most festival food,they can be quite expensive 😅 https://t.co/LrR3SbQJU1",Kuala Terengganu
2022-10-24 01:53:35+00:00,1.58436E+18,MewsOfTheMuse,@philipyoungg Huh? Food in Jakarta more expensive now? Haven't been there for ages. Last I was there around 2008. Food was still affordable back then,"Selangor, Malaysia"
2022-11-08 05:39:58+00:00,1.58986E+18,MuhammadKhasfi,"@anuar_ai @drmusanordin @maszlee I was thinking the same thing too ..  in SBP is already getting more expensive for food supply around 30 - 50 a day not mistaken .. if nk replicate to whole nation.. a lot of 
$$$..to me dont over promise.just teach the important of food production in school or targeted free meal",
2022-11-08 05:39:58+00:00,1.58986E+18,MuhammadKhasfi,"@anuar_ai @drmusanordin @maszlee I was thinking the same thing too ..  in SBP is already getting more expensive for food supply around 30 - 50 a day not mistaken .. if nk replicate to whole nation.. a lot of 
$$$..to me dont over promise.just teach the important of food production in school or targeted free meal",
2022-11-08 05:39:58+00:00,1.58986E+18,MuhammadKhasfi,"@anuar_ai @drmusanordin @maszlee I was thinking the same thing too ..  in SBP is already getting more expensive for food supply around 30 - 50 a day not mistaken .. if nk replicate to whole nation.. a lot of 
$$$..to me dont over promise.just teach the important of food production in school or targeted free meal",
2022-11-08 05:39:58+00:00,1.58986E+18,MuhammadKhasfi,"@anuar_ai @drmusanordin @maszlee I was thinking the same thing too ..  in SBP is already getting more expensive for food supply around 30 - 50 a day not mistaken .. if nk replicate to whole nation.. a lot of 
$$$..to me dont over promise.just teach the important of food production in school or targeted free meal",
2022-11-17 23:23:15+00:00,1.59338E+18,navakris,"#healthyfood does not have to be expensive food. This is our latest #healthiness trended on our YouTube channel. Easy vegetarian potato Sambal. 
#CookWithNavaK 
https://t.co/gIxgjU4ZiM https://t.co/57guvR26xX","Kemuning Greenville, S.Alam"
2022-11-17 23:23:15+00:00,1.59338E+18,navakris,"#healthyfood does not have to be expensive food. This is our latest #healthiness trended on our YouTube channel. Easy vegetarian potato Sambal. 
#CookWithNavaK 
https://t.co/gIxgjU4ZiM https://t.co/57guvR26xX","Kemuning Greenville, S.Alam"
2022-11-17 23:23:15+00:00,1.59338E+18,navakris,"#healthyfood does not have to be expensive food. This is our latest #healthiness trended on our YouTube channel. Easy vegetarian potato Sambal. 
#CookWithNavaK 
https://t.co/gIxgjU4ZiM https://t.co/57guvR26xX","Kemuning Greenville, S.Alam"
2022-11-22 12:27:57+00:00,1.59503E+18,amirazairiii,Do I like expensive stuff? Yes I do. Do I like expensive food? No😂 I would go with my sambal tempoyak daun over steak every single time.,Malaysia
2022-12-02 07:26:59+00:00,1.59858E+18,elzalyff,@darren04451671 Food are quite similar to malaysia. Hse too expensive. Alhamdulillah we are still ok in Malaysia.,Mont Kiara W.Persekutuan
2022-12-02 07:26:59+00:00,1.59858E+18,elzalyff,@darren04451671 Food are quite similar to malaysia. Hse too expensive. Alhamdulillah we are still ok in Malaysia.,Mont Kiara W.Persekutuan
2022-12-02 07:26:59+00:00,1.59858E+18,elzalyff,@darren04451671 Food are quite similar to malaysia. Hse too expensive. Alhamdulillah we are still ok in Malaysia.,Mont Kiara W.Persekutuan
2022-12-02 07:26:59+00:00,1.59858E+18,elzalyff,@darren04451671 Food are quite similar to malaysia. Hse too expensive. Alhamdulillah we are still ok in Malaysia.,Mont Kiara W.Persekutuan
2022-12-05 06:08:20+00:00,1.59965E+18,Ralflis,"Go buy Oblong kedai burger tepi longkang lagi sedap dan berbaloi . McD expensive tak sedap , spend your money on real food guise !!!",Psychiatric Ward 📍
2022-12-05 06:08:20+00:00,1.59965E+18,Ralflis,"Go buy Oblong kedai burger tepi longkang lagi sedap dan berbaloi . McD expensive tak sedap , spend your money on real food guise !!!",Psychiatric Ward 📍
2022-12-05 06:08:20+00:00,1.59965E+18,Ralflis,"Go buy Oblong kedai burger tepi longkang lagi sedap dan berbaloi . McD expensive tak sedap , spend your money on real food guise !!!",Psychiatric Ward 📍
2022-12-05 06:08:20+00:00,1.59965E+18,Ralflis,"Go buy Oblong kedai burger tepi longkang lagi sedap dan berbaloi . McD expensive tak sedap , spend your money on real food guise !!!",Psychiatric Ward 📍
2022-12-05 09:10:26+00:00,1.59969E+18,neesasodirman,@missalvy__ Overly expensive too. Better go eat japonais or chinois food hahahha cheaper and tastes yum,
2022-12-05 09:10:26+00:00,1.59969E+18,neesasodirman,@missalvy__ Overly expensive too. Better go eat japonais or chinois food hahahha cheaper and tastes yum,
2022-12-05 09:10:26+00:00,1.59969E+18,neesasodirman,@missalvy__ Overly expensive too. Better go eat japonais or chinois food hahahha cheaper and tastes yum,
2022-12-06 00:04:28+00:00,1.59992E+18,luxentX,"Real maple syrup is expensive in Malaysia. In Malaysia, they have corn syrup instead which is cheap served in fast food joints for waffles.",Petaling Jaya
2022-12-11 03:12:39+00:00,1.60178E+18,fadzilharith3,"Now the price has soared for everything. Fuel, food, housing, and life in general got a lot more expensive very fast.  The people wasn't setting on board with the idea.  You cannot make this stuff up.

Please do not forget that the recession are a natural part of economic cycles",Kuala Lumpur Federal Territory
2022-12-11 03:12:39+00:00,1.60178E+18,fadzilharith3,"Now the price has soared for everything. Fuel, food, housing, and life in general got a lot more expensive very fast.  The people wasn't setting on board with the idea.  You cannot make this stuff up.

Please do not forget that the recession are a natural part of economic cycles",Kuala Lumpur Federal Territory
2022-12-11 03:12:39+00:00,1.60178E+18,fadzilharith3,"Now the price has soared for everything. Fuel, food, housing, and life in general got a lot more expensive very fast.  The people wasn't setting on board with the idea.  You cannot make this stuff up.

Please do not forget that the recession are a natural part of economic cycles",Kuala Lumpur Federal Territory
2022-12-11 03:12:39+00:00,1.60178E+18,fadzilharith3,"Now the price has soared for everything. Fuel, food, housing, and life in general got a lot more expensive very fast.  The people wasn't setting on board with the idea.  You cannot make this stuff up.

Please do not forget that the recession are a natural part of economic cycles",Kuala Lumpur Federal Territory
2022-12-14 03:29:01+00:00,1.60287E+18,sirennextdoor,"@melatinungsari 3.5stars at least on Google reviews for normal places, 4.5stars for fancy cafes with pictures.. Aint spending expensive buck if the food doesn't at least seem like they're good...",
2022-12-14 03:29:01+00:00,1.60287E+18,sirennextdoor,"@melatinungsari 3.5stars at least on Google reviews for normal places, 4.5stars for fancy cafes with pictures.. Aint spending expensive buck if the food doesn't at least seem like they're good...",
2022-12-14 03:29:01+00:00,1.60287E+18,sirennextdoor,"@melatinungsari 3.5stars at least on Google reviews for normal places, 4.5stars for fancy cafes with pictures.. Aint spending expensive buck if the food doesn't at least seem like they're good...",
2022-12-14 03:29:01+00:00,1.60287E+18,sirennextdoor,"@melatinungsari 3.5stars at least on Google reviews for normal places, 4.5stars for fancy cafes with pictures.. Aint spending expensive buck if the food doesn't at least seem like they're good...",
2022-12-21 03:12:25+00:00,1.6054E+18,nrysmn_hssm,Work hard ! Because food is expensive nowadays 🤑🤤 https://t.co/UEDcGSQKrD,Malaysia
2022-12-21 03:12:25+00:00,1.6054E+18,nrysmn_hssm,Work hard ! Because food is expensive nowadays 🤑🤤 https://t.co/UEDcGSQKrD,Malaysia
2022-12-21 03:12:25+00:00,1.6054E+18,nrysmn_hssm,Work hard ! Because food is expensive nowadays 🤑🤤 https://t.co/UEDcGSQKrD,Malaysia
2022-12-22 08:22:07+00:00,1.60584E+18,nlhaziqah,i stopped eating at sushi king bcs their food quality is.. 🤢 and expensive. Nippon sushi is betterrrr,"Selangor, Malaysia"
2022-12-22 08:22:07+00:00,1.60584E+18,nlhaziqah,i stopped eating at sushi king bcs their food quality is.. 🤢 and expensive. Nippon sushi is betterrrr,"Selangor, Malaysia"
2022-12-22 08:22:07+00:00,1.60584E+18,nlhaziqah,i stopped eating at sushi king bcs their food quality is.. 🤢 and expensive. Nippon sushi is betterrrr,"Selangor, Malaysia"
2022-12-24 14:09:57+00:00,1.60665E+18,richard24003609,"@ShortyFir @DGHisham They May b able to buy IP14, but face with stiffness rent rates.  Food , travel are  expensive too. Working conditions are equally taxing. But one thing different,  they can get overtime allowance. MOH should look into this.",
2022-12-24 14:09:57+00:00,1.60665E+18,richard24003609,"@ShortyFir @DGHisham They May b able to buy IP14, but face with stiffness rent rates.  Food , travel are  expensive too. Working conditions are equally taxing. But one thing different,  they can get overtime allowance. MOH should look into this.",
2022-12-24 14:09:57+00:00,1.60665E+18,richard24003609,"@ShortyFir @DGHisham They May b able to buy IP14, but face with stiffness rent rates.  Food , travel are  expensive too. Working conditions are equally taxing. But one thing different,  they can get overtime allowance. MOH should look into this.",
2022-12-24 14:09:57+00:00,1.60665E+18,richard24003609,"@ShortyFir @DGHisham They May b able to buy IP14, but face with stiffness rent rates.  Food , travel are  expensive too. Working conditions are equally taxing. But one thing different,  they can get overtime allowance. MOH should look into this.",
2022-12-24 14:09:57+00:00,1.60665E+18,richard24003609,"@ShortyFir @DGHisham They May b able to buy IP14, but face with stiffness rent rates.  Food , travel are  expensive too. Working conditions are equally taxing. But one thing different,  they can get overtime allowance. MOH should look into this.",
2022-12-29 02:41:57+00:00,1.60829E+18,Kushfein_,@anthonyloke even the foods inside Air Asia Airlines are expensive!!! Over priced 🔪🔪🔪🤦🏻‍♂️🤦🏻‍♂️🤦🏻‍♂️,Wilayah Persekutuan Kuala Lump
2022-12-29 02:41:57+00:00,1.60829E+18,Kushfein_,@anthonyloke even the foods inside Air Asia Airlines are expensive!!! Over priced 🔪🔪🔪🤦🏻‍♂️🤦🏻‍♂️🤦🏻‍♂️,Wilayah Persekutuan Kuala Lump
2022-12-29 02:41:57+00:00,1.60829E+18,Kushfein_,@anthonyloke even the foods inside Air Asia Airlines are expensive!!! Over priced 🔪🔪🔪🤦🏻‍♂️🤦🏻‍♂️🤦🏻‍♂️,Wilayah Persekutuan Kuala Lump
2022-12-29 02:41:57+00:00,1.60829E+18,Kushfein_,@anthonyloke even the foods inside Air Asia Airlines are expensive!!! Over priced 🔪🔪🔪🤦🏻‍♂️🤦🏻‍♂️🤦🏻‍♂️,Wilayah Persekutuan Kuala Lump
2023-01-11 11:49:28+00:00,1.61314E+18,igghtours,Always pack extra snacks. You never know when hunger strikes and airport food is just too expensive. #travellingtips #snackgamestrong,"Selangor, Malaysia"
2023-01-11 11:49:28+00:00,1.61314E+18,igghtours,Always pack extra snacks. You never know when hunger strikes and airport food is just too expensive. #travellingtips #snackgamestrong,"Selangor, Malaysia"
2023-01-11 11:49:28+00:00,1.61314E+18,igghtours,Always pack extra snacks. You never know when hunger strikes and airport food is just too expensive. #travellingtips #snackgamestrong,"Selangor, Malaysia"
2023-01-11 11:49:28+00:00,1.61314E+18,igghtours,Always pack extra snacks. You never know when hunger strikes and airport food is just too expensive. #travellingtips #snackgamestrong,"Selangor, Malaysia"
2023-01-17 12:56:04+00:00,1.61533E+18,azmilsyahmi,"Seafood dinner with the kiddos today. At one of our favourite seafood place in Port Dickson.

Food is tasty and not too expensive.

#portdickson #seafood #dinner #malaysia #negerisembilan https://t.co/trUzGBJFyN",Malaysia
2023-01-22 11:22:49+00:00,1.61712E+18,ynwa_Perak76,"@BooSoonYew67 Year end with cool breeze from the north is ok. 
Else it’s hot, humid and mosquito feeding 😂

Food is average and expensive.

The only plus point is the superb view.",Penang
2023-01-26 00:21:50+00:00,1.6184E+18,zulaikhafadir_,I’m broke at but still cravings for expensive foods and things 🙂🙂 dasar tak sedar diri tgh miskin,
2023-01-26 00:21:50+00:00,1.6184E+18,zulaikhafadir_,I’m broke at but still cravings for expensive foods and things 🙂🙂 dasar tak sedar diri tgh miskin,
2023-01-26 00:21:50+00:00,1.6184E+18,zulaikhafadir_,I’m broke at but still cravings for expensive foods and things 🙂🙂 dasar tak sedar diri tgh miskin,
2023-01-27 13:59:50+00:00,1.61897E+18,5mithy87,"Talking with friends about omakase.
I totally don't buy those concepts in Malaysia. 

Then i was categorised by my friend as a person that hadn't tried any expensive and nice omakase.

Well..
Obviously they don't realize how much i spend on food a month 🤣","Penang, Malaysia"
2023-02-06 15:24:48+00:00,1.62262E+18,izzatjonid,"This is what i call ridiculous. I dont understand why peope like to go to all this type of vendor shops &amp; buy all those viral foods/drinks but so-so taste yet expensive. And sanggup beratur mcm tu sekali. U can see the way instructions are given - walawey, mcm nak masuk kem.","Kulim, Kedah"
2023-02-23 00:02:46+00:00,1.62855E+18,makcikbebel_,"@efaperfume Kalau i, i mengidam expensive foods hari2 during the period. I sampai kene overtime just to pampered my cravings 🥺","Malacca, Malaysia"
2023-03-07 16:59:11+00:00,1.63315E+18,dettol_sprayz,Gonna ban Sebulek forever. Their food ok sedap not bad but... but their price is getting expensive tak masuk akal. Tak percaya? Try makan nasik campur kat Sebulek.,Dettol Manufacturing Factory
2023-03-07 16:59:11+00:00,1.63315E+18,dettol_sprayz,Gonna ban Sebulek forever. Their food ok sedap not bad but... but their price is getting expensive tak masuk akal. Tak percaya? Try makan nasik campur kat Sebulek.,Dettol Manufacturing Factory
2023-03-07 16:59:11+00:00,1.63315E+18,dettol_sprayz,Gonna ban Sebulek forever. Their food ok sedap not bad but... but their price is getting expensive tak masuk akal. Tak percaya? Try makan nasik campur kat Sebulek.,Dettol Manufacturing Factory
2023-03-22 08:50:52+00:00,1.63846E+18,ibraaaahime,"It’s been a week I’m travelling but this city has got my attention 👀🥰 

Not so expensive 
Fresh food 
Warming Hospitality 
Clean 
Rich people are living in #klcc 

And tomorrow i have to go to Melbourne Australia 

Should i finish my travel plan ? 
Is there a way to make 💰 https://t.co/OGtehflUml","Paris, France"
2023-03-22 08:50:52+00:00,1.63846E+18,ibraaaahime,"It’s been a week I’m travelling but this city has got my attention 👀🥰 

Not so expensive 
Fresh food 
Warming Hospitality 
Clean 
Rich people are living in #klcc 

And tomorrow i have to go to Melbourne Australia 

Should i finish my travel plan ? 
Is there a way to make 💰 https://t.co/OGtehflUml","Paris, France"
2023-03-22 08:50:52+00:00,1.63846E+18,ibraaaahime,"It’s been a week I’m travelling but this city has got my attention 👀🥰 

Not so expensive 
Fresh food 
Warming Hospitality 
Clean 
Rich people are living in #klcc 

And tomorrow i have to go to Melbourne Australia 

Should i finish my travel plan ? 
Is there a way to make 💰 https://t.co/OGtehflUml","Paris, France"
2023-03-22 08:50:52+00:00,1.63846E+18,ibraaaahime,"It’s been a week I’m travelling but this city has got my attention 👀🥰 

Not so expensive 
Fresh food 
Warming Hospitality 
Clean 
Rich people are living in #klcc 

And tomorrow i have to go to Melbourne Australia 

Should i finish my travel plan ? 
Is there a way to make 💰 https://t.co/OGtehflUml","Paris, France"
2023-03-27 04:08:31+00:00,1.6402E+18,devagaga,People now only realised bazaar ramadan food is expensive? Bruh it has always been!,Malaysia
2023-03-27 04:08:31+00:00,1.6402E+18,devagaga,People now only realised bazaar ramadan food is expensive? Bruh it has always been!,Malaysia
2023-03-27 04:08:31+00:00,1.6402E+18,devagaga,People now only realised bazaar ramadan food is expensive? Bruh it has always been!,Malaysia
2023-03-27 04:08:31+00:00,1.6402E+18,devagaga,People now only realised bazaar ramadan food is expensive? Bruh it has always been!,Malaysia
2023-03-27 07:55:53+00:00,1.64026E+18,PreciousFaq,@noturbunga_ the food expensive ke?,Shah Alam
2023-03-27 07:55:53+00:00,1.64026E+18,PreciousFaq,@noturbunga_ the food expensive ke?,Shah Alam
2023-03-27 19:57:01+00:00,1.64044E+18,prettylilshar,Why ramadhan food is hella expensive tho? Are they taking this bulan ramadhan’s ‘sedekah’ for granted?,Sabahan
2023-03-29 09:01:17+00:00,1.641E+18,SParamalingam,Why Bazaar foods are damn expensive 😭,"Rawang, Selangor"
2023-03-29 09:01:17+00:00,1.641E+18,SParamalingam,Why Bazaar foods are damn expensive 😭,"Rawang, Selangor"
2023-03-29 16:02:01+00:00,1.64111E+18,asyrafmalekk,Bazaar food are expensive. But then again people went to like McD to buy a 24 ringgit burger. But then again the quality is not the same.,kuala lumpur
2023-03-29 16:02:01+00:00,1.64111E+18,asyrafmalekk,Bazaar food are expensive. But then again people went to like McD to buy a 24 ringgit burger. But then again the quality is not the same.,kuala lumpur
2023-03-29 16:02:01+00:00,1.64111E+18,asyrafmalekk,Bazaar food are expensive. But then again people went to like McD to buy a 24 ringgit burger. But then again the quality is not the same.,kuala lumpur
2023-03-29 16:02:01+00:00,1.64111E+18,asyrafmalekk,Bazaar food are expensive. But then again people went to like McD to buy a 24 ringgit burger. But then again the quality is not the same.,kuala lumpur
