Datetime,ID,Username,Text,Location
2023-02-21 09:18:02+00:00,1.62796E+18,ICSA__,"To commemorate this occasion, the IU director of ICSA held an online meeting for all interactors and probationary interactors to discuss a variety of on-going social injustices, including education, racial injustice, climate change, and food insecurity.

#icsaxiuproject https://t.co/22lS5MQAmc",SMK (P) Sri Aman
2022-08-06 00:19:51+00:00,1.55571E+18,PLinKualaLumpur,"Russia accusing the West of exacerbating food insecurity is yet another offensive intended to further its poisonous objectives.

Moscow’s goal is to make the world suffer and to shift blame onto those who oppose its aggressive policies.

#PutinHungerGames 
#HungerMadeInRussia https://t.co/AXINyaa2Hu",Malezja
2023-03-14 08:56:29+00:00,1.63557E+18,zulfahmiharon,"Review article accepted.

Alhamdulillah.

#publichealth
#kesihatanawam
#foodinsecurity
#ketidakjaminanmakanan https://t.co/5vzRnpdpAA","Kota Bharu, Kelantan"
2023-03-09 08:05:48+00:00,1.63374E+18,zulfahmiharon,"Menimba pengalaman membentangkan projek DrPH dalam pembentangan saintifik oral dan poster. Walaupun tidak mendapat tempat 😂, tetapi segala komen dari panel hakim telah diambil perhatian untuk penambahbaikan di masa akan datang 💪🏻.

#publichealth
#foodinsecurity https://t.co/fQ3Phka22o","Kota Bharu, Kelantan"
2023-02-21 09:18:02+00:00,1.62796E+18,ICSA__,"To commemorate this occasion, the IU director of ICSA held an online meeting for all interactors and probationary interactors to discuss a variety of on-going social injustices, including education, racial injustice, climate change, and food insecurity.

#icsaxiuproject https://t.co/22lS5MQAmc",SMK (P) Sri Aman
2022-08-06 00:19:51+00:00,1.55571E+18,PLinKualaLumpur,"Russia accusing the West of exacerbating food insecurity is yet another offensive intended to further its poisonous objectives.

Moscow’s goal is to make the world suffer and to shift blame onto those who oppose its aggressive policies.

#PutinHungerGames 
#HungerMadeInRussia https://t.co/AXINyaa2Hu",Malezja
2022-08-06 00:19:51+00:00,1.55571E+18,PLinKualaLumpur,"Russia accusing the West of exacerbating food insecurity is yet another offensive intended to further its poisonous objectives.

Moscow’s goal is to make the world suffer and to shift blame onto those who oppose its aggressive policies.

#PutinHungerGames 
#HungerMadeInRussia https://t.co/AXINyaa2Hu",Malezja
2022-05-23 08:39:25+00:00,1.52866E+18,abd_jabbar,"Food Insecurity problem?

Tackle it in your own home. Simple solution that is easy. You can even do it on paved lawn coz all u need is just *space*

Carbohydrate: Potato, Yam

Vegetables: Hydroponic system like DFT, NFT

Fruits: A Lot!",Lives in Tuaran
2023-02-21 09:18:02+00:00,1.62796E+18,ICSA__,"To commemorate this occasion, the IU director of ICSA held an online meeting for all interactors and probationary interactors to discuss a variety of on-going social injustices, including education, racial injustice, climate change, and food insecurity.

#icsaxiuproject https://t.co/22lS5MQAmc",SMK (P) Sri Aman
2022-08-06 00:19:51+00:00,1.55571E+18,PLinKualaLumpur,"Russia accusing the West of exacerbating food insecurity is yet another offensive intended to further its poisonous objectives.

Moscow’s goal is to make the world suffer and to shift blame onto those who oppose its aggressive policies.

#PutinHungerGames 
#HungerMadeInRussia https://t.co/AXINyaa2Hu",Malezja
