Datetime,ID,Username,Text,Location
2023-01-18 00:16:39+00:00,1.6155E+18,umairahmhd_,"Can’t afford another food poisoning, gastric. Ya allah teruk gila muntah2 mlm tadi.",Kuala Lumpur City
2023-01-18 00:16:39+00:00,1.6155E+18,umairahmhd_,"Can’t afford another food poisoning, gastric. Ya allah teruk gila muntah2 mlm tadi.",Kuala Lumpur City
2022-07-25 07:20:22+00:00,1.55147E+18,sheng2K_,Still want to eat food from another table that I can't afford.,"Kuala Lumpur, Malaysia"
2023-01-18 00:16:39+00:00,1.6155E+18,umairahmhd_,"Can’t afford another food poisoning, gastric. Ya allah teruk gila muntah2 mlm tadi.",Kuala Lumpur City
2023-02-26 19:47:37+00:00,1.62993E+18,prettylilshar,I never wanna be in that position where I’m soo craving for some food but I can’t afford to … :( Sampai mengidam mimpi2 ja,Sabahan
2022-11-13 11:09:39+00:00,1.59175E+18,emceejason,"@lyssiegab @ushardaniele Not that. I mean, why undertake food running jobs when clearly they know how to make more money than that 😂

Those bikes aren't cheap and food running job alone can't get them enough money to afford it really.

I know I can't afford the things I have now if I work full time 🤣","Kota Kinabalu, Sabah (BKI)"
2023-01-18 00:16:39+00:00,1.6155E+18,umairahmhd_,"Can’t afford another food poisoning, gastric. Ya allah teruk gila muntah2 mlm tadi.",Kuala Lumpur City
2022-09-05 00:20:40+00:00,1.56658E+18,syvzwvn,"@afifster No bro, these are the malay who can't afford nice things. Normal for folks from kampung and rural to do this. Food is expensive at the airport. Tapi kalau benda ni jadi sebab inspired by Alif Syukri, layak disula Alif tu.","Chicago, Kelantan"
2022-07-08 10:58:45+00:00,1.54536E+18,drlimkt19,@IsabellaMWeber A classic case of politics driving economics. Most of the privileged decision makers probably won't have to join food queue or can't afford high energy prices.,Malaysia/Beijing 
2022-06-17 06:14:37+00:00,1.53768E+18,aribahabdullah,For me they are irresponsible. Promote processed food to customers yang mostly can’t afford those surgeries. While depa melantak suka hati tak ingat mati. Goodluck in 5 years.,
