Datetime,ID,Username,Text,Location
2022-02-01 08:56:45+00:00,1.48844E+18,fathull_hussein,"Memandangkan kebanyakan makanan sudah naik harga maka kita akan lanjutkan dari ""5 seconds rule"" kepada ""20 seconds rule""",iN THe MiDDLe oF NoWHeRe
2022-02-01 08:56:45+00:00,1.48844E+18,fathull_hussein,"Memandangkan kebanyakan makanan sudah naik harga maka kita akan lanjutkan dari ""5 seconds rule"" kepada ""20 seconds rule""",iN THe MiDDLe oF NoWHeRe
2022-02-01 08:56:45+00:00,1.48844E+18,fathull_hussein,"Memandangkan kebanyakan makanan sudah naik harga maka kita akan lanjutkan dari ""5 seconds rule"" kepada ""20 seconds rule""",iN THe MiDDLe oF NoWHeRe
2022-02-08 00:00:25+00:00,1.49084E+18,faqihsyakiran,So gaji naik RM1500 hujung tahun . Klau ikut basic calculator pon harga makanan pon akan naik . Jadi apa beza 👀,"Wilayah Persekutuan Putrajaya,"
2022-02-11 04:04:40+00:00,1.49199E+18,NassrolFahmi,Harga makanan kucing TOTW 7kg naik dari RM140 ke RM155. Naik 11% wehh RM15. Sebulan dh la pakai 2 beg (14kg). Naik rm30 total 😓😓 kalau naik seringit dua boleh la hadam lagi.,Kuala Lumpur
2022-02-11 04:04:40+00:00,1.49199E+18,NassrolFahmi,Harga makanan kucing TOTW 7kg naik dari RM140 ke RM155. Naik 11% wehh RM15. Sebulan dh la pakai 2 beg (14kg). Naik rm30 total 😓😓 kalau naik seringit dua boleh la hadam lagi.,Kuala Lumpur
2022-03-05 10:02:02+00:00,1.50005E+18,redha_zahid,"Russia and belarus supply 2/3 quantity of element penting baja kat dunia ni. (MOP)

Bila short supply, harga barang akan naik, productivity pertanian rendah, harga barang mentah naik.

Russia and ukraine pun pengeluar gandum terbesar. Krisis makanan akan berlaku.",
2022-03-06 12:18:09+00:00,1.50045E+18,nikalifdanial_,adu asal semua makanan naik harga ni,fathia 🥨🍪
2022-03-06 12:18:09+00:00,1.50045E+18,nikalifdanial_,adu asal semua makanan naik harga ni,fathia 🥨🍪
2022-03-06 12:18:09+00:00,1.50045E+18,nikalifdanial_,adu asal semua makanan naik harga ni,fathia 🥨🍪
2022-03-19 13:24:21+00:00,1.50517E+18,mohd_famy,@Marchfoward Kawal harga barang baru fikir kenaikan gaji..ingat barang tak naik harga ke..domino effect...harga barang naik harga kedai makanan naik..fast food naik semua naik ...kawal dulu baru fikir kenaikan gaji minima,Penang
2022-03-19 13:24:21+00:00,1.50517E+18,mohd_famy,@Marchfoward Kawal harga barang baru fikir kenaikan gaji..ingat barang tak naik harga ke..domino effect...harga barang naik harga kedai makanan naik..fast food naik semua naik ...kawal dulu baru fikir kenaikan gaji minima,Penang
2022-03-19 13:24:21+00:00,1.50517E+18,mohd_famy,@Marchfoward Kawal harga barang baru fikir kenaikan gaji..ingat barang tak naik harga ke..domino effect...harga barang naik harga kedai makanan naik..fast food naik semua naik ...kawal dulu baru fikir kenaikan gaji minima,Penang
2022-03-19 13:24:21+00:00,1.50517E+18,mohd_famy,@Marchfoward Kawal harga barang baru fikir kenaikan gaji..ingat barang tak naik harga ke..domino effect...harga barang naik harga kedai makanan naik..fast food naik semua naik ...kawal dulu baru fikir kenaikan gaji minima,Penang
2022-03-20 01:54:21+00:00,1.50536E+18,wenkt,"@Ben153Yih @zua_al_azmi @MIsamuddinIsa Dan sy kesian kpd restoran2 yg style kampung. Bila staf kene naik gaji, harga makanan kene naik, pelanggan akan makin kurang.","Kajang, Selangor"
2022-03-20 02:19:01+00:00,1.50537E+18,MuadzMahfud,"Aku dapat rasakan yang harga makanan kat Bazar Ramadan nanti akan naik kaw².

Sebab rata² pemilik tapak naikkan harga sewaan tapak, 

dengan alasan nak cover balik jualan Bazar yang tak banyak sebab pandemik COVID-19.

Semoga bertabah, rakyat marhaen sekalian","Selangor, Malaysia"
2022-03-20 02:19:01+00:00,1.50537E+18,MuadzMahfud,"Aku dapat rasakan yang harga makanan kat Bazar Ramadan nanti akan naik kaw².

Sebab rata² pemilik tapak naikkan harga sewaan tapak, 

dengan alasan nak cover balik jualan Bazar yang tak banyak sebab pandemik COVID-19.

Semoga bertabah, rakyat marhaen sekalian","Selangor, Malaysia"
2022-03-22 03:20:08+00:00,1.50611E+18,watermelonlyche,"11) Umbut by The Kelapa

Ini nak kena naik atas bukit tau tempat makan dia. Harga dia separa marhaen tempat dia memang menenangkan TAPI service fees dia 10% tau diingatkan. Tapi sedap ya makanan dia 😫😫 soo takpe sangat berbaloi https://t.co/kGP1RFWGkn","Negri Sembilan, Malaysia"
2022-03-23 03:11:00+00:00,1.50647E+18,tokmathamzah,"Di Dewan Negara menjawab soalan Datuk Haji Bashir bin Haji Alias minta @mafimalaysia menyatakan apakah mekanisme bagi mengatasi masalah rantaian bekalan makanan ke Labuan yang mengakibatkan kekurangan bekalan makanan dan kenaikan mendadak harga barangan.
https://t.co/SVQdTuvL3o",
2022-03-23 03:11:00+00:00,1.50647E+18,tokmathamzah,"Di Dewan Negara menjawab soalan Datuk Haji Bashir bin Haji Alias minta @mafimalaysia menyatakan apakah mekanisme bagi mengatasi masalah rantaian bekalan makanan ke Labuan yang mengakibatkan kekurangan bekalan makanan dan kenaikan mendadak harga barangan.
https://t.co/SVQdTuvL3o",
2022-03-23 03:11:00+00:00,1.50647E+18,tokmathamzah,"Di Dewan Negara menjawab soalan Datuk Haji Bashir bin Haji Alias minta @mafimalaysia menyatakan apakah mekanisme bagi mengatasi masalah rantaian bekalan makanan ke Labuan yang mengakibatkan kekurangan bekalan makanan dan kenaikan mendadak harga barangan.
https://t.co/SVQdTuvL3o",
2022-03-26 09:22:54+00:00,1.50765E+18,AfindiNoor,"Harga barang semakin mahal
Harga makanan pun naik 3-4 kali lebih dari sebelum ni
#menteri semua buat menatang apa pun xtau
Kira dok pulun nak rembat duit kerajaan dengan duit rakyat ja...
Bagi gaji tinggi dengan siap elaun apa bagai, apa kerja yang menteri tu semua buat???",Kuala Lumpur Federal Territory
2022-03-26 09:22:54+00:00,1.50765E+18,AfindiNoor,"Harga barang semakin mahal
Harga makanan pun naik 3-4 kali lebih dari sebelum ni
#menteri semua buat menatang apa pun xtau
Kira dok pulun nak rembat duit kerajaan dengan duit rakyat ja...
Bagi gaji tinggi dengan siap elaun apa bagai, apa kerja yang menteri tu semua buat???",Kuala Lumpur Federal Territory
2022-04-04 04:27:30+00:00,1.51084E+18,ruzainiml,Harga makanan di pasar ramadan naik. Masak kat rumah pun harga barang mentah naik jugak. Sama je,
2022-04-04 04:27:30+00:00,1.51084E+18,ruzainiml,Harga makanan di pasar ramadan naik. Masak kat rumah pun harga barang mentah naik jugak. Sama je,
2022-04-04 04:27:30+00:00,1.51084E+18,ruzainiml,Harga makanan di pasar ramadan naik. Masak kat rumah pun harga barang mentah naik jugak. Sama je,
2022-04-04 09:26:21+00:00,1.51091E+18,mierularep,Betul la harga makanan kat bazar naik . Sebab barang mentah naik .terpaksa peniaga naik.  Mahal2 .roti john nak dekat 10 hinggit .dulu 5 hinggit je,
2022-04-04 09:26:21+00:00,1.51091E+18,mierularep,Betul la harga makanan kat bazar naik . Sebab barang mentah naik .terpaksa peniaga naik.  Mahal2 .roti john nak dekat 10 hinggit .dulu 5 hinggit je,
2022-04-04 09:26:21+00:00,1.51091E+18,mierularep,Betul la harga makanan kat bazar naik . Sebab barang mentah naik .terpaksa peniaga naik.  Mahal2 .roti john nak dekat 10 hinggit .dulu 5 hinggit je,
2022-04-05 03:31:21+00:00,1.51118E+18,hierrago96,"Ni tak cita lagi, barang bisnes, 

Telur A, dulu 11, sekarang 13
Creamer 25kg 190, sekarang 265

Pastu memang laa harga makanan dijual naik, peniaga pun tak leh tahan , tak dapat nak absorb dah kenaikan. End up user yang kena, kita pun user, soo terkena jugak tempias","Rawang, Selangor"
2022-04-05 03:31:21+00:00,1.51118E+18,hierrago96,"Ni tak cita lagi, barang bisnes, 

Telur A, dulu 11, sekarang 13
Creamer 25kg 190, sekarang 265

Pastu memang laa harga makanan dijual naik, peniaga pun tak leh tahan , tak dapat nak absorb dah kenaikan. End up user yang kena, kita pun user, soo terkena jugak tempias","Rawang, Selangor"
2022-04-05 03:31:21+00:00,1.51118E+18,hierrago96,"Ni tak cita lagi, barang bisnes, 

Telur A, dulu 11, sekarang 13
Creamer 25kg 190, sekarang 265

Pastu memang laa harga makanan dijual naik, peniaga pun tak leh tahan , tak dapat nak absorb dah kenaikan. End up user yang kena, kita pun user, soo terkena jugak tempias","Rawang, Selangor"
2022-04-05 03:31:21+00:00,1.51118E+18,hierrago96,"Ni tak cita lagi, barang bisnes, 

Telur A, dulu 11, sekarang 13
Creamer 25kg 190, sekarang 265

Pastu memang laa harga makanan dijual naik, peniaga pun tak leh tahan , tak dapat nak absorb dah kenaikan. End up user yang kena, kita pun user, soo terkena jugak tempias","Rawang, Selangor"
2022-04-05 03:31:21+00:00,1.51118E+18,hierrago96,"Ni tak cita lagi, barang bisnes, 

Telur A, dulu 11, sekarang 13
Creamer 25kg 190, sekarang 265

Pastu memang laa harga makanan dijual naik, peniaga pun tak leh tahan , tak dapat nak absorb dah kenaikan. End up user yang kena, kita pun user, soo terkena jugak tempias","Rawang, Selangor"
2022-04-05 03:31:21+00:00,1.51118E+18,hierrago96,"Ni tak cita lagi, barang bisnes, 

Telur A, dulu 11, sekarang 13
Creamer 25kg 190, sekarang 265

Pastu memang laa harga makanan dijual naik, peniaga pun tak leh tahan , tak dapat nak absorb dah kenaikan. End up user yang kena, kita pun user, soo terkena jugak tempias","Rawang, Selangor"
2022-04-05 03:31:21+00:00,1.51118E+18,hierrago96,"Ni tak cita lagi, barang bisnes, 

Telur A, dulu 11, sekarang 13
Creamer 25kg 190, sekarang 265

Pastu memang laa harga makanan dijual naik, peniaga pun tak leh tahan , tak dapat nak absorb dah kenaikan. End up user yang kena, kita pun user, soo terkena jugak tempias","Rawang, Selangor"
2022-04-05 03:31:21+00:00,1.51118E+18,hierrago96,"Ni tak cita lagi, barang bisnes, 

Telur A, dulu 11, sekarang 13
Creamer 25kg 190, sekarang 265

Pastu memang laa harga makanan dijual naik, peniaga pun tak leh tahan , tak dapat nak absorb dah kenaikan. End up user yang kena, kita pun user, soo terkena jugak tempias","Rawang, Selangor"
2022-04-05 12:30:17+00:00,1.51132E+18,shah_shnetwork,"Bukan harga makanan kat bazaar naik mendadak...

Duit kita yang semakin mengecil 🤣🤣","Selangor, Malaysia"
2022-04-05 12:30:17+00:00,1.51132E+18,shah_shnetwork,"Bukan harga makanan kat bazaar naik mendadak...

Duit kita yang semakin mengecil 🤣🤣","Selangor, Malaysia"
2022-04-05 12:30:17+00:00,1.51132E+18,shah_shnetwork,"Bukan harga makanan kat bazaar naik mendadak...

Duit kita yang semakin mengecil 🤣🤣","Selangor, Malaysia"
2022-04-05 14:24:30+00:00,1.51135E+18,JJCMPERAK,"Rata rata harga makanan di bazar Ramadhan kali ni naik harga, faktor barang mentah naik menggila barangkali. Cuma harap KUALITI pun tetap sama.. boleh?","Perak, Malaysia"
2022-04-06 06:49:49+00:00,1.5116E+18,dirikuboneka,Skang nasi tomato pon rm10 mat. Apa nak jadi ni. Gaji lom naik lagi rm1500 harga makanan melambung. Apa cite,"Muar, Johor"
2022-04-06 17:17:58+00:00,1.51176E+18,naimistootired,makanan kat bazaar semua naik harga ke apa?,"Selangor, Malaysia"
2022-04-07 03:06:31+00:00,1.5119E+18,AfilSyazwan,"Mak aku ada cakap, mungkin tak lama lagi dia nan berhenti berniaga kat warung belakang rumah kat kampung. Aku tanya sebab apa. Dia cakap, sebab barang harga naik banyak sangat. Nak naikkan harga, dia cakap kesian pulak orang kampung nak beli makanan.","Shah Alam, Malaysia"
2022-04-13 14:29:08+00:00,1.51425E+18,JaPen_Sepang,"TINJAUAN TERHADAP KENAIKAN HARGA MAKANAN DI BAZAR RAMADAN

Mohon jawab secara atas talian (online) melalui pautan berikut: 📲 https://t.co/jfkLHgXjJl .

Tempoh Kajian: 13 April hingga 16 April 2022 https://t.co/2tC5LvRPCf","Putrajaya, Wilayah Persekutuan"
2022-04-19 08:17:26+00:00,1.51633E+18,nnyubellz,"As seller makanan kucing, aku setuju. Tahun ni almost semua brand naik harga. Tapi, harga modal dari supplier sendiri dah kasar buat masa ni. Kami yang menjual ni pun tersepit dan serbasalah nak jual dengan harga yang mahal.",
2022-04-25 09:21:21+00:00,1.51852E+18,amar_amk9757,"Seperti yang diakui oleh pihak berkuasa, kenaikan harga ayam di Malaysia adalah antaranya disebabkan oleh kenaikan harga dedak jagung dan soya sebanyak 13% dan 11% sejak Januari lalu yang merupakan makanan untuk ayam. https://t.co/wTbY1R2pNA","Perlis, Malaysia"
2022-04-25 09:21:22+00:00,1.51852E+18,amar_amk9757,"70% kos keseluruhan penternakan ayam adalah daripada kos dedak makanan. Sudah tentu apabila berlaku kenaikan kepada harga makanan ayam yang sebahagiannya besar diimport dari luar negara, harga ayam di pasaran akan mudah mengalami perubahan.","Perlis, Malaysia"
2022-04-30 08:35:11+00:00,1.52032E+18,wireputus,"Contoh aku bg isu kenaikan harga ayam, daging dan lain2 bahan mentah yang 100% bergantung kepada pemberian makanan bersumber dedak. Isu ni bnyk kali politician dah sembang tapi mungkin sebab tamak after GE14",Shah alam
2022-04-30 08:35:11+00:00,1.52032E+18,wireputus,"Contoh aku bg isu kenaikan harga ayam, daging dan lain2 bahan mentah yang 100% bergantung kepada pemberian makanan bersumber dedak. Isu ni bnyk kali politician dah sembang tapi mungkin sebab tamak after GE14",Shah alam
2022-04-30 08:35:11+00:00,1.52032E+18,wireputus,"Contoh aku bg isu kenaikan harga ayam, daging dan lain2 bahan mentah yang 100% bergantung kepada pemberian makanan bersumber dedak. Isu ni bnyk kali politician dah sembang tapi mungkin sebab tamak after GE14",Shah alam
2022-05-15 01:15:16+00:00,1.52565E+18,ZainalAzmanNS,"Ringgit jatuh, harga makanan makin naik https://t.co/zaGwfNf8JR via @MNowNews",Malaysia
2022-05-15 01:15:16+00:00,1.52565E+18,ZainalAzmanNS,"Ringgit jatuh, harga makanan makin naik https://t.co/zaGwfNf8JR via @MNowNews",Malaysia
2022-05-15 01:15:16+00:00,1.52565E+18,ZainalAzmanNS,"Ringgit jatuh, harga makanan makin naik https://t.co/zaGwfNf8JR via @MNowNews",Malaysia
2022-05-18 14:29:00+00:00,1.52693E+18,amirshafie76,"Jika ada yg merasakan kenaikan harga barang, ketiadaan sumber makanan, kemarau di beberapa negara adalah masalah iklim dan ekonomi, ketahuilah kita SILAP.

Berbaliklah kepada PEGANGAN ajaran ISLAM. 

Mungkin kita nampak tiada logik? Percayalah, dunia semakin TAMAT, bukan MULA.", Wangsa Maju
2022-05-18 14:29:00+00:00,1.52693E+18,amirshafie76,"Jika ada yg merasakan kenaikan harga barang, ketiadaan sumber makanan, kemarau di beberapa negara adalah masalah iklim dan ekonomi, ketahuilah kita SILAP.

Berbaliklah kepada PEGANGAN ajaran ISLAM. 

Mungkin kita nampak tiada logik? Percayalah, dunia semakin TAMAT, bukan MULA.", Wangsa Maju
2022-05-18 14:29:00+00:00,1.52693E+18,amirshafie76,"Jika ada yg merasakan kenaikan harga barang, ketiadaan sumber makanan, kemarau di beberapa negara adalah masalah iklim dan ekonomi, ketahuilah kita SILAP.

Berbaliklah kepada PEGANGAN ajaran ISLAM. 

Mungkin kita nampak tiada logik? Percayalah, dunia semakin TAMAT, bukan MULA.", Wangsa Maju
2022-05-19 02:05:23+00:00,1.52711E+18,S4llyThecapri,Dgn kenaikan harga brg yg mencanak.. buat rakyat marhain yg gaji below 1k even less than that dpt apa jek weihhh… Aduhhh makin merapu laa… de dlu xsetel2 isu harga brg.. Masalahnya bla harga brg turun harga makanan xplak turun.. eg harga sebijik karipap,
2022-05-19 02:05:23+00:00,1.52711E+18,S4llyThecapri,Dgn kenaikan harga brg yg mencanak.. buat rakyat marhain yg gaji below 1k even less than that dpt apa jek weihhh… Aduhhh makin merapu laa… de dlu xsetel2 isu harga brg.. Masalahnya bla harga brg turun harga makanan xplak turun.. eg harga sebijik karipap,
2022-05-19 02:05:23+00:00,1.52711E+18,S4llyThecapri,Dgn kenaikan harga brg yg mencanak.. buat rakyat marhain yg gaji below 1k even less than that dpt apa jek weihhh… Aduhhh makin merapu laa… de dlu xsetel2 isu harga brg.. Masalahnya bla harga brg turun harga makanan xplak turun.. eg harga sebijik karipap,
2022-05-19 08:42:16+00:00,1.52721E+18,abd_jabbar,"Dua hari berturut blackout, smalam 2jam harini 4jam lebih belum ada lg letrik. Smalam xde air 6jam, harini xde balik lg skali. harga brg2 naik, Brg makanan supply kurang. What is happening?",Lives in Tuaran
2022-05-22 04:47:09+00:00,1.52824E+18,Thiban_ben,"Walaupun sibuk berkempen utk pemilihan Parti, isu ekonomi negara sangat merisaukan. Sri Lanka jadi negara muflis kerana tadbir urus yang tidak cekap dan amanah. Malaysia tidak jauh dari Sri Lanka. Kini, nilai ringgit jatuh, krisis barang makanan, harga barang naik! Hidup Mail!!",Bestari Jaya (Batang Berjuntai
2022-05-22 04:47:09+00:00,1.52824E+18,Thiban_ben,"Walaupun sibuk berkempen utk pemilihan Parti, isu ekonomi negara sangat merisaukan. Sri Lanka jadi negara muflis kerana tadbir urus yang tidak cekap dan amanah. Malaysia tidak jauh dari Sri Lanka. Kini, nilai ringgit jatuh, krisis barang makanan, harga barang naik! Hidup Mail!!",Bestari Jaya (Batang Berjuntai
2022-05-22 04:47:09+00:00,1.52824E+18,Thiban_ben,"Walaupun sibuk berkempen utk pemilihan Parti, isu ekonomi negara sangat merisaukan. Sri Lanka jadi negara muflis kerana tadbir urus yang tidak cekap dan amanah. Malaysia tidak jauh dari Sri Lanka. Kini, nilai ringgit jatuh, krisis barang makanan, harga barang naik! Hidup Mail!!",Bestari Jaya (Batang Berjuntai
2022-05-22 04:47:09+00:00,1.52824E+18,Thiban_ben,"Walaupun sibuk berkempen utk pemilihan Parti, isu ekonomi negara sangat merisaukan. Sri Lanka jadi negara muflis kerana tadbir urus yang tidak cekap dan amanah. Malaysia tidak jauh dari Sri Lanka. Kini, nilai ringgit jatuh, krisis barang makanan, harga barang naik! Hidup Mail!!",Bestari Jaya (Batang Berjuntai
2022-05-22 06:59:09+00:00,1.52827E+18,anraihan28,"Tugas nya asik dok promote bahasa melayu je..  Harga barang naik, kuantiti makanan berkurang, investor lari pi negara lain,  dia x kisah eh.  
Cringe siot ""lingua franca""
Ayuh martabatkan bahasa meleis. 

#baikpunya",Penang-KL-Nilai-Pajam
2022-05-23 08:28:59+00:00,1.52865E+18,ypchristinemay,"2.Harga makanan dan minyak naik mendadak dan kadar inflasi Sri Lanka sekarang pada 30%. (Malaysia pada 2.2%)
Harga sekilo beras di Sri Lanka – RM2.62, Malaysia – RM1.79

2/9",Kuala Lumpur City
2022-05-24 02:20:48+00:00,1.52892E+18,Thiban_ben,"Knife on the people's neck 😣

Krisis bekalan makanan 
Krisis harga barang naik - BN 
Harga minyak masak pun naik 
Harga makanan pula bakal naik 🥺 https://t.co/hXJaleB0Pm",Bestari Jaya (Batang Berjuntai
2022-05-24 02:20:48+00:00,1.52892E+18,Thiban_ben,"Knife on the people's neck 😣

Krisis bekalan makanan 
Krisis harga barang naik - BN 
Harga minyak masak pun naik 
Harga makanan pula bakal naik 🥺 https://t.co/hXJaleB0Pm",Bestari Jaya (Batang Berjuntai
2022-05-25 16:27:50+00:00,1.5295E+18,lohkerchean,"Penubuhan JK Kabinet Jaminan Sekuriti Makanan sejak 8 Sep 2020 oleh @MuhyiddinYassin ,menteri @rkiandee tetap sama smpi hari ini.Apakah hasil jk kabinet ini sebenarnya?kini,harga ayam naik,bekalan kurang. Bukti menteri ambil gaji buta,JK kabinet gagal. @simtzetzin @MyDSA_official https://t.co/v4NPYR3Pmk","Petaling Jaya, Selangor"
2022-05-25 16:27:50+00:00,1.5295E+18,lohkerchean,"Penubuhan JK Kabinet Jaminan Sekuriti Makanan sejak 8 Sep 2020 oleh @MuhyiddinYassin ,menteri @rkiandee tetap sama smpi hari ini.Apakah hasil jk kabinet ini sebenarnya?kini,harga ayam naik,bekalan kurang. Bukti menteri ambil gaji buta,JK kabinet gagal. @simtzetzin @MyDSA_official https://t.co/v4NPYR3Pmk","Petaling Jaya, Selangor"
2022-05-25 16:27:50+00:00,1.5295E+18,lohkerchean,"Penubuhan JK Kabinet Jaminan Sekuriti Makanan sejak 8 Sep 2020 oleh @MuhyiddinYassin ,menteri @rkiandee tetap sama smpi hari ini.Apakah hasil jk kabinet ini sebenarnya?kini,harga ayam naik,bekalan kurang. Bukti menteri ambil gaji buta,JK kabinet gagal. @simtzetzin @MyDSA_official https://t.co/v4NPYR3Pmk","Petaling Jaya, Selangor"
2022-05-27 07:36:08+00:00,1.53009E+18,lady_chantek,"Sebenarnya ayam adalah makanan yg masih mampu ramai org beli utk mkn di kedai atau di rumah.
Ikan lebih jauh mahal dari harga  ayam apatah lagi harga daging lembu &amp; kambing.Itu sbb ramai yg rasa tertekan bila ayam naik harga dan tiada bekalan tapi itu saja yg ramai mampu beli.","Kuala Lumpur, 📍 Malaysia 🇲🇾"
2022-05-27 07:36:08+00:00,1.53009E+18,lady_chantek,"Sebenarnya ayam adalah makanan yg masih mampu ramai org beli utk mkn di kedai atau di rumah.
Ikan lebih jauh mahal dari harga  ayam apatah lagi harga daging lembu &amp; kambing.Itu sbb ramai yg rasa tertekan bila ayam naik harga dan tiada bekalan tapi itu saja yg ramai mampu beli.","Kuala Lumpur, 📍 Malaysia 🇲🇾"
2022-05-27 08:25:19+00:00,1.5301E+18,Daliakudo,Kita pon terasa harga kenaikan barang makanan. Apatah lagi pakcik2 bangla. 😢,"Putrajaya, Malaysia"
2022-05-27 08:25:19+00:00,1.5301E+18,Daliakudo,Kita pon terasa harga kenaikan barang makanan. Apatah lagi pakcik2 bangla. 😢,"Putrajaya, Malaysia"
2022-06-02 11:40:49+00:00,1.53233E+18,BahaKamal4,@armana6797 Seluruh malaysia la tu. Kan persatuan peniaga peniaga kecil makanan dah capai kata sepakat Naik kan harga,
2022-06-04 03:13:54+00:00,1.53292E+18,kito4036,"Masalah dengan bekalan ayam, rakyat yang susah. Harga ayam naik, automatik makanan yg berlaukkan ayam jadi mahal. Sampai bila mcm ni @kpdnhep ? @mafimalaysia @IsmailSabri60",
2022-06-06 08:06:54+00:00,1.53372E+18,byanmathers,Kenaikan harga makanan dekat pasar uniten paling obvious aku perasan adalah murtabak edy. Wei awal masuk kerja 7-8 tahun lepas rm6 sekarang dah rm11 hahaha almost double meanwhile gaji aku belum double lagi dari awal kerja dulu 🙃,Malaysia
2022-06-08 07:56:04+00:00,1.53444E+18,RameshRaoAKS,"🐷 🐷 #Pakatanharapan  cakap jangan buat #gst, tapi sepatutnya kawal harga barang. 🐷 🐖  punya sembang, komtar pun tumbang.

Banyak negara pun ada masalah krisis makanan, masalah harga barnang naik, even UK dan USA.","Bandar Kuala Lumpur, Wilayah P"
2022-06-08 07:56:04+00:00,1.53444E+18,RameshRaoAKS,"🐷 🐷 #Pakatanharapan  cakap jangan buat #gst, tapi sepatutnya kawal harga barang. 🐷 🐖  punya sembang, komtar pun tumbang.

Banyak negara pun ada masalah krisis makanan, masalah harga barnang naik, even UK dan USA.","Bandar Kuala Lumpur, Wilayah P"
2022-06-08 07:56:05+00:00,1.53444E+18,RameshRaoAKS,"Consumer price naik 73.5% , transport naik 108% dan makanan 92% disebabkan bahan bakar energy yg naik dan lira yg jatuh.

Di Singapura, harga makanan naik 4.2% setakat April dan dijangka akan terus naik bulan ni -- whole chicken naik 9.2%  telur naik 9.8% di Singapura!","Bandar Kuala Lumpur, Wilayah P"
2022-06-08 07:56:05+00:00,1.53444E+18,RameshRaoAKS,"Consumer price naik 73.5% , transport naik 108% dan makanan 92% disebabkan bahan bakar energy yg naik dan lira yg jatuh.

Di Singapura, harga makanan naik 4.2% setakat April dan dijangka akan terus naik bulan ni -- whole chicken naik 9.2%  telur naik 9.8% di Singapura!","Bandar Kuala Lumpur, Wilayah P"
2022-06-09 12:39:30+00:00,1.53488E+18,_riixal,"@becktdennis Skrg semua barang naik harga sis sbb tuh makanan pun naik harga tp bila brg turun harga, harga makanan tak plak turun haha",W.P Kuala Lumpur
2022-06-09 12:39:30+00:00,1.53488E+18,_riixal,"@becktdennis Skrg semua barang naik harga sis sbb tuh makanan pun naik harga tp bila brg turun harga, harga makanan tak plak turun haha",W.P Kuala Lumpur
2022-06-10 14:37:59+00:00,1.53527E+18,nizamiks,"Speaking of Inflation…

Banyak betul barang naik harga.

Air Manis Tepi Jalan: RM3 ➡️ RM3.50
Kepak Ayam: RM2 ➡️RM2.50
Shawarma : RM5 ➡️ RM6

Ini just list makanan yang selalu saya beli la. Maybe lain dari korang. 

Eventually akan merebak juga ke industri lain.",Malaysia
2022-06-10 14:37:59+00:00,1.53527E+18,nizamiks,"Speaking of Inflation…

Banyak betul barang naik harga.

Air Manis Tepi Jalan: RM3 ➡️ RM3.50
Kepak Ayam: RM2 ➡️RM2.50
Shawarma : RM5 ➡️ RM6

Ini just list makanan yang selalu saya beli la. Maybe lain dari korang. 

Eventually akan merebak juga ke industri lain.",Malaysia
2022-06-10 14:37:59+00:00,1.53527E+18,nizamiks,"Speaking of Inflation…

Banyak betul barang naik harga.

Air Manis Tepi Jalan: RM3 ➡️ RM3.50
Kepak Ayam: RM2 ➡️RM2.50
Shawarma : RM5 ➡️ RM6

Ini just list makanan yang selalu saya beli la. Maybe lain dari korang. 

Eventually akan merebak juga ke industri lain.",Malaysia
2022-06-11 12:06:28+00:00,1.53559E+18,faqihsyakiran,Apa significant nak cerita kenaikan harga makanan dgn harga nasi lemak dulu Rm1 now Rm2 ? Nak maki tapi dah rakam enjoy jelah eik https://t.co/ADwrs7Btpn,"Wilayah Persekutuan Putrajaya,"
2022-06-11 12:08:47+00:00,1.53559E+18,faqihsyakiran,Konteks dah betul tapi contoh tidak sesuai dengan tajuk seolah olah harga makanan naik RM1 je bodoh eik .  😭,"Wilayah Persekutuan Putrajaya,"
2022-06-14 21:30:40+00:00,1.53682E+18,AbdullahMY74,"@IsmailSabri60 NAFAS mengambil langkah yg baik membincangkan utk menjamin sekuriti makanan di negara kita terkawal.

Semoga NAFAS dapat membantu kerajaan menangani masalah kenaikan harga ayam dan bekalan makanan negara.

#sukarelawanDSIS",Kuala Lumpur
2022-06-14 21:30:40+00:00,1.53682E+18,AbdullahMY74,"@IsmailSabri60 NAFAS mengambil langkah yg baik membincangkan utk menjamin sekuriti makanan di negara kita terkawal.

Semoga NAFAS dapat membantu kerajaan menangani masalah kenaikan harga ayam dan bekalan makanan negara.

#sukarelawanDSIS",Kuala Lumpur
2022-06-14 21:31:07+00:00,1.53682E+18,AbdullahMY74,"@IsmailSabri60 NAFAS mengambil langkah yg baik membincangkan utk menjamin sekuriti makanan di negara kita terkawal.

Semoga NAFAS dapat membantu kerajaan menangani masalah kenaikan harga ayam dan bekalan makanan negara.

#sukarelawanDSIS",Kuala Lumpur
2022-06-14 21:31:07+00:00,1.53682E+18,AbdullahMY74,"@IsmailSabri60 NAFAS mengambil langkah yg baik membincangkan utk menjamin sekuriti makanan di negara kita terkawal.

Semoga NAFAS dapat membantu kerajaan menangani masalah kenaikan harga ayam dan bekalan makanan negara.

#sukarelawanDSIS",Kuala Lumpur
2022-06-14 21:31:14+00:00,1.53682E+18,AbdullahMY74,"@IsmailSabri60 NAFAS mengambil langkah yg baik membincangkan utk menjamin sekuriti makanan di negara kita terkawal.

Semoga NAFAS dapat membantu kerajaan menangani masalah kenaikan harga ayam dan bekalan makanan negara.

#sukarelawanDSIS",Kuala Lumpur
2022-06-14 21:31:14+00:00,1.53682E+18,AbdullahMY74,"@IsmailSabri60 NAFAS mengambil langkah yg baik membincangkan utk menjamin sekuriti makanan di negara kita terkawal.

Semoga NAFAS dapat membantu kerajaan menangani masalah kenaikan harga ayam dan bekalan makanan negara.

#sukarelawanDSIS",Kuala Lumpur
2022-06-14 21:33:50+00:00,1.53682E+18,AbdullahMY74,"NAFAS mengambil langkah yg baik membincangkan utk menjamin sekuriti makanan di negara kita terkawal.

Semoga NAFAS dapat membantu kerajaan menangani masalah kenaikan harga ayam dan bekalan makanan negara.

#sukarelawanDSIS",Kuala Lumpur
2022-06-14 21:33:50+00:00,1.53682E+18,AbdullahMY74,"NAFAS mengambil langkah yg baik membincangkan utk menjamin sekuriti makanan di negara kita terkawal.

Semoga NAFAS dapat membantu kerajaan menangani masalah kenaikan harga ayam dan bekalan makanan negara.

#sukarelawanDSIS",Kuala Lumpur
2022-06-16 11:06:08+00:00,1.53739E+18,myDOA_HQ,"NAFAS, Angkasa berupaya bantu kerajaan tangani kenaikan harga ayam, bekalan makanan - PM

Artikel penuh : https://t.co/cMNr5YgFoO

#myDOA #MAHA2022 #SekuritiMakanan https://t.co/SoLiqnxyfv",Putrajaya Federal Territory
2022-06-19 04:17:18+00:00,1.53838E+18,laylathefirst,Memang mahal. Hari tu ingatkan makanan kat shah alam ni yang mahal rupanya semua tempat dah naik harga. Sekarang keluar dating pun bawa bekal je masak siap siap kat rumah. Boleh la saving sikit. Keluar duit makan malam je.,
2022-06-19 04:17:18+00:00,1.53838E+18,laylathefirst,Memang mahal. Hari tu ingatkan makanan kat shah alam ni yang mahal rupanya semua tempat dah naik harga. Sekarang keluar dating pun bawa bekal je masak siap siap kat rumah. Boleh la saving sikit. Keluar duit makan malam je.,
2022-06-19 15:12:01+00:00,1.53854E+18,NasMedium,Bukan student tapi kat tempat kerja pun makanan kafe dah naik harga. Argh aku dah lah baru nak hidup. Minggu ni kena puasa.,Ampang
2022-06-19 15:12:01+00:00,1.53854E+18,NasMedium,Bukan student tapi kat tempat kerja pun makanan kafe dah naik harga. Argh aku dah lah baru nak hidup. Minggu ni kena puasa.,Ampang
2022-06-19 15:12:01+00:00,1.53854E+18,NasMedium,Bukan student tapi kat tempat kerja pun makanan kafe dah naik harga. Argh aku dah lah baru nak hidup. Minggu ni kena puasa.,Ampang
2022-06-20 05:06:57+00:00,1.53875E+18,noraakira,Harga lauk semua naik 1 ringgit..yes paham la ni semua harga barang naik..tp nanti kerajaan turun harga x pernah plak harga makanan turun..,Malaysia
2022-06-21 11:37:09+00:00,1.53921E+18,Are_nipt,Wohoo naik lagi harga makanan 👏👏,"Jitra,Kedah,Malaysia"
2022-06-21 12:10:01+00:00,1.53922E+18,noraakira,Stress tengok berita minyak masak nak naik ayam pun nak naik lg..alasan subsidi tu nak bagi bantuan kepada yang tersasar..abis tu yng orang lain x perlu bantuan ke..harga makanan dah naik pasni takut naik lagi..geram plak kiter..,Malaysia
2022-06-21 14:35:12+00:00,1.53926E+18,_riixal,@muz_azzam @MalaysiaGazette Naik lagi la jawab nya harga makanan kedai makan…harga ayam naik pun da terasa inikan pulak myk masak!,W.P Kuala Lumpur
2022-06-22 09:16:19+00:00,1.53954E+18,manjayyyyy,"Harga makanan kedai aku tak sempat naik lagi dgn kenaikan harga ayam lepas raya hari tu, julai ni nak naik lagi….fuckkkkk this govvvvvvvv kau kawal la sial! Urghhhh ni la kaya makin kaya fuck!","Cheras, Malaysia"
2022-06-22 09:16:19+00:00,1.53954E+18,manjayyyyy,"Harga makanan kedai aku tak sempat naik lagi dgn kenaikan harga ayam lepas raya hari tu, julai ni nak naik lagi….fuckkkkk this govvvvvvvv kau kawal la sial! Urghhhh ni la kaya makin kaya fuck!","Cheras, Malaysia"
2022-06-22 09:16:19+00:00,1.53954E+18,manjayyyyy,"Harga makanan kedai aku tak sempat naik lagi dgn kenaikan harga ayam lepas raya hari tu, julai ni nak naik lagi….fuckkkkk this govvvvvvvv kau kawal la sial! Urghhhh ni la kaya makin kaya fuck!","Cheras, Malaysia"
2022-06-22 09:16:19+00:00,1.53954E+18,manjayyyyy,"Harga makanan kedai aku tak sempat naik lagi dgn kenaikan harga ayam lepas raya hari tu, julai ni nak naik lagi….fuckkkkk this govvvvvvvv kau kawal la sial! Urghhhh ni la kaya makin kaya fuck!","Cheras, Malaysia"
2022-06-22 09:16:19+00:00,1.53954E+18,manjayyyyy,"Harga makanan kedai aku tak sempat naik lagi dgn kenaikan harga ayam lepas raya hari tu, julai ni nak naik lagi….fuckkkkk this govvvvvvvv kau kawal la sial! Urghhhh ni la kaya makin kaya fuck!","Cheras, Malaysia"
2022-06-22 18:47:48+00:00,1.53968E+18,a_iman09,Terasa teruk harga makanan makin Naik weyh😮‍💨,"Selangor, Malaysia"
2022-06-22 18:47:48+00:00,1.53968E+18,a_iman09,Terasa teruk harga makanan makin Naik weyh😮‍💨,"Selangor, Malaysia"
2022-06-23 03:52:46+00:00,1.53982E+18,pipimontok,"Tak smpai bulan depan lagi, harga makanan especially ayam dh naik, bapak mahai aku kena naik rm2 berbanding harga selalu","Bandar Kuala Lumpur, Wilayah P"
2022-06-23 07:46:23+00:00,1.53988E+18,juani_affendi,Mentang2 harga makanan naik n gomen bangang tak boleh kawal inflasi. takut rakyat mengamuk. Nak sebut nasi lemak 50 sen pun x leh dah.. Yall. Tak boleh buat kenang kenangan..,
2022-06-24 13:32:51+00:00,1.54033E+18,shasha_jamal,"Sebenarnya bekalan makanan ni cukup jer,tapi jangan salahkan kerajaan..sebab yang menipu sekarang adalah pembekal dan pengedar yang tipu pelanggan kata stok tak ade jadi harga barang kena naik..dan banyaklah si bebal penyokong parti lain yang maki hamun kerajaan",Selangor
2022-06-29 04:40:49+00:00,1.54201E+18,TukangSapuTS,"Makanan saya di Evoke IIUM seperti gambar dibawah cuma menunya:
Nasi Putih + Ayam Goreng + Sayur Kangkung + Belacan + Kuah = 7.50

Baru selesai makan. Sebelum harga barang naik, boleh dapat bawah rm6",
2022-07-01 13:47:19+00:00,1.54287E+18,shyrhmn,Minyak naik harga so automatik makanan akan naik harga jugak kan? Hahaha,Pulau Pinang
2022-07-01 13:47:19+00:00,1.54287E+18,shyrhmn,Minyak naik harga so automatik makanan akan naik harga jugak kan? Hahaha,Pulau Pinang
2022-07-01 16:03:01+00:00,1.5429E+18,farisramly,"Tiada seorang pun peniaga suka naikkan harga makanan. Owner bisnes mana yg nak rugi? Dilema peniaga F&amp;B ni kerisauan dia apabila harga makanan naik, pelanggan semestinya berkurang. In my case, dalam tempoh 2 bulan ni tak naik pun lagi tapi pelanggan dah takut nak keluar membeli.",
2022-07-02 05:49:45+00:00,1.54311E+18,rahmat_amran,Bila barang makanan semua naik harga,"Kuala Lumpur, Malaysia"
2022-07-03 00:50:54+00:00,1.5434E+18,RameshRaoAKS,"Khas Untuk puak Hancing #PakatanHarapan @shamsuliskandar @fahmi_fadzil @KhalidSamad 
Di Canada, data yg dikeluarkan oleh Food Banks Canada bhwa 1 drpd 4 org di Canada (23%) makan less than they should disebabkan kenaikan harga makanan.","Bandar Kuala Lumpur, Wilayah P"
2022-07-03 00:50:54+00:00,1.5434E+18,RameshRaoAKS,"Khas Untuk puak Hancing #PakatanHarapan @shamsuliskandar @fahmi_fadzil @KhalidSamad 
Di Canada, data yg dikeluarkan oleh Food Banks Canada bhwa 1 drpd 4 org di Canada (23%) makan less than they should disebabkan kenaikan harga makanan.","Bandar Kuala Lumpur, Wilayah P"
2022-07-03 00:50:54+00:00,1.5434E+18,RameshRaoAKS,"Khas Untuk puak Hancing #PakatanHarapan @shamsuliskandar @fahmi_fadzil @KhalidSamad 
Di Canada, data yg dikeluarkan oleh Food Banks Canada bhwa 1 drpd 4 org di Canada (23%) makan less than they should disebabkan kenaikan harga makanan.","Bandar Kuala Lumpur, Wilayah P"
2022-07-03 11:31:20+00:00,1.54356E+18,yusurisan,"Ingatkan brg makanan aja yang dok naik harga… barangan L’oréal Paris ni xmo dok kalah jugak heh ⬆️ 🆙 

Matilanak 😂🥲",AOR 🌾🇲🇾
2022-07-03 11:31:20+00:00,1.54356E+18,yusurisan,"Ingatkan brg makanan aja yang dok naik harga… barangan L’oréal Paris ni xmo dok kalah jugak heh ⬆️ 🆙 

Matilanak 😂🥲",AOR 🌾🇲🇾
2022-07-04 05:02:18+00:00,1.54382E+18,GhazaliResab,Kerajaan kena kaji sebab harga ayam naik konon makanan ayam naik Mengapa naik tak bersangkut dgn perang Rusia dan Ukraine sebab Ukraine pengimport gandum bkn jagung Ada tangan ghaib yg menghasut supaya harga barang naik,
2022-07-06 21:28:41+00:00,1.5448E+18,Kelvin6792,@SyedAkramin @diyanahalimh Punca utama bermula dari 2tahun yang lalu baja dan bahan makanan haiwan naik harga setiap bulan sampai hari menyebabkan semua makanan naik harga,
2022-07-16 22:38:54+00:00,1.54844E+18,ak47suk1,"Keputusannya tetap sama. Apa yang PKR boleh buat? Nurul Izzah sebagai salah seorang ketua ke kempen. Bawa isu rakyat; Kenaikan harga barang, lestari dan jaminan makanan, pemilikan rumah, gaji manusiawi, peluang pekerjaan, ekonomi gig, IR4.0 IR5.0,",Cyberjaya
2022-07-16 22:38:54+00:00,1.54844E+18,ak47suk1,"Keputusannya tetap sama. Apa yang PKR boleh buat? Nurul Izzah sebagai salah seorang ketua ke kempen. Bawa isu rakyat; Kenaikan harga barang, lestari dan jaminan makanan, pemilikan rumah, gaji manusiawi, peluang pekerjaan, ekonomi gig, IR4.0 IR5.0,",Cyberjaya
2022-07-23 06:53:03+00:00,1.55074E+18,Media_Selangor,"120 keluarga dapat bakul makanan, ringan beban kenaikan harga barang https://t.co/Jum5FamiFa https://t.co/FQymFrLRf4",Shah Alam
2022-07-23 06:53:03+00:00,1.55074E+18,Media_Selangor,"120 keluarga dapat bakul makanan, ringan beban kenaikan harga barang https://t.co/Jum5FamiFa https://t.co/FQymFrLRf4",Shah Alam
2022-07-24 10:21:03+00:00,1.55115E+18,shah_shnetwork,"Rancangan Makanan Tambahan (RMT) tu patut naik sket harga per pax bukan bagi makan mee kosong + air kotak susu coklet

😌😌😌","Selangor, Malaysia"
2022-07-24 10:21:03+00:00,1.55115E+18,shah_shnetwork,"Rancangan Makanan Tambahan (RMT) tu patut naik sket harga per pax bukan bagi makan mee kosong + air kotak susu coklet

😌😌😌","Selangor, Malaysia"
2022-07-27 09:42:50+00:00,1.55223E+18,Anip_Micro27,"Ni dulu kira makanan champion la. Fly dari CFS masuk KK 12 UM sebab nak makan ciken chop + cheezy wedges + garlic bread Rm5. Tak sangka dah tinggal cfs 5-6 tahun tapi still harga naik singgit ja.

cc: @atifnasirr @irfanmokhtar_ https://t.co/GcAdMEfHF4",PNG | KL
2022-07-27 09:43:02+00:00,1.55223E+18,KlutzyKucing,"Kalau naik tariff nanti, dia kkabor, ""harga makanan letrik naik, maka harga letrik pun naik lah.""","Kuantan, Pahang"
2022-08-01 07:39:58+00:00,1.55401E+18,faqihsyakiran,Setuju . Harga makanan kalau dah naik mana pernah turun. Boikot Tak yah beli nanti lama lama pandai la turun  😂,"Wilayah Persekutuan Putrajaya,"
2022-08-01 07:39:58+00:00,1.55401E+18,faqihsyakiran,Setuju . Harga makanan kalau dah naik mana pernah turun. Boikot Tak yah beli nanti lama lama pandai la turun  😂,"Wilayah Persekutuan Putrajaya,"
2022-08-01 15:41:22+00:00,1.55413E+18,BroAfiq,Tapi harga makanan yang naik taknak turun dah. 😂,"Selangor, Malaysia"
2022-08-03 14:44:34+00:00,1.55484E+18,shamsuliskandar,"Dewan Rakyat - 18 Julai 2022. Saya bertanyakan soalan tambahan kepada Timbalan Menteri KPDNHEP tentang isu ketiadaan koordinasi antara KPDNHEP dgn kementerian-kementerian lain bagi menangani isu kenaikan harga makanan seperti sayur-sayuran, ayam dan telur ayam. https://t.co/TABkSAyzIn",Putrajaya Federal Territory
2022-08-03 14:44:34+00:00,1.55484E+18,shamsuliskandar,"Dewan Rakyat - 18 Julai 2022. Saya bertanyakan soalan tambahan kepada Timbalan Menteri KPDNHEP tentang isu ketiadaan koordinasi antara KPDNHEP dgn kementerian-kementerian lain bagi menangani isu kenaikan harga makanan seperti sayur-sayuran, ayam dan telur ayam. https://t.co/TABkSAyzIn",Putrajaya Federal Territory
2022-08-03 14:44:34+00:00,1.55484E+18,shamsuliskandar,"Dewan Rakyat - 18 Julai 2022. Saya bertanyakan soalan tambahan kepada Timbalan Menteri KPDNHEP tentang isu ketiadaan koordinasi antara KPDNHEP dgn kementerian-kementerian lain bagi menangani isu kenaikan harga makanan seperti sayur-sayuran, ayam dan telur ayam. https://t.co/TABkSAyzIn",Putrajaya Federal Territory
2022-08-05 15:49:06+00:00,1.55558E+18,MengoYee,"Harga barang di kedai runcit Dan pasar semakin naik. Susah nak hidup, mencari makanan utk keluarga. 
RM semakin lemah berbanding negara lain. 

Ini bukan musim utk bermain politik Mahathir yng saja ingin memisahkan Rakyat jelata... utk agenda politik peribadi.",
2022-08-20 07:19:57+00:00,1.56089E+18,fatahisa97,@a_nuarr Tuu laa. Mmg dok turun pah mapuh dohh rul harga makanan kalu dang naik gokk🤣🤣,
2022-09-13 07:34:08+00:00,1.56959E+18,addeenzsr,Makanan dekat tempat kerja naik harga eh.,
2022-09-13 07:34:08+00:00,1.56959E+18,addeenzsr,Makanan dekat tempat kerja naik harga eh.,
2022-09-13 07:34:08+00:00,1.56959E+18,addeenzsr,Makanan dekat tempat kerja naik harga eh.,
2022-09-13 08:34:56+00:00,1.56961E+18,CitgulitaB,@yemmeow antara sedar dgn x....makanan kucing dh naik harga sejak hujung tahun lepas lgi....nk x nk kena jgk bli...moga rezeki kita sentiasa ada utk ank2 bulus ne...🐱🐱😁,"Kuala Lumpur City, Kuala Lumpu"
2022-09-13 08:34:56+00:00,1.56961E+18,CitgulitaB,@yemmeow antara sedar dgn x....makanan kucing dh naik harga sejak hujung tahun lepas lgi....nk x nk kena jgk bli...moga rezeki kita sentiasa ada utk ank2 bulus ne...🐱🐱😁,"Kuala Lumpur City, Kuala Lumpu"
2022-09-13 08:34:56+00:00,1.56961E+18,CitgulitaB,@yemmeow antara sedar dgn x....makanan kucing dh naik harga sejak hujung tahun lepas lgi....nk x nk kena jgk bli...moga rezeki kita sentiasa ada utk ank2 bulus ne...🐱🐱😁,"Kuala Lumpur City, Kuala Lumpu"
2022-09-18 05:35:15+00:00,1.57137E+18,ammar_atan93,"Harga ayam naik mendadak kerana kos makanan yg masih semuanya diimport dari luar. Kenapa kita tidak tanam dan hasilkan sendiri?

Justeru, pelan untuk kurangkan import &amp; memberdayakan sektor pertanian yg moden utk menjamin sekuriti makanan negara.

#Amanah #konvensyennasional2022 https://t.co/oTNewnXBsg",
2022-09-28 22:46:28+00:00,1.57526E+18,lordofkendal,"The US has increased its interest rates from 0.5% to 3.3%, that is nearly 7x increase. 

That is the main current pressure on the RM. 

Increase interest rates Malaysia? 

Bayar loan rumah naik tapi Bagus tu supaya developer turun harga rumah!  Import makanan murah. @zazulazman https://t.co/walVRhCKIo",Spaceship EARTH FrontierOfTIME
2022-09-28 22:46:28+00:00,1.57526E+18,lordofkendal,"The US has increased its interest rates from 0.5% to 3.3%, that is nearly 7x increase. 

That is the main current pressure on the RM. 

Increase interest rates Malaysia? 

Bayar loan rumah naik tapi Bagus tu supaya developer turun harga rumah!  Import makanan murah. @zazulazman https://t.co/walVRhCKIo",Spaceship EARTH FrontierOfTIME
2022-10-13 11:48:17+00:00,1.58053E+18,nadzmi_nami,"@jules12anne Cuma berkaitan kenaikkan harga makanan tu, saya tak rasa it beat the purpose of min wage. Sebab skrg min wage rm1500 tapi harga makanan dan bahan mentah naik. Kalau min wage naik and harga makanan naik, it balance lah kan? Kalau harga makanan naik tp min wage tak naik, naya😂","Gombak, Selangor"
2022-10-13 11:48:17+00:00,1.58053E+18,nadzmi_nami,"@jules12anne Cuma berkaitan kenaikkan harga makanan tu, saya tak rasa it beat the purpose of min wage. Sebab skrg min wage rm1500 tapi harga makanan dan bahan mentah naik. Kalau min wage naik and harga makanan naik, it balance lah kan? Kalau harga makanan naik tp min wage tak naik, naya😂","Gombak, Selangor"
2022-10-13 11:48:17+00:00,1.58053E+18,nadzmi_nami,"@jules12anne Cuma berkaitan kenaikkan harga makanan tu, saya tak rasa it beat the purpose of min wage. Sebab skrg min wage rm1500 tapi harga makanan dan bahan mentah naik. Kalau min wage naik and harga makanan naik, it balance lah kan? Kalau harga makanan naik tp min wage tak naik, naya😂","Gombak, Selangor"
2022-10-13 11:48:17+00:00,1.58053E+18,nadzmi_nami,"@jules12anne Cuma berkaitan kenaikkan harga makanan tu, saya tak rasa it beat the purpose of min wage. Sebab skrg min wage rm1500 tapi harga makanan dan bahan mentah naik. Kalau min wage naik and harga makanan naik, it balance lah kan? Kalau harga makanan naik tp min wage tak naik, naya😂","Gombak, Selangor"
2022-10-13 11:56:46+00:00,1.58053E+18,nadzmi_nami,"@jules12anne Yup betul tu. Tp tengok pada gaya skrg susah nak jumpa kedai yg tak naik harga makanan. Tapi bukan salah dorg juga sebab skrg inflation pun makin tinggi. And yes i agree, this issue never ending cycle😂 just boycot kapitalis untung besar tp tkda empathy kpd pekerja","Gombak, Selangor"
2022-10-13 11:56:46+00:00,1.58053E+18,nadzmi_nami,"@jules12anne Yup betul tu. Tp tengok pada gaya skrg susah nak jumpa kedai yg tak naik harga makanan. Tapi bukan salah dorg juga sebab skrg inflation pun makin tinggi. And yes i agree, this issue never ending cycle😂 just boycot kapitalis untung besar tp tkda empathy kpd pekerja","Gombak, Selangor"
2022-10-13 11:56:46+00:00,1.58053E+18,nadzmi_nami,"@jules12anne Yup betul tu. Tp tengok pada gaya skrg susah nak jumpa kedai yg tak naik harga makanan. Tapi bukan salah dorg juga sebab skrg inflation pun makin tinggi. And yes i agree, this issue never ending cycle😂 just boycot kapitalis untung besar tp tkda empathy kpd pekerja","Gombak, Selangor"
2022-10-13 11:56:46+00:00,1.58053E+18,nadzmi_nami,"@jules12anne Yup betul tu. Tp tengok pada gaya skrg susah nak jumpa kedai yg tak naik harga makanan. Tapi bukan salah dorg juga sebab skrg inflation pun makin tinggi. And yes i agree, this issue never ending cycle😂 just boycot kapitalis untung besar tp tkda empathy kpd pekerja","Gombak, Selangor"
2022-10-15 13:16:45+00:00,1.58127E+18,Azmi_Zahari_,"Dengan Beban kerja yg makin bertambah,keadaan Gaji yg X berapa memberangsangkn &amp; harga brgn yg semakin naik,
ada yg planning cari sideincome ?bermodalkan sekecil rm360(produk makanan-Coklat Viral)!😍🎉

#Thesaudagaar 
#Jualcoklatje 
#Agentwanted #modalkeciluntungbesar  #Dropship",Kuala Lumpur City
2022-10-15 13:16:45+00:00,1.58127E+18,Azmi_Zahari_,"Dengan Beban kerja yg makin bertambah,keadaan Gaji yg X berapa memberangsangkn &amp; harga brgn yg semakin naik,
ada yg planning cari sideincome ?bermodalkan sekecil rm360(produk makanan-Coklat Viral)!😍🎉

#Thesaudagaar 
#Jualcoklatje 
#Agentwanted #modalkeciluntungbesar  #Dropship",Kuala Lumpur City
2022-10-22 02:28:34+00:00,1.58365E+18,wearing3plemask,"Naikkan terus 200 mata asas. 
OPR naik yg terjejas yg berhutang saja. 

OPR rendah, ringgit rendah + import makanan tahun lepas Rm 55 bil = harga import jadi mahal = makanan mahal. Semua kena. 

Ringgit rendah, export naik, gaji tak naik juga. 
https://t.co/2IX4v2bcwE",
2022-10-22 04:55:54+00:00,1.58368E+18,GemukBear,Tak Moto GP La kalau harga makanan dekat area sini naik 200%,"Selangor, Malaysia"
2022-10-22 04:55:54+00:00,1.58368E+18,GemukBear,Tak Moto GP La kalau harga makanan dekat area sini naik 200%,"Selangor, Malaysia"
2022-11-02 14:22:25+00:00,1.58781E+18,Angkut_,@isusemasaviral Ini Malaysia.... Naik je bahan mntah naik makanan...turun barang mentah.. semua buta..pekak...aaa naik sekali lagi naik harga baru plk dri yg dah naik sebelum ni... The Malaysian way,langit nan biru.
2022-11-02 14:22:25+00:00,1.58781E+18,Angkut_,@isusemasaviral Ini Malaysia.... Naik je bahan mntah naik makanan...turun barang mentah.. semua buta..pekak...aaa naik sekali lagi naik harga baru plk dri yg dah naik sebelum ni... The Malaysian way,langit nan biru.
2022-11-06 03:24:17+00:00,1.5891E+18,rajabahrinshah,"Banyak rintihan yang sebenarnya dihadapi oleh rakyat dalam diam.

Harga barang naik, harga kos servis naik, apatah lagi bahan asas makanan seperti telur juga kini naik dan susah didapati! https://t.co/sdf2ev89KG","Kuala Terengganu, Terengganu"
2022-11-09 15:34:17+00:00,1.59037E+18,gaddafimusli,@AbdulRahimWahab @AmirudinShari @NajibRazak Mungkin tuan boleh berckp begini kerana tidak terkesan dgn kenaikan hrga makanan. Yes usaha kerajaan kawal hrga pasaran perlu berterusan tp so far ada nmpk kesannya? Kita jgn lah berteori semata2 sambil B40 menderita harga makanan naik. Turun padang bantu org miskin,"Selangor, Malaysia"
2022-11-09 15:34:17+00:00,1.59037E+18,gaddafimusli,@AbdulRahimWahab @AmirudinShari @NajibRazak Mungkin tuan boleh berckp begini kerana tidak terkesan dgn kenaikan hrga makanan. Yes usaha kerajaan kawal hrga pasaran perlu berterusan tp so far ada nmpk kesannya? Kita jgn lah berteori semata2 sambil B40 menderita harga makanan naik. Turun padang bantu org miskin,"Selangor, Malaysia"
2022-11-09 15:34:17+00:00,1.59037E+18,gaddafimusli,@AbdulRahimWahab @AmirudinShari @NajibRazak Mungkin tuan boleh berckp begini kerana tidak terkesan dgn kenaikan hrga makanan. Yes usaha kerajaan kawal hrga pasaran perlu berterusan tp so far ada nmpk kesannya? Kita jgn lah berteori semata2 sambil B40 menderita harga makanan naik. Turun padang bantu org miskin,"Selangor, Malaysia"
2022-11-09 15:34:17+00:00,1.59037E+18,gaddafimusli,@AbdulRahimWahab @AmirudinShari @NajibRazak Mungkin tuan boleh berckp begini kerana tidak terkesan dgn kenaikan hrga makanan. Yes usaha kerajaan kawal hrga pasaran perlu berterusan tp so far ada nmpk kesannya? Kita jgn lah berteori semata2 sambil B40 menderita harga makanan naik. Turun padang bantu org miskin,"Selangor, Malaysia"
2022-11-09 15:34:17+00:00,1.59037E+18,gaddafimusli,@AbdulRahimWahab @AmirudinShari @NajibRazak Mungkin tuan boleh berckp begini kerana tidak terkesan dgn kenaikan hrga makanan. Yes usaha kerajaan kawal hrga pasaran perlu berterusan tp so far ada nmpk kesannya? Kita jgn lah berteori semata2 sambil B40 menderita harga makanan naik. Turun padang bantu org miskin,"Selangor, Malaysia"
2022-11-12 08:22:18+00:00,1.59135E+18,Amisaha8,"KDNK naik, tapi kos sara hidup makin tinggi. Harga barang semua naik, makanan ruji pun mencanak tinggi. Siapa yg benefit from all this kdnk naik? Serious tak  faham.",Kuala Lumpur
2022-11-12 08:22:18+00:00,1.59135E+18,Amisaha8,"KDNK naik, tapi kos sara hidup makin tinggi. Harga barang semua naik, makanan ruji pun mencanak tinggi. Siapa yg benefit from all this kdnk naik? Serious tak  faham.",Kuala Lumpur
2022-11-12 08:22:18+00:00,1.59135E+18,Amisaha8,"KDNK naik, tapi kos sara hidup makin tinggi. Harga barang semua naik, makanan ruji pun mencanak tinggi. Siapa yg benefit from all this kdnk naik? Serious tak  faham.",Kuala Lumpur
2022-11-14 13:13:00+00:00,1.59214E+18,sirennextdoor,"Rasanya makanan SR dah lama dah jatuh teruk kualiti dia. Last time makan dalam 3-4 tahun lepas. Lepas tengok makanan dia prepack je semua, memang tak lah nak bayar harga yg dia caj tu. Kalau freshly made okay lagi. Kek pun dah makin kecil portion dia tapi harga tetap naik.",
2022-11-14 13:13:00+00:00,1.59214E+18,sirennextdoor,"Rasanya makanan SR dah lama dah jatuh teruk kualiti dia. Last time makan dalam 3-4 tahun lepas. Lepas tengok makanan dia prepack je semua, memang tak lah nak bayar harga yg dia caj tu. Kalau freshly made okay lagi. Kek pun dah makin kecil portion dia tapi harga tetap naik.",
2022-11-17 14:47:56+00:00,1.59325E+18,asrafkaizen,"@stoicrates @DrAmirul93 ""stabil. Lain tu tak penting""

Rakyat mati 36 ribu masa covid kerana kecuaian kerajaan jaga pandemik, buat PRN masa pandemik tapi x suruh kuarantin

Rakyat mati dalam banjir, dirempuh balak

Rakyat kebuluran, harga makanan semua naik

Semua tu tak penting. Sebab hidup KAU stabil","Cheng, Melaka"
2022-12-24 00:17:56+00:00,1.60644E+18,mfjfazley,"Hampir 57% kenyataan media menteri ekonomi menyebut kenaikan harga makanan terkait dgn pengguna/rakyat 

Klausa 3, 4, 7, 8, 9, 11, 12, 13 &amp; 16",
2022-12-24 00:17:56+00:00,1.60644E+18,mfjfazley,"Hampir 57% kenyataan media menteri ekonomi menyebut kenaikan harga makanan terkait dgn pengguna/rakyat 

Klausa 3, 4, 7, 8, 9, 11, 12, 13 &amp; 16",
2022-12-24 00:17:56+00:00,1.60644E+18,mfjfazley,"Hampir 57% kenyataan media menteri ekonomi menyebut kenaikan harga makanan terkait dgn pengguna/rakyat 

Klausa 3, 4, 7, 8, 9, 11, 12, 13 &amp; 16",
2022-12-24 01:38:10+00:00,1.60646E+18,hasyudeen,"Kenaikan kos makanan ayam menyebabkan kos pengeluar daging dan telor ayam naik. Jika mereka tidak boleh menjual dengan harga yang lebih tinggi, mereka akan kurangkan bekalan untuk membendung kerugian. Harga siling menyumbang kepada pengurangan bekalan.","Kuala Lumpur, Malaysia"
2022-12-24 01:38:10+00:00,1.60646E+18,hasyudeen,"Kenaikan kos makanan ayam menyebabkan kos pengeluar daging dan telor ayam naik. Jika mereka tidak boleh menjual dengan harga yang lebih tinggi, mereka akan kurangkan bekalan untuk membendung kerugian. Harga siling menyumbang kepada pengurangan bekalan.","Kuala Lumpur, Malaysia"
2022-12-24 01:38:10+00:00,1.60646E+18,hasyudeen,"Kenaikan kos makanan ayam menyebabkan kos pengeluar daging dan telor ayam naik. Jika mereka tidak boleh menjual dengan harga yang lebih tinggi, mereka akan kurangkan bekalan untuk membendung kerugian. Harga siling menyumbang kepada pengurangan bekalan.","Kuala Lumpur, Malaysia"
2022-12-24 01:38:10+00:00,1.60646E+18,hasyudeen,"Kenaikan kos makanan ayam menyebabkan kos pengeluar daging dan telor ayam naik. Jika mereka tidak boleh menjual dengan harga yang lebih tinggi, mereka akan kurangkan bekalan untuk membendung kerugian. Harga siling menyumbang kepada pengurangan bekalan.","Kuala Lumpur, Malaysia"
2022-12-24 01:38:10+00:00,1.60646E+18,hasyudeen,"Kenaikan kos makanan ayam menyebabkan kos pengeluar daging dan telor ayam naik. Jika mereka tidak boleh menjual dengan harga yang lebih tinggi, mereka akan kurangkan bekalan untuk membendung kerugian. Harga siling menyumbang kepada pengurangan bekalan.","Kuala Lumpur, Malaysia"
2022-12-24 01:38:10+00:00,1.60646E+18,hasyudeen,"Kenaikan kos makanan ayam menyebabkan kos pengeluar daging dan telor ayam naik. Jika mereka tidak boleh menjual dengan harga yang lebih tinggi, mereka akan kurangkan bekalan untuk membendung kerugian. Harga siling menyumbang kepada pengurangan bekalan.","Kuala Lumpur, Malaysia"
2022-12-25 09:30:07+00:00,1.60695E+18,akmalarif90,"Berita Harian

Rafizi tak kemuka penyelesaian isu kenaikan harga makanan - Ketua Penerangan PAS

6 minit yang lalu - https://t.co/25kiGtDyYY",Malaysia
2023-01-02 03:29:49+00:00,1.60975E+18,sherfiqashrdn,Actually semua makanan da naik harga 🥺 and da makin terasa mahal dia actually bcs duit aku makin cpt berkurang hahah,
2023-01-02 03:29:49+00:00,1.60975E+18,sherfiqashrdn,Actually semua makanan da naik harga 🥺 and da makin terasa mahal dia actually bcs duit aku makin cpt berkurang hahah,
2023-01-02 03:29:49+00:00,1.60975E+18,sherfiqashrdn,Actually semua makanan da naik harga 🥺 and da makin terasa mahal dia actually bcs duit aku makin cpt berkurang hahah,
2023-01-06 02:36:04+00:00,1.61119E+18,Aminadri_,"TERKINI!!!

HARGA MAKANAN DI KANTIN SEKOLAH NAIK RM 1

LINK PENUH:https://t.co/WlxulQuNOw https://t.co/V7P8NdgIaS",
2023-01-06 08:41:51+00:00,1.61128E+18,MrniYsf,Harga makanan semakin naik ? Nangis mcm ni . Harga americano pun naik . Kopi air je padahal 😖,around the world
2023-01-06 08:41:51+00:00,1.61128E+18,MrniYsf,Harga makanan semakin naik ? Nangis mcm ni . Harga americano pun naik . Kopi air je padahal 😖,around the world
2023-01-06 08:41:51+00:00,1.61128E+18,MrniYsf,Harga makanan semakin naik ? Nangis mcm ni . Harga americano pun naik . Kopi air je padahal 😖,around the world
2023-01-12 01:59:17+00:00,1.61335E+18,Sayyd51890925,"Dulu ayam yang jadi masalah. Tiba2 telor pula terpalik. Bila telor naik harga, semua makanan akan naik harga. Taraf hidup dah jadi macam Japan!
Elok kerajaan import supaya harga telor stabil. Bila harga naik dah tak akan turun lagi.",Kuala Lumpur
2023-01-12 01:59:17+00:00,1.61335E+18,Sayyd51890925,"Dulu ayam yang jadi masalah. Tiba2 telor pula terpalik. Bila telor naik harga, semua makanan akan naik harga. Taraf hidup dah jadi macam Japan!
Elok kerajaan import supaya harga telor stabil. Bila harga naik dah tak akan turun lagi.",Kuala Lumpur
2023-01-12 01:59:17+00:00,1.61335E+18,Sayyd51890925,"Dulu ayam yang jadi masalah. Tiba2 telor pula terpalik. Bila telor naik harga, semua makanan akan naik harga. Taraf hidup dah jadi macam Japan!
Elok kerajaan import supaya harga telor stabil. Bila harga naik dah tak akan turun lagi.",Kuala Lumpur
2023-01-12 01:59:17+00:00,1.61335E+18,Sayyd51890925,"Dulu ayam yang jadi masalah. Tiba2 telor pula terpalik. Bila telor naik harga, semua makanan akan naik harga. Taraf hidup dah jadi macam Japan!
Elok kerajaan import supaya harga telor stabil. Bila harga naik dah tak akan turun lagi.",Kuala Lumpur
2023-01-19 06:16:02+00:00,1.61596E+18,RozmalMalakan,"Jemaah yang bakal menunaikan haji pada tahun ini perlu menyediakan wang tambahan ekoran peningkatan kos perbelanjaan. Pakej swasta perlu menyediakan wang tambahan sekurang-kurangnya RM20,000. Kenaikan harga makanan sekitar RM20 bagi setiap menu kesan VAT

https://t.co/kYcE6aSsjw","Seremban, Negeri Sembilan"
2023-01-20 13:14:00+00:00,1.61642E+18,Thiban_ben,Thank you YBM @FadhlinaSiddiq 🫰Sempat saya bincangkan tentang pemerkasaan sekolah di kawasan luar bandar &amp; ladang. Isu berbangkit tentang SJKT &amp; kenaikan harga makanan di kantin juga turut dibincangkan. YBM komited untuk selesaikan &amp; berjanji akan turun ke Kuala Selangor! Soon! https://t.co/pTy4nRvn7W,Bestari Jaya (Batang Berjuntai
2023-01-23 03:49:37+00:00,1.61737E+18,lomo_tech,Kaedah jangan makan di kedai mahal ni sebenarnya dari dulu lagi betul. Zaman bn/pn pun. Cuma tu la. Dulu pembangkang kan. Ce minta cerakinan macam mana harga makanan tu tak patut kene turunkan. Adakah kos2 lain naik eg gaji.,-
2023-01-25 06:56:13+00:00,1.61814E+18,vtymhd,"Org kerja f&amp;b nang susah. Apa gk mn kerja kedey makan and harga bahan mentah naik, terpaksa naikkan harga makanan &amp; minuman juak.Last2 staff kenak maki cust sbb makanan mahal. Hmmm. Harga dh diengkah juak,cust ada choice mk proceed order or x. Pasya staff wak knk slh eh x ku fhm","Sibu, Sarawak"
2023-01-29 00:56:54+00:00,1.6195E+18,AlepAdon,"Dear @KPDN_HQ , harga timun naik 100% ni sejak lepas raya cina, taknak check dan explain ke kenapa?

Sebelum raya cina RM22-30, lepas raya cina RM50-60 ni. Dah lah menteri persoal kenapa kami tak turun harga makanan siap suruh boikot.",
2023-01-29 00:56:54+00:00,1.6195E+18,AlepAdon,"Dear @KPDN_HQ , harga timun naik 100% ni sejak lepas raya cina, taknak check dan explain ke kenapa?

Sebelum raya cina RM22-30, lepas raya cina RM50-60 ni. Dah lah menteri persoal kenapa kami tak turun harga makanan siap suruh boikot.",
2023-02-02 01:42:13+00:00,1.62096E+18,idgafzlnie,"harga barang turun, harga makanan kat kedai still camtu jugak, takde pun nak turun turun. bab naikkan harga laju je dgn alasan ""barang naik harga"" 😤",
2023-02-02 01:42:13+00:00,1.62096E+18,idgafzlnie,"harga barang turun, harga makanan kat kedai still camtu jugak, takde pun nak turun turun. bab naikkan harga laju je dgn alasan ""barang naik harga"" 😤",
2023-02-02 01:42:13+00:00,1.62096E+18,idgafzlnie,"harga barang turun, harga makanan kat kedai still camtu jugak, takde pun nak turun turun. bab naikkan harga laju je dgn alasan ""barang naik harga"" 😤",
2023-02-02 01:42:13+00:00,1.62096E+18,idgafzlnie,"harga barang turun, harga makanan kat kedai still camtu jugak, takde pun nak turun turun. bab naikkan harga laju je dgn alasan ""barang naik harga"" 😤",
2023-02-02 11:21:42+00:00,1.62111E+18,amar_amk9757,"Langkah untuk jangka panjang juga sedang diteliti oleh kerajaan bagi membolehkan jaminan bekalan makanan bagi memenuhi permintaan dan seterusnya membantu mengawal kenaikan harga barangan.

(3/4)","Perlis, Malaysia"
2023-02-09 02:58:30+00:00,1.62352E+18,suffikamari,"6. Menyerang jutawan Melayu dan syarikat Bumiputera.
7. Buat perjanjian persefahaman yang melanggar Perkara 49A Perlembagaan Persekutuan.
8. Sekat penceramah dan pendakwah.
9. Bubar Majlis Pemulihan Negara.
10. Kenaikan 50 peratus harga makanan di kantin sekolah.","Ulu Kelang, Selangor"
2023-02-09 02:58:30+00:00,1.62352E+18,suffikamari,"6. Menyerang jutawan Melayu dan syarikat Bumiputera.
7. Buat perjanjian persefahaman yang melanggar Perkara 49A Perlembagaan Persekutuan.
8. Sekat penceramah dan pendakwah.
9. Bubar Majlis Pemulihan Negara.
10. Kenaikan 50 peratus harga makanan di kantin sekolah.","Ulu Kelang, Selangor"
2023-02-09 02:58:30+00:00,1.62352E+18,suffikamari,"6. Menyerang jutawan Melayu dan syarikat Bumiputera.
7. Buat perjanjian persefahaman yang melanggar Perkara 49A Perlembagaan Persekutuan.
8. Sekat penceramah dan pendakwah.
9. Bubar Majlis Pemulihan Negara.
10. Kenaikan 50 peratus harga makanan di kantin sekolah.","Ulu Kelang, Selangor"
2023-02-10 03:27:20+00:00,1.62389E+18,Senggiaw,"Kenaikan harga barang menjejaskan rakyat, terutama yang berpendapatan rendah. Kerajaan Malaysia melulus Perintah Gaji Minimum pada RM1,500 sebulan. Penguatkuasaan? 'Menu Rahmah' di tempat makanan yang tertentu diumumkan. Kawalan harga barang adalah penting. https://t.co/4GJNFwAX6H",
2023-02-10 03:27:20+00:00,1.62389E+18,Senggiaw,"Kenaikan harga barang menjejaskan rakyat, terutama yang berpendapatan rendah. Kerajaan Malaysia melulus Perintah Gaji Minimum pada RM1,500 sebulan. Penguatkuasaan? 'Menu Rahmah' di tempat makanan yang tertentu diumumkan. Kawalan harga barang adalah penting. https://t.co/4GJNFwAX6H",
2023-02-10 03:27:20+00:00,1.62389E+18,Senggiaw,"Kenaikan harga barang menjejaskan rakyat, terutama yang berpendapatan rendah. Kerajaan Malaysia melulus Perintah Gaji Minimum pada RM1,500 sebulan. Penguatkuasaan? 'Menu Rahmah' di tempat makanan yang tertentu diumumkan. Kawalan harga barang adalah penting. https://t.co/4GJNFwAX6H",
2023-02-14 04:09:29+00:00,1.62535E+18,AlepAdon,"Tempat jual makanan mahal kau orang marah-marahkan sampai viral, aku jual nasi lemak RM1.50 lagi ni hadap naik turun harga barang macam nak gila korang buat bodoh je eh. 

Timun naik 300%
Ikan bilis naik 35%
Telur naik 40%
Beras naik 15%

Portion dan kualiti masih sama.",
2023-02-14 04:09:29+00:00,1.62535E+18,AlepAdon,"Tempat jual makanan mahal kau orang marah-marahkan sampai viral, aku jual nasi lemak RM1.50 lagi ni hadap naik turun harga barang macam nak gila korang buat bodoh je eh. 

Timun naik 300%
Ikan bilis naik 35%
Telur naik 40%
Beras naik 15%

Portion dan kualiti masih sama.",
2023-02-15 09:56:45+00:00,1.6258E+18,AmaleenaForever,Harga makanan kucing naik mendadak YB ...tuan puasa awal kalau mcm ni https://t.co/zITRgQHFKD,"Kuala Lumpur, Malaysia"
2023-02-15 09:56:45+00:00,1.6258E+18,AmaleenaForever,Harga makanan kucing naik mendadak YB ...tuan puasa awal kalau mcm ni https://t.co/zITRgQHFKD,"Kuala Lumpur, Malaysia"
2023-02-25 02:57:47+00:00,1.62931E+18,miraaaibrahim,"Dating dengan husband 🥰 
Lama tak makan steak🫣🥰
Bila dinner semalam best pulak sebab tak ramai orang 😀
Last datang sini tahun lepas, tahun ni datang harga dah naik😅  
Tapi apa apa pun alhamdulillah syukur makanan sedap 🥰💙 https://t.co/43gdd1aJpC","Wangsa Maju, Kuala Lumpur"
2023-02-25 02:57:47+00:00,1.62931E+18,miraaaibrahim,"Dating dengan husband 🥰 
Lama tak makan steak🫣🥰
Bila dinner semalam best pulak sebab tak ramai orang 😀
Last datang sini tahun lepas, tahun ni datang harga dah naik😅  
Tapi apa apa pun alhamdulillah syukur makanan sedap 🥰💙 https://t.co/43gdd1aJpC","Wangsa Maju, Kuala Lumpur"
2023-02-25 02:57:47+00:00,1.62931E+18,miraaaibrahim,"Dating dengan husband 🥰 
Lama tak makan steak🫣🥰
Bila dinner semalam best pulak sebab tak ramai orang 😀
Last datang sini tahun lepas, tahun ni datang harga dah naik😅  
Tapi apa apa pun alhamdulillah syukur makanan sedap 🥰💙 https://t.co/43gdd1aJpC","Wangsa Maju, Kuala Lumpur"
2023-02-25 02:57:47+00:00,1.62931E+18,miraaaibrahim,"Dating dengan husband 🥰 
Lama tak makan steak🫣🥰
Bila dinner semalam best pulak sebab tak ramai orang 😀
Last datang sini tahun lepas, tahun ni datang harga dah naik😅  
Tapi apa apa pun alhamdulillah syukur makanan sedap 🥰💙 https://t.co/43gdd1aJpC","Wangsa Maju, Kuala Lumpur"
2023-03-02 05:08:41+00:00,1.63116E+18,AhmadTarmizy7,"@RajaPetra Bukan setakat harga sayur jer, harga ayam naik, harga telor naik, paling terok harga beras pun naik, hari tu kata bantu petani, pembekal beras xboleh monopoli, bagi rakyat mudah jer, harga makanan dan bahan keperluan harian utama, perlu murah, dan mampu dibeli dan membantu rakyat",
2023-03-02 05:08:41+00:00,1.63116E+18,AhmadTarmizy7,"@RajaPetra Bukan setakat harga sayur jer, harga ayam naik, harga telor naik, paling terok harga beras pun naik, hari tu kata bantu petani, pembekal beras xboleh monopoli, bagi rakyat mudah jer, harga makanan dan bahan keperluan harian utama, perlu murah, dan mampu dibeli dan membantu rakyat",
2023-03-09 12:09:47+00:00,1.6338E+18,HezeriSamsuri,"Bagus bela binatang ni. Cuma aku rasa makin lama makin mahal harga ubat makanan apa semua dia. Kalah manusia. Cuba kau try tanya berapa charge nak cabut gigi kucing. 

Cuba la, kawan aku kata. 

Aku diam je tapi mmg aku akui, harga semua naik.","Kuala Lumpur, Malaysia"
2023-03-13 14:33:29+00:00,1.63529E+18,kamal_itaewon,@Eda_Zahidah Actually mmng banyak dah harga makanan Tranung ni naik.. mostly dah mcm selangor/KL.. cuma still ada lagi yg murah sikit jenis kedai kappung2 sikit or kedai kedai orang lama..,"Seoul, Republic of Korea"
2023-03-23 12:11:01+00:00,1.63888E+18,frzhyqlll,Makanan kt bazar banyak dah naik harga....maybe boleh buat bazar rahmah,
2023-03-23 12:11:01+00:00,1.63888E+18,frzhyqlll,Makanan kt bazar banyak dah naik harga....maybe boleh buat bazar rahmah,
2023-03-23 12:11:01+00:00,1.63888E+18,frzhyqlll,Makanan kt bazar banyak dah naik harga....maybe boleh buat bazar rahmah,
2023-03-26 03:04:14+00:00,1.63983E+18,Jendulism__,"Makanan kami mahal sgt ke? Kami retort, beli packaging gred tinggi, plastic tebal x lobos. Itu value kami, dgn bahan2 dan resepi sikitpun x shortcut.

Tp org igt kenaikan harga dia sorang je yang rasa, peniaga yg beli bahan mcm kami ni x perlu naik harga?",KUL - KCH - MYY - BWN 🛩
2023-03-26 03:04:14+00:00,1.63983E+18,Jendulism__,"Makanan kami mahal sgt ke? Kami retort, beli packaging gred tinggi, plastic tebal x lobos. Itu value kami, dgn bahan2 dan resepi sikitpun x shortcut.

Tp org igt kenaikan harga dia sorang je yang rasa, peniaga yg beli bahan mcm kami ni x perlu naik harga?",KUL - KCH - MYY - BWN 🛩
2023-03-26 03:04:14+00:00,1.63983E+18,Jendulism__,"Makanan kami mahal sgt ke? Kami retort, beli packaging gred tinggi, plastic tebal x lobos. Itu value kami, dgn bahan2 dan resepi sikitpun x shortcut.

Tp org igt kenaikan harga dia sorang je yang rasa, peniaga yg beli bahan mcm kami ni x perlu naik harga?",KUL - KCH - MYY - BWN 🛩
2023-03-26 03:04:14+00:00,1.63983E+18,Jendulism__,"Makanan kami mahal sgt ke? Kami retort, beli packaging gred tinggi, plastic tebal x lobos. Itu value kami, dgn bahan2 dan resepi sikitpun x shortcut.

Tp org igt kenaikan harga dia sorang je yang rasa, peniaga yg beli bahan mcm kami ni x perlu naik harga?",KUL - KCH - MYY - BWN 🛩
2023-03-26 03:04:14+00:00,1.63983E+18,Jendulism__,"Makanan kami mahal sgt ke? Kami retort, beli packaging gred tinggi, plastic tebal x lobos. Itu value kami, dgn bahan2 dan resepi sikitpun x shortcut.

Tp org igt kenaikan harga dia sorang je yang rasa, peniaga yg beli bahan mcm kami ni x perlu naik harga?",KUL - KCH - MYY - BWN 🛩
2023-03-26 03:04:14+00:00,1.63983E+18,Jendulism__,"Makanan kami mahal sgt ke? Kami retort, beli packaging gred tinggi, plastic tebal x lobos. Itu value kami, dgn bahan2 dan resepi sikitpun x shortcut.

Tp org igt kenaikan harga dia sorang je yang rasa, peniaga yg beli bahan mcm kami ni x perlu naik harga?",KUL - KCH - MYY - BWN 🛩
2023-03-27 06:13:59+00:00,1.64024E+18,mediavariasi_,"Sebabkan harga barang naik, harga roti john pon naik. Bak kata netizen, roti john ada jenis². Kalau roti John Cena murah skit,kalau roti John Wick lak harga kerass. 🤣 
Tak tahu nak nangis ke nak gelak bila dgr harga makanan kat bazar zaman sekarang 😅

https://t.co/ZP461eKGeQ",Cyberjaya
2023-03-27 09:15:54+00:00,1.64028E+18,WartaRakyatMsia,"Harga makanan dijangka terus naik pada Ramadan, Aidilfitri https://t.co/bABb9Vbm6f via @WartaRakyat","Kuala Lumpur, Malaysia"
2023-03-27 09:37:51+00:00,1.64029E+18,AliAhme70978158,Actually it reminded me of Egypt selepas Husni Mubarak jatuh. Ikhwanul Muslimin naik. Semua org happy. Selepas 2-3 bulan demand macam2. Nak harga barang turun. Nak subsidi makanan. Sudahnya Kjaan Ikhwan tumbang. Tak sabar masing2,"Seremban, Negeri Sembilan"
2023-03-27 10:35:50+00:00,1.6403E+18,HRHMBE,@awesomecemok Ini kan yg masa jadi menteri kpdn dulu cakap harga gula naik ada hikmah supaya rakyat kurangkan guna gula dlm minuman &amp; makanan elak penyakit kencing manis....jni penyokong tegar zahid. Lepas jadi menteri jadi duta ke cambodia,Kuala Lumpur
2023-03-27 11:01:33+00:00,1.64031E+18,NightOwlGenY2,@everlastlbs yg cakap harga  naik tu jual apa bnd makanan nya,Kuala Lumpur
2023-03-28 02:00:01+00:00,1.64053E+18,StayForTheMemes,@Ahmad67070622 @fahmi_fadzil Harap Kerajaan Madani dah khatam buku Hasan Malek ni. Dapatlah ilham untuk tangani harga barangan asas n harga makanan kat bazar tu mencanak naik. Hehehe. https://t.co/TbYQCgms8O,"Dengkil, Selangor"
2023-03-28 02:00:01+00:00,1.64053E+18,StayForTheMemes,@Ahmad67070622 @fahmi_fadzil Harap Kerajaan Madani dah khatam buku Hasan Malek ni. Dapatlah ilham untuk tangani harga barangan asas n harga makanan kat bazar tu mencanak naik. Hehehe. https://t.co/TbYQCgms8O,"Dengkil, Selangor"
2023-03-29 00:00:00+00:00,1.64087E+18,EkonomiRakyatMY,"Tiga rangkaian pasaraya terbesar di Sweden berjanji akan memotong harga barangan makanan yang dijual bagi membantu mengurangkan beban kenaikan inflasi makanan di negara itu

Kadar inflasi makanan naik 22.1% tahun-ke-tahun bagi Februari 2023 di Sweden, tertinggi sejak 1950an https://t.co/qtjrro7L6n",Kuala Lumpur
2023-03-29 00:00:00+00:00,1.64087E+18,EkonomiRakyatMY,"Tiga rangkaian pasaraya terbesar di Sweden berjanji akan memotong harga barangan makanan yang dijual bagi membantu mengurangkan beban kenaikan inflasi makanan di negara itu

Kadar inflasi makanan naik 22.1% tahun-ke-tahun bagi Februari 2023 di Sweden, tertinggi sejak 1950an https://t.co/qtjrro7L6n",Kuala Lumpur
2023-03-29 00:00:00+00:00,1.64087E+18,EkonomiRakyatMY,"Tiga rangkaian pasaraya terbesar di Sweden berjanji akan memotong harga barangan makanan yang dijual bagi membantu mengurangkan beban kenaikan inflasi makanan di negara itu

Kadar inflasi makanan naik 22.1% tahun-ke-tahun bagi Februari 2023 di Sweden, tertinggi sejak 1950an https://t.co/qtjrro7L6n",Kuala Lumpur
2023-03-29 00:00:00+00:00,1.64087E+18,EkonomiRakyatMY,"Tiga rangkaian pasaraya terbesar di Sweden berjanji akan memotong harga barangan makanan yang dijual bagi membantu mengurangkan beban kenaikan inflasi makanan di negara itu

Kadar inflasi makanan naik 22.1% tahun-ke-tahun bagi Februari 2023 di Sweden, tertinggi sejak 1950an https://t.co/qtjrro7L6n",Kuala Lumpur
2023-03-29 03:16:51+00:00,1.64092E+18,TVPertiwi_MY,"Kenaikan harga keperluan makanan terutamanya barangan mentah seolah-olah satu kelaziman apabila ia berlaku setiap kali menjelang bulan Ramadan dan perayaan Aidilfitri sehingga membebankan peniaga.
(1/3) https://t.co/ADPGl0xnfZ",Kuala Lumpur City
2023-03-29 03:16:51+00:00,1.64092E+18,TVPertiwi_MY,"Kenaikan harga keperluan makanan terutamanya barangan mentah seolah-olah satu kelaziman apabila ia berlaku setiap kali menjelang bulan Ramadan dan perayaan Aidilfitri sehingga membebankan peniaga.
(1/3) https://t.co/ADPGl0xnfZ",Kuala Lumpur City
2023-03-29 09:26:07+00:00,1.64101E+18,alhaziqqqq,Memandangkan harga makanan kat bazaar dah naik kawkaw jadi kita makan kat kedai jelah lagi murah dan jimat 😮‍💨,Kuala Lumpur
2023-03-29 09:26:07+00:00,1.64101E+18,alhaziqqqq,Memandangkan harga makanan kat bazaar dah naik kawkaw jadi kita makan kat kedai jelah lagi murah dan jimat 😮‍💨,Kuala Lumpur
2023-03-30 17:45:00+00:00,1.6415E+18,relevan_com_my,"Kekurangan bahan asas jagung dalam pembuatan makanan haiwan ternakan telah memberi impak kepada kenaikan harga ayam dan daging pada ketika ini yang mana perkara itu dirasai seluruh dunia.

https://t.co/SU5nxEegRa",Petaling Jaya
2023-03-30 17:45:00+00:00,1.6415E+18,relevan_com_my,"Kekurangan bahan asas jagung dalam pembuatan makanan haiwan ternakan telah memberi impak kepada kenaikan harga ayam dan daging pada ketika ini yang mana perkara itu dirasai seluruh dunia.

https://t.co/SU5nxEegRa",Petaling Jaya
