Datetime,ID,Username,Text,Location
2022-03-23 03:11:00+00:00,1.50647E+18,tokmathamzah,"Di Dewan Negara menjawab soalan Datuk Haji Bashir bin Haji Alias minta @mafimalaysia menyatakan apakah mekanisme bagi mengatasi masalah rantaian bekalan makanan ke Labuan yang mengakibatkan kekurangan bekalan makanan dan kenaikan mendadak harga barangan.
https://t.co/SVQdTuvL3o",
2022-03-23 03:11:00+00:00,1.50647E+18,tokmathamzah,"Di Dewan Negara menjawab soalan Datuk Haji Bashir bin Haji Alias minta @mafimalaysia menyatakan apakah mekanisme bagi mengatasi masalah rantaian bekalan makanan ke Labuan yang mengakibatkan kekurangan bekalan makanan dan kenaikan mendadak harga barangan.
https://t.co/SVQdTuvL3o",
2022-03-23 03:11:00+00:00,1.50647E+18,tokmathamzah,"Di Dewan Negara menjawab soalan Datuk Haji Bashir bin Haji Alias minta @mafimalaysia menyatakan apakah mekanisme bagi mengatasi masalah rantaian bekalan makanan ke Labuan yang mengakibatkan kekurangan bekalan makanan dan kenaikan mendadak harga barangan.
https://t.co/SVQdTuvL3o",
2022-03-23 03:11:00+00:00,1.50647E+18,tokmathamzah,"Di Dewan Negara menjawab soalan Datuk Haji Bashir bin Haji Alias minta @mafimalaysia menyatakan apakah mekanisme bagi mengatasi masalah rantaian bekalan makanan ke Labuan yang mengakibatkan kekurangan bekalan makanan dan kenaikan mendadak harga barangan.
https://t.co/SVQdTuvL3o",
2022-06-11 10:53:09+00:00,1.53558E+18,myDOA_HQ,"Langkah tangani kekurangan bekalan makanan - MAFI

#myDOA#MAHA2022#SekuritiMakanan#KeselamatanMakanan https://t.co/TBcymV5jkJ",Putrajaya Federal Territory
2022-06-11 10:53:09+00:00,1.53558E+18,myDOA_HQ,"Langkah tangani kekurangan bekalan makanan - MAFI

#myDOA#MAHA2022#SekuritiMakanan#KeselamatanMakanan https://t.co/TBcymV5jkJ",Putrajaya Federal Territory
2022-06-11 10:53:09+00:00,1.53558E+18,myDOA_HQ,"Langkah tangani kekurangan bekalan makanan - MAFI

#myDOA#MAHA2022#SekuritiMakanan#KeselamatanMakanan https://t.co/TBcymV5jkJ",Putrajaya Federal Territory
2022-08-16 03:32:26+00:00,1.55938E+18,amar_amk9757,Masalah kekurangan bekalan makanan asas yang diimport menyedarkan ramai pihak tentang betapa pentingnya kita mengurangkan kebergantungan kepada import dan mengangkat industri tempatan. https://t.co/SoLVLfWLfH,"Perlis, Malaysia"
2023-03-02 05:12:14+00:00,1.63116E+18,ProudOrangAsli,Saya difahamkan bahawa tiada lagi agensi2 kerajaan yang turun membantu penduduk kampung. Mereka sekarang kekurangan bekalan makanan! @DrZahidHamidi @jakoamalaysia @niknazmi @anwaribrahim https://t.co/P6VkoV1omv,
2023-03-02 05:12:14+00:00,1.63116E+18,ProudOrangAsli,Saya difahamkan bahawa tiada lagi agensi2 kerajaan yang turun membantu penduduk kampung. Mereka sekarang kekurangan bekalan makanan! @DrZahidHamidi @jakoamalaysia @niknazmi @anwaribrahim https://t.co/P6VkoV1omv,
2023-03-02 05:12:14+00:00,1.63116E+18,ProudOrangAsli,Saya difahamkan bahawa tiada lagi agensi2 kerajaan yang turun membantu penduduk kampung. Mereka sekarang kekurangan bekalan makanan! @DrZahidHamidi @jakoamalaysia @niknazmi @anwaribrahim https://t.co/P6VkoV1omv,
2023-03-02 05:12:14+00:00,1.63116E+18,ProudOrangAsli,Saya difahamkan bahawa tiada lagi agensi2 kerajaan yang turun membantu penduduk kampung. Mereka sekarang kekurangan bekalan makanan! @DrZahidHamidi @jakoamalaysia @niknazmi @anwaribrahim https://t.co/P6VkoV1omv,
2023-03-02 17:34:55+00:00,1.63135E+18,naimbinzaini,"Patutlah @rafiziramli ckp serampang dua mata.

Selain dpt atasi kekurangan bekalan makanan, dpt bantu tingkatkan pendapatan golongan B40.

B40 dpt pendapatan tambahan. ✅️
Bekalan makanan dpt ditingkatkan. ✅️

Kill two birds with one stone. Harap² program ni berhasil.",Kuala Lumpur
2023-03-02 17:34:55+00:00,1.63135E+18,naimbinzaini,"Patutlah @rafiziramli ckp serampang dua mata.

Selain dpt atasi kekurangan bekalan makanan, dpt bantu tingkatkan pendapatan golongan B40.

B40 dpt pendapatan tambahan. ✅️
Bekalan makanan dpt ditingkatkan. ✅️

Kill two birds with one stone. Harap² program ni berhasil.",Kuala Lumpur
2023-03-14 04:51:03+00:00,1.6355E+18,jaksrmd,Usaha2 untuk memastikan Negara tidak menghadapi masalah kekurangan bekalan makanan hasil pertanian di masa mendatang. https://t.co/G6iSfm9TMt,Selangor
2023-03-14 04:51:03+00:00,1.6355E+18,jaksrmd,Usaha2 untuk memastikan Negara tidak menghadapi masalah kekurangan bekalan makanan hasil pertanian di masa mendatang. https://t.co/G6iSfm9TMt,Selangor
2023-03-14 04:51:03+00:00,1.6355E+18,jaksrmd,Usaha2 untuk memastikan Negara tidak menghadapi masalah kekurangan bekalan makanan hasil pertanian di masa mendatang. https://t.co/G6iSfm9TMt,Selangor
2023-03-14 04:51:03+00:00,1.6355E+18,jaksrmd,Usaha2 untuk memastikan Negara tidak menghadapi masalah kekurangan bekalan makanan hasil pertanian di masa mendatang. https://t.co/G6iSfm9TMt,Selangor
