Datetime,ID,Username,Text,Location
2023-03-28 15:16:01+00:00,1640734495614590985,raihanatrmn,"Sebelum ni yakin je declare lhdn, dpt balik semua pcb tu. This year dah kena bayar tax. Bkn sikit² pulak tu kena byr. Ikat perut kejap la raya ni 🥲",Petaling Jaya
2023-03-28 02:06:25+00:00,1640535784230117376,msianinsight,"Peniaga terpaksa naikkan harga, rakyat berhati-hati belanja dan ikat perut https://t.co/kDDrTlWGva",Kuala Lumpur City
2023-03-13 15:48:48+00:00,1635306925582860293,Mohdfaiz13,@XavierNaxa Zaman tu kumpul duit sampai ikat perut nak beli iPhone 4 je 😉,"Shah Alam, Selangor"
2023-03-04 05:29:45+00:00,1631889647017271296,aiamir_,"@AnyssRosicky Betoi sis. Sanggup ikat perut, curi curi bernafas sebab nak saving duit bayaq.",ֆօʍɛաɦɛʀɛ օռʟʏ աɛ ӄռօա
2023-03-03 14:26:42+00:00,1631662388742361088,nrdeanna,"Allahu, kenapa wujud manusia macam ni. Dia tahu tak kat luar tuh ramai ikat perut. Dia tak rasa beli beras sekilo untuk tahan 1 bulan.","Kuala Lumpur, Wilayah Persekut"
2023-03-03 05:50:37+00:00,1631532509942153217,lewanjxhnski,"@FaktaBukanAuta sial lah, aku yg ikat perut ni makan maggie je kekadang. Dapat menu rahmah time waktu lunch kt tempat kerja pun dh bersyukur.",Witchcraft School of Hogwarts
2023-02-27 08:12:50+00:00,1630118748173787136,kholeed94,"Tadi sy ke JPJ BANGI nk renew lesen, service down. Pastu sy ke pos office, sekali x leh renew sb ade saman. Xleh bantu rakyat ke? Ekonomi tgh teruk nk makan pun ikat perut @anthonyloke",Kuala Lumpur City
2023-02-26 11:37:07+00:00,1629807772408897542,aweiliwei,@ivor_xianz I know some uni students they really ikat perut on their daily meal to save money.,"Kuala Krai, Kelantan"
2023-02-23 08:07:17+00:00,1628667800901554177,macs_aswad,"Tak perlu rasa bersalah, just hormat Diroang and balas jasa baik. Tanggungjawab mak ayah, rasa Bersalah perlu Tapi Jangan sampai ikat perut separuh mati, Itu bodoh orang panggil. Buang la mindset Bila guna duit mak ayah Kita rasa useless. Lain la Kalau dah kerja",
2023-02-21 15:05:17+00:00,1628048219572957186,MFirdausIqbal,Oh aku automatic ikat perut lah ya? Sebab makan nasi kuah tomyam dengan ayam goreng je dulu 😭,"Primorsk, Erangel"
2023-02-21 14:05:17+00:00,1628033120183410688,yosheema,"Bersyukur sangat sbb masa zaman I belajar for both diploma and degree, tak pernah sampai kena ikat perut bagai. I was comfortable.",Tragic Kingdom
2023-02-14 01:59:45+00:00,1625313818791510016,aziznorzali_pg,"Fakta 1 - Kisah nabi miskin sampai berpuasa (ikat perut) memang betul. Tapi bukan seluruh kehidupan Nabi begitu kerana Nabi SAW 'ikat perut' tu cuma zaman awal hijrah sahaja.

Malah sebelum Nabi SAW diangkat menjadi Rasul sendiri beliau adalah jutawan.",Malaysia
2023-02-14 01:59:45+00:00,1625313816157511681,aziznorzali_pg,"Menjadi kaya sering dikatakan tidak selari dengan dengan cara hidup Nabi. Fakta ini selalu disebut-sebutkan:

1. 'Nabi miskin sampai ikat perut'

2. ""Nabi ingatkan sahabat jangan terleka dengan dunia"".

Betul ke fakta ini? Baca thread ini sampai habis 🧵",Malaysia
2023-02-03 03:27:12+00:00,1621349558289829890,ShafiqTRULLY,Dok bayaq itu ini sekali ada satu terlepas... Terus lari bajet... Jenuh ikat perut lagi sampai nak tunggu gaji... Adehhh...,PENANG
2023-01-30 12:14:41+00:00,1620032753826955264,nik_hazry,@ajaibngengsot Takpe..beli mne yg ok..jgn lebih sgt kt kete smpi ikat perut nk byr kete...hahaha..lg cntik ada duit lebih utk enjoy2,
2023-01-19 06:54:05+00:00,1615965803056365570,yeolahv,"Kalau dia hidup sorang pun sampai kena ikat perut, bahaya woo",Malaysia
2023-01-09 11:56:09+00:00,1612417943081750530,hisyfx,Aku nie cukup2 makan je. Ada duit lebih sikit je nk simpan. Dpt bagi kat family sikit oke la. Aku ikat perut sikit pun Takpe. Nk settle mana patut je bukan Payah mana pun,KUL-JHR
2023-01-06 14:51:51+00:00,1611374993769902085,ujstephen,Dah kena belajar ikat perut balik lepas ni ☺️,"47130, MY"
2022-12-27 18:10:23+00:00,1607801080246865920,_Fjayyy,Waktu budak2 dulu selalu lepak cc kt kajang deret kedai czip lee tu. Sanggup ikat perut nak lepak cc main ni 😂,"Kajang, Selangor"
2022-12-26 14:02:47+00:00,1607376381041872897,_alissyaibrhm,Tp cem biasalah mak kita asyik2 bandingkan kita dengan cousin2 yg lain mampu beli kereta cantik2. And kita pulak pakai kereta buruk2. Nak tengok anak dia ikat perut ke tiap bulan? 🥹🥹😭,Malaysia
2022-12-25 23:30:54+00:00,1607156962738982912,azfar_yusof,@StiltskinMan @chedetofficial Tun M suruh ikat perut terus.. 🤡 https://t.co/42KqjXYTAV,kuala lumpur
2022-12-18 08:00:04+00:00,1604385996312698882,latabayu,"Bukan PN takut..yg takutnya org BN. Kena ikat baru selesa demi perut sendiri, gadai prinsip. Btw dato' tak  pernah menang dlm semua PRU..ada rahsia x","Melawati, KL"
2022-12-18 04:53:13+00:00,1604338976562638850,farra_frank,Dah seminggu tak kerja. Ikat perut la dis month ya farah.,"Petaling, Selangor"
2022-12-16 07:00:49+00:00,1603646309499826176,yeolahv,Awal-awal dah cari partner high maintenance tapi nak harapkan dia ikat perut dengan kau one day susah juga,Malaysia
2022-12-14 13:14:54+00:00,1603015676834512896,rizree87,"1 kali tengok macam menarik...
2 kali tengok terus terbeli.. offer puyer pasal.. Nice giler PLATE CRISTAL by NACHTMANN ini.. 😍😍  Ikat perut lah mcm ini hahaha... 🤭 🤭 https://t.co/eMQVk8RDk6","Kuala Lumpur, Wilayah Persekut"
2022-12-13 09:55:41+00:00,1602603155573047296,Badmintonfans__,"Sanggup ikat perut nak beli ni. Macam manalah boleh percaya produk gini 🤣
Dah graduate dah pun. In the end, semua atas usaha sendiri. Xperlu ubat2 ni🙃",Malaysia
2022-12-12 08:47:01+00:00,1602223487220912128,kiddiepax,"If there's one thing you need to know about me, i can buy gold suddenly without reason. I can ikat perut, berkira on all the other things but for gold, i can suddenly just put aside some budget. Haha.",
2022-12-11 11:16:30+00:00,1601898717531246592,rizree87,@HlmiHnfi Yasszaa ikat perut dgn masakan katanya..,"Kuala Lumpur, Wilayah Persekut"
2022-12-09 06:25:12+00:00,1601100632941002752,Nurinayo,"Someone: nurin ni concert dia ada duit makan pun dia ada duit. Dia stabil. Mana dia dpt duit pun tak tahu.

NYAHHHHHH AKU PUN IKAT PERUT KUMPUL 🤡","Kuala Lumpur, Wilayah Persekut"
2022-12-08 09:15:15+00:00,1600781038183411712,mailmokhtar,"G mampus laa org nak ckp apa pon, org xtahu apa aku hadap. Elehh nak promote palapes la tu, tapi klau benda tu bole bagi kau duit kau xkena ikat perut why not kau join? Kurang2 xpyah nak tweet mention kau kena ikat perut mat.",Malaysia
2022-12-07 05:41:14+00:00,1600364790584860674,miuju,@jimachia Ikat perut pon belum tentu boleh beli hahahha 😭,
2022-12-06 08:56:05+00:00,1600051442169135104,EhhhFaraa,Loan rumah naik lagi dalam masa xsampai sebulan. Kene ikat perut la ni,ᗩᗰᑭᗩᑎG 
2022-12-06 04:31:55+00:00,1599984958990610433,beryls_,"Lepas settle balik Kelate nanti, dah boleh start ikat perut 👍🏼 Tak boleh nak makan sedap as always, wayang semua no no okieshhhhhh...",Kuala Lumpur Federal Territory
2022-12-03 00:30:24+00:00,1598837015654825984,purpinkledays,Tak pernah susah masa belajar ade byk kemudahan mak ayah sediakan..tak pernah rasa ikat perut..moga ALLAH kurniakan syurga tanpa hisab utk mak ayah yg bkorban utk keselesaan ank ank..moga ALLAH beri kesempatan yg lebih lama utk mbalas budi kedua2 nya aminn yra❤️,"rivervale,perth wa"
2022-12-02 07:58:15+00:00,1598587336237121537,yudaareni,@jules12anne Paling ingat terpaksa ikat perut makan nasi dengan kuah jak sebab duit habis beli barang main 🥲,Putrajaya
2022-12-01 04:38:45+00:00,1598174739331428352,annarosemy,Kena ikat perut kejap 😪,Kenya
2022-11-29 01:43:30+00:00,1597405860489486336,mosyukiborhan,Selamat pagi. Gaji lagi 2 hari. Bayaran kerja seni masih ditahan DBP. Kita ikat perut hari ini.,KL / Tangkak / Solo 
2022-11-22 15:17:50+00:00,1595074078519726080,muharanauri,Pulihkan segera ekonomi negara. Ramai orang yang ikat perut dan tak lena tidur memikirkan kesempitan hidup yang makin menjerut.,"Irbid,Jordan"
2022-11-16 11:37:24+00:00,1592844277461417990,cikmiya91,"Dah boleh mula ikat perut ye emyra, n turn on grab hari hari kalau larat. Usaha okkay duit xkn datang bergolek sbb duit xde kaki. ✨🤲",kuala lumpur
2022-11-14 00:15:35+00:00,1591947919153938432,wanazlianaadnan,Realiti RAMAI WANITA &amp; KANAK-KANAK TERPAKSA IKAT PERUT kerana menunggu kes tuntutan nafkah di Mahkamah berbulan bertahun tak selesai. Harus beri jalan fast track untuk pastikan AYAH membayar nafkah anak dan isteri.,Malaysia
2022-11-12 16:12:38+00:00,1591463991863541761,kak_ngah82,"@CT_Voter @watieysoong @AwangNgahx Tu la kesian..Ada yg pkai duit kwsp, ada yg ikat perut waktu lunch nk kumpul duit dtg dr jauh book flight hotel lagi…sedih sgat..",Malaysia
2022-11-11 16:39:32+00:00,1591108376423182337,pikashimiyuki,"Ikat perut la bulan ni, no enjoy2 jalan2 for tis month 🫢🫠 https://t.co/3aOyFuHoh4",
2022-11-09 17:16:08+00:00,1590392807415754753,iKinnnS,"Manfaatkan elaun makan sehari rm10. Kalau boleh kurang dari rm10 belanja lagi bagus. Tapi tulah, beria ikat perut. Hujung minggu habis main badminton lepak mamak, paling mahal mekdi. Haha 🥹",Someone leg
2022-11-09 09:58:40+00:00,1590282716339392514,ns_mimy,Wearing pants thats tight in the tummy suppresses my appetite better than any food alternatives. “Ikat perut” is really living up to its name.,"Leeds, England"
2022-11-07 07:27:16+00:00,1589519841035423745,Dea12191655,"@RashidahAbdull8 @SyedSaddiq Pilihan ditangan sendiri. Tak ada paksaankan? Kalau rasa perlu, ambil. kalau x perlu, blh je remain situ. TU UNTUK YG PUNYA PILIHAN. tp yg mmg nak mkn pun ikat perut, KWSP mungkin sumber paling penting untuk dorang. X mkn hari ni, idup lg ke kita utk amik duit persaraan esk2? 🤣",
2022-11-07 07:14:19+00:00,1589516580605812736,AzwanAlii,"@zainihussain454 Betul awak. Sama juga dengan zaman skrg, tak logik RM8 untuk makan sehari. Kesian kt budak2 tu nanti kena ikat perut makan siang atau malam 🥺",Pokemon Centre
2022-11-04 01:51:17+00:00,1588348123944210434,_Yummy1,maaf lepas ni mungkin saya tak dpt nk tolong dh. Saya pun bukan gaji besar hidup mewah. kadang2 ikat perut juga. asalkn ada saving utk emergency. Saya mohon lepas ni jgn cari saya.,Ampang
2022-10-30 07:28:12+00:00,1586620972022394880,edenweill,"""saya senang selepas isi minyak rm5""
""selepas isi minyak yang diberi oleh parti be end saya tak ikat perut lagi""",Malaysia
2022-10-30 03:45:33+00:00,1586564939288031233,yeolahv,@aswaliaaa I tahu benda ni sebab pernah baca banyak article on it. They all FOMO sampai tahap menipu &amp; sanggup ikat perut for designer stuffs. Sedih gak,Malaysia
2022-10-26 10:06:16+00:00,1585211201256292353,Amirulfaix,"Belanjakan je apa nak beli tapi ukur baju badan sendiri. Nak simpan boleh tapi jangan smpai ikat perut. Yang penting utamakan ibu bapa, adik beradik.
Klau ada pasangan sah, utamakan depa dulu",
2022-10-21 10:38:01+00:00,1583407251930640390,BENucche,"@RashidYusoff11 @anwaribrahim Eh, lebih baik padia hang ni? Aset duk juai sana juai sini, bagi 30ringek, suruh ikat perut, PTPTN x hapus, Tol x hapus..AES tambah lagi ada lah..yg mana 1 ni hang habaq lebih baik? Takut kami terlepas pandang 🙄🙏🏻",Kuala Lumpur
2022-10-18 10:43:55+00:00,1582321571712335872,ruzainiraub,Awalnyeee gaji bulan ni. Ikat perut nak tahan sampai bulan depan🥹,Shah Alam
2022-10-16 05:31:33+00:00,1581518188080091137,peanutbahrin95,Hati aku dah mati nak ambil tahu pasal keluarga. Buat kita ni tiada apa2. Padahal balik kampung tiap bulan. Nak salahkan kita. Semua hasil gaji aku ikat perut aku sanggup beli apa yang patut. Bila begini update status Whatsapp story ibarat kita anak abaikan keluarga. Takpe lah.,"Fictionland, Cybernation"
2022-10-10 11:56:54+00:00,1579440833795084289,safwanmajid,alamak kena ikat perut la saya beberapa minggu ni elaun lantikan politik saya da bubar- mmber saya pegawai khas menteri dolu2,"İstanbul, Türkiye"
2022-10-05 13:59:13+00:00,1577659679710191617,xatullee,Apak diaaa knpa semua benda nk bulan nii pokaii siotttt bulan nii aaahhhh tp lantakkk laa kann kita ikat perut je lah lepas ni 😫😫,"Muo → Klang Valley, MY"
2022-10-05 06:12:12+00:00,1577542151030050817,equeen_esmae,"Dengki nak mampos . Asal tengok orang lawa je kau cakap cucuk . Kalau ye pon, biar lah, dia berduit . Kau takda duit, kau diam jela . Tah² dia struggle diet ikat perut sebab nak kurus . Sedap kau je cakap orang . Pi kikis muka kau dengan kertas pasir tu dulu nonok","Kuala Terengganu, Terengganu"
2022-10-03 08:40:00+00:00,1576854567244877825,equeen_esmae,Ada lagi bucket list aku yang belum dapat . Tolong lah nakkk . Ikat perut sis . Cuz money returns . Time not sis . Demi YOLO 🤣😆 but i live twice .,"Kuala Terengganu, Terengganu"
2022-10-03 07:08:00+00:00,1576831417912545280,sherina_kamal,"Tip elak ikat perut setiap bulan 👍🏽

https://t.co/P0aIfZ6HgP https://t.co/CReIQeXkuZ","Selangor, Malaysia"
2022-10-03 00:41:12+00:00,1576734076085882880,Amninabilahx,1 week left before I need to go back to campus. so kena makan banyak2 nanti kat sana dah kena ikat perut,22
2022-09-29 12:59:52+00:00,1575470413353996289,Aida_kim,"Walaupon ade family belah abah, tapi kami x rasa dorg ada. Sebab xpernah datang jenguk walaupon hanyalah sejengkal. Mama selalu pesan kita usaha sendiri jgn nk harapkn org. So mmg kami 3 beradik( sblm adm lahir) dh terbiasa susah, ikat perut apa semua",
2022-09-24 08:59:10+00:00,1573597901695385600,Thiban_ben,"Ekonomi tenat, nilai ringgit jatuh, krisis ekonomi bakal melanda, duit pampasan untuk mangsa banjir lepas pun belum selesai lagi kini rakyat terpaksa ikat perut untuk menghadapi monsun. PM @IsmailSabri60 Relax je bawah Pemimpin UMNO lawatan sambil belajar🤗 Hidup Penyu!",Bestari Jaya (Batang Berjuntai
2022-09-14 06:36:21+00:00,1569938081180192769,faizshukur94,"Nak suggest korang kereta below RM500, selalu aku mesti bg tahu customer nak beli kereta ikot kemampuan jangan ikat perut semata bayar hutang . Harga untuk Perodua Axia Gxtra

New Axia 1.0AT Gxtra
Otr price- *RM36,104.55*
7 years- RM475
9 years- RM390
𝑭𝒖𝒍𝒍 𝒍𝒐𝒂𝒏- 𝑹𝑴434 https://t.co/ftndeeLCo0",Kuala Lumpur Federal Territory
2022-09-12 03:11:58+00:00,1569161872804552705,equeen_esmae,Tapi memang betul lah . Aku kira punya kira pon dah 20k hanat . Setahun aku simpan 10k . Kerja makan gaji . Memang aku ikat perut kaw² punya . Walaupun belum ada calon lagi . Tapi simpan jela 😅,"Kuala Terengganu, Terengganu"
2022-09-11 02:30:24+00:00,1568789022465748993,nizxmshxms,"Teringat la you… 

Masa form 4… 
Kau la terpaling ikat perut untuk beli CD Album. 

And CD Itu adalahhh … 
Laskar Cinta. 

Ahhh love!",Kuala Lumpur Federal Territory
2022-09-09 05:16:12+00:00,1568105972337623040,AkeySuhaimi,@ainuraffni Sama lah klong pon. Klong xnk fikir lg. Nnti tgklah tua nnti kua duit kwsp tu bru beli rumah. For now kaklong nak enjoy dlu malas ikat perut.,Bandar Tasik Selatan
2022-09-02 11:51:38+00:00,1565668770764697600,Vandeeta3,"@stationsj070 Yeap it's true bro..easy money but when win PRU janji dicapatikan, rakyat ikat perut #30Hinggit","Semenyih, Selangor"
2022-08-31 10:57:16+00:00,1564930314320785408,bangmaan,"gaji masuk settle hutang2 je, lepastu sambung ikat perut semula 😂",
2022-08-27 18:25:48+00:00,1563593637765689344,hirman74,Hari kena panggil mahkhamah konon sakit perut masuk wad. Hakim² bila puak² umno ni jangan bagi / tarik balik ikat jamin tu. Umno Penderhaka memang tak hormat langsung Kedaulatan Undang² @MYJudiciary,"Salor, Kelantan"
2022-08-25 11:06:12+00:00,1562758233521278981,hafizahmad__,Mahal jugek aj4 ni. Terpaksalah ikat perut bulan depan 🥲. Tu pun kalau dapat la hahahaha,Bumi
2022-08-23 15:19:11+00:00,1562097122463191040,frododastan,"Betul pendapat masing-masing. Tapi terkejut jugak bila dengar ada org kesian dekat najib. Like wtf, this mfk never kesian dekat kau pun. Dia kena bayar 210juta dia dah makan berapa banyak pulak. Kau nak pergi makan meatball kat ikea pun kena ikat perut seminggu.",Malaysia 
2022-08-16 09:10:45+00:00,1559467689567191040,rajeazie,"Td naek canteen,tali kasut terbuka…ak pon ddk nk try ikat…tp 2/3 kali ak cb xboleh2 sbb perut dh besar..Alhamdulillah dtg seorg operator tlg iktkn tali kasut ak…tibe2 dtg rase sebak 🥹..Ya Allah terima kasih atas kehadiran org2 yg baik lam kehidupan ak 🤲🏻","Puchong, Selangor"
2022-08-12 05:17:23+00:00,1557959411574149120,yeolahv,"@antaintiom Kalau I jadi menantu dia pun I makan hati. Kita ikat perut nak bagi cukup, dia boleh berjoli sakan centu je 🫠",Malaysia
2022-08-06 03:38:08+00:00,1555760105102397440,syamimhanz,Ok guys now im officially repurposing my savings to go to swiss. Ok bye ikat perut. No more branded stuffs.,Malaysia
2022-08-04 10:56:51+00:00,1555145735913771009,hssyazlyana,"Taknak fikir sangat bab intern ni, just nak go with the flow je. Tapi bila kira kira, kalau ikat perut pun sehari belanja rm30 dah. Office hour 9-6 tapi kena keluar rumah 730am and balik 730pm sebab kejar bas. Is this all worth it, Ya Allah ? 😔",Malaysia
2022-08-02 16:40:57+00:00,1554507555296010240,sambertenang,"@heyitsmehafiz @najmiedespanik Hobi boleh on off. Main band tinggal lama sikit berkubur. Ikat perut kaw kaw demi satu rilisan lagu. Kena cara, dapat sambutan. Tak kena cara, lagu tu sekadar angin lalu. Punca bandmate tak kekal, ada komitmen anak bini diutamakan. Kecuali anak loaded.",Cyberjaya
2022-08-01 10:47:45+00:00,1554056282801590272,hnhanim,"@mohdkautharr At the minimum, boleh bayar commitment bulan2 + simpan duit bulan2 tanpa ikat perut. At the maximum, ofcourse boleh beli apa2 saja yg kita nak, belanja orang tanpa berkira kira",
2022-07-22 05:06:48+00:00,1550346599573794816,Thiban_ben,"Hello rakyat, tolong ikat perut berjimat cermat. Krisis ekonomi dan hutang negara lebih 1 trillion tapi rakyat harus berjimat. Menteri hidup mewah 🙌🏻",Bestari Jaya (Batang Berjuntai
2022-07-19 00:33:39+00:00,1549190696824815616,_hx_na_,Dah la nak ikat perut. Bye everybody. Boleh dah plan perancangan kurus,"Batu Pahat, Johor"
2022-07-18 11:14:38+00:00,1548989619596718080,yein654,Bulan 8 konsert Anuar Zain. Bulan 9 konsert Dewa 19. Adik aku ajak konsert Billie Eilish pulak dah. Ni tak berebut tiket konsert Siti lagi ni. Mampos ikat perut 3 bulan,"Selangor, Malaysia"
2022-07-15 03:28:16+00:00,1547785088305602560,Manissaniss,Bill oyen takat harini je 625 ya😂😂.i swear to god i akan ikat perut kawkaw,
2022-07-08 18:17:00+00:00,1545472031520526337,ahmimad_,"And my uncle from my mom side is penagih. He tak minta my mom duit but everytime dia dia kena tangkap, my mom kena share money with my nenek untuk jamin dia. My mom kena share duit untuk send the money to prison. While me as a child? Ikat perut. Makan sukat2",
2022-07-04 14:20:22+00:00,1543962930320146432,Mohdfaiz13,"@SyafiqAbum @razlanrafii Pasal ada inflasi la kene tarik subsidi sebab kuasa membeli makin ramai sebab harga barang naik sikit pun masih ramai yg mampu beli. Time kerajaan lepas berlaku kemelesetan ekonomi, ramai yg hilang pekerjaan sebelum pkp. Pastu suruh ikat perut bantu kerajaan, USD 1 pun masih RM4.","Shah Alam, Selangor"
2022-07-04 01:15:56+00:00,1543765520985780224,JamalThaRebel,"@hanzsolobsp marahnya. kenapa Melayu misken suka marah-marah ni. dah sarapan belom, ke kena ikat perut sebab family ko takde duit🤣🤣","Mont Kiara, KL"
2022-07-01 16:40:51+00:00,1542911118632296448,FatinKhalil,"Syukur atas rezeki yg tak putus putus. Hujung bulan boleh makan sedap. Awal bulan lg laa. Tgh bulan yg ramai ikat perut pun still boleh makan sedap2. Hurm, for everything happen. Allah still bersama aku ngn kamil 🥺",Kuala Lumpur.
2022-06-27 11:01:57+00:00,1541376280381124608,frifhan,@JesikaMin Ya allah tin. Aku rasa aku nak ikat reben hadiah kat perut dia,kuala lumpur
2022-06-23 12:31:27+00:00,1539949252075753473,komunitisaham,"Antara dua darjat. 

Satu kena ikat perut, satu lagi dapat tambahan elaun sehingga RM 480 k 

Hok ni agaknye mat saleh dok kate “The rich get richer &amp; the poor get poorer” https://t.co/rvlVExxme5",Malaysia 🇲🇾
2022-06-22 23:54:25+00:00,1539758738957291520,yaakub_abu,"@bawangmana Ikat perut, Pakai barut tak nampak buncit https://t.co/w7g87Ke6qc",
2022-06-22 14:51:58+00:00,1539622228559400960,Mohdfaiz13,@RasidAbuBakar Asalkan tak disuruh ikat perut bantu kerajaan.,"Shah Alam, Selangor"
2022-06-22 12:09:53+00:00,1539581439746134021,encikzapa,"Ramai tak faham istilah bantuan.
Yang hari ni disebut Bantuan tambahan.
Jadi kalau sebelum ni RM400, nanti akan dapat RM500. Siapa nak bagi? 

Korang nak harap PH? Dia suruh ikat perut je nanti 😅","Kuala Lumpur,Puchong,Putrajaya"
2022-06-22 12:09:44+00:00,1539581399610839040,encikzapa,"@IsmailSabri60 Ramai tak faham istilah bantuan.
Yang hari ni disebut Bantuan tambahan.
Jadi kalau sebelum ni RM400, nanti akan dapat RM500. Siapa nak bagi? 

Korang nak harap PH? Dia suruh ikat perut je nanti 😅","Kuala Lumpur,Puchong,Putrajaya"
2022-06-21 06:16:33+00:00,1539130132740587520,Mohdfaiz13,"@HamdanRukun Dulu kata Melayu malas, pastu suruh ikat perut &amp; jangan dengki kat orang kaya.","Shah Alam, Selangor"
2022-06-20 12:27:22+00:00,1538861063466516481,aidahssn,"Done beli khemah, mari ikat perut💸🫰",Kuala Lumpur/Jakarta
2022-06-20 12:08:18+00:00,1538856263777284096,pinkpistachio96,I need to ikat perut dari makan sedap².  just because of saving money 🥹,"Malaysia, Kuala Lumpur."
2022-06-19 17:47:53+00:00,1538579336177016835,Nis_Ross,Kesian nanti ramai student susah nak dapat access to nutritious food. Sampai sakit. Sebab nya terpaksa ikat perut nak jimat. Terpaksa makan nasi lauk telur seharian bawak ke malam. Tapi tu lah. Tengok ramai pulak yang support.,State Of 9
2022-06-19 02:44:55+00:00,1538352093815136256,Vandeeta3,"@Ayahanda_MD @umnoonline @zlk69 @Alamurni @bossku_team @fikhwanBait @Bossbm17 @hanifhanif88 @hamimahothman4 @1rmf5 @DrZahidHamidi @morasaki12 @romonicastro Kenot brain ""Melayu Pemalas"" ""Rakyat Kena Ikat Perut""  yg paling atas sekali ""Ini Semua Salah Najib""","Semenyih, Selangor"
2022-06-16 03:14:50+00:00,1537272460034207744,Suraya4Aziz,"Budak2 Kelab UMNO dengan menteri ni yg konon prihatin ni takde kerja lain eh?

Hoi! Budak2 Melayu dekat IPTA/IPTS hari2 ikat perut, hutang PTPTN, hidup mengemis kau tak nampak eh?

Serious laaa korang semua ni dah out of touch dgn rakyat marhaen!

Gila!","Petaling Jaya, Selangor"
2022-06-16 00:30:28+00:00,1537231096756068353,srahnst,"Sedih tengok, berapa ramai student uni local bergantung pada ptptn ikat perut makan sehari sekali, tapi yang duduk london siap dapat melancong europe dapat tambah elaun. 

Sesungguhnya kiamat dan akhir zaman itu benar.","Petaling Jaya, Selangor"
2022-06-12 02:18:49+00:00,1535808812304568320,amolnisrino,kereta dah start kena parking atas ni bermula lah ikat perut.,KL || MANJUNG ⚒
2022-06-08 07:56:05+00:00,1534444138103308288,RameshRaoAKS,"Thai dan vietnam (pengeluar ke-2 &amp; ke-3 terbesar beras dunia) pun tgh berbincang kemungkinan naik harga beras

Pork di thai pon naik 19% berbanding tahun lepas, sardin tin naik 12% 

Tuan-tuan, zaman Pakatan Harapan  rakyat pulak disuruh ikat perut ,","Bandar Kuala Lumpur, Wilayah P"
2022-06-08 02:23:44+00:00,1534360500091379714,mluthfiramli,"@OkinaFitto Tu lah. Budak2 muda skrg ni semuanya underpaid. Gaji bawah 2k, nak buat credit card pun payah, nak buat installment beli motor lagi payah. 

Kdg ada yg terpaksa ikat perut semata utk keperluan penting.","Ampang, Wilayah Persekutuan Ku"
2022-05-12 14:15:59+00:00,1524755267791261698,azziqaziz,Hahahaha kurangkan gula ya dan perlu ikat perut tibeh #DebatPerdana,"Selangor, Malaysia"
2022-05-11 23:48:13+00:00,1524536890611073024,muhdfirzuan,"kdg2 org yg buat 2/3 kerja ikat perut tu tah2 dorg tu calon pun belum ada, 

tapi dorg terpaksa buat sebab kalau mengharapkan 1 sumber pendapatan je memang tak cukup la, bukan semua org starting2 kerja gaji Rm5-10k/monthly",kuala lumpur (city life)
2022-05-09 14:29:24+00:00,1523671484291776513,mhmmdmrl_,Bulan ni dah overspend. Kena start ikat perut😮‍💨,"Malacca, Malaysia"
2022-05-08 00:13:03+00:00,1523093587310694401,MohdShubhi,"Selisih dgn jiran tadi

S: Tak balik Terengganu ke?
J: Balik!
S: Jem tak?
J: Tak jem, tak raya la!

Betul juga apa yg dia kata tu. Semua cabaran yg ada itu serlahkan lagi suasana hari perayaan.
Barulah terasa kemeriahannya.

Happy ikat perut semua!","Petaling, Selangor"
2022-04-23 07:59:21+00:00,1517775115484016641,xnurulhudax,Awal bulan duit dah banyak habis ke kereta time hujung bulan ikat perut la barang raya apa pon tak beli lagi 😂😂,Taiping
2022-04-10 07:46:46+00:00,1513060907554725891,Haswani_Azizi,Next month RM400 sebulan. Bersiap sediaaa laaa lepas ni. Ikat perut.,"Kulim, Kedah"
2022-04-05 15:59:53+00:00,1511373064327421961,kiddiepax,B4 category pun tak layak nak dapat apape bantuan. Padahal ikat perut jugak. Bayar cukai sama je macam orang lain. Hmm...,
2022-04-03 21:16:40+00:00,1510728011771162625,AzahaZu,"@BennStyles Bukan not bad, very bad utk marhaen mcm sy ni😭😭😭ikat perut la jawabnyr",Kuala Lumpur
2022-03-28 08:37:07+00:00,1508362537267773440,realyuyun,"Alhamdulillah settle loan kereta. Masa untuk ikat perut semula 🤣 Bye gaji bulan ni hahahah, twas a short meet up with you 🥲💸 https://t.co/NKYDQGqJmN","Setul, Negeri Sembilan"
2022-03-27 08:31:30+00:00,1507998736685088773,lizasabarina,"@SimpletonED Naik grab. Saya tak suka bersesak,pening kepala. Cuma kena jimat,ikat perut sikit. Itu saya. Org lain saya X pasti. * X boleh berpanas, berpeluh. Mudah pening.","Ulu Langat, Selangor"
2022-03-21 03:58:54+00:00,1505755806415097856,xnx_xhmxd,"@Soulzeshifter @VampurrN @Azfarovski And the guys, pakai la kain pelikat masam bawah perut yg buncit, terburai la ikat pun ala kadar 🤪",shah alam
2022-03-20 10:21:00+00:00,1505489577301413889,queeeeendaisy,biar la aku ikat perut jangan miko dengan oyen meow meow meow,
2022-03-16 12:46:12+00:00,1504076565722050564,FAliaHMS,"Jangan keluarkan, jika boleh. Biar ikat perut sekarang utk keselesaan masa depan. That's just me la, korang nak keluarkan juga, buat.",Kuala Lumpur City
2022-02-22 02:47:03+00:00,1495953250356719616,rashdanmarzuki,@cencarubakar @aimiafrina_ Tak nak la nanti kau tweet sendu setiap hari sebab ikat perut nak bayar kereta,"Johore, Malaysia"
2022-02-16 12:27:34+00:00,1493925015158345728,wahab388,@saifulv39 Ikat perut la jawabnya rakyat Johor.😂😂😂,Petaling Jaya and Penang
2022-02-12 04:19:26+00:00,1492352623344717826,tedadnan,"Sabtu 12hb Februari 2022.

#Alhamdullilah, job event #video  sudah mula masuk setelah sekian lama ""ikat perut"" angkara  #COVID19 dari negara #CCP yang durjana ini.

Semoga tiada lagik ""lockdown"" #PKP, amek-lah booster shot semua saudara &amp; saudari. https://t.co/7w5NIW8iAE","Kuala Lumpur, Malaysia. "
2022-02-07 12:04:52+00:00,1490657811843678214,dreyse_kim,I mean ikat perut dari makan luar. 😌,KUL || SBN ✈️
2022-02-07 11:59:08+00:00,1490656369061810179,dreyse_kim,Bulan ni kena ikat perut sikit lah sebab kena bayar depo untuk jubah convo. Convo punya pasal saya sanggop. 🥲,KUL || SBN ✈️
2023-03-29 05:12:52+00:00,1640945094097506304,drzul_albakri,Saya tidak mahu ada mahasiwa yang mengikat perut sepanjang Ramadhan ini. Semoga anak-anak mahasiswa dapat manfaatkan Ramadhan untuk menggandakan ibadah dan mengulangkaji pelajaran. [4/4],Putrajaya
