Datetime,ID,Username,Text,Location
2023-02-14 12:31:41+00:00,1625472848663027713,BorneoBah,"Just do what you have to to my dear PM. Do this now rather then later. Ikat perut kah apa, we need to go through some bumps along the way.","North Borneo, Malaysia. Earth."
2022-12-04 15:10:20+00:00,1599420846334185473,hvymin,"Jarang la makan sedap , kami banyak ikat perut 😂 sekali sekala @vnnbow_ . Tpi nais ah mkn sini . Hrga pun nais gak 🤣 https://t.co/ebeZUMBFIi","Kota Kinabalu, Sabah"
2022-07-19 21:33:37+00:00,1549507777898303488,PiaPinah_MH,"Menteri naik gaji...rakyat ikat perut...kalau hari hari macam ni kan, letih la sial..... begini ape bende hanat....haosailiou hongco saula co mianggo shiau wa cou cibai aaaa
#cp","Kota Kinabalu, Sabah"
2022-06-26 01:18:25+00:00,1540867042374733824,DumanGonsu,"Marilah ikut saya belajar ikat perut,caranya beli tali rapiah di kedai dan teruskan ikat perut. https://t.co/ijn6ilQky8","Sabah, Malaysia"
2022-05-11 00:40:47+00:00,1524187731718381569,IganatiaEbi,"@traxxfmofficial @elsDines @alvinsinclair I was in ROTU which is actually a curriculum during uni, &amp; since I earned money I considered it as a job. And I purposely join that because of the allowance. Besides, uni students are meant to be broke, eating maggi &amp; ‘ikat perut’ is all part of the experience",Malaysia
2022-03-30 06:52:00+00:00,1509060858608951299,GhazaliResab,Ada pelajar wanita  dari Kelantan dapat pinjaman PTPTN boleh belanja &amp; hantar balik ke kampung bantu ibu bapa dia yg menoreh getah Dibimbangi mahasiswa dapat pinjaman PTPTN &amp; Biasiswa beli hp canggih beribu beli motor merempit dan beli barang yg x perlu lepas itu makan ikat perut,
