Datetime,ID,Username,Text,Location
2023-03-19 10:29:03+00:00,1637400784307621889,HlmiHnfi,"Ye, lepas vacation baru menyesal ikat perut 😂","Perlis, Malaysia"
2022-12-16 19:12:29+00:00,1603830441831567360,nick_amirrul,"@lady_bugg11 Yela daripada terbiar cmtu baik penuhkan dgn program agama. Dah la baru renovate RM30j, sampai hati kau din pagoh bazir duit sebanyak tu ikut selera kau dikala rakyat tengah susah, ada yg xmakan, student ikat perut, zalim memang zalim. Kau jawab la dekat akhirat nanti","Kuala Terengganu, Terengganu"
2022-12-15 18:32:41+00:00,1603458038551416832,nick_amirrul,"@macanhitam @lady_bugg11 Setuju! Attack kaw2 biar sampai kena banned.

Giler RM100k. Rakyat kais pagi makan pagi ada tu sampai tak makan, student sampai ikat perut, dapat kat puak2 ni tabur RM100k mcm tabur dedak babi je","Kuala Terengganu, Terengganu"
2022-12-14 06:09:16+00:00,1602908561092542464,hulianameseztor,Tengok orang renovate rumah rasa seronoknyaaaa ..iuolss kena ikat perut ahh gini,Malaysia
