Datetime,ID,Username,Text,Location
2022-06-23 05:01:07+00:00,1539835924225220608,d_banggol,@DenciShahrizal Semua subsidi ditarik. Rakyat ikat perut. Takpe nanti kita kaji bantuan UTK B40 katanya...yg golongan lain mcm mana....,
2022-06-20 23:34:29+00:00,1539028946502635521,solehkyo,Semoga semua yg pernah rasa ikat perut untuk makan dimurahkan rezeki pada masa akan datang,"Perak, Malaysia"
2022-06-07 03:22:03+00:00,1534012784878374913,api_alat,"Ikan keli, goreng berlada.
Enak dimakan, lemak belut. 
Gaya membeli, orang berada.
Tengah bulan, ikat perut.",
