Datetime,ID,Username,Text,Location
2023-02-21 11:40:52+00:00,1627996773158625285,ismadLonggaq,"Nasib baik dulu ada tok keramat, tapi sampai sekarang ikat perut tak makan sayur🫠",dalam peti ais
2023-01-26 14:09:02+00:00,1618611976703447040,farahnaabilah,"Lepas kira2 baru tau komitmen bulanan 2k. Lepas tu ada org sruh beli rumah, pastu ambik medical takaful hibah? Ikat perut lah der mcm tu hahahaha. So nak kena fully cut dekat minyak kereta and makan, jimat bnyak lagi",Malaysia
2023-01-10 14:58:47+00:00,1612826291530764289,wantogey,"Setelah membayar segala komitmen, kena ikat perut sikit. Tapi saya bukan sejenis awal bulan enjoy, saving dulu. Ada lebih baru enjoy. Tak macam kawan kawan, awal bulan enjoy tak ingat dunia. Hujung bulan nasi bujang share dua orang 😂",Penang
2022-11-10 03:48:58+00:00,1590552068095619075,mohd_famy,@janji_bahagia @KitaPalaBataih @SukmawatiIsmail @lady_bugg11 Kalau tun babai la...semua kena ikat perut ...,Penang
2022-10-04 03:19:48+00:00,1577136378051457032,safwanashadi,"Kalau orang tahu orang takkan cakap macam tu ☺️ 

Ikat perut demi kebahagiaan orang.","Kedah, Malaysia"
2022-09-07 09:01:18+00:00,1567437846948216832,_aisar99,Ikat perut la bulan ni,"Liverpool, England"
2022-07-04 08:48:01+00:00,1543879288973275136,farahnaabilah,start ikat perut uhu,Malaysia
2022-06-07 14:49:48+00:00,1534185863222939648,nawawi_nomli,@amirrulashraf_ Ikat perut pkai tali ropeah,
2022-05-12 14:15:33+00:00,1524755161310466048,Zkwxnn,"Anwar: Kalau susah ikat perut. 
Najib: Kalau harga gula naik, kurangkan gula.

#DebatPerdana",Leave Me Alone 🙇🏻‍♂️
2022-04-01 09:54:06+00:00,1509831460722978817,n_sffr,"dugaan betul. sebulan pakai phone spare battery rosak, then bila screen dah okay battery pulak rosak. macam². sudahlah memang tiada duit, sale langsung nda masuk, ikat perut mau makan.. tekanan bagus beli baru tapi duit pun tiada macam mana la ni mau hadap. https://t.co/4GtC9k6TXW",Malaysia
2022-03-29 11:07:14+00:00,1508762704324231168,NurShakilaa,"Kajian kepala otak hampa. Rakyat marhaen ni hujung nyawa ja dok bertahan utk survive. Kami cuma mntk naik min basic ja tu pun beratus kajian nak buat. Hampa gaji beratus ribu takpa lah, semua ada elaun. Kami nak bayaq bil bulan pun smpai ikat perut!",Penang | Kuantan
2022-02-26 20:11:05+00:00,1497665543381590016,wantogey,Hehehe bulan depan nak guna duit lebih sikit hehehehehe banyak benda nak kena tukor hehehehe tinted kereta dah nazak hehehehehe nak ke ganu lagi dua minggu hehehe hujung bulan ikat perut hehehe,Penang
