Datetime,ID,Username,Text,Location
2023-02-21 14:05:17+00:00,1628033120183410688,yosheema,"Bersyukur sangat sbb masa zaman I belajar for both diploma and degree, tak pernah sampai kena ikat perut bagai. I was comfortable.",Tragic Kingdom
2023-02-03 03:27:12+00:00,1621349558289829890,ShafiqTRULLY,Dok bayaq itu ini sekali ada satu terlepas... Terus lari bajet... Jenuh ikat perut lagi sampai nak tunggu gaji... Adehhh...,PENANG
2022-12-27 18:10:23+00:00,1607801080246865920,_Fjayyy,Waktu budak2 dulu selalu lepak cc kt kajang deret kedai czip lee tu. Sanggup ikat perut nak lepak cc main ni 😂,"Kajang, Selangor"
2022-12-18 04:53:13+00:00,1604338976562638850,farra_frank,Dah seminggu tak kerja. Ikat perut la dis month ya farah.,"Petaling, Selangor"
2022-12-03 00:30:24+00:00,1598837015654825984,purpinkledays,Tak pernah susah masa belajar ade byk kemudahan mak ayah sediakan..tak pernah rasa ikat perut..moga ALLAH kurniakan syurga tanpa hisab utk mak ayah yg bkorban utk keselesaan ank ank..moga ALLAH beri kesempatan yg lebih lama utk mbalas budi kedua2 nya aminn yra❤️,"rivervale,perth wa"
2022-12-02 07:58:15+00:00,1598587336237121537,yudaareni,@jules12anne Paling ingat terpaksa ikat perut makan nasi dengan kuah jak sebab duit habis beli barang main 🥲,Putrajaya
2022-11-22 15:17:50+00:00,1595074078519726080,muharanauri,Pulihkan segera ekonomi negara. Ramai orang yang ikat perut dan tak lena tidur memikirkan kesempitan hidup yang makin menjerut.,"Irbid,Jordan"
2022-11-09 09:58:40+00:00,1590282716339392514,ns_mimy,Wearing pants thats tight in the tummy suppresses my appetite better than any food alternatives. “Ikat perut” is really living up to its name.,"Leeds, England"
2022-10-30 07:28:12+00:00,1586620972022394880,edenweill,"""saya senang selepas isi minyak rm5""
""selepas isi minyak yang diberi oleh parti be end saya tak ikat perut lagi""",Malaysia
2022-10-10 11:56:54+00:00,1579440833795084289,safwanmajid,alamak kena ikat perut la saya beberapa minggu ni elaun lantikan politik saya da bubar- mmber saya pegawai khas menteri dolu2,"İstanbul, Türkiye"
2022-09-24 08:59:10+00:00,1573597901695385600,Thiban_ben,"Ekonomi tenat, nilai ringgit jatuh, krisis ekonomi bakal melanda, duit pampasan untuk mangsa banjir lepas pun belum selesai lagi kini rakyat terpaksa ikat perut untuk menghadapi monsun. PM @IsmailSabri60 Relax je bawah Pemimpin UMNO lawatan sambil belajar🤗 Hidup Penyu!",Bestari Jaya (Batang Berjuntai
2022-09-02 11:51:38+00:00,1565668770764697600,Vandeeta3,"@stationsj070 Yeap it's true bro..easy money but when win PRU janji dicapatikan, rakyat ikat perut #30Hinggit","Semenyih, Selangor"
2022-08-16 09:10:45+00:00,1559467689567191040,rajeazie,"Td naek canteen,tali kasut terbuka…ak pon ddk nk try ikat…tp 2/3 kali ak cb xboleh2 sbb perut dh besar..Alhamdulillah dtg seorg operator tlg iktkn tali kasut ak…tibe2 dtg rase sebak 🥹..Ya Allah terima kasih atas kehadiran org2 yg baik lam kehidupan ak 🤲🏻","Puchong, Selangor"
2022-08-06 03:38:08+00:00,1555760105102397440,syamimhanz,Ok guys now im officially repurposing my savings to go to swiss. Ok bye ikat perut. No more branded stuffs.,Malaysia
2022-08-04 10:56:51+00:00,1555145735913771009,hssyazlyana,"Taknak fikir sangat bab intern ni, just nak go with the flow je. Tapi bila kira kira, kalau ikat perut pun sehari belanja rm30 dah. Office hour 9-6 tapi kena keluar rumah 730am and balik 730pm sebab kejar bas. Is this all worth it, Ya Allah ? 😔",Malaysia
2022-08-02 16:40:57+00:00,1554507555296010240,sambertenang,"@heyitsmehafiz @najmiedespanik Hobi boleh on off. Main band tinggal lama sikit berkubur. Ikat perut kaw kaw demi satu rilisan lagu. Kena cara, dapat sambutan. Tak kena cara, lagu tu sekadar angin lalu. Punca bandmate tak kekal, ada komitmen anak bini diutamakan. Kecuali anak loaded.",Cyberjaya
2022-07-22 05:06:48+00:00,1550346599573794816,Thiban_ben,"Hello rakyat, tolong ikat perut berjimat cermat. Krisis ekonomi dan hutang negara lebih 1 trillion tapi rakyat harus berjimat. Menteri hidup mewah 🙌🏻",Bestari Jaya (Batang Berjuntai
2022-06-20 12:27:22+00:00,1538861063466516481,aidahssn,"Done beli khemah, mari ikat perut💸🫰",Kuala Lumpur/Jakarta
2022-06-20 12:08:18+00:00,1538856263777284096,pinkpistachio96,I need to ikat perut dari makan sedap².  just because of saving money 🥹,"Malaysia, Kuala Lumpur."
2022-06-19 17:47:53+00:00,1538579336177016835,Nis_Ross,Kesian nanti ramai student susah nak dapat access to nutritious food. Sampai sakit. Sebab nya terpaksa ikat perut nak jimat. Terpaksa makan nasi lauk telur seharian bawak ke malam. Tapi tu lah. Tengok ramai pulak yang support.,State Of 9
2022-06-16 00:30:28+00:00,1537231096756068353,srahnst,"Sedih tengok, berapa ramai student uni local bergantung pada ptptn ikat perut makan sehari sekali, tapi yang duduk london siap dapat melancong europe dapat tambah elaun. 

Sesungguhnya kiamat dan akhir zaman itu benar.","Petaling Jaya, Selangor"
2022-06-08 02:23:44+00:00,1534360500091379714,mluthfiramli,"@OkinaFitto Tu lah. Budak2 muda skrg ni semuanya underpaid. Gaji bawah 2k, nak buat credit card pun payah, nak buat installment beli motor lagi payah. 

Kdg ada yg terpaksa ikat perut semata utk keperluan penting.","Ampang, Wilayah Persekutuan Ku"
2022-04-23 07:59:21+00:00,1517775115484016641,xnurulhudax,Awal bulan duit dah banyak habis ke kereta time hujung bulan ikat perut la barang raya apa pon tak beli lagi 😂😂,Taiping
2022-04-03 21:16:40+00:00,1510728011771162625,AzahaZu,"@BennStyles Bukan not bad, very bad utk marhaen mcm sy ni😭😭😭ikat perut la jawabnyr",Kuala Lumpur
2022-03-28 08:37:07+00:00,1508362537267773440,realyuyun,"Alhamdulillah settle loan kereta. Masa untuk ikat perut semula 🤣 Bye gaji bulan ni hahahah, twas a short meet up with you 🥲💸 https://t.co/NKYDQGqJmN","Setul, Negeri Sembilan"
2022-02-12 04:19:26+00:00,1492352623344717826,tedadnan,"Sabtu 12hb Februari 2022.

#Alhamdullilah, job event #video  sudah mula masuk setelah sekian lama ""ikat perut"" angkara  #COVID19 dari negara #CCP yang durjana ini.

Semoga tiada lagik ""lockdown"" #PKP, amek-lah booster shot semua saudara &amp; saudari. https://t.co/7w5NIW8iAE","Kuala Lumpur, Malaysia. "
2023-03-29 05:12:52+00:00,1640945094097506304,drzul_albakri,Saya tidak mahu ada mahasiwa yang mengikat perut sepanjang Ramadhan ini. Semoga anak-anak mahasiswa dapat manfaatkan Ramadhan untuk menggandakan ibadah dan mengulangkaji pelajaran. [4/4],Putrajaya
