Datetime,ID,Username,Text,Location
2023-02-27 07:52:02+00:00,1630113514332516352,noraaalee,"Duit belanja aku seminggu RM 50 je, kalau minggu tu aku kena balik beli tiket bas dah berapa je balance tinggal so minggu tu konfem aku ikat je perut tak makan. Sebab tu laa dulu kurus sangat tak macam sekarang hahaha 😂😂","Malacca, Malaysia"
2023-01-31 22:39:59+00:00,1620552500398141440,dirikuboneka,@AisyDahliaa Taknak celebrate 😭. Nak simpan duit nak jalan. Kena ikat perut,"Muar, Johor"
2022-12-18 07:18:15+00:00,1604375472527507457,SayaAshaari,@AimanFndi Haha ikat perut  😆,"Kuala Lumpur, Malaysia"
2022-09-02 03:26:15+00:00,1565541587173900288,moshie_mosh,"Aku tak payah nk ikat perut macam dulu. Adam tiap kali keluar dgn ayah, minta je dapat. 😂Tapi tak Best kene pjj je la. 😂😂

Tu sbb aku cakap, ujian lain-lain. 😗",Rasa|kemaman|kajang|muar
2022-08-30 06:38:33+00:00,1564502819876777985,hi4tuff,Dah semua bende rakyat kene jaga. Ikat perut semua rakyat la. Menteri sedap dkt atas makan besau. Eh takde takde jangan nk suruh rakyat ikat perut kalau menteri yang bertanggungjawab jaga harga makanan,
2022-07-18 01:56:44+00:00,1548849218718429184,nmmutslaaa,Sib baik pakai axia semua within budget pastu every month dapat makan sedap tanpa ikat perut. Cuma tak pakai iphone lah tapi 🤭,
2022-06-28 09:59:51+00:00,1541723039095607296,tok_asyraf,"ni tggal bukti..esok naik menteri, kalu buat bideo mkn megi mmg proven dari dulu mkn megi..
ni c*#&amp;@ pkai baju designer pastu buat vid citer kesian mkn megi..
pastu suh rakyat ikat perut..
~Fadli Salleh https://t.co/nbH524cgXB","Sungai Rambai, Melaka"
