﻿Created-At,From-User,From-User-Id,To-User,To-User-Id,Language,Source,Text,Geo-Location-Latitude,Geo-Location-Longitude,Retweet-Count,Id
2/3/2023,sahil ??,9.38E+17,vegchicken69,1.18E+18,en,"<a href=""http://twitter.com/download/android"" rel=""nofollow"">Twitter for Android</a>",@vegchicken69 i can afford this shit and i can literally buy you mf. don't need your broke ass to tell me what to spend my money on.,,,,1.63E+18
2/3/2023,Shristy Sharma (She/her),7.93E+17,dr_vee95,1.31E+18,en,"<a href=""http://twitter.com/download/android"" rel=""nofollow"">Twitter for Android</a>",@dr_vee95 I swear my doctor advised me an HPV and she told 7k per shot and 3 shots in a span of 3 months I was like ma'am I can't afford that,,,,1.63E+18
2/3/2023,Hon Elvis Mugari ????,8.67E+17,,-1,en,"<a href=""http://twitter.com/download/android"" rel=""nofollow"">Twitter for Android</a>","People can't afford life.Diseases& death is at every door step. Mnangagwa  continue to perpetuate a litany of illegalities &constitutional violations. Human Rights activists, Opposition leaders, Journalists, Laywers,vendors,writers,& student leaders in Zim are under attack. https://t.co/YQwUyq0Wp0",,,9,1.63E+18
2/3/2023,Prashant Singh,561485701,,-1,en,"<a href=""http://twitter.com/download/android"" rel=""nofollow"">Twitter for Android</a>",This Guy tells us we can't even afford safety belts in the construction of Road & Highway .. Salute to our #NHAIINDIA #Jamnagar #mcjamnagar #jmccommissioner https://t.co/RIzMJHIkeP,,,,1.63E+18
2/3/2023,Certified Yhite Boy ??????????????????,9.70E+17,Its_Alf,1.09E+18,en,"<a href=""http://twitter.com/download/iphone"" rel=""nofollow"">Twitter for iPhone</a>",@Its_Alf We’re finished nation can’t even afford a lineup Hong Kong and Taiwan can afford,,,,1.63E+18
2/3/2023,WheeliePhiloslothical,452744317,,-1,en,"<a href=""http://twitter.com/download/android"" rel=""nofollow"">Twitter for Android</a>","Even if you can't afford to help someone financially, reTweets are free https://t.co/kNEmgJkQYy",,,1,1.63E+18
2/3/2023,WheeliePhiloslothical,452744317,,-1,en,"<a href=""http://twitter.com/download/android"" rel=""nofollow"">Twitter for Android</a>","Even if you can't afford to help someone financially, reTweets are free https://t.co/e4RGNbrBC0",,,4,1.63E+18
2/3/2023,WheeliePhiloslothical,452744317,,-1,en,"<a href=""http://twitter.com/download/android"" rel=""nofollow"">Twitter for Android</a>","Even if you can't afford to help someone financially, reTweets are free https://t.co/qBhPb7aU7P",,,3,1.63E+18
2/3/2023,WheeliePhiloslothical,452744317,,-1,en,"<a href=""http://twitter.com/download/android"" rel=""nofollow"">Twitter for Android</a>","Even if you can't afford to help someone financially, reTweets are free https://t.co/hRTsS0HqQt",,,2,1.63E+18
2/3/2023,WheeliePhiloslothical,452744317,,-1,en,"<a href=""http://twitter.com/download/android"" rel=""nofollow"">Twitter for Android</a>","Even if you can't afford to help someone financially, reTweets are free (currently....) https://t.co/pRu9xYK1vO",,,1,1.63E+18
2/3/2023,Diane Connolly,419128990,mickhaydn,1.50E+18,en,"<a href=""http://twitter.com/download/iphone"" rel=""nofollow"">Twitter for iPhone</a>","@mickhaydn @joshuabadge @fictillius How about someone like me? I receive no pension as my daughter has too much money so I don’t qualify. However I don’t get paid for my care, well $140 a fortnight. So I don’t qualify for anything. I can’t afford anything. Luckily I have a sympathetic Dr.",,,,1.63E+18
2/3/2023,Alex Oi | in HCMC ??????????????????,1.50E+18,,-1,en,"<a href=""http://twitter.com/download/iphone"" rel=""nofollow"">Twitter for iPhone</a>","Teachers aren’t paid enough or appreciated enough, society can’t function without them but they can’t afford rent. Joke. https://t.co/2hKIlvsIPm",,,,1.63E+18
2/3/2023,uya anilahs,17070288,feez3579,114537904,en,"<a href=""http://twitter.com/download/android"" rel=""nofollow"">Twitter for Android</a>","@feez3579 @NewsBFM I'm not taking sides either,  But what does that tell people of our society and religion? We can't even afford them what's left of their right to barely live. Hukum senang. Kan?",,,,1.63E+18
2/3/2023,Wiz.\rd of Woy Woy,9.49E+17,,-1,en,"<a href=""http://twitter.com/download/iphone"" rel=""nofollow"">Twitter for iPhone</a>","Am I so out of touch?
No, it’s the workers who can’t afford rent who are wrong!
- @Kevinandersonmp 

#auspol #nswpol https://t.co/S6l4CHCHQK",,,,1.63E+18
2/3/2023,Graham Heathcote ????????,44475797,7Veritas4,18128717,en,"<a href=""http://twitter.com/download/iphone"" rel=""nofollow"">Twitter for iPhone</a>",@7Veritas4 @thedesertginger Is that why you still can’t afford a haircut?,,,,1.63E+18
2/3/2023,???????? ????????,262063505,PMOIndia,471741741,en,"<a href=""http://twitter.com/download/android"" rel=""nofollow"">Twitter for Android</a>",@PMOIndia @smritiirani Honorable PM SIR PLEASE REVERT THE LPG HIKE WE CAN'T AFFORD IT. ALREADY WE ARE STRUGGLING TO LIVE .PLEASE SIR .,,,,1.63E+18
3/3/2023,?????????? ?????????? ????????????????????????????,9.45E+17,Shapur1020,1.63E+18,en,"<a href=""http://twitter.com/download/android"" rel=""nofollow"">Twitter for Android</a>","@Shapur1020 I can't afford either and I'm a Third World villager who's never been to university

Keep on continuing with the ??ery",,,,1.63E+18
3/3/2023,Haider Kiani,1.48E+18,lahoreqalandars,4402375702,en,"<a href=""http://twitter.com/download/android"" rel=""nofollow"">Twitter for Android</a>",@lahoreqalandars I'm Hafiz Haider kiani from Lahore I study in BBA I need a iphone 14 pro I belong to a middle class family ?? I can't afford to buy this ?? can you gift me I pray for you ?????? jazakhla ??,,,,1.63E+18
3/3/2023,rhnharff,132116852,RaihanahAriff,132116852,en,"<a href=""http://twitter.com/download/iphone"" rel=""nofollow"">Twitter for iPhone</a>",Weiii lapar yakmat! Can I just get food nutritions by drip? I can’t afford to chew foods rn! ??,,,,1.63E+18
3/3/2023,Rozy Ghaffar,19079731,,-1,en,"<a href=""http://twitter.com/download/iphone"" rel=""nofollow"">Twitter for iPhone</a>","I can proudly say, when my dad was offered the services of a MARA officer writing a letter of recommendation for me, he said “I can afford to send her. My daughter will not take that opportunity from someone who can’t afford it”. My father my hero. https://t.co/SGBJ8Ef5DK",,,1,1.63E+18
3/3/2023,Ankit Yadav,1.63E+18,TechnicalGuruji,3992637442,en,"<a href=""http://twitter.com/download/android"" rel=""nofollow"">Twitter for Android</a>","@TechnicalGuruji #Bologuruji Sir I am a jee aspirant aur mujhe  online lectures ke liye tab chahiye please sir give me any tab becoz I can't afford , sir meri exam h april me please sir pichle QNA me bhi request ki thi pr aapne consider hi nahi kiya please team ye msg guruji tak pahuchaao https://t.co/5NQ2EMt4i1",,,,1.63E+18
3/3/2023,??? ????? - ? ????? ??????,59114626,,-1,en,"<a href=""http://twitter.com/download/iphone"" rel=""nofollow"">Twitter for iPhone</a>",It’s not rocket science. If you don’t have more than $3mil in super you’re not affected. If you do have more than $3mil you can afford to receive a smaller tax concession whilst still getting a concession on the marginal rate of tax https://t.co/h1RyD3I2jr,,,,1.63E+18
3/3/2023,Wolfram-Jaymes Keesing (they/them) ??????,7.81E+17,_budgie,17248008,en,"<a href=""http://twitter.com/download/android"" rel=""nofollow"">Twitter for Android</a>",@_budgie As a hot mess he can't afford who grew up in Australia,,,,1.63E+18
3/3/2023,Abdullah Dayo,596520120,,-1,en,"<a href=""http://twitter.com/download/android"" rel=""nofollow"">Twitter for Android</a>","Wife of my dearest friend in Karachi is suffering from breast cancer. They have already spent whatever saving they had but now can't afford the treatment.

My humble request to @BBhuttoZardari and @MuradAliShahPPP to save the life of my friend's wife. ??

@BakhtawarBZ @AseefaBZ",,,14,1.63E+18
3/3/2023,Shikha Pruthi Gupta?????,1.45E+18,,-1,en,"<a href=""http://twitter.com/download/android"" rel=""nofollow"">Twitter for Android</a>","How mean ??!!
Decide kar lo dono... I can't afford k kahin lengha ka size ya fashion change ho jaye ... https://t.co/0aXXx1xXq3",,,,1.63E+18
3/3/2023,ellaces.eth ??,1.44E+18,aellim99,1.29E+18,en,"<a href=""http://twitter.com/download/iphone"" rel=""nofollow"">Twitter for iPhone</a>",@aellim99 @BEANZOfficial @Azuki HAHAHA can’t afford Azuki so this will do ??,,,,1.63E+18
3/3/2023,Pat O'Neill,1.07E+18,,-1,en,"<a href=""http://twitter.com/download/iphone"" rel=""nofollow"">Twitter for iPhone</a>","Keep it up Pete…You’re on a winner…all those whiny woke leftys’ that can barely afford to rent, can’t afford a house, can’t afford health insurance, getting below-inflation pay rises whilst profits soar….you know, all those under40’s with little Super…they love you!!
#auspol https://t.co/z0389k3FPV",,,,1.63E+18
3/3/2023,Mriganka Das,1.29E+18,,-1,en,"<a href=""http://twitter.com/download/android"" rel=""nofollow"">Twitter for Android</a>","Yes absolutely, sympathy makes a person weak and Founders can't afford to be weak. ?? https://t.co/9ySgNhhF5F",,,,1.63E+18
3/3/2023,S M Faris,70003154,priya_unity,189016415,en,"<a href=""http://twitter.com/download/iphone"" rel=""nofollow"">Twitter for iPhone</a>","@priya_unity @teamsrkfc Well yeah i do have money but for me its a wastage, instead of buying tickets for someone feed someone who can't afford
Thanks ????",,,,1.63E+18
3/3/2023,Plevdog ??,2294905352,hondacb900f4,2943109961,en,"<a href=""http://twitter.com/download/android"" rel=""nofollow"">Twitter for Android</a>","@hondacb900f4 @RChrisShipley @TedNugent Unfortunately the rest of the world says your wrong. Food is required to support life, guns isn't. Grow up and have some compassion to those who can't afford to eat.",,,,1.63E+18
4/3/2023,Blake Scott,580914538,,-1,en,"<a href=""http://twitter.com/download/android"" rel=""nofollow"">Twitter for Android</a>","When my body knows I can't afford to eat 3 meals a day, It gain 2 kgs per day instead...

I've gone from 93 to 100 kilos in 4 days, the only difference is I walk of mornings now?

fuckin aight sounds fair... ??",,,,1.63E+18
4/3/2023,Annie E @Chiefdisrupter@aus.social,1.16E+18,downundertalk,1.62E+18,en,"<a href=""http://twitter.com/download/iphone"" rel=""nofollow"">Twitter for iPhone</a>","@downundertalk @MedicareGov Well they can’t afford private so I think for low income yes. My daughter is 25, I paid for the dentist $1200 & she paid $850 for anaesthetist. We could afford that together but so many others can’t.",,,,1.63E+18
4/3/2023,earthmixnospacesg,1.39E+18,aili25249881,1.39E+18,en,"<a href=""http://twitter.com/download/iphone"" rel=""nofollow"">Twitter for iPhone</a>",@Rai_Sings I buy all their merchandise from fff concert dvd to mugs I have waited for months to get these things but I am happy with it because I like earthmix. I mean if you really support #earthmix  #??????????? supporting them by the right ways if you can’t afford then watch their shows https://t.co/vcr3TToOR4,,,1,1.63E+18
4/3/2023,Jehad Al Hafid??,497410796,ahmed_baokbah,4381228572,en,"<a href=""http://twitter.com/download/iphone"" rel=""nofollow"">Twitter for iPhone</a>","@ahmed_baokbah We can’t afford to lose Stroll specially after losing Latifi this season…
Who else would bring out the safety car when we need it ? ??",,,,1.63E+18
9/3/2023,NFI ??,522823036,Alexhkf1,1.42E+18,en,"<a href=""http://twitter.com/download/iphone"" rel=""nofollow"">Twitter for iPhone</a>","@Alexhkf1 Bismlah, im trying my luck. Wanted to get for myself but its so expensive and I can’t afford it :’) https://t.co/g31xL8yL1b",,,,1.63E+18
10/3/2023,shazeen ifamy,1.51E+18,,-1,en,"<a href=""http://twitter.com/download/iphone"" rel=""nofollow"">Twitter for iPhone</a>",Can anyone answer me on how good is @OfficialSLC’s over rate? We can’t afford any penalties. #NZvSL,,,,1.63E+18
11/3/2023,Gab Yang in LA from 18 to 25 March,1.05E+18,Nicknick2109,9.13E+17,en,"<a href=""http://twitter.com/download/iphone"" rel=""nofollow"">Twitter for iPhone</a>",@Nicknick2109 We can’t afford the fork bro..,,,,1.63E+18
11/3/2023,Un.poco.loco.loco ??,496485158,,-1,en,"<a href=""http://twitter.com/download/android"" rel=""nofollow"">Twitter for Android</a>","i stopped playing ML for a while now. but I'm really looking forward for the Vale Skin ? however, dami ko pa utang, can't afford to spend on games anymore.",,,,1.63E+18
12/3/2023,SR7,248207982,,-1,en,"<a href=""http://twitter.com/download/iphone"" rel=""nofollow"">Twitter for iPhone</a>",we can’t afford to secure 3pts! Referee cunt!,,,,1.63E+18
12/3/2023,Srith7,1.40E+18,,-1,en,"<a href=""http://twitter.com/download/android"" rel=""nofollow"">Twitter for Android</a>","I think social media apps should charge certain DMs, which involves giving opinion, problem solving or blant rant. Can't afford to do that for FREE. ??",,,,1.63E+18
13/3/2023,Amani Salim ??????,355362641,abd_jabbar,73132554,en,"<a href=""http://twitter.com/download/iphone"" rel=""nofollow"">Twitter for iPhone</a>",@abd_jabbar Haha saje je ni sbb TSMY won Oscar! As a startup Founder we can’t afford holidays anyway ??,,,,1.64E+18
13/3/2023,Amani Salim ??????,355362641,,-1,en,"<a href=""http://twitter.com/download/iphone"" rel=""nofollow"">Twitter for iPhone</a>","They will save the bank la, can’t afford to have banking system collapsed kot. Hope all the startups get back to business because all those are really distraction.  Monday resume as normal. ????",,,1,1.64E+18
14/3/2023,Calvin Lee,106293433,guardianworld,156651229,en,"<a href=""http://twitter.com/download/android"" rel=""nofollow"">Twitter for Android</a>","@guardianworld It has already started and more Asian countries may considering buying
sophisticated weapons even when they can't afford hurting their people ways of living in anticipating something bad shall be happening soon.",,,,1.64E+18
14/3/2023,Alex Oi | in HCMC ??????????????????,1.50E+18,WhatAlexTweets,1.50E+18,en,"<a href=""http://twitter.com/download/iphone"" rel=""nofollow"">Twitter for iPhone</a>",International bilingual school I think I’d go for. More affordable. I’m surprised by some of my co workers who said public school though. I’m never having kids anyway ?? can’t afford to have them never mind paying for school supplies,,,,1.64E+18
15/3/2023,Endang Hyder,8.90E+17,,-1,en,"<a href=""http://twitter.com/download/iphone"" rel=""nofollow"">Twitter for iPhone</a>","It is soon to enter Ramadhan. I need help to fill up ayah’s fund due to I am myself can’t afford to share much of my income to support him to be comfort in his bed. You too can hire me to perform which will help my father a lot

https://t.co/TGiy0mEY1S https://t.co/aVCB6KsbOi",,,31,1.64E+18
17/3/2023,Phuket Sammy,2607660072,asiapac001,229738955,en,"<a href=""http://twitter.com/download/android"" rel=""nofollow"">Twitter for Android</a>","@asiapac001 @pureguava10300 Iceland is still on sis and I list... But don't think we can afford it. ??

Norway and Sweden likewise, to a slightly lesser extent.",,,,1.64E+18
18/3/2023,Tyler ??,3061332421,,-1,en,"<a href=""http://twitter.com/download/android"" rel=""nofollow"">Twitter for Android</a>","Considering an EV Car? Buy PHEV Instead, I think you can't afford the queues at RnR's. If you insists, buy a Volvo XC40 Recharge or BMW iX, good range, good KERS system, works like the way it is, Tesla? Malaysia has recond only, no warranty from sc.",,,,1.64E+18
21/3/2023,Crypto Rojak,1.64E+18,CryptoRojak,1.64E+18,en,"<a href=""http://twitter.com/download/iphone"" rel=""nofollow"">Twitter for iPhone</a>","2) Live below your means 

If you can’t afford it twice, don’t buy it. 

Do not based on instalment plan if you can afford to purchase an item. 

Make sure your income is always higher than your expense every month.",,,,1.64E+18
22/3/2023,Siti Syamira,305708161,,-1,en,"<a href=""http://twitter.com/download/iphone"" rel=""nofollow"">Twitter for iPhone</a>",Max RM300. Can’t afford more than that ?? https://t.co/EfgveMWpmh,,,,1.64E+18
22/3/2023,??,1.42E+18,askrapidkl,2934256998,en,"<a href=""http://twitter.com/download/iphone"" rel=""nofollow"">Twitter for iPhone</a>","@askrapidkl @anthonyloke in case u dont know, Malaysia is a tropical country located in South East Asia, we cannot afford the train system to be faulty each time it rains. Tq https://t.co/poMWcz3M7e",,,2,1.64E+18
22/3/2023,Martin G,7.62E+17,,-1,en,"<a href=""http://twitter.com/download/android"" rel=""nofollow"">Twitter for Android</a>","One for the road.
(I can't afford more than one) https://t.co/gg8C8Oxvqg",,,,1.64E+18
22/3/2023,Tart,82109863,Culture_Crit,1.26E+18,en,"<a href=""http://twitter.com/download/android"" rel=""nofollow"">Twitter for Android</a>","@Culture_Crit The more millionaires we have, the less affordable life is for the average low income consumer and workforce.  The wealth gap is too large. If you can't afford a house for $1 million, the wealthy will pay double just to rent it out to people who can not afford to own.",,,,1.64E+18
23/3/2023,h,1.09E+18,,-1,en,"<a href=""http://twitter.com/download/iphone"" rel=""nofollow"">Twitter for iPhone</a>",Hahah i really hate people who says they are busy thus can’t afford to do certain things. Just say the person/thing is not your priority and you are not capable in managing time. That’s it.,,,1,1.64E+18
25/3/2023,xing ?????????,3988788613,jandi____,1.40E+18,en,"<a href=""http://twitter.com/download/iphone"" rel=""nofollow"">Twitter for iPhone</a>",@jandi____ so sad that i can’t afford zone 100$ ??????,,,,1.64E+18
28/3/2023,Intan ?? Carats ?? VIP ??,97380484,,-1,en,"<a href=""http://twitter.com/download/iphone"" rel=""nofollow"">Twitter for iPhone</a>",I don’t think I can go to SVT concert in Seoul cause they didn’t even announce anything yet. The flight ticket must be mad high since all last minute. I cannot afford that. I wish they announce like 6 month earlier? Haha sigh ????. Just not in my capacity to do that yet,,,1,1.64E+18
28/3/2023,Euan Graham,3220070977,,-1,en,"<a href=""http://twitter.com/download/iphone"" rel=""nofollow"">Twitter for iPhone</a>",Big problem. At least one embassy is closing down while others are relocating staff because they can’t afford rent in Singapore. https://t.co/uK4HcyuGwk,,,18,1.64E+18
