Datetime,ID,Username,Text,Location
2023-03-30 02:11:06+00:00,1641261740859195393,nliza_isha97,"“Ticer adik xnak makan, adik dah makan megi kat rumah tadi” haa okaylah adik.  Jangan japlagi mak awak ws ticer tanya kenapa gigil kelaparan. Adumak anak xnak makan pun salah ticer 😵‍💫😵‍💫","Seremban, Negeri Sembilan"
2023-03-29 03:45:07+00:00,1640923010021601280,donacaddo70,"terbaik Timbalan Speaker Dewan Rakyat, Datuk Ramli Mohd Nor. Sgt2 tegas menegur MP's yg macam monyet dlm zoo kelaparan sbb nak nampak hebat depan tv &amp; tiktok. Ayat dia padu, ""Saya bukan kayu ye""",
2023-03-28 09:30:24+00:00,1640647517703639040,Adaanor1,"dulu sahur untuk diri, susu segelas + kurma 7 biji pun dah cukup. sekarang dah ada EmbunAyesha, kena makan nasi bondenya pepagi. Kalau tak, menggigil kelaparan 😂",
2023-03-28 08:34:30+00:00,1640633447579525120,theridwanyusof,@AkeemSharyzal den tahu bondo ni nak buek lawak tapi minda den dah dimanipulasi kelaparan. minta maap lah bebanyak yo. kalau tak maap doce matok mewaker,kuala pilah
2023-03-27 04:56:26+00:00,1640216183449481216,xxxibgbmz,Ni bukan harimau menangis. Ni aku yg menangis kelaparan ni 😭,Cyberjaya
2023-03-15 04:06:39+00:00,1635855002572046336,QamarulQashroff,"Kalau video camni lalu time Bulan Puasa nanti, memang pengsan kelaparan 🫠🥵 https://t.co/dZyROPIiVm",Baymaxx 
2023-03-06 15:17:24+00:00,1632762311353192449,ramlanroes,"Astaghfirullah! Inikah akhlak seorang tokoh kononnya ulamak yg bernafsu buas spt serigala kelaparan! : ""mengungkap kenyataan UHAHA yg gemar menjadi kan binatang sbg sandaran hujahnya!""",Negeri Sembilan
2023-02-16 23:23:39+00:00,1626361696175661058,mnurizam,@f4kr0ls00d @Injang_Nation 1. lupa telan ubat parkinson  2. tengah menahan cirit. 3. kesejukan yang teramat  4. kelaparan  5. kagum dgn PMX,Malaysia
2023-01-25 14:30:59+00:00,1618255114065817600,apitdido,Lapar matt..harini masuk kerja ptg..p singgah kedai..nasi semua habis..pastu pastu masuk cargo..Cafe pulak xbkk..anjay betoi..sudah ny aku kelaparan tahap xtaw nk habaq dah..dah pg mkn roti titap ja..🤦🏽‍♂️,penang mari
2023-01-24 01:16:31+00:00,1617692790095499265,byanmathers,"Ytjt 😂

Anak di rumah kelaparan, kera di hutan disusukan",Malaysia
2023-01-14 05:46:33+00:00,1614136868064595969,shezzlahhhhh,Menyesal pula tak tapau spaghetti Joho kat Cyberjaya Farmers Market tadi. Kan dah kelaparan sekarang 😤,Klang - Cyberjaya 
2022-12-27 06:43:56+00:00,1607628327845781504,ann_fredey,I think i want to terbalikkan this whole appartment lepas tunggu 1 jam kelaparan tp tak on suis rice cooker tu !!!! OMG !!!!!! Im literally cryingg depan kucing i right now 😭😭😭😭😭😭😭😭 lapar budu ! https://t.co/563tDXTyFh,"Putrajaya, Putrajaya Federal Territory"
2022-12-22 03:56:12+00:00,1605774177415241734,AdrianaYasMinn,kepanas kelaparan la smua,"Kuala Lumpur City, Kuala Lumpur Federal Territory"
2022-12-14 14:36:34+00:00,1603036229775204352,syaminaminaa,Kelaparan,Malaysia
2022-12-05 09:19:01+00:00,1599694822545428480,nizarmda92,@6055KuKu @jazzairiljamil @FleurMaria22 @mkini_bm Hahahaha yg bodoh tu kau kerajaan dah tubuh menteri dah lantik masih melalak mcm anjing kelaparan 😂😂😂,Malaysia
2022-11-20 11:21:19+00:00,1594289784243261440,izwanxnasir,"Aku tak boleh terima hakikat setiap kenyataan dia masa melibatkan pesakit Covid, mangsa yang mati, orang yang susah kelaparan, bunuh diri sebab buntu. Moga Tuhan saja lah balas segalanya.",Malaysia 🇲🇾
2022-11-01 01:11:03+00:00,1587250836891086848,jesuishaneef,"Berat naik, kelaparan pun naik. Terpaksa merayau kul 1pagi cari makan... 😕 https://t.co/2D2zuGwoyO","Kajang, Selangor"
2022-10-31 12:21:22+00:00,1587057138777849856,zafeiyra,Nak period ni mmg craving benda2 manis ye. Aku kelaparan walaupun dah makan tadi,"Kuala Lumpur, Wilayah Persekutuan Kuala Lumpur"
2022-10-24 08:39:28+00:00,1584464578477715456,callmeyid,Hujan turun. Maka dengan ini aku akan kelaparan sehingga hujan berhenti,Si pejaaa
2022-10-16 09:58:36+00:00,1581585390699679744,_PandakAlam,Anak kera disusukan anak dirumah mati kelaparan. Macam ni lah.,malaysia
2022-10-07 19:33:15+00:00,1578468517921583105,kynaalkhaired05,Lapar. Sebenarnya balik kerja nak masak tadi. Lepastu housemates memasak lama gila sebab dia masak byk family dia datang esok. Aku tunggu tapi tertidur dalam kelaparan. Sekarang aku terjaga. Aku lapar. Cemana eah? 🥺🥺,
2022-10-07 11:08:36+00:00,1578341515369512961,aseumiraaaa,Kelaparan,Malaysia
2022-09-30 05:09:36+00:00,1575714458558951425,WakSyarif,"Dah la oder every menu times 2…
Yg makan tu pulak setan…
Pastu aku yg bayar. Ehh jilaka…
Aku still kelaparan… hahaha","Johore, Malaysia"
2022-09-28 13:16:41+00:00,1575112257595641858,MalaiyurMaharaj,"@MohamadYasli Rasanya ""Tayar Pancit"" semua dan Kelaparan kerana ""Ketiadaan Apam Idli""... Chutney saja nak makan apa?","Padang China, Kedah"
2022-09-28 04:47:35+00:00,1574984141594304512,missbutton_,Kelaparan.. tadi stress dgn kerja so tk makan.. dh masuk dlm lapar tetiba,"Kuala Lumpur Federal Territory, Malaysia"
2022-09-27 06:24:44+00:00,1574646199767793664,TheSaintDemon,@tattyhassan @_kebi__ Hehehehe seketul habuk gebu yang kelaparan 😅,"Kuala Lumpur City, Kuala Lumpur Federal Territory"
2022-09-26 09:52:32+00:00,1574336106912677889,SyakirDahInsaf,"Wahai orang beriman, sekiranya kamu menghisap ganja untuk mendekatkan diri kepada Allah, itu fisabilillah.

Kamu akan diuji dgn kelaparan &amp; kekurangan harta benda namun Sedarlah yg syurga itu hijau. Sesungguhnya, hidup itu hanya permainan dan senda gurau.
Maka, renungkanlah.",
2022-09-22 15:14:05+00:00,1572967478728486912,Daliakudo,"Xde bro. Nak adil je. Buat salah kene la hukuman setimpal.

Mak curik susu sbb anak kelaparan pon kene jail bertahun. Xkn dier terlepas? Kene la adil.","Putrajaya, Malaysia"
2022-09-12 14:46:46+00:00,1569336723951452162,mair4nrdn,Balik kerja kelaparan 🍟 https://t.co/PIuTdEVsHp,"Petaling, Selangor"
2022-09-10 16:08:05+00:00,1568632412233670657,fitrihaziq_fh,"Kerana dilahirkan tapa uniform atau tag nama, aku hidup menjadi hal-hal yang remeh. Alangkah, setelah mati aku mahu pulang seperti lagu- para ibu menyanyikannya ketika anak kelaparan
geliat di atas pangku.","Kuala Langat, Selangor"
2022-09-01 00:19:51+00:00,1565132289897791489,Azrai5637,"Kesian si meow takdo sapo nk hulur mknan. Sini ramai org kedekut takut mati kelaparan sbb tak cukup konyang. 

#kongsirezeki https://t.co/bFTnaaRxC8",
2022-08-20 02:25:20+00:00,1560815214962278400,GerryYeoh,Naik low cost carrier pagi2 buta smp kelaparan. Nelongso e nelongso rek 🤣🤣 https://t.co/0uckDu8oPq,Singapore
2022-08-06 12:07:39+00:00,1555888329253879808,iamYantyLee,"Adoi terhibur betul dengan si Putih ni.
Dia dok minta makanan. Orang yang baru lik review letih, dia marah merayu meow kelaparan.
Geram sangat dia lompat dok tepi tenung terus ha. https://t.co/gO0q99HtHS",W.P Putrajaya
2022-08-03 01:09:46+00:00,1554635603773247489,shezzlahhhhh,"Naper eh bila makan Mcd breakfast set tu boleh kenyang sampai pukul 2-3pm. Tapi kalau makan lunch set pukul 1230camtu, pastu pukul 3 dah kelaparan balik 😅",Klang - Cyberjaya 
2022-08-02 15:58:16+00:00,1554496813020827648,SigieWilson,"Bukak tiktok more to asmr, buka youtube pun sama. Last2 kelaparan😅. Anjay. Tau la kuat makan.🤣🤭 Please fyp jgn lagi asmr lalu kat tiktok tu. Penat nak mengunyah. Kuat makan bukan reti nak gemuk pun😑.",Kajang
2022-07-29 06:39:02+00:00,1552906527421255681,shezzlahhhhh,@ezyvee Macam kelaparan sangat. Shiannnn,Klang - Cyberjaya 
2022-05-29 05:21:28+00:00,1530781349002432512,shafiqnajme_,Kelaparan,Putrajaya Federal Territory
2022-05-19 06:02:26+00:00,1527167780033744897,marynasaruddin,Dgr pasal org mati keletihan masa hiking ni buatkan aku geram kekadang dgn sglintir penganjur yg kkdng buat xkisah dgn line up. Line up kelaparan and letih xde sweeper kt blakang. Yg ada line up sndiri yg jaga masing2. Korang nk kejar apa ntah laju2 turun.,"Toronto, Ontario"
2022-04-28 07:16:54+00:00,1519576372687294464,XsyajariX,"Silap-silap johnny depp pun dia beli , dia kan nak beli semua.. taiklah sembang duit  boleh buat orang satu dunia tak kelaparan.",Nusantara
2022-04-08 17:51:21+00:00,1512488282575159302,Nr4syiqin,"Ya Allah, kelaparan pulak tgok.",DarulMakmur
2022-02-25 14:40:07+00:00,1497219864930381826,zazlysuffyan_,Kelaparan so tapau kejap makanan kt Ayer8 😅,Putrajaya~Pmtg Pauh
