Datetime,ID,Username,Text,Location
2023-02-09 00:56:29+00:00,1623485954051932161,DeanUjang,"Mornin’ friends.

OOTD - Baju Kelawar. Haha Berangin! 

Breakfast Western Delight tp mcm dorang lupa bagi salad dressing jer. Tp telan gak lar sbb dah kelaparan. 

Smlm puasa dr 7am. Lepas Surgery 9.30pm, Aku terus out x larat. Tido sampai pagi ni. https://t.co/jXpcApPNgU",Kuala Lumpur
2022-12-10 16:35:35+00:00,1601616628755857408,naimipok,"Siang keletihan, malam kelaparan.. ayuhhh!! 😋😋😋 https://t.co/LnA8hFG9DA",Bagan Serai
2022-11-20 21:36:35+00:00,1594444619877871617,sayakeli,Stay up dari pukul 3. Sapika kelaparan. I want nasi lemak ayam goreng berempah juseyooo!,"seri manjung,perak"
2022-11-04 09:34:23+00:00,1588464665436512256,theazmilazhari,"Kelaparan

Alhamdulilah... https://t.co/iAbBIialDd","Bandar Melaka, Malacca"
2022-07-31 14:10:29+00:00,1553744915707793409,dirikuboneka,@mohd_amirul18 Almarhum dulu mati kelaparan,"Muar, Johor"
2022-06-24 00:20:37+00:00,1540127720926957568,syuhadahjep,"Laki bini kelaparan. Kalau tak,nak beli roti canai sekali. Tapi malas nak tunggu.😆
Hmm..oreo tu kena topup tu 🤣🤣 https://t.co/hmwkfZTBHi",
2022-04-11 15:37:14+00:00,1513541692963504133,IzwanSamion,"Melihat anak tidur dengan selesa di atas tilam, di dalam bilik dan bukan dalam kelaparan.. itu adalah nikmat Allah yang aku syukuri setiap malam.. 

ٱلْحَمْدُ لِلَّٰهِ 
Terima kasih Allah 🤲🏼",Malaysia
2022-03-25 22:13:25+00:00,1507480802824654850,nadiajalani,Gemorning! Kelaparan 🤣😂😅,melaka_hang_tuah
2022-03-21 06:06:53+00:00,1505788013174960130,watanabiaqbetoi,"@aslah92 Kita mana nak tau, depa buat ramai, macam geng2 surau baru lepas gotong royong buat kenduri tu. Kita student kelaparan pulak masa tu, kari kambing free elok depan mata.. ahahaha",
2022-03-13 17:32:39+00:00,1503061492228231169,musalmantoya_,marilah memasak bagi memenuhi tuntutan perut yang kelaparan tiap kali bulan digomol awan.,"Bandar Melaka, Malacca"
2022-02-26 11:26:50+00:00,1497533613256376321,BroBerd_,Kelaparan. https://t.co/Rmyle8OOq6,"Pinang, Malaysia"
