Datetime,ID,Username,Text,Location
2023-03-29 07:07:07+00:00,1640973847393615873,AnimasiSultan,"@itsamareguzel Anies keren Anies membuat takut boneka Aseng
Takut mati kelaparan",Istana
2023-01-14 03:05:40+00:00,1614096380183863299,qwinphi,Saya ingin melaporkan kelaparan,"Selangor, Malaysia"
2022-11-01 18:40:58+00:00,1587515055901315072,MAHA_namanya_2,"Home sweet home.

Sampai rumah kelaparan aku ngan mama","Kota Kinabalu, Sabah"
2022-10-18 22:39:35+00:00,1582501674945765376,tompulingot,"Semalam lepas dinner yang di belanja, pegi jalan2 cari bun bikin alas perut sebab kelaparan kelmarin bah. Sebelah Everise ada Body Shop. Beli 😅🫠🫠🫠🫠🫠🫠🫠🫠🫠🫠","📍LDU, Land below the wind "
2022-10-02 01:21:01+00:00,1576381705820127232,intnndia_,"Betul. Tapi cuba fahami kenapa masalah macamtu terjadi. 
1. Kelaparan. Hisap gam sbb tahan lapar
2. Stateless. Tidak dapat hak sebagai warganegara
3. Sampah merata2 sebab penduduk xda rasa sense of belonging sbb mereka tiada warganegara
4. No proper education","Kota Kinabalu, Sabah"
2022-09-22 04:08:43+00:00,1572800031555747842,Owin_Patrick,Licin.. kelaparan c gaman hahahaha.. https://t.co/QkFVXhYdwl,Kota Kinabalu
2022-07-08 05:17:13+00:00,1545275793932451840,MangEvis90,Penyokong kuat Zalensky😅 bagi Dana perang dengan Ukraine tapi rakyat sendiri mati kelaparan.,"Pendalaman Atas, Borneo Timur"
2022-06-18 10:15:50+00:00,1538103184643698693,GhazaliResab,Aku nasihat NGO yg sebuk nak buat korban di Kampuchea Afrika Palestin Ini kena tengok kemiskinan rakyat M'sia dulu Jngn jadi kera di hutan disusui anak di Rina mati kelaparan,
2022-06-05 11:21:06+00:00,1533408567533146117,borneogeek,@rizwanhazeman pesta yg berasal dari lagenda gadis yg dia korbankan lalu bertukar jadi tanaman untuk mengatasi kelaparan tu masyarakat pada masa itu,Kota Kinabalu
2022-05-18 01:21:33+00:00,1526734705705422848,MAHA_namanya_2,Breakfast ada itu mini burger hotel saja. Kelaparan peserta. Paling ngam bihun ba. Aish. Double paddle sudah perut aku ni,"Kota Kinabalu, Sabah"
2022-03-20 13:05:29+00:00,1505530972762083331,aldroclement,Beli nasi katok double. On my way ternampak pisang goreng and rasa mau beli tapi takut membazir. Now kelaparan sbb nasi katok nda cukup 🥲,Borneo de Norte | BKI 🇲🇾
2022-02-18 12:01:39+00:00,1494643271259201536,MAHA_namanya_2,"Kpd team @GrabMY .. 

Sampaikan ucapan terima kasih saya buat help centre bernama Encik Selamat. 

Dia berjaya menyelamatkan saya dan isteri yang kelaparan. 

GrabPay saya bermasalah sebelum ini. alhamdulillah settled. 

Happy kami laki bini yang kini sedang kuarantin sbb covid","Kota Kinabalu, Sabah"
