Datetime,ID,Username,Text,Location
2023-03-29 16:32:10+00:00,1641116046198444032,Daniallco,"Firman Allah didalam Surah Al-Baqarah ayat 155, ertinya; Dan sungguh akan Kami berikan ujian kepadamu, dengan sedikit ketakutan, kelaparan, kekurangan harta, jiwa dan buah-buahan. Dan berikanlah berita gembira kepada orang-orang yang sabar.","Trengganu, Malaysia"
2023-03-05 08:45:25+00:00,1632301276347367426,nick_amirrul,"@haziqrazak92 Kannn. Diorang sidai sampai berhari2 penduduk yg dekat Sri Muda tu sampai ada yg kelaparan, semua kerana berlainan parti politik. Jahat diorang sampai keharini xkan lupa","Kuala Terengganu, Terengganu"
2022-12-28 11:18:25+00:00,1608059793322962951,ahmadsyau,@LadyLutfi Peww..mengundang kelaparan,"Kuala Terengganu, Terengganu"
2022-06-12 08:43:07+00:00,1535905523173691392,amrafkz,@AizatAA ramai mana rohingya yg mati kelaparan???,Currently in Malaysia
