Datetime,ID,Username,Text,Location
2022-11-22 01:01:43+00:00,1594858629827645441,Mr_fuadrazak,"Lahhhh, skrg ada pulak tuduh filem sejarah mcm Mat Kilau tu filem racist. Aneh-2 lah pemikiran rakyat Malaysia. Yg up pasal 13Mei pun sama juga tak betul. Nak gaduh-2 sesama sendiri gara-2 politaik buat apa? Diorg kat atas makan kenyang, kita rakyat terpaksa ikat perut..",Malaysian
2022-10-16 11:54:10+00:00,1581614476444303360,neyrashazeyra,"This is the reason why I want a dryer. Dekat Dobi, machine dryer pun jem semua overwork dah musim hujan. 

That's it! I'm gonna buy washer &amp; dryer. Biar lah ikat perut pun.",Malaysia
2022-02-03 14:46:52+00:00,1489249032392232968,FarrahWahida_,"org nampak kita macam ada duit , org tak nampak macam mana kita struggle cari duit dan ikat perut .",Malaysia
