Datetime,ID,Username,Text,Location
2022-12-24 13:12:49+00:00,1606639030325899265,nuryasni88,"Kesepian tanpa customer,
kelaparan tanpa makanan. https://t.co/K2rBOwNeAE","Kedah/Perlis, Malaysia"
2022-07-16 12:48:10+00:00,1548288381993422850,ahmadsabrim,"Kera di hutan disusukan?
Anak sendiri mati kelaparan?
Tak kot.

Simpati dan empati kepada mangsa banjir Baling dan mangsa ujian Allah, namun team #09Educators bantu mangsa ribut Perlis untuk kali ini!
#mayAllaheaseeverything https://t.co/Cf77rSbR1m",
2022-06-17 05:28:59+00:00,1537668607357857792,syfazliana,Nasib baik dah makan nasik. Kalau tak mati kelaparan aku. Rahang aku buat hal lagiii takleh nak mengunyah. Sakitttt 😫,"Perlis, Malaysia"
