Datetime,ID,Username,Text,Location
2023-03-30 02:00:01+00:00,1641258951248412678,KomunitiMyEG,"Ketika berbuka puasa, kita cenderung untuk memilih untuk menikmati makanan kegemaran kita akibat seharian menahan kelaparan.

Ikuti tips berbuka secara sihat ini supaya anda dapat mengekalkan kesihatan tubuh badan anda sepanjang bulan Ramadhan.

Kredit: KKM https://t.co/dZa8m2O6BD","Petaling Jaya, Selangor"
2023-03-29 15:47:56+00:00,1641104912670134275,cintadatsme,Astaga akulah manusia paling penat &amp; kelaparan skrg ni,Kuala Lumpur City
2023-03-29 12:37:10+00:00,1641056908454002689,busukbusuk20,"@oryxion @jasonyew @chedetofficial Bkn pokok kelaparan Terkenal dgn pelbagai kegunaan dari  daun ,buah ,akar dan semuanya? Ni x mcm pokok kelapa",Shah Alam
2023-03-29 10:42:33+00:00,1641028060794306561,iffahnrbalqis,@fixedcompass mungkin kelaparan u mengatasi minda u 😞,cheras
2023-03-29 05:26:07+00:00,1640948427176439808,mamapipie,"Shawarma Sedap di Master Shawarma @ Seri Putra Kajang, Selangor https://t.co/Hpq2PaiUif

Assalamulaikum semua salam Ramadhan ke 7. Mama nak sambung cerita mama ke Bangin bulan lepas. Sebelum balik ke Shah Alam, kami agak kelaparan sebab checkout hotel p… https://t.co/AePdFhnHOE",shah alam
2023-03-29 02:06:08+00:00,1640898101904048134,lemantroye,"Betullah kartun tu cakap. Bulan puasa ni bukan utk org islam rasa pengalaman org miskin yg kelaparan tapi bulan utk buffet, membazir mknn kat bazar dan pesta makan!! 🥰🥰🥰",Kuala Lumpur City
2023-03-28 12:39:07+00:00,1640695009405030401,MyFundAction,"Ramai lagi kanak-kanak yang kelaparan di luar sana.

Kalau ada jiwa baik yang nak kenyangkan anak-anak yang senasib dengan Qalisyah, boleh klik disini tau:

https://t.co/9KDxhdjuDE",Shah Alam
2023-03-28 08:47:14+00:00,1640636652841467904,AriqFizz,@ShopeeMY @happinessss23 Kucing saya dah kelaparan makanan tak sampai2,"Subang Jaya, Selangor"
2023-03-26 15:43:56+00:00,1640016744571097089,daalilaz,"Me: Patut ke / aci tak kalau aku / berbaloi ke eh - order sekian binti sekian?

Yan setiap kali I asked: Patut! Aci! Berbaloiiii! 

Dasar enabler 😂 @izyanzahir 

Bismillah first time nak sahur yang bukan nasi moga esok tengahari tak amuk kelaparan 😂 https://t.co/eTc1ySxoK9",Kuala Lumpur 
2023-03-17 21:00:39+00:00,1636834957527240704,yrsmtgsweet,Which means kami dinner ala kadar. Weh nak menangis rasa bila kelaparan macam tu. Masuk angin jangan ceritalah. Then esok pagi Abang NJ tolong hantar makanan yang mak dia kirim (nasib rumah dia dekat) &amp; mak dia bekalkan 3 set makanan plus air milo panas lagi 😭😭😭,"Shah Alam, Selangor"
2023-03-13 10:00:45+00:00,1635219335701741570,DianMha,"I pernah Ada 2 ekor cat I Jaga sampai diaorang past away. Since that dah tak sanggup nak Ada kucing sbb it's very hart to move one bila kehilanhan benda yg kita syg mcm anak. Since then, I will treat any stray cat yg lapar so diaorang takkan sedih or tido dlm kelaparan.🥺",in the bottom of M.H.A heart ❤
2023-03-11 15:30:03+00:00,1634577432362749954,CikShamsulPSRTM,Zaman Sekarang Dengan Harga Barang Naik dan Kos Sara Hidup Tinggi ... Ada Yang Kelaparan dan Ikat Perut ... Ini Realiti Bukan Fantasi.,"HULU KELANG,KL,MALAYSIA"
2023-03-11 05:31:36+00:00,1634426827245752321,adoramayyy,"Patutlah 1 hari sampai 3-4 kali kena topup outside food. Rupanya budak2 bulus kat sebelah ni kelaparan. Bukan berkira, tapi kau aniaya","Kuala Lumpur City, Kuala Lumpu"
2023-03-11 00:53:10+00:00,1634356755919675392,murfiqahyhy,Kelaparan,Party Phase
2023-03-09 04:41:08+00:00,1633689350281236480,AlFajrTours,"KURMA NAGAL ISTIMEWA DARI UAE!

Rasulullah SAW bersabda, “rumah yang tidak ada kurma di dalamnya, penghuninya kelaparan”. (HR Muslim 2046)

Promosi Kurma Nagal kini kembali! Dapatkan segera sementara stok masih ada! 😍 https://t.co/bR6GDZqrhO","Batu, Selangor"
2023-03-04 09:57:35+00:00,1631957047242813440,lenedelr,@zatizai ni macam ceritera dkt linkedin otw pergi interview jumpa anjing kelaparan so tolong anjing tu bila sampai office rupanya anjing dia tolong tu lah ceo. so yeah fiction.,
2023-03-03 01:02:04+00:00,1631459893021659138,maisarahbhrn,Suruh celup tangan kanan pulak tu. Lepastu kena pergi lunch. Anda rasa saya masih berselera time tu!? Berselera je kut lepas dah cuci dgn sabun (tak ingat). Benda pun lapar. Duk hostel ni sentiasa kelaparan,
2023-02-26 11:38:49+00:00,1629808197241573378,achongvader,"Selesai!

Masih lagi mengantuk dan kelaparan. https://t.co/lPgwbox9aF",
2023-02-19 11:51:24+00:00,1627274649968197632,msSeptemberr,"Terlalu banyak menafkahi jasad sehingga kan
roh kelaparan &amp; kemiskinan😔",Malaysia
2023-02-17 01:58:24+00:00,1626400639386550272,fadzilharith3,"kemiskinan, kelaparan dan akhirnya jenayah.  Islam sangat mementingkan kualiti hidup setiap manusia tanpa mengira tahap sosial mana dia berada. 

Islam mengajar bahawa usaha adalah penting tetapi iman harus diletakkan pada Allah dan bukannya manusia. 

Now, menyentuh persoalan",Kuala Lumpur Federal Territory
2023-02-15 05:49:05+00:00,1625733918975733761,lyaaahmads,"Dahhh beli mknn biasa and fav pun cannot telan.. awak kenapa ye aliyah.. awak tau tak ramai lagi tgh kelaparan dan kebuluran. Yg awak ada makann tapi tak nak mkn ni kenapa ye.. 

Penatt laa gini 🤧",Puchong - UPM
2023-02-10 09:58:10+00:00,1623984662245945346,naf154,Buat la something to increase his savings? Why only look at one way aje? Entah2 by the time nak dapat duit pun orang tu dah mati..anak2 yg kelaparan skrg apa macam?,"Kuala Lumpur, Malaysia"
2023-02-05 05:08:01+00:00,1622099705047175168,MohdFareezEzwan,Nanti pihak berwajib akan menyediakan tabung bagi memastikan kamu tidak kelaparan,Malaysia
2023-01-30 00:59:14+00:00,1619862770853482497,PrincessDearies,Morning. Malam tadi pukul 130am makan bihun tomyam now pukul 830am perut dah rasa lapar. Nape awal sangat dah kelaparan ni??,Korea 
2023-01-28 13:30:23+00:00,1619327025797545985,farahissolame,lepas kerja terus balik shalam. kelaparan ye. ni je paling dekat dengan rumoh. sebelum nak sambung tengokkan atuk. https://t.co/ukvYkZy1ih,
2023-01-23 07:17:54+00:00,1617421349215162368,faezahana,"@bellamomoco Hahahahahhahaa arwan wan selalu pesan. ""Biar mati kekenyangan, jangan mati kelaparan""",Kuala Lumpur City
2023-01-18 16:08:25+00:00,1615742917179760640,PrincessDearies,@GrabMY Wow menarik 👍🏼👍🏼 harap promo yang bakal diberi dapat merawat perut i yang kelaparan tak tentu masa.,Korea 
2023-01-18 15:12:59+00:00,1615728967134367747,PrincessDearies,Perut buat perangailah. Tadi kat luar tak lak rasa lapar. Sampai je rumah dan2 berirama kelaparan. Lapar je takpe lagi ni siap pakej teringin nak makan burger kampung. Tak memasallah kena order grabfood.,Korea 
2023-01-16 05:13:25+00:00,1614853308656807936,pinkyfish10,Aku dah kelaparan! Bila bole makan?!,ラルクアンシエルの世界
2023-01-14 22:08:43+00:00,1614384037711482880,Zaki_Yamani_,"@aiman_saipullah Duit ada sikit. Anak kelaparan. Tapi tak beli makanan. Beli dadah dulu. Lepas stim harapkan duit orang bagi untuk beli makanan bagi anak dah kebuluran.

Demikianlah lebai Pas menjadi ‘bapa’ kepada rakyat Kelantan. Biar anak mati kelaparan, asal bapa bergaya.",
2023-01-14 05:49:22+00:00,1614137579661852680,mrs_subaru29,"Dalam rezeki kita, dlm gaji kita, dlm bonus kita, semuanya mesti ada rezeki org lain yg memerlukan juga. InshaaAllah berkat rezeki yg Allah bagi. Sedekah mengikut kadar mampu kita semua. Semoga dpt membantu mereka drpd kelaparan dan kesusahan hati.","Bandar Klang, Selangor"
2023-01-13 08:29:54+00:00,1613815588467642368,MissyAzue,@belialrising Betul tu apa guna raja hidup senang lenang tapi rakyat menderita kelaparan,"KL, MAS"
2023-01-11 07:36:42+00:00,1613077425155624961,24434_wajib,"Sarapan pagi tadi, roti telur acah burger 2 set. Tengahari tak makan. Makan biskut cream creaker 6 keping cicah coklat. Balik ni, takut melantak teruk sebab kelaparan je ni🤦🏻‍♂️","Kuala Lumpur, Wilayah Persekut"
2023-01-10 23:35:46+00:00,1612956395737067521,ardnie,"Watching food review bila tengah kelaparan is NEVER a good thing to do. 

🥹","Kuala Lumpur Federal Territory, Malaysia"
2023-01-09 04:20:28+00:00,1612303267647860737,famisasajer,Kelaparan di tahap maksima,Kuala Lumpur Federal Territory
2023-01-03 14:47:07+00:00,1610286642002276358,n_ahwal,"@mysarahhanum Nasib baik dia nak jugak makan Num. Maknya akak hantar pergi spay, kena overnight pulak. Kesian kelaparan",Rahchiew
2023-01-02 16:39:13+00:00,1609952464912125952,ekinzainuddin,"Ya Allah Asy Syaafi sembuhkanlah setiap umatMu yg sdg sakit, yg sdg kelaparan kurniakan mereka rezekiMu Ya Razzaq,kpd yg sdg kesedihan berilah mereka kebahagianMu Ya Rahman Ya Rahim. Lindungilah setiap anak2 kecil &amp; warga tua di setiap pelusuk bumiMu ini agar mrk tdk disakiti. 🤲🏻","Selangor, Malaysia"
2022-12-31 12:00:26+00:00,1609157529556357122,njuliana_azura,Sebabkan harini cancel jumpa kawan. Kena culik dgn abg dgn adik. Tiannn abg kelaparan. 🤣 https://t.co/4AxMTnEoSD,Kuala Lumpur Federal Territory
2022-12-31 07:09:17+00:00,1609084258076835840,KamalSetan,Pemadam kelaparan… 😎 (@ KANTIN asam Pedas in Ampang) https://t.co/YngjEgZ7Bs,
2022-12-29 12:34:09+00:00,1608441241162887169,ImannurdinW,"Curhat menjelang tahun baru yang dah tak lama lagi, mengaku dosa-dosa lampau misalannya membuat aku kempunan &amp; kelaparan ketika bekerja kerana merembat ayam penyet yang aku pesan melalui Grab Food dulu. https://t.co/wj9cahTweZ","Kuala Lumpur, Wilayah Persekut"
2022-12-28 01:18:44+00:00,1607908876267188225,ciksenah,@kesixkesi Hahahahhahahahahha. Sengallahhhh~ kelaparan memasing cam amenda je. Tapi yang lagi satu tu pun epik.,Kuala Lumpur City
2022-12-23 06:44:12+00:00,1606178842724290560,atanholiday,"@miniberlarilari ultra makan nasi mann, lauk campur🤣 kalau mcm gel mati kelaparan dlm hutann hahahaha",Bukan dalam hati awak
2022-12-22 15:59:09+00:00,1605956114381578240,Apei3011,"@NadiaFat Terbangun kelaparan, now mkn nasi. Lepas ni tido balik. 🙂","Dublin City, Ireland"
2022-12-19 10:54:09+00:00,1604792193519976450,redzfared,Kelaparan tp x nk nasi,Taman Melawati
2022-12-13 21:26:20+00:00,1602776960907628546,ardnie,Aku masih belum tidur dan kelaparan… 🥲,"Kuala Lumpur Federal Territory, Malaysia"
2022-12-08 16:48:03+00:00,1600894989730713600,ZrulIkhwan,"Makan sikit sikit ayu je, tapi lepas kahwin ternyata aku silap, 24 jam kelaparan hahaha","Bangi Tudu, Nigeria"
2022-12-08 00:54:33+00:00,1600655033347215360,AchaaNathasha,Me bila kelaparan: https://t.co/33LZYNgDCo,
2022-12-07 15:12:36+00:00,1600508581207580677,AchaaNathasha,Kelaparan pulak. Dah sakan berenang.,
2022-12-05 04:53:44+00:00,1599628063721287681,Zaki_Yamani_,"Meski kau lurus bak pembaris
Dengan prinsip tinggi di awan
Apa kau rela melihat rakyat derita
Apa kau lena tidur sedang rakyat kelaparan

Apakah pernah kau fikir
Prinsip yang kau perjuangkan bukan terbaik untuk rakyat
Atau kau terima wahyu Tuhan
Maka segala fikiran kau jadi suci",
2022-12-04 06:12:19+00:00,1599285451462184960,nienaaas,Kelaparan,
2022-12-03 17:29:37+00:00,1599093511768649728,mummymikamalik,Sis surrender tunggu toklaki balik kerja lambat. Kata nak bawak balik prosperity burger. Maka kita huhu je lah tido kelaparan lepas menyusu.,"Glasgow, Scotland, GB"
2022-11-30 09:48:41+00:00,1597890349174644737,Haizuden,"Kelaparan mat, bila nak berhenti hujan ni",Kuala Lumpur City
2022-11-30 09:28:57+00:00,1597885383463014400,shah_shnetwork,"Seramai 22,229 orang di dunia pada hari ini, mati kerana kelaparan

#tahukahanda #infodunia","Selangor, Malaysia"
2022-11-29 10:10:59+00:00,1597533572805844992,helmizahree,Tak patut DSAI buat mcm ni. Orang kaya akan miskin kelaparan,KL-SEL
2022-11-29 03:17:39+00:00,1597429557430472704,eggbacontoast,Saya kelaparan!,"Pilahdelphia, Negeri Sembilan."
2022-11-26 17:43:18+00:00,1596560240123650048,AimanFaddillah,Kelaparan,Malaysia
2022-11-24 17:39:04+00:00,1595834397160136704,hafiznzr,"habis je class ptg tadi mama belikan beef pie starbucks, tau tau je bro is kelaparan sksksk","Damansara, Selangor"
2022-11-24 15:25:49+00:00,1595800865247756289,mustakim_ismail,Penat betul arini. Balik rumah pkul 8 trus collapse. Pastu skarang baru terjaga kelaparan,Kuala lumpur
2022-11-23 03:13:39+00:00,1595254223226437634,Afro_Dreamer,"@muniwah @PalataoShow Setuju. Kena both la sebenarnya. Short term bagi ikan, long term sediakan joran. Sebab kita sibuk sediakan joran, mamat tu mati kelaparan takde function gak.",Sungai Buloh
2022-11-20 04:37:19+00:00,1594188113236348928,DiahRamlie,Selesai serah keputusan.. amik kau!! Mgelupur cari kedai makan.. KELAPARAN!!!,"taman pendamar, klang"
2022-11-16 10:37:23+00:00,1592829176285130754,DeanUjang,"Lama dah aku x melantak 3 ketul Ayam OR KFC. Dah 3 kali Pagi aku Breakfast Oats &amp; Hazelnut Muesli jer. 

Jadi Kul 5pm tadi terus gi KFC dekat rumah aku order 3 ketul ayam OR. Sedap giler bila tgh kelaparan ni. Licin licau aku ngap semua. Lol 😂 https://t.co/Q2xpiRsBbJ",Kuala Lumpur
2022-11-16 06:31:46+00:00,1592767362595696641,vince_zack,"I told vince im heading home and will just wfh half of the day sbb i hv smwhr to go after maghrib
I hv been in meetings sejak 8.30am.. makan pun mana sempat
Being loving partner that he is, dia mcm tau2 je partner dia ni kelaparan

Sampai2 rumah dh terhidang
Cemana x sayang https://t.co/k43VHKTqQr",
2022-11-14 16:14:55+00:00,1592189341560082433,nungsari,"Mahasiswa bertapak. Pada tahun 1974, mahasiswa di universiti awam tunjuk perasaan. Kelaparan di Baling dan kemiskinan di luar bandar. https://t.co/jGFPh3XUe7","Petaling, Selangor"
2022-11-13 17:51:03+00:00,1591851148461637632,faizallsufian,Kelaparan selepas hujan. https://t.co/4j1val7VHO,Malaysia
2022-11-12 08:53:04+00:00,1591353371109511171,HarithHmzh,"Tangis hujan membasahi jalan.
Langit cerah digelapi mendung awan.
Walau cuaca tidak menentu seharian,
Sandwich manthol! ada bagi yang kelaparan.
#betterthanyourmama

Location : BHP TTDI / Lim Tayar TTDI
Operation Hours : 4pm till 10pm

@deaflows @DanishJifren @ThisIsKrel https://t.co/J1d11sSStf","Bukit Jalil, KUALA LUMPUR"
2022-11-03 14:26:29+00:00,1588175790457298944,nfasask,"10:15 malam. Aku dan Si Bongsu bersetuju untuk makan sekali lagi sebab kami kelaparan! 😂.

""Ayed masak cikgoyeng eh"" https://t.co/ZGAMHBAjsF",Kuala Lumpur
2022-11-01 01:11:03+00:00,1587250836891086848,jesuishaneef,"Berat naik, kelaparan pun naik. Terpaksa merayau kul 1pagi cari makan... 😕 https://t.co/2D2zuGwoyO","Kajang, Selangor"
2022-10-31 12:21:22+00:00,1587057138777849856,zafeiyra,Nak period ni mmg craving benda2 manis ye. Aku kelaparan walaupun dah makan tadi,"Kuala Lumpur, Wilayah Persekutuan Kuala Lumpur"
2022-10-28 16:21:13+00:00,1586030335082475520,PrincessDearies,Memalam baru kelaparan. Nasib #cc19 rajin nak layan kerenah perut i ni. So masak nasi goreng telur je lah nak masak lelebih tak larat dah ngantuk kul 430am nak kena bangun g airport.,Korea 
2022-10-22 05:31:12+00:00,1583692426690310144,esma_not_isma,Kelaparan. Tapi x boleh makan. 🙄🙄 https://t.co/COY9doEI2X,Kuala Lumpur
2022-10-22 01:09:22+00:00,1583626534975574016,qishdarleena,Selamat pagi hari Sabtu buat jiwa-jiwa yang kelaparan &amp; belum bersarapan pagi! Semoga makanan yang akan masuk mulut awak nanti sedap serta mengenyangkan.. 🥹,Galaksi Bunasakti
2022-10-19 04:49:37+00:00,1582594796719177729,1rham_1brahim,Kelaparan. Nak keluar office malas 🙁,Konoha
2022-10-18 17:51:56+00:00,1582429284571877377,Officialniesa_,tidak tahulah ini lapar ke atau perut pedih 😖 tapi rasanya mcam kelaparan je 😂,Not Available 🙅🏻‍♀️
2022-10-14 12:34:05+00:00,1580899743286591489,Areloghy,"Saking kelamaan nunggu temen dalam kondisi kelaparan, jadi salah hari. Hahaha.

Have a nice weekend everyone! https://t.co/2H38usHmei","Jakarta Pusat, Indonesia"
2022-10-13 16:06:24+00:00,1580590788316053504,fishballisme,So anak pun kelaparan.,"Kuala Lumpur, Malaysia"
2022-10-08 16:11:26+00:00,1578780117010026496,SchidaManis,Husband teman oncall &amp; tolong masakkan maggi untuk wife yang kelaparan 😘😘 https://t.co/Y58kngpqDy,Zaim Aiman’s
2022-10-05 05:39:41+00:00,1577533968383348736,vijeyrocky,"Maka berakhirnya riwayat katak-katak politik,

Dan bermulanya hantu-hantu politik kelaparan kuasa melompat kawasan mencari tempat teduh (kerusi, projek, pendapatan dan sebagainya)!

#KempenMembasmiHantuPolitik https://t.co/DtbE72vRhS",Kuala Lumpur City
2022-09-26 09:52:32+00:00,1574336106912677889,SyakirDahInsaf,"Wahai orang beriman, sekiranya kamu menghisap ganja untuk mendekatkan diri kepada Allah, itu fisabilillah.

Kamu akan diuji dgn kelaparan &amp; kekurangan harta benda namun Sedarlah yg syurga itu hijau. Sesungguhnya, hidup itu hanya permainan dan senda gurau.
Maka, renungkanlah.",
2022-09-23 07:12:09+00:00,1573208583658999808,PrinceRayDauz,@MALAYSIAVIRALL Terpaling kelaparan . Tu sb marah,"Kuala Lumpur, Wilayah Persekut"
2022-09-19 06:47:41+00:00,1571752871624048642,LeeSlimShady,"Baboon kat hutan di susukan,
Anak di rumah mati kelaparan.",Earth
2022-09-19 02:28:17+00:00,1571687593464692737,faezahana,"Boleh tahan lama juga nak tggu report ct scan ni👀

Kelaparan terus sa disini",Kuala Lumpur City
2022-09-13 04:22:12+00:00,1569541932694794240,AyongQiela,Kelaparan menunggi servis kereta 🫠,"Setia Alam, Shah Alam"
2022-09-13 00:16:28+00:00,1569480094317674498,AqilahAsim,"IF ke hape aku ni , last makan kul 2pm then tak makan apa apa . Now kelaparan 😭",Malaysia
2022-09-12 02:30:31+00:00,1569151439976660992,fudolover,Kelaparan 😵,Malaysia
2022-09-02 06:05:05+00:00,1565581557678903296,FelicitiousGurl,Semua kelaparan sebab no 5 lambat balik dr college 🫠🫠 https://t.co/QjGKCb2hXI,
2022-08-29 11:27:08+00:00,1564213056443678721,GPMMalaysia,"Banjir besar ini menyebabkan kematian, kelaparan, kehilangan, penyakit berjangkit dan bermacam lagi permasalahan lain.

Glasier yang mencair menambah kesan buruk banjir besar yang melanda Pakistan beberapa hari lalu.","Seksyen 1, Wangsa Maju"
2022-08-28 08:08:23+00:00,1563800649560600576,tendosouji,Kelaparan tapi tersadai dek hujan,"Putrajaya, Putrajaya Federal T"
2022-08-26 19:00:01+00:00,1563239863733796866,serigala,bukak periuk pukul tiga pagi waktu tempatan #kelaparan,"Manchester, England"
2022-08-25 02:38:12+00:00,1562630392527499267,eykachibby,Kesian anak dara i. Pagi2 6.20pagi dah bangun follow parents kelaparan dia cari sarapan pagi ni.haha ni masih tidoq dari balik tadi😆 pukul 11pagi kita bangun ye yayang mama🤍,Rawang
2022-08-22 16:21:32+00:00,1561750428697501697,fiquecool,"@pikasekri tak tak. sebab kalau kelaparan memuncak, itulah jawapan yang paling lantang untun diluahkan",Shah Alam
2022-08-19 03:43:39+00:00,1560472534902259712,BukuPujangga,"Dikhabarkan bahawa budaknya (hamba) pun mati kelaparan kerana perangai kedekutnya itu. Perkara ini juga diakui oleh Butrus Al-Bustani seorang pujangga arab.

Jika dia seorang yang kedekut taik hidung masin, mengapa namanya diangkat sedemikian rupa?","Petaling, Selangor"
2022-08-18 17:45:38+00:00,1560322040707846144,zammernaz,Sorry wahai rumet 😭 kau tidur dalam kelaparan,Bukit jalil
2022-08-18 02:09:05+00:00,1560086350527070208,ame_jatz,"Malam aku stayback office kelaparan buat kerja, pastu boss berbesar hati nak belanja staff dia makan. Sekali dapatnya gini.. 😢 #NoComment #rumoristrue @KFCmalaysia https://t.co/895sR471Lr",Shah alam
2022-08-16 06:37:40+00:00,1559429166788927488,arsroslane,"@natasyanbila Hahahaha takut! Sedap wei bagi aku tak muak, pedas2 sikit, ayam juicy. Ayam dia makan x pakai sos pun sedap. Spaghetti dia pun just nice, simple tp bg aku sedap. Xtau la kot aku kelaparan so rasa sedap 😂",
2022-08-12 13:37:09+00:00,1558085179641499648,akichoe,perfume fav .. dia punya bau buat org yg hidu kelaparan. hahahhahhahahahah,
2022-08-08 19:09:04+00:00,1556719158330462208,AsyrafBahauddin,"Bila ibu share lauk berbuka tadi. Terasa kelaparan di situ.
Tipu la tak rindu masakan ibu. 
#PuasaAsyura https://t.co/ghMATaaR8a","Kuala Lumpur, Wilayah Persekut"
2022-08-07 16:23:02+00:00,1556314987844759552,mytheorem,"Konklusi 1 (sekiranya lirik lagu asal telah diubah): Disebabkan katak ingin bersenggama, nasi tak dapat dimasak dengan betul, lalu di beri pads lembu, menyebabkan lembu sakit perut dan bangau kelaparan.

4/n",
2022-08-02 15:58:16+00:00,1554496813020827648,SigieWilson,"Bukak tiktok more to asmr, buka youtube pun sama. Last2 kelaparan😅. Anjay. Tau la kuat makan.🤣🤭 Please fyp jgn lagi asmr lalu kat tiktok tu. Penat nak mengunyah. Kuat makan bukan reti nak gemuk pun😑.",Kajang
2022-07-31 09:49:40+00:00,1553679277937160192,najwalyaaaa,kelaparan,"Kajang, Selangor"
2022-07-24 16:06:38+00:00,1551237427859451904,kiddiepax,"I drank like 500 ml of kombucha, then minum kopi lagi. Mana la tak tentu arah my perut. Sampai almost masuk angin kelaparan. Maybe the probiotics dah kick in kot, dah process accordingly. Padahal lunch makan banyak gila then dinner time lapar gila sampai sakit perut.",
2022-07-24 07:48:49+00:00,1551112147966754816,ain_manan84,Buat kek utk snack .. take a nap.. pastu bangun mengelupur kelaparan.. dari makan mengarut so kena masak .. Tadaaa .. Kenyang ..Alhamdulilah. Healthy and Fully .. Gittew .. https://t.co/3oxPrSqM8F,"Selangor, Malaysia"
2022-07-24 04:29:59+00:00,1551062112830898176,MUHAMADFADHLI1,75kg to 68kg dlm masa 1 bulan. aq fikir aq kelaparan je sebulan ni.,"Cheras, Selangor"
2022-07-21 23:32:21+00:00,1550262433788243968,frid_ab,"@mkini_bm Bila habis  bayar...(2039)..?
By then kelaparan dan kehilangan daya beli hilang ,sebab gov. Hidup hanya bayar hutang 1MDB....",Shah Alam Selangor
2022-07-20 00:38:41+00:00,1549554352284700673,JuzCallMeAiman,"Kelaparan (@ Excel Commerce Solutions Sdn Bhd in Kuala Lumpur, Wilayah Persekutuan Kuala Lumpur) https://t.co/HgQEw4pjFf","Alor Setar,Kedah Darul Aman"
2022-07-16 01:52:27+00:00,1548123363826335744,gifthubdotco,pepagi da kelaparan,"Ampang, Wilayah Persekutuan Ku"
2022-07-15 13:32:42+00:00,1547937199894953985,deeda_uk,"Apalah nasib masak nasi tak tekan, dah lah kelaparan.. periuk auto pon susah jugak, dulu periuk biasa senang satu option je, tekan masak, naik je dah siap, ni lampu kelip2 tak masak rupanya, kene tekan smpai lampu merah static baru masak.. dasar tak intelligent..",Kuala Lumpur City
2022-07-14 13:06:03+00:00,1547568106675277824,gifthubdotco,@GRLSH3QDO1T kelaparan 😂😂😂,"Ampang, Wilayah Persekutuan Ku"
2022-07-10 11:53:09+00:00,1546100209008005120,ruffeeyruffian,@softcrocodile Target market sentiasa kelaparan😂,"Kuala Lumpur City, Kuala Lumpu"
2022-07-09 12:55:58+00:00,1545753630610903046,xtaufiqhxfidzx,Tengah kelaparan ni haih 💆🏻‍♂️,Shah alam 40460
2022-07-05 13:47:41+00:00,1544317091565690880,Arajaraj50,@megat_sharezman Nice lah nice sedop.. Tomyum adoi buat perut ku kelaparan guys 😂😂😂😂,Damansara
2022-06-28 17:31:09+00:00,1541836615102103552,wawa_ashar,Gue lagi kelaparan ye! Tadi terlelap kejap lepastu takleh tidur dh! Jap g ada checkup lagi.. nasib grab amik oder lagi.. teringin nak makan buger.. toklaki koje pulak time gini 😂,Malaysia
2022-06-24 12:23:05+00:00,1540309536636272642,kiddiepax,"Today ialah hari menggigil kelaparan. Before lunch makan granola sementara tunggu pukul 1 pm. Before dinner, perjalanan balik rumah yang jalan kaki 10 minit &amp; jalan kereta 10 minit tu rasa lama sangat. Sampai rumah terus korek peti apa yang ada. Yang ready to eat food. Crazy!",
2022-06-24 10:25:38+00:00,1540279979501813760,Mear_Biaggi,"Nasik dh ada atas meja.
Terbaring kelaparan. Hahahaha https://t.co/Z2KTaQTr2D",Kuala Lumpur | Kota Bharu
2022-06-21 06:02:55+00:00,1539126701313372162,tulipismee,"balik klinik makan roti sekeping pastu makan ubat semua tidur sampai dekat kol 2, bangun pastu kelaparan..buat air horlick makan dengan biskut masa nak minum dengan sudu tangan shaking teruk amat https://t.co/LtbcXLY2w0",
2022-06-18 07:48:28+00:00,1538066097584230400,NSyafiqahrazmi,I is sudah fenim kelaparan,
2022-06-14 13:57:44+00:00,1536709477134925824,AimanArham,"@azranizhharudin Jgn gitu lot, sian sek unipark mati kelaparan blake kekgi","Trengganu, Malaysia"
2022-06-13 05:23:24+00:00,1536217654293590016,gifthubdotco,kelaparan pulak. cane nk diet ni. haishh isnin depan la,"Ampang, Wilayah Persekutuan Ku"
2022-06-11 02:11:49+00:00,1535444664865943554,gifthubdotco,@fullymodestbyn belomm uhukk kelaparan,"Ampang, Wilayah Persekutuan Ku"
2022-06-10 01:37:55+00:00,1535073743294562304,zila_momo,"@KFCmalaysia Done. Sila baca tau. Sy tidur dalam kelaparan dan kecewa sampai sekarang.

Sekian Terima Kasih. https://t.co/nUfkZ7QTIA",KMNS | UPM | Subang Jaya
2022-06-04 14:31:42+00:00,1533094145551900672,Arajaraj50,Bila ia termuntah akan jadi kelaparan akibat nya.. Adoi terpaksa makan after 10pm..Harap2 bsk blh bangun gi jogging.,Damansara
2022-06-04 05:07:48+00:00,1532952237311373314,PrinceRayDauz,@Jejakapadu7inch @danialamsyar_ Bodoh kan..menipu sb nk dpt follower ramai..lagi bodoh yg mudah terpedaya tu percaya lepas tu g follow macam kelaparan.🤣🤣🤣,"Kuala Lumpur, Wilayah Persekut"
2022-06-02 02:46:11+00:00,1532191822662905857,FarahDeanna_,Saya kelaparan yg amat. Last makan tengah hari semalam.. 😭,
2022-06-01 14:57:21+00:00,1532013435277279234,eagleaslanded66,"@La_FarEast Rakyaat kelaparan, ekonomi down, Harga barang naik  tapi istana renovation on fasilities  tukar katil, sofa, half a million, isn't it a waste, what the agong respond on these matter, or what the respond among all the raja raja tanah melayu, utang negara belum selesai lagi.","Pulau Lang Tengah, Terengganu"
2022-06-01 14:29:25+00:00,1532006408559816711,twttofrhn,"@maness_ness @meowonges Tabur dedak kat dia , lepaskan ayam kelaparan . Ngam gila",
2022-05-30 08:42:53+00:00,1531194422074826752,Angkut_,@AirulMona @yousirisxoxo @KHDAAPK Dia kelaparan dahaga kasih syaaayunk ...mungkin abe boleh berikan perhatian dan kasyih syayunk buat dia be...,langit nan biru.
2022-05-29 01:05:53+00:00,1530717027530248192,PrinceRayDauz,@HanzArry @Arajaraj50 Dah tak ada dah kluster2 ni tapj tu la macam apa jer tgok kelaparan sangat ngan ayam kapci tu,"Kuala Lumpur, Wilayah Persekut"
2022-05-28 10:38:11+00:00,1530498662278713344,beitysaid,Kucing umah ak nie kelaparan teruk bole pengecas fon pon di bole nk telan,"Klang, Selangor"
2022-05-23 12:27:46+00:00,1528714302303047680,tgadamfahmy,Muka kelaparan.. adehh.. https://t.co/Ndu9eygyhC,Kuala Lumpur City
2022-05-22 05:43:43+00:00,1528250233968533504,MatilahHukumnya,@Monaschaa aminn tapi scha biarkan jijo kelaparan ni,
2022-05-19 06:02:26+00:00,1527167780033744897,marynasaruddin,Dgr pasal org mati keletihan masa hiking ni buatkan aku geram kekadang dgn sglintir penganjur yg kkdng buat xkisah dgn line up. Line up kelaparan and letih xde sweeper kt blakang. Yg ada line up sndiri yg jaga masing2. Korang nk kejar apa ntah laju2 turun.,"Toronto, Ontario"
2022-05-17 11:22:26+00:00,1526523534708973568,madel_ezra131,Hasil berejam kelaparan menunggu nombor giliran. Bulan puasa pun tak macam ni. Tak dan tunggu p Korea aih. https://t.co/QQ6EFPpGbJ,"Selangor, Malaysia"
2022-05-12 06:16:24+00:00,1524634577775517696,razarro_,"Hangat &amp; kelaparan, mujur dah beroperasi.... (@ Hot &amp; Spicy Cafe @ Giant) https://t.co/OSdeQC3dkW","Damansara, Selangor"
2022-05-12 05:20:19+00:00,1524620465138204672,adamapotek,"Dear smokers, stop smoking indoors when there are kids around.  Common sense lahhh. Ba pedulik ko dato ke i will tell u off! 😡😡😡😡 terus kelaparan aku..","Selangor, Malaysia"
2022-05-09 14:20:01+00:00,1523669120444952576,BNerdy13,Tertidur lepas balik kerja. Now kelaparan. Astagaaa,"Kuantan, Pahang"
2022-05-09 12:29:32+00:00,1523641317494226944,KerinaKhiudin,Oh Kelaparan.,Kuala Lumpur
2022-05-08 12:04:50+00:00,1523272712902246400,iamchemart,kelaparan pulak,Damansara
2022-05-08 02:27:58+00:00,1523127540805619712,nickmiraa,siapa buat open house kat selangor jemput la saya. banyak kedai tutup dan saya kelaparan,
2022-05-07 07:05:05+00:00,1522834890143592449,ZoeFinnn,Sis dah lapar ya masa tu sbb sis bfeed. Bila bfeed kelaparan tiada tandingan. Puasa sis boleh tolerate lagi to bfeed is a big NO. 🥲,Kampong kat Jepun
2022-05-03 01:43:12+00:00,1521304334251999232,itsaaimanyaakob,Bangun tidur kelaparan. GM everyone!,
2022-04-23 15:26:46+00:00,1517887715383349248,SuezySuezy001,Muka kepenatan n kelaparan..huhu https://t.co/BxBhSOgejx,
2022-04-21 16:40:26+00:00,1517181475892113408,Rayvenrajpillai,Petani adalah sebagai seorg IBU YG MENYUAPKAN MAKAN UTK ANAK2NYA (RAKYAT) YG KELAPARAN.. #HentikanPengusiranPetani,
2022-04-21 14:15:12+00:00,1517144926857097217,BukuPujangga,"PUASA, LAPAR SUCI &amp; PAKAIAN TAQWA

Puasa mempunyai jasad dan ruh; jasadnya ialah kelaparan manakala ruhnya mengingati Allah

Kualiti puasa berpadanan dengan niat dan tujuannya; lagi mulia niatnya maka lebih suci dan lebih indah pula kelaparannya! https://t.co/GIIZyJ6cjm","Petaling, Selangor"
2022-04-15 03:13:25+00:00,1514804054878486529,BukuPujangga,"Wahai saudaraku yang mulia

Jika engkau tidak punya wang
Janganlah engkau malu dan meninggalkan keluarga dalam kelaparan

Dipersilakan ambil apa yang diperlukan daripada sayur-sayuran ini untuk anak-anakmu 

Rezekiku dan rezekimu daripada Allah","Petaling, Selangor"
2022-04-12 13:41:23+00:00,1513874924590759943,rizblck,"maka mintalah petunjuk kepada-Ku nescaya Aku akan memberikan kamu petunjuk. 

Wahai hamba-Ku, kamu semua berada dalam kelaparan kecuali sesiapa yang Aku berikan kepadanya makanan, maka mintalah makanan kepada-Ku nescaya Aku berikan kamu makanan.",Kuala Lumpur Federal Territory
2022-04-05 12:01:45+00:00,1511313138008072194,beardropsmy,@boboinft Hahaha. Sama ada kita kelaparan sebab nampak macam roti canai atau design tu memang design roti canai! 😂,Subang Jaya
2022-04-04 04:38:16+00:00,1510839141977960448,fadiela94,"ada tak siapa2 tau mana2 rumah kebajikan untuk OKU? kalau boleh nak area pj, KL Dan sekitar sahaja. kesian pulak aku tengok budak ni terbiar hari2 tido dekat tangga dengan kelaparan. ada jumpa 1 kat pj tapi mostly non malay so takut makan dia kat sana nanti 😅",Malaysia
2022-04-01 10:23:36+00:00,1509838886037442560,bibliobuku,"Umat Islam diwajibkan memperhati dan membantu orang miskin dan orang yang berada dalam kesulitan. 

""Tidaklah beriman kepadaku, orang yang semalaman merasa kenyang, sedang tetangganya kelaparan di sampingnya dan ia pun mengetahuinya."" (H.R. Thabrani) 

https://t.co/H8kJYMlhjJ https://t.co/Qijnf8l7xD",
2022-04-01 07:28:19+00:00,1509794775586664450,bibliobuku,"Sesungguhnya, kelaparan adalah satu proses mendidik hati dan nafsu yang paling ampuh. 

Sudahkah anda sudah bersedia untuk bulan yang paling mulia ini?

https://t.co/wzK4mjjUTu",
2022-03-27 15:34:17+00:00,1508105134303113218,FattahAbdulll,":’( sedih bila kedai dah tak ambil order. Kelaparan lah macam ni

Sometimes bukan nak mengeluh, tapi tulah, tadi tapau nasi kat office, basi tak sempat makan. Ni nak order dah tutup kedai.

Takpelahh kita balik masak lah maggi","Setapak, Selangor"
2022-03-25 08:43:05+00:00,1507276876678856704,apikovic,Kelaparan anjing. Balik kerja terus tidor,"Ampang, Wilayah Persekutuan Ku"
2022-03-22 11:26:28+00:00,1506230829776744448,lyshability,Menangis kelaparan,"Selangor, Malaysia"
2022-03-22 01:29:44+00:00,1506080653821243392,YusriShamsuddin,"Titakdirkan pagi ni aku tertinggal barang. So kena la patah balik rumah ambil barang tu.  

Hikmahnya ada seekor Oyen tunggu depan rumah kelaparan. Rezeki dia dapat makan Royal Canin. Alhamdulillah. 

🤲🏿🐱",kuala lumpur
2022-03-19 02:42:21+00:00,1505011768023973888,mirzarazak,"Time first jumpa dekat depan 7e Machang, ingat tikus putih makmal tu sebab kecik gila rupanya kucing yg kelaparan dengan basah kuyupnya.",Shah Alam
2022-03-18 18:25:08+00:00,1504886635720105984,anna_erza,"Betul lar kata pakar, jauhi phone 2 jam sblm tidor..klau x jadi cam aku x mau tidor plus kelaparan😫","Kuala Lumpur, Malaysia🇲🇾"
2022-03-16 16:54:50+00:00,1504139136244260870,muhamadahjiz,"Biar apa warna parti, aku lihat semua sama. Lemah, takda pendirian, takda prinsip, dan tak berpandangan jauh dlm mentadbir negara.

Fail to plan is planning to fail.
Jgn dah gagal nanti baru nak betulkan. Mahal harga kegagalan ekonomi negara. Ada rakyat mati kelaparan nanti.",
2022-03-13 07:19:41+00:00,1502907231372685312,lemonization29,@Nenekkebayan_ Lapaaaaar la. Nek ni saja bg i kelaparan tau tengok sedap2 mcm nj,"Kuala Lumpur, Wilayah Persekut"
2022-03-09 23:31:38+00:00,1501702278516215810,zarnizarMY,"Ya Allah, Kau gantilah ketakutan, kesusahan , kesejukkan &amp; kelaparan mereka ini dgn ketenangan dan dipermudahkan buat anak2 ini. 😢 luluh nya rasa hati melihat","Kuala Lumpur Federal Territory, Malaysia"
2022-03-03 10:31:51+00:00,1499331713251831815,penulisanbebas,Kadang2 grab ni menyusahkan. Ade ke ambik order bundle sekali bagi kat rider tu. Yang kita kelaparan ni nak buat apa ni? Tunggu lagi. Tengkorak awak lah.,"Selangor, Malaysia"
2022-02-28 16:17:32+00:00,1498331546469937152,hxzziq,"@AlphaMale9669 Ye la abang fikir abang punya fare je la kan, waktu lunch hour saya 40-45 minit taknak kira ke? 🥲 Saya dah kelaparan ni tunggu makanan.",
2022-02-24 11:34:24+00:00,1496810740690616321,KenzDirge,kelaparan menunggu makanan sampai ke meja https://t.co/Ssv5WGn2fv,Puchong
2022-02-23 12:55:13+00:00,1496468692431163398,Gvan89,8 jam setengah pun tak dapat siapkan. Ini 8 jam. Baiklah. The more hours. Kebulur kelaparan kalau petang,"Kuala Lumpur, Malaysia"
2022-02-21 19:23:34+00:00,1495841644700221440,OYENMICH,Jujake time2 ni kelaparan,"Sungai Buloh, Selangor"
2022-02-16 14:41:01+00:00,1493958598770135041,timmrzac,"@DinieDayana Eh tak laa. cuma dah boleh makan, tak risau sangat anak kelaparan 😆",Malaysia
2022-02-15 06:33:30+00:00,1493473526246158336,emer1705,"Takaful memulakan tugasnya untuk nasi di atas meja, wang sewa rumah, dan susu bagi anak yang kelaparan..

Supaya tidak perlu menjual kereta kesayangan, atau basikal yang dikayuh siang dan malam..",Burj Khalifa
2022-02-13 09:25:00+00:00,1492791908799762433,_AzraiAbdullah,memasing kelaparan lepas Mandi 🤣 (@ Bai Krapraw Seafood) https://t.co/pj4t4dohGB,Singapore - Kuala Lumpur
2022-02-07 13:51:46+00:00,1490684714847547403,OYENMICH,"Kelaparan aku tunggu panda ni , hm babibethol","Sungai Buloh, Selangor"
2022-02-07 07:01:51+00:00,1490581556288946176,beingAmirHamzah,"""Sayang nye lauk semalam dah basi"" rungut aku kelaparan sambil menyesal tak panas kan lauk semalam 😂",Purgatory
2022-02-05 06:10:46+00:00,1489843925812912129,HarirZharfan19,"Kera di hutan disusukan, anak sendiri mati kelaparan. Ni bukan tahap susukan kera ni, ni tahap bagi gorilla liar makan ni. Gila lah PAS. This is what Malaysia will look like if we give PAS the power. We will become Taliban.",Kuala Lumpur
2022-02-04 14:29:57+00:00,1489607161957449730,kiddiepax,"I will try my best to not over eat for any meal time of the day anymore. Why? Because dah tua, nanti perut asyik bloated jaa, then kena heart burn. Kelaparan is easier to handle than tersadai kekenyangan.",
2022-02-04 02:27:48+00:00,1489425427651510272,piqaady,@ikasyapikah Tapi kari tak sama dgn hameediyah huhu. Kami tak pernah makan sesenyap mcm hr tu hahaha kelaparan laki bini,
2022-02-03 18:08:59+00:00,1489299895303688192,kiddiepax,"Every night tido dalam kelaparan. Sebab tu lah by 1 pm dah kena tido. Kalau tak, lapar around 2-3 am. Serupa tak cukup makan jaa.",
2022-02-02 04:50:49+00:00,1488736640990605314,adlyzulkefly,Satu malam kena tinggal habis kelaparan https://t.co/9v0I4mNFtM,Semenanjung Malaysia
2022-02-01 19:13:15+00:00,1488591293215248391,fathull_hussein,"Pukuk 3 pagi kelaparan, terus grill kambing kat atas non stick pan",iN THe MiDDLe oF NoWHeRe
2022-02-01 09:22:51+00:00,1488442711543791616,kyairen,Kelaparan 😬 @ Half Briton Coffee https://t.co/DzqgisL3Cj,Kuala Lumpur
