Datetime,ID,Username,Text,Location
2022-12-18 13:11:31+00:00,1604464375708123136,Panji_Putih,"Di saat berapa juta penduduk dunia yang kelaparan, dunia menyaksikan kemewahan berjuta-juta untuk #PialaDunia2022",Malaysia
2022-11-23 18:58:44+00:00,1595492057929261056,khairunawe,"Kite stress wak..somi kite masak pagi buta ni dahla bau sedap namatey yg kite ni pula diet wak 😭 sekarang bau sampai masuk dalam bilik, stress kite wak. Kalau boleh bagi bau yg dia masak mesti semua pun kelaparan, baunya sedap wakkkkkkkkkk 😭😭😭","Perak, Malaysia"
2022-09-19 08:04:01+00:00,1571772083440615424,syaffeiqha,Kelaparan teruk masing2. Sampai rumah opah semua berebut2 ambik nasi 🤣🤣,"Shah Alam, Selangor"
2022-05-21 14:56:21+00:00,1528026917236256768,DiscoverIpoh,Min kelaparan makanya ke sinilah. Nasib dekat ngan rumah. Bau pun dah sedap https://t.co/IpZDinKBhy,"Kinta, Perak"
2022-05-09 04:13:38+00:00,1523516521309675520,bananyna,Kelaparan,Shah Alam
2022-03-07 15:23:43+00:00,1500854716560863235,V_Nanth,Apa kaitan kerusi ngan kelaparan abam Joon? https://t.co/a6S5MIoKFJ,Malaysia
