Datetime,ID,Username,Text,Location
2023-03-26 14:22:05+00:00,1639996146545496066,cindynoveriana,Aku tok mun sik diberi/di belikan makanan nang sik makan. Sanggup berlapar. Pasya kelaparan.,"Kuching,Malaysia"
2023-03-05 00:43:05+00:00,1632179893747478528,ibnu_m0hammad,@m_mnizam Ya lah kan.. nak ke Sydney time tu.. ayooo.. dah lah kelaparan.. huhuhu,"Kuching, Sarawak"
2022-12-01 03:36:49+00:00,1598159154925174785,HanzArry,@imnnrrzki Dedi biarkan anaknya kelaparan 🥺🥺🥺,
2022-11-30 23:35:02+00:00,1598098307175546880,HanzArry,@imnnrrzki Direct keja kh dedi? Ankmu ini kelaparan dirumh😭😭😭😭,
2022-11-15 15:34:39+00:00,1592541596410863616,Elssie_Shaarawy,Kelaparan yg tahap kebulur. Tp lepas makan trus sakit perutt teramat sangat😭😭,"Kuching, Sarawak"
2022-10-21 07:47:42+00:00,1583364387074547712,Elssie_Shaarawy,Masuk keja shift petang arini dgn perut kriukk kriukk kelaparan 🥲 curi2 kluar sekejap beli kopi o and roti bakar😂 https://t.co/JAzfOVjscE,"Kuching, Sarawak"
2022-07-26 02:13:10+00:00,1551752455171366912,shfxazdx,Bangun bangun dah kelaparan.,"Kuching, Sarawak"
2022-07-11 23:38:17+00:00,1546640047864451072,dsbriella,"Kelaparan ba saya :( 

Tiber I want joo seng toast, George cafe laksa, lao ya keng Kueh chap and green road kolo mee...

Can someone send me food to office?",
2022-07-09 04:49:18+00:00,1545631156590112770,vmegu17,"@puteriarchy Perkara terkejut I pula masa di Brunei 🤭 husband (time to masih bf)
1. 1st time datang I pakai seluar pendek. Seharian I jadi artis sbb kena perhati 🤣
2. Rakyat sana sangat patuh akan zebra crossing.
3. On Friday semua kedai termasuk kedai makan tutup selama 2 jam! I kelaparan",
2022-07-09 04:45:33+00:00,1545630212020310016,vmegu17,First time datang Brunei pake seluar pendek. Yarabi retis aku 🤣🤭 pasya zebra crossing sangat2 dipatuhi oleh rakyat. Lepas ya aku x tauk pun Jumaat sidak tutup kede selama 2 jam! Kelaparan la aku,
2022-07-08 12:16:23+00:00,1545381279621074944,Dmeysrhwong,Handsome tiada guna kalau bersama dia kamu kelaparan dan sedih sedih sorang,"Kuching, Sarawak"
2022-06-12 17:24:30+00:00,1536036736220143616,irahhhhahahaha,gais kelaparan ndabole tidur,
2022-05-16 16:12:24+00:00,1526234117985411073,farahjasenu,@AfiqahAbubakar Ya kmk kejut sikda papa agik… dah lah kelaparan. Jaek ati anak nak makan lasagna. Alu kmk mdh kelak jak kita makan 😭🥹,Borneo
2022-05-08 11:24:58+00:00,1523262680760729601,adek_farid,"Kekurangan stok barangan masak itu benar. 

Banyak kedai dalam Airport tutup sebab kehabisan stok untuk memasak ditambah pula banyak pembekal masih lagi cuti.

Lega saya zaujah buat nasi goreng rakyat marhaen sebagai bekal menunggu belon.

Rancang perjalanan, elak kelaparan. https://t.co/CvM8Mpy3ob",Malaysia
