Datetime,ID,Username,Text,Location
2023-03-27 08:16:19+00:00,1640266484827185152,usermadiii,@meowlapar22 orait je cuma kelaparan sedikit,penang 
2023-03-27 02:49:20+00:00,1640184197661982721,MHXZlQ,kelaparan kelaparan kelaparan :'(,"Penang, Malaysia"
2023-03-18 05:05:15+00:00,1636956912985202689,nabilahazmin,"tanpa kami, athletes kelaparan tauuuu hahaha",
2023-03-01 09:15:04+00:00,1630859185104785408,ALWYALI5,"Ya Rahman ya Rahim, dalam suasana sahabat dan saudara kami diuji dengan banjir ya Allah. Kami terbayang anak-anak mereka yang kesejukan ya Allah. Kami terbayang anak-anak yang kelaparan ya Allah.... Ampuni kami Ya Allah... 🙏 https://t.co/BzmmoM9spo",batu maung
2023-01-14 14:46:24+00:00,1614272726512070656,theusernotf0und,nak termuntah bodoh. minta dijauhkan lah kalau kena dekat aku taubat takmau makan. rela mati kelaparan 😭,Malaysia
2022-10-20 15:56:44+00:00,1583125071354552320,kobayashi_kaito,Aduh..kelaparan. Mcd tutup pukul brapa eh??🫣🫣,Bandar George
2022-08-30 04:20:16+00:00,1564468019543576576,adek_farid,"280kg emas boleh bantu rakyat kelaparan dan mangsa banjir sekarang di Pakistan.

#PrayForPakistan",Malaysia
2022-07-07 09:18:25+00:00,1544974105539031040,Raraiqiee,Kelaparan.  Nak singgah beli pun tadi kedai buka tak banyaak . Nak berhenti pun orang ramai . Athar tidur tadi.,"Bayan Lepas, Penang"
2022-07-05 18:03:41+00:00,1544381516242767872,Asyikin_naa,"aku cannot betul la tgk dia follow je kelaparan, tak nyesal aku tak mkn lunch td 😭 https://t.co/MHa6wQSRzO",Penang
2022-05-20 04:22:06+00:00,1527504916809363456,farahnaabilah,Dok tgok krisis makanan and kaitan dengan dajjal. takut plak aku nak ada anak. Nanti anak kelaparan camana. Pastu dajjal bagi makanan pastu kena ikut dia. 😭😭😭😭,Malaysia
2022-05-10 23:49:37+00:00,1524174853653549056,zulazrihosaini,"@Kessmaess @velilacc Akhir zaman ni semua dah tak pelik.. yang kaya boleh sembang duit raya anak berkepuk² walau anak tu tak kenal pun lagi erti kehidupan, sedangkan di luar sana masih ramai yang kelaparan, gelandangan. Bagi mereka RM1 pun bermakna..","Kampong Gajah, Perak"
2022-02-06 02:00:46+00:00,1490143398690684928,smin_nr,kelaparan 🤣 https://t.co/s5iyV8pXAU,SDK-BKI-PEN
