Datetime,ID,Username,Text,Location
2023-01-30 16:46:17+00:00,1620101103483523072,xxmeaaa,and laki tgh membedal maggi bcs he’s hungry. sian member lama kita ni… kelaparan hbs kerja 🤣,"Sabah, Malaysia"
2023-01-11 14:37:53+00:00,1613183419256832000,xxmeaaa,Lamanya ya nda makan tgh mlm tiba2 kelaparan mcm blm dinner 😌,"Sabah, Malaysia"
2022-12-10 07:21:11+00:00,1601477110522155008,cikmilmohamed,"Alhamdulillah 
Late Lunch Early Dinner
Makan Sorang ii Tenang ii
Bila Balik Utk Weekend 
 Salmon Grilled Peneman Kelaparan &amp;  Memahami Apa Yg Tersirat
#salmongrilled @ Lebak_my https://t.co/X76OsiX9wK","Kuantan, Pahang"
2022-08-31 05:35:46+00:00,1564849406922219522,zamrie_10,"Happy Independence Day Malaysia!!! 🇲🇾
@GrabMY antara yang memerdekakan saya dari kelaparan😇

#Merdeka
#Trending
#Grabfood https://t.co/PAzkNjIBgh","PHG
"
