Datetime,ID,Username,Text,Location
2023-03-30 15:32:49+00:00,1641463497195405317,PemdaKabJember,"BUPATI JEMBER BAGIKAN PMT DI DESA LAMPEJI

Bupati Jember Hendy Siswanto menyerahkan bantuan PMT (Pemberian Makanan Tambahan) kepada para ibu hamil dan balita di Desa Lampeji, Kecamatan Mumbulsari, Kamis 30 Maret 2023.
https://t.co/g1Y6CwS7Z2",Jember
2023-03-30 06:07:51+00:00,1641321321090142208,thereportermy,"""Saya dapat bantuan JKM (Jabatan Kebajikan Masyarakat) RM300 sebulan yang digunakan untuk membeli makanan dan minuman.""

https://t.co/C8VEhz1D2B https://t.co/sKR0R4V2dl",Malaysia
2023-03-30 01:56:35+00:00,1641258085556830209,Fahri_Official,"Halo @ShopeeCare , saya Seller Shopee mohon bantuan penyelesaian pesanan dengan resi SPXID032833481343   

Disini Barang dikatakan gagal kirim, dan dikembalikan ke penjual. Loh sedangkan barang yg dikirim adalah makanan yg sudah pasti rusak saat dikirimkan kembali ke saya.","Medan, Indonesia"
2023-03-30 01:45:54+00:00,1641255398241091589,Fulan806464364,"https://t.co/cI6Yv5Gf9j

🎙 Berkata Asy-Syaikh Ibnu Taimiyyah رحمه الله,

""Memberi bantuan kepada orang fakir dengan makanan di bulan Ramadhan, merupakan sunnah-sunnah dalam Islam, sungguh telah bersabda Rasulullah ﷺ: Barangsiapa yang memberi

https://t.co/1jY3RJGJXK https://t.co/W5GjAunUxv",di bawah langit-MU
2023-03-30 00:49:36+00:00,1641241227885707267,buruhroti,"@belindch Kalau di sekolah anakku buat dana acara kelulusan, selain iuran dari anak kelas 6, murid lain dimintain bantuan jualan makanan pakai katalog. Ga wajib beli,  tp karena jualan makanan ikhlas sih beli, menunya jg enak-enak. Keuntungan jualan yang dipakai buat dana.",Semarang
2023-03-29 15:41:30+00:00,1641103293593317377,jokowi,"Ngabuburit hari ketujuh bulan Ramadan di Pasar Terong, Kota Makassar. Di sini banyak dijajakan makanan berbuka puasa. 

Saya juga membagikan sejumlah bantuan sosial dan sembako kepada para pedagang dan masyarakat. https://t.co/pVfOkpqchP",Jakarta
2023-03-29 13:47:30+00:00,1641074607645147136,diskomkabbekasi,Yuk bayarkan zakat fitrah sebagai pembersih dari hal yang tidak bermanfaat dan ucapan keji selama berpuasa juga sebagai bantuan makanan untuk para fakir miskin. https://t.co/H81y5zF3kd,"Cikarang, Indonesia"
2023-03-29 12:08:42+00:00,1641049742712131586,dapurkelilingEF,"Hari 7 dapur Ramadan utk mbah: telur asin, tumis buncis-tempe, nasi.

Bantuan makanan gratis kpd orang yg sama setiap hari gak hanya bantu mbah2 hemat pengeluaran, tp jg bantu psikologis rasa 'aman pangan' kpd mbah2 yg penghasilan hariannya kecil &amp; gak tentu. Berapapun ... https://t.co/mfH3iICanZ","Yogyakarta, Indonesia"
2023-03-29 10:54:01+00:00,1641030947666644994,detikcom,Bantuan makanan bagi penghuni kos sangat membantu. Beberapa cuitan yang memperlihatkan kebaikan hati terhadap penghuni kos ini berhasil buat netizen terharu...  https://t.co/bQtZu6oihr,"Jakarta, Indonesia"
2023-03-29 10:42:00+00:00,1641027923238092800,chiongsern_n51,"Saya telah membantu dengan memberikan sedikit bantuan kewangan dan bakul makanan yang merupakan kurniaan daripada DYMM Sultan Ibrahim Sultan Iskandar 

Semoga segala dugaan yang dihadapi olehnya dapat ditempuhi dengan tabah.","Kulai Jaya, Johor"
2023-03-29 08:58:03+00:00,1641001765683490816,pmrutckk,"Menteri Perdagangan Dalam Negeri dan Kos Sara Hidup, YB Datuk Seri Salahuddin Ayub berkata, sehingga semalam, sebanyak 26,150 Bakul Rahmah telah diagihkan ke seluruh Malaysia dengan bantuan sumbangan berbentuk makanan asas daripada Yayasan Global Mesra (YGM).
#JabatanPenerangan https://t.co/bzO7KuHdUj","Kota Kinabalu, Sabah"
2023-03-29 08:07:59+00:00,1640989165948121092,JapenSarawak,"Menteri Perdagangan Dalam Negeri dan Kos Sara Hidup, YB Datuk Seri Salahuddin Ayub berkata, sehingga semalam, sebanyak 26,150 Bakul Rahmah telah diagihkan ke seluruh Malaysia dengan bantuan sumbangan berbentuk makanan asas daripada Yayasan Global Mesra (YGM).

#JabatanPenerangan","Kuching, Sarawak"
2023-03-29 07:38:36+00:00,1640981769494335488,JapenPerlis,"Menteri Perdagangan Dalam Negeri dan Kos Sara Hidup, YB Datuk Seri Salahuddin Ayub berkata, sehingga semalam, sebanyak 26,150 Bakul Rahmah telah diagihkan ke seluruh Malaysia dengan bantuan sumbangan berbentuk makanan asas daripada Yayasan Global Mesra (YGM).

#JabatanPenerangan","Perlis, Malaysia"
2023-03-29 07:35:00+00:00,1640980865504407552,JPenerangan,"Menteri Perdagangan Dalam Negeri dan Kos Sara Hidup, YB Datuk Seri Salahuddin Ayub berkata, sehingga semalam, sebanyak 26,150 Bakul Rahmah telah diagihkan ke seluruh Malaysia dengan bantuan sumbangan berbentuk makanan asas daripada Yayasan Global Mesra (YGM).

#JabatanPenerangan https://t.co/nol3XpVyl4",Wilayah Persekutuan Putrajaya
2023-03-29 07:01:46+00:00,1640972499117805568,DagangNews,"Coca-Cola, foodpanda bekerjasama sumbang bantuan makanan kepada golongan memerlukan  | DagangNews https://t.co/gBKSMoNHQH",Kuala Lumpur Malaysia
2023-03-29 06:21:50+00:00,1640962449473171461,YBKMalaysia,#SKR2023 - Rumah yang beliau dan keluarga diami adalah  sumbangan daripada Lembaga Zakat Selangor dan juga mendapat bantuan berbentuk perbelanjaan bulanan RM 500 serta makanan asas - https://t.co/VCN5QodeAO https://t.co/WA3LZN8ZR3,"Petaling Jaya, Malaysia"
2023-03-29 02:22:49+00:00,1640902300800778240,kominfomerangin,"Wakil Bupati Merangin Nilwan Yahya menyalurkan bantuan makanan untuk asupan gizi para ibu hamil (Bumil) dari keluarga tidak mampu.
#merangin
#jambi
https://t.co/GHqviju8XK",Bangko
2023-03-29 01:00:18+00:00,1640881532738097152,milonestum_ais,@hanabelIe Dekat India ada NGO hantar makanan berkhasiat dan segar percuma untuk pelajar sekolah yang miskin. Sekolah akan mohon bantuan makanan. Tiap-tiap hari hantar panas-panas seluruh India. Memang salute cara proses masak sampai hantar panas-panas. Tengok dekat youtube.,"Kedah, Malaysia"
2023-03-28 16:37:28+00:00,1640754990292819969,MunRave,"@Call_Nixon bantuan nya 90 ton berupa obat obatan, makanan dll. sebelum Israel memberi bantuan, sudah tergalang dana sekitar 7 milyar Dollar AS dari puluhan negara.",Indonesia
2023-03-28 11:26:34+00:00,1640676751616675841,dapurkelilingEF,"Hari 6 dapur Ramadan utk mbah: ikan pindang goreng, cah sawi-tahu, nasi.

Bantuan makanan gratis kpd orang yg sama setiap hari gak hanya bantu mbah2 hemat pengeluaran, tp jg bantu secara psikologis dgn beri rasa aman pangan kpd mbah2 yg penghasilan hariannya kecil &amp; gak ... https://t.co/FCrrBTKiPH","Yogyakarta, Indonesia"
2023-03-28 04:48:14+00:00,1640576506383699968,kitafundMY,"Klik link untuk sumbangan Ramadan anak bulus: https://t.co/S1Wc5jAgmF. Sumbangan anda dapat membantunya menyediakan makanan, ubat-ubatan, dan tempat perlindungan yang selamat untuk anak-anak bulus yang terbiar dan memerlukan bantuan.","Selangor, Malaysia"
2023-03-28 04:46:01+00:00,1640575947933110273,ResKulonprogo,Kanitbinpolmas Satbnmas Pokres Kulonprogo Ipda Suryanti dan personel Polres Kulonprogo melaksanakan giat Pemberian bantuan 20 paket sembako  dan Pemberian Makanan Tambahan (  PMT ) kepada balita rangka upaya pencegahan Stunting di wilayah Pedukuhan Dukuh Kalurahan Karangsari https://t.co/4fB1YUhR9B,"Kulon Progo, Yogyakarta"
2023-03-28 01:11:57+00:00,1640522079886794752,Media_Selangor,Seorang ibu tunggal bersyukur dan lega dengan adanya mesin layan diri (vending machine) yang menyediakan bantuan makanan dan penjagaan diri di bawah rumah pangsanya. https://t.co/1YXhExOb0G,Shah Alam
2023-03-27 23:39:48+00:00,1640498888825278464,Lembayung071,"Bantuan Bunda buat Nenek Nana gerobak buat jualan UMKM dan bantuan paket sembako serta makanan siap saji buat para korban Kebakaran Depo Plumpang..Jakut 
Semoga bermanfaat amin https://t.co/7AjRd6RzEf","DKI Jakarta, Indonesia"
2023-03-27 20:33:01+00:00,1640451882954162176,kodamhasanuddin,Koramil 1420-05/Dua Pitue Kodim 1420/Sidrap Rem 141/TP Kembali Menyalurkan Bantuan Makanan Tambahan Anak Asuh Stunting https://t.co/lCj7qlT2ni,"Makassar, Indonesia"
2023-03-27 08:11:19+00:00,1640265226732859392,Media_Selangor,"Seramai 100 penduduk berpendapatan rendah (B40) di Dewan Undangan Negeri (DUN) Bandar Utama bakal menerima manfaat bantuan makanan menerusi mesin layan diri (vending machine).

https://t.co/MPyTeugjv1",Shah Alam
2023-03-26 23:52:02+00:00,1640139576680517632,izhafthes,"Kena puji ni.
Hampa mana tau. Seekor tu cukup tau. Seekor sehari 🤭
Seminggu MP ni tapau bagi bantuan makanan begitu. Haar haar haar.
Nanti waibi up pencapaian kwsn waibi na 🫣",Malaysia
2023-03-26 21:54:38+00:00,1640110035249545217,DURJANA24,"@sbyfess Hubungi pusat bantuan , lalu berikan makanan ke panti asuhan.. jgn lupa foto bukti2 nya dan minta tanda trima beres 1x24 jam balik uange.","Kota Surabaya, Jawa Timur"
2023-03-26 14:21:30+00:00,1639996000281702401,Hms_Poldasultra,"Berbagi Keberkahan Tuai Kebahagiaan 

Sebagai bentuk kepedulian, personel Polwan RI memberikan bantuan berupa makanan siap saji kepada warga yang berada di wilayah Kabupaten Bantul, Daerah Istimewa Yogyakarta. https://t.co/9haP3A1nIW",Kota Kendari
2023-03-26 13:03:42+00:00,1639976421878829060,ArahJuang,"suplai bantuan kemanusiaan, makanan&amp;barang2 penting lain. Sekitar 25 juta rakyat Yaman membutuhkan bantuan kemanusiaan&amp;5 juta org  kelaparan. 2,2 juta kaum muda Yaman kekurangan gizi dan sekitar 4,5 juta orang mengungsi. 

#momentumsejarah
#arahjuang

https://t.co/dHfWVHN1eA","Jakarta, Indonesia"
2023-03-26 12:30:00+00:00,1639967940182433792,DPPBMI,"Bantuan berupa sembako, mie instant, dan makanan tersebut disalurkan melalui posko pengungsi korban longsor. Selain bantuan tersebut, sayap PDI Perjuangan yang merangkul anak muda ini, juga mendirikan dapur umum untuk pengungsi terdampak tanah longsor.",Indonesia
2023-03-26 11:50:49+00:00,1639958079776382976,npc_id,"Berkat bantuan dari berbagai donatur, NPC berhasil membagikan makanan tukiyah kepada warga Gaza yang membutuhkan. 

Selain itu, NPC juga mengajak masyarakat untuk berdonasi dan membantu mereka yang kurang beruntung selama bulan Ramadan melalui: https://t.co/8YJXpKb98w https://t.co/pS4ivqRksz","Jakarta, Indonesia"
2023-03-17 06:34:17+00:00,1636616930827321345,humaspolsekskj,"Peduli Stunting, Polsek Sungai Kunjang Berikan Bantuan Makanan Bergizi

@listyosigitprabowo
@poldakaltim
@polrestasamarinda
@officialkapolrestasamarinda
#Kapolresta Samarinda
#poldakaltim
#polrestasamarinda
#kapoldakaltim
#kapolrestasamarinda
#polripresisi
#jagasamarinda https://t.co/AkCVfpQfI8",Samarinda
2023-03-16 07:36:36+00:00,1636270225523093507,PerakFood,"Gaduh gaduh apa lagi ni pasal menu rahmah? 

Ni port makanan dan air RM1 sahaja. 

Takde bantuan dari gomen, cuma inisiatif dari peniaga dan masyarakat. 

Peniaga dapat habiskan jualan
Masyarakat dapat beli pelbagai jenis makanan. 

https://t.co/KPYOWhtHoC https://t.co/MXDASbTVe8","Perak, Malaysia"
2023-03-16 05:17:08+00:00,1636235126878392320,Media_Selangor,"Inisiatif bantuan nutrisi makanan negeri manfaat 2,800 kanak-kanak tahun ini https://t.co/IpNS8d9jgM",Shah Alam
2023-03-12 09:32:32+00:00,1634849847210819585,PPKH_330526,"Lomba Menyusun Menu &amp; Menyajikan Makanan Sehat Sehari B2SA (Beragam, Bergizi, Seimbang &amp; Aman) Bagi KPM Bantuan Sosial Desa Seling. https://t.co/Dn5Nqdk3FA","Kebumen, Indonesia"
2023-03-10 13:05:53+00:00,1634178764740653057,teammudajohor,"Harini kami teruskan Misi Banjir di kawasan Parit Imam,  Parit Sidek dan Kg Seri Gading . Bantuan dihantar terus kepada penduduk yang terkesan. 

Antara barangan yang disumbangkan adalah makanan kering, keperluan wanita, set kebersihan diri dan juga beras. https://t.co/VPgLS4KLBe","Johor, Malaysia"
2023-03-10 11:21:14+00:00,1634152429355761666,PPKH_330526,"Lomba Menyusun Menu &amp; Menyajikan Makanan Sehat Sehari B2SA (Beragam, Bergizi, Seimbang &amp; Aman) Bagi KPM Bantuan Sosial Desa Karangsambung. https://t.co/ySTpHt0TSs","Kebumen, Indonesia"
2023-03-07 10:57:06+00:00,1633059192734113796,POLSEK_JTJOGJA,".
JETIS JOGJA - Bhabinkamtibmas Polsek Jetis Polresta Yogyakarta bersama Babinsa Koramil 01 Jetis memberikan bantuan Asupan Makanan Tambahan untuk Balita di wilayah Kemantren Jetis Kota Yogyakarta, Selasa (7/3/2023). https://t.co/BaYscHonBb",Jl. Kyai Mojo No.3  Yogyakarta
2023-03-06 15:53:39+00:00,1632771433154633734,MyJAKIM,"Syukur alhamdulillah YBrs. Tuan Haji Ruslan Bin Said, TKPO JAKIM telah menyampaikan ‘Sumbangan Tabung Musaadah Dan Jom Ke Sekolah ’ pada petang ini bertempat di Dewan Kampung Libang Ranau Sabah.Seramai 296 keluarga telah menerima bantuan berupa makanan asas&amp; barangan persekolahan https://t.co/D3wXJvoilg",Kompleks Islam Putrajaya
2023-03-04 23:52:26+00:00,1632167145814777856,suffikamari,"Sudah sudah la update makan sana sini PMX, fokus &amp; serius bantu @onnhafiz MB Johor sedang hadapi banjir ni. Mohon semua menteri beri perhatian serius. Sedih sangat apa yang berlaku di Johor sampai limited  bantuan makanan di area Chaah! @anwaribrahim @saifnasution @fahmi_fadzil","Ulu Kelang, Selangor"
2023-03-04 15:38:34+00:00,1632042859108126720,polsek_tangen,"Polres Sragen Melaksanakan Giat Penyaluran dan pendistribusian Bantuan Makanan di Dukuh Gebung, Ngepung, Manisrejo, Makam, Desa Patihan, Kec. Sidoharjo Kabupaten Sragen yang dipimpin oleh Ipda Nur Arifin. https://t.co/i4VmvFXUpv","Tangen, Indonesia"
2023-03-04 01:48:33+00:00,1631833979296043009,waweamin,"Help guys, banjir kat sri medan sngt2 teruk jalan bnyk terputus, kawasan sejagong kawasan paling hujung kmpng langsung x de bantuan makanan hanya makan ape yg ade saja, mereka menjaring ikan sendiri ( bahaya sbb air dlm ), ini hari keempat bekalan mknn akan habis https://t.co/nBKseSf6DI",batu pahat
2023-03-03 14:30:14+00:00,1631663276349353984,outlaw__J,And the worst thing? Bantuan kat pps xsampai. Air takde. Camne nak kencing berak weh. Makanan pon xde. Basic necessities xde.,J's Pocket
2023-03-03 10:15:19+00:00,1631599123081338880,EzulNrasyraf,Anyway shout out untuk pasukan @PDRMsia kluang kerana banyak membantu dalam bagi info update bantuan untuk kami semua. Even akhir nya aku kluar sendiri tapi still diorang dah tolong geng staff taman negara endau-rompin peta yang masih terperangkap kat dalam bagi bantuan makanan. https://t.co/LyS9tc1RUP,somewhere in earth 
2023-03-03 08:00:32+00:00,1631565204034322433,POLSEK_JTJOGJA,"Dalam kesempatan tersebut diberikan bantuan Asupan Makanan Tambahan untuk Balita dalam rangka penanggulangan Stunting.

@divisihumaspolri @poldajogja @ditbinmas_poldadiy @polresjogja @binmasjogja #poldadiy #poldajogja #polresjogja #polsekjetisjogja #jumatcurhatjetisjogja https://t.co/3TJMuSHqS4",Jl. Kyai Mojo No.3  Yogyakarta
2023-03-03 06:11:35+00:00,1631537788691820550,ProudOrangAsli,"Kerana kelihatannya masih banyak kampung yang terjejas dan memerlukan bantuan yang bukan sahaja barang makanan tetapi meliputi pakaian, selimut, tilam/tikar, air mineral, dapur gas dan lain-lain. https://t.co/9CJeQJj5zL",
2023-03-02 02:29:56+00:00,1631119619162521600,PKSBekasi,Terus bergerak menyalurkan bantuan makanan siap saji meski banjir sudah agak surut #pkspelayanrakyat https://t.co/YkT0jpPt8r,https://goo.gl/maps/djyX55DqaK
2023-03-02 01:48:37+00:00,1631109219780018176,Polpp_damkarcjr,"Pengamanan Kunjungan Ketua DPR RI, Dr. Puan Maharani Nakshatra Kusyala Devi, S.Sos dalam acara penyerahan simbolis dan pembagian bantuan makanan pengganti air susu untuk masyarakat yang terdampak gempa bumi di Bumi Sirnagalih Damai, Cianjur
@H_HermanCianjur 
@ditpolpp_linmas https://t.co/lBMmpr4C3V"," Jl. Siliwangi No.40, Pamoyana"
2023-03-01 23:55:16+00:00,1631080696868646912,klikandri,"@stefanaezer @lucaxyzz @shofie_azzahrah Mas boleh gak sih kita tekankn ke yg minta bantuan makanan, bhwa ini khusus bagi yg bener2 butuh&amp; urgent. Bukan sperti bagi2 nasi random. Maksudnya biar jatah orang yg butuh gak diambil seenaknya.

misal pas di WA ditekankan bbrp kali biar aware aja&amp;lebih tahu situasi&amp;tahu diri","Bandung, Indonesia"
2023-03-01 11:41:34+00:00,1630896052923682818,EzulNrasyraf,Update terikini 7.38pm. Rasa nya dah hampir 24jam masih tiada lagi bantuan. Saya risau mangsa tadi berenang lagi ke seberang sbb die hanya amik bekalan makanan yang cukup untuk satu hari. Risiko tinggi risau tuan badan tak larat lagi.,somewhere in earth 
2023-03-01 02:34:38+00:00,1630758413268574209,PKSBekasi,Total ada 450 paket bantuan yang diserahkan kepada korban banjir di Kecamatan Tarumajaya. 300 paket sembako dan 150 makanan siap saji #pkspelayanrakyat https://t.co/Tc8eIG330s,https://goo.gl/maps/djyX55DqaK
2023-02-28 11:39:52+00:00,1630533239294300160,golkarjateng,"Yellow Clinic DPD Golkar Cilacap juga memberikan bantuan makanan bergizi. 
#golkar #partaigolkar #golkarjateng #JatengGayeng #yellowclinic  @golkarcilacap",Jl. Kyai Saleh 1 Semarang
2023-02-28 09:36:52+00:00,1630502282759643141,POLSEK_JTJOGJA,"JETIS JOGJA - Bhabinkamtibmas Polsek Jetis Polresta Yogyakarta bersama Babinsa Koramil 01 Jetis menyalurkan bantuan Asupan Makanan Tambahan untuk Balita di wilayah Kemantren Jetis Kota Yogyakarta, Selasa (28/2/2023). https://t.co/Iq4y0MFjZy",Jl. Kyai Mojo No.3  Yogyakarta
2023-02-27 13:33:13+00:00,1630199374872551425,irwansyah_112wn,"Polri yang tergabung dalam Emergency Medical Team (EMT) melaksanakan bakti sosial untuk masyarakat korban gempa di wilayah Hassa, Provinsi Hatay, Turki, Minggu (26/2). Bantuan berupa sembako dan bahan makanan tersebut didistribusikan

https://t.co/1VPSvAaC4E",
2023-02-27 12:00:27+00:00,1630176029775106050,pmi_cilacap,Kegiatan Monitoring pemberian makanan tambahan bagi balita stunting dan pemberian bantuan susu ibu hamil kek dan anemia di kecamatan Majenang https://t.co/aSE2HKNeta,Indonesia
2023-02-27 04:00:44+00:00,1630055306712711173,AnasAmdan,"Projek ini bermula ketika pandemik. 

Persatuan kami (BANTU) aktif memberi bakul2 makanan di sekitar Sabah.

Sambil bagi bantuan, kami juga terima aduan dari pekebun tempatan yang mereka tidak dapat jual sayur mereka.

Total waste boleh sampai 500kg! https://t.co/J0kdziD4Av","Kota Kinabalu, Sabah"
2023-02-25 15:04:44+00:00,1629497629091717120,edimulyanto,"Bantuan kemanusiaan Indonesia atas bencana di Turki &amp; Syria mendapat apresiasi @RTErdogan berupa tim dokter beserta obat2an, tim SAR dan bahan makanan serta logistik lainnya
#BanggaIndonesia
#JokowiHebat
#JokowiPemimpinKelasDunia
#JokowiPeduliKemanusiaan
#jokowimemangOK https://t.co/mXzpf5lB6p",
2023-02-25 02:41:22+00:00,1629310558733500416,YCyodi,Kucing ok ja ayam makan makanannya tp bkn anjingla.. Anjing dia menghalau pastu dia panggil manusia minta bantuan jika ambil makanan atau tempatnya https://t.co/RwyrGNSJjG,"Yan, Kedah"
2023-02-24 13:22:18+00:00,1629109466695364609,Gerindra_KRA,"Bantuan tahap ketiga total 140 ton berupa bahan makanan, pakaian, logistik lainya. 
#prabowosubianto
#menhan
#bantuanindonesiaketurki
#bantuanketurki
#indonesiauntukturki
#indonesiakirimbantuaninternasional https://t.co/gmYFlsi21a","Karanganyar, Indonesia"
2023-02-21 11:56:44+00:00,1628000765821476866,POLSEK_JTJOGJA,"Bantuan Asupan Makanan Tambahan bagi Balita disalurkan di wilayah Kelurahan Bumijo, Gowongan dan Cokrodiningratan.

@poldajogja
@polresjogja
#poldajogja #poldadiy #polrestayogyakarta #polresjogja #polsekjetisjogja #GiatBhabinJetisJogja https://t.co/NdgDkFUZKr",Jl. Kyai Mojo No.3  Yogyakarta
2023-02-21 11:55:14+00:00,1628000392436129792,POLSEK_JTJOGJA,"JETIS JOGJA - Bhabinkamtibmas Polsek Jetis Polresta Yogyakarta bersama Babinsa Koramil 01 Jetis menyalurkan bantuan Asupan Makanan Tambahan bagi Balita di wilayah Kemantren Jetis Kota Yogyakarta, Selasa (21/2/2023). https://t.co/F7PDkf9TCk",Jl. Kyai Mojo No.3  Yogyakarta
2023-02-21 07:49:48+00:00,1627938624598847488,IwanSet60750280,"PenyaluranPaket BantuanMakanan TambahanBalita Stunting PolsekSkwBrt PolresSkw 
@PolsekSingkawangBarat
Tw@PolsekSingkawangBarat
#PolsekSingkawangBarat SihumasPolresSingkawang
IG@sihumas_singkawang
@humas_polres_singkawang
TW@Humas_ResSkw
YTSihumasPolresSingkawang
#PolresSingkawang https://t.co/e0lBzD7sIz",
2023-02-20 13:52:01+00:00,1627667390438989829,zee_yusoff,"@AronOsman Generasi lemah. Orang pandang sebab prihatin dan mungkin juga rasa jengkel, tapi biasanya kita prihatin, manalah tahu dia perlukan bantuan kita -- anak tercekik makanan ke apa? Pleaseeeee lha. Tak suka orang tengok, jeling, tapau kat rumah",Sandakan
2023-02-20 05:42:58+00:00,1627544320164372480,butarbutar1974,"Helikopter Dit Poludara Baharkam Polri memberikan bantuan makanan, obat-obatan, dan kebutuhan lainya melalui udara kepada crew Helikopter yg membawa Kapolda Jambi dan rombongan yg mengalami musibah dan mendarat darurat di kerinci Jambi. 

#korpolairud
#poldasumsel https://t.co/JNFXG0DjTB",
2023-02-17 00:54:41+00:00,1626384605162139653,kentanimo,"@gibran_tweet Mas tolong  ..bantuan makanan 
Buat warga joyotakan ...yg kebanjiran ..bnyk anak kecil dan orang tua yg blm dpt bantuan 🙏",
2023-02-15 07:14:14+00:00,1625755345112137728,PolsekMantinga1,Polsek Mantingan memberikan bantuan makanan tambahan kepada balita stunting di Desa Kedungharjo https://t.co/LZSjIHyMZT,
2023-02-14 11:43:36+00:00,1625460746367954944,afaizalfy,Errrr… agak2 kos perjalanan tu boleh cover berapa banyak ubat ubatan atau bantuan makanan yg boleh dihantar eh,Damansara Heights
2023-02-14 11:19:51+00:00,1625454772311699456,POLSEK_JTJOGJA,"JETIS JOGJA - Bhabinkamtibmas bersama Babinsa Kelurahan Bumijo menyalurkan bantuan Asupan Makanan Tambahan bagi Balita di wilayah Kelurahan Bumijo Kemantren Jetis Kota Yogyakarta, Selasa (14/2/2023). https://t.co/8VJID47g0k",Jl. Kyai Mojo No.3  Yogyakarta
2023-02-14 03:01:48+00:00,1625329434042716160,dishub_bwi,"Setia Berbagai
Today 

Penyaluran bantuan suplai makanan kepada warga terdampak pasca banjir di Kantor @BPBDBwi https://t.co/liyqOf70pX","Banyuwangi, Indonesia"
2023-02-13 10:00:33+00:00,1625072428056723456,dishub_bwi,"Setia Berbagai

Penyaluran bantuan suplai makanan kepada warga terdampak pasca banjir di Kantor BPBD. https://t.co/wfm9wGnO4d","Banyuwangi, Indonesia"
2023-02-10 03:30:03+00:00,1623886990902173696,ridwanprastowo,"@gojekindonesia ,mohon bantuan untuk harga makanan di resto ayam betutu khas gilimanuk ,jl woltermonginsidi 63A kebayoran baru jaksel dibantu untuk update terbaru..karena customer sering complain..terima kasih..",
2023-02-07 14:52:22+00:00,1622971535224115201,POLSEK_JTJOGJA,"JETIS JOGJA - Sinergi TNI - POLRI mendukung program Pemerintah dalam upaya pencegahan Stunting, Bhabinkamtibmas Polsek Jetis bersama Babinsa salurkan Bantuan Makanan Sehat berupa Asupan Makanan Tambahan untuk Balita di wilayah Kemantren Jetis Kota Yogyakarta, Selasa (7/2/2023). https://t.co/Fv0PjHJj95",Jl. Kyai Mojo No.3  Yogyakarta
2023-01-28 10:55:05+00:00,1619287942362705920,JapenSabah,"2,586 KIR Terima Bantuan Bakul Makanan

🔗https://t.co/eMvQx7Ikd9

#JaPenSabah https://t.co/YJj6uBr8kf","Kota Kinabalu, Sabah"
2023-01-18 05:44:31+00:00,1615585907750625288,kyril_graguks,"@panahberacun77 Ya Bro.Hebatnya Aturan Allah, Semalam Ada Sekeluarga Cina Hantar Bantuan Makanan Haiwan Jalanan.Syukur Alhamdullilah.Ada Sahabat Sudi Tangung Kos Pembaikan Jentera Putih.Allahuakhbar.","Perak, Malaysia"
2023-01-06 17:46:05+00:00,1611418842450006016,ziendy_aksara,"Open donasi korban banjir Meteseh Semarang. Insya Allah amanah, besok OTW ke Semarang.

BCA 5490504321 a.n Ziendy Zizaziany  

Tulis di catatan ""Donasi Banjir Meteseh""

Bantuan Barang:
✅ Selimut
✅ Pakaian Hangat
✅ Popok Bayi
✅ Makanan
Silahkan DM

#Semarang
#semarangbanjir","Jakarta Barat, DKI Jakarta"
2023-01-01 12:11:14+00:00,1609522637612650496,kahabanews,"Dinsos Salurkan Bantuan Kursi Roda dan Makanan untuk Penyandang Disabilitas: Dinas Sosial (Dinsos) Kota Bima bersama Sentra Paramita Mataram membagikan sejumlah bantuan sandang bagi penyandang disabilitas, serta sebanyak 90 paket bantuan makanan.… https://t.co/pfy3MH5o5N",Bima
2022-12-30 17:04:05+00:00,1608871558088654850,AhmadZarulAfiq1,"Semoga rombongan sukarelawan #maribantu bersama bantuan perubatan, makanan asas selamat tiba esok pagi di Kelantan. Kami dah gerak! https://t.co/hVWVFNXKoM",
2022-12-28 15:29:06+00:00,1608122881116106754,Aminadri_,"Alhamdulillah, selesai mengagihkan bantuan bakul makanan kepada isi rumah di Kg Alor Durian yang terkesan akibat banjir.
 
Alhamdulillah terbaik mb🥰

#ybpas
#mbpas
#kelantan https://t.co/lVziyyPcmw",
2022-12-27 09:54:58+00:00,1607676403826462722,Aminadri_,"Penoreh getah terjejas terima bantuan 

BALING- Sembilan penoreh getah dari Kampung Charok Kelian menerima sumbangan bakul makanan daripada Ahli Parlimen Baling, Ustaz Hassan Saad petang ini.

23.12.2022 https://t.co/zGz1TpsvUw",
2022-12-26 07:12:07+00:00,1607273034821558273,ummah_today,"TUMPAT: Sukarelawan kenderaan pacuan 4 roda, MAPIM Rangers menggembleng tenaga untuk menyalurkan bantuan seperti keperluan asas dan makanan panas kepada penduduk terjejas banjir termasuk yang tidak berpindah ke pusat pemindahan sementara (PPS)

https://t.co/yA652UZXUZ",
2022-12-24 10:50:49+00:00,1606603293824028674,akmalarif90,"Sinar Harian

Agih 12.4 tan metrik bantuan makanan kepada mangsa banjir

25 minit yang lalu - https://t.co/s5hV0Owb1p",Malaysia
2022-12-24 01:55:03+00:00,1606468464033804289,dddykool,@ar_ruzzi itu bukan total solution kpd kawalan harga mcm makanan.. do you understand last dia mentioned weren’t there yet.. kalau ikut kn basic economy mcm tu supply and demand .. kan dia ada kata kjn memainkn peranan utk bg bantuan utk memastikan bekalan tk terputus dgn harga yg tk beban,"Jakarta Pusat, DKI Jakarta"
2022-12-22 13:41:30+00:00,1605921474509930498,akmalnasir,Tadi pun saya sempat bersama-sama pasukan Bomba mengagihkan bantuan kotak makanan tajaan PR1MA kepada mangsa banjir.,"Johor Bahru, Johor"
2022-12-22 13:41:29+00:00,1605921468331982848,akmalnasir,"Ada mangsa banjir yang memilih untuk tidak berpindah dan kekal berada di kediaman masing-masing, justeru menjadi tugas pasukan Bomba bukan sahaja memantau keadaan kediaman supaya kekal selamat didiami, malah sehingga memastikan bantuan keperluan termasuk makanan disalurkan. https://t.co/i05tkw16QF","Johor Bahru, Johor"
2022-12-22 06:26:23+00:00,1605811972414619649,AbangAirul,@mynewshub Are la pya banggang hal lama sibuk Nak dibangkitkan ..bangkitakn semula hal nuar tue banjir kat pantai Timur tue bole surut ker ?? Bantuan makanan tercampak dari langit ??,"Gombak, Selangor"
2022-12-21 13:56:33+00:00,1605562872758767617,ssyafiqezanee,"@mighvv @adlynacreampuff bersyukur apa yang diberi. Ok la tu sampai la juga bantuan dari takde..kalau  banjir teruk,mgkin diorg da ke pusat pemindahan..sana makanan bnyk..",
2022-12-21 11:09:41+00:00,1605520880548777985,Aminadri_,"• 50 Keluarga di Sungai Limau terima bantuan bakul makanan
• 30 mahasiswa Pedu terima bantuan awal IPT Negeri RM300

Berita penuh di laman Facebook Urus Setia Penerangan Darul Aman

#UrusSetiaPeneranganDarulAman
#UPDA

Kedah terus sejahtera bersama Islam 🥰",
2022-12-21 08:19:15+00:00,1605477990686547973,Fariszuone10,"Suka untuk diingatkan.

Bantuan makanan kepada mangsa banjir kalau boleh yang terus boleh dimakan seperti

✅ Kurma (highly recommended)
✅ Roti
✅ Biskut
✅ Air mineral
✅ Makanan bungkus
✅ Air kotak

Boleh nak bagi beras.
Sertakan sekali dengan makanan2 di atas.",Kuala Terengganu
2022-12-21 05:41:03+00:00,1605438177250246660,xxDonJxx,"Banjir : 

Masa Johor Banjir dahulu, kami bg bantuan makanan siap masak.

Kami sedar dlm musim banjir, keadaan dlm rumah tidak sesuai utk masak, bekalan elektrik ditutup utk keselamatan.

Ramai mangsa lapar dlm keadaan sejuk / hujan masih renyai di luar.","Johor Bahru, Johor"
2022-12-21 05:37:10+00:00,1605437197683130369,xxDonJxx,"@mighvv Masa Johor Banjir dahulu, kami bg bantuan makanan siap masak.
Kami sedar dlm musim banjir, keadaan dlm rumah tidak sesuai utk masak, bekalan elektrik ditutup utk keselamatan.
Ramai mangsa lapar dlm keadaan sejuk / hujan masih renyai di luar.","Johor Bahru, Johor"
2022-12-21 03:12:39+00:00,1605400828981846016,saifnasution,"Ini merupakan sebahagian daripada rentetan usaha serta inisiatif yang telah KDN gerakkan. Misi bantuan kali ini merupakan usaha sama dengan Yayasan Food Bank Malaysia melibatkan serahan awal 1000 kotak makanan.

2/3 https://t.co/K5FzhS9Y4Z",Kulim Bandar Baharu
2022-12-20 10:55:11+00:00,1605154844104593414,ida_adeq,"@muhdhaziqbins @nizambakeri Banjir di Selangor pun di tahap bahaya. Orang Kelantan &amp; Terengganu turun bawa boat sebab kekurangan kelengkapan misi bantuan banjir. Tapi berbeza dengan  situasi pantai timur sekarang. Walaupun paras bahaya, kelengkapan cukup, rakyat tak panik dan bekalan makanan tersedia awal.",paka.terengganu
2022-12-20 05:23:45+00:00,1605071433784492032,kel_sukabumi,"Penyaluran Bantuan Makanan bagi lansia Kel. Sukabumi bantuan dari Kemensos RI 

#sukabumihandal 
#majenganberlari 
#weloveprobolinggo https://t.co/yWXY0mL1Rm","Kota Probolinggo, Jawa Timur"
2022-12-19 01:11:03+00:00,1604645452171063296,Media_Selangor,"LZS hulur bantuan makanan, keperluan harian kepada mangsa banjir Sungai Besar https://t.co/b3Qmj49NkM",Shah Alam
2022-12-17 04:09:29+00:00,1603965583242190849,Jand4Bol0ng,"Bantuan makanan dan kebutuhan lainnya juga alhamdulillah dikasih.
#BINResponCepatBencanaAlam
#BINPeduliKorbanBencana
#BINTurutBerdukaGempaCianjur
#BINHadirCepatUntukRakyat
#BINPeduliSesama https://t.co/zKii6JEpVQ","Jawa Barat, Indonesia"
2022-12-14 14:11:28+00:00,1603029913497636867,ndargombess,Bantuan berupa obat obatan 💊 bahan makanan 🍜 layanan kesehatan 🏥🏨 dan juga air bersih 💧 kepada para korban gempa cianjur terus mengalir @AXA_Mandiri https://t.co/wJSr1VImh4,Malang
2022-12-13 05:52:53+00:00,1602542051584876546,Zaki_Yamani_,"Bagi bantuan kepada orang miskin ni sentiasa ada bantah.

Parlimen Hang Tuah Jaya mulakan bantuan makanan bulanan setiap bulan pada tahun 2019, ada yang tanya ""takkan setiap bulan nak bagi?"" Apa kau ingat orang susah makan sebulan, puasa sebulan? Atau makan masa kempen PRU saja?",
2022-12-12 01:13:41+00:00,1602109401112154113,chenyklau_,"BIN terus salurkan bantuan berupa layanan kesehatan, obat-obatan dan makanan sampai pelosok wilayah terdampak gempa Cianjur. Pray for Cianjur!
#BINResponCepatBencanaAlam
#BINPeduliKorbanBencana
#BINTurutBerdukaGempaCianjur
#BINHadirCepatUntukRakyat
#BINPeduliSesama https://t.co/q8cnGEvqPU","Nusa Tenggara Timur, Indonesia"
2022-12-09 03:13:30+00:00,1601052388663603200,Sudar1Yana,"Presiden Jokowi tinjau posko BIN dan turut membagikan makanan dan bantuan. 
#BINResponCepatBencanaAlam
#BINPeduliKorbanBencana
#BINTurutBerdukaGempaCianjur
#BINHadirCepatUntukRakyat
#BINPeduliSesama https://t.co/bdNauQI4hr","Nusa Tenggara Timur, Indonesia"
2022-12-09 02:55:11+00:00,1601047778301706240,mamajuanica,"Jokowi bagikan bantuan makanan pada anak-anak di CIanjur
#BINResponCepatBencanaAlam
#BINPeduliKorbanBencana
#BINTurutBerdukaGempaCianjur
#BINHadirCepatUntukRakyat
#BINPeduliSesama https://t.co/ENkG078MZH",Nusa Tenggara Barat
2022-12-07 13:00:55+00:00,1600475441826910209,HelmiHarieri,"Aku takde lah suka pun dia ni. Tapi bab ini nampak dia ke depan. Dan penyampaian dia kepada orang kampung pun bagus. Sebab tu Kedah dapat ke PN.

Nak tingkatkan bantuan segera kepada petani bagus. Tapi nama kementerian pun ada keterjaminan makanan. Kena lah forward thinking sikit",
2022-12-06 02:19:26+00:00,1599951620649136128,chenyklau_,"BIN salurkan bantuan berupa layanan kesehatan, obat-obatan dan makanan sampai pelosok wilayah terdampak gempa Cianjur. Pray for Cianjur!
#BINResponCepatBencanaAlam
#BINPeduliKorbanBencana
#BINTurutBerdukaGempaCianjur
#BINHadirCepatUntukRakyat
#BINPeduliSesama https://t.co/t70wqvF315","Nusa Tenggara Timur, Indonesia"
2022-12-02 03:20:28+00:00,1598517428065300481,KantahKabPWK,"Kepala Kantor Pertanahan Kabupaten Purwakarta, Yus Sudarso beserta jajaran memberikan langsung bantuan untuk korban gempa bumi di Cianjur berupa bahan makanan, peralatan mandi, popok sekali pakai untuk anak dan keperluan lainnya, Kamis (01/12/2022). https://t.co/pAL6H7dntV",Jl. Raya Bungursari No. 2
2022-12-01 16:05:47+00:00,1598347636528275457,TumenggungAK,"Untuk bantuan sembako bisa berupa beras, makanan kaleng, abon, minyak goreng, telur, ikan asin, atau apa saja, Mie instan masih banyak stock. Dan mereka sudah mulai bosan dgn Mie instan, terutama anak2 perlu asupan gizi tambahan https://t.co/cWkWax2FM5",jakarta
2022-12-01 05:57:58+00:00,1598194674636062720,F_SyimaM,"@KakchikAshaKC Sebab tu kena stop bantuan makanan ni. DBKL dah stop tapi ada je lagi yang buat. Kadang2 makanan lebih melimpah ruah. Kalau time puasa lagi lah.
Kat Anjung Singgah pun banyak buat program utk gelandangan under YKN. Tapi tu lah..","Setapak, Selangor"
2022-12-01 04:15:18+00:00,1598168840730353665,chenyklau_,"Tim kemanusiaan BIN salurkan bantuan berupa layanan kesehatan, obat-obatan, makanan siap saji, serta uang tunai.
#BINResponCepatBencanaAlam
#BINPeduliKorbanBencana
#BINTurutBerdukaGempaCianjur
#BINHadirCepatUntukRakyat
#BINPeduliSesama https://t.co/jz1Q35xYpQ","Nusa Tenggara Timur, Indonesia"
2022-11-30 07:39:21+00:00,1597857803040747521,golkar_id,"Siang Tweets✨

Sejuta Cinta untuk anak-anak di Cianjur💛

Ketua Ikatan Istri Partai Golkar, Yanti Isfandiary Airlangga beserta rombongan beri bantuan Trauma Healing, makanan, hingga bantuan kesehatan, untuk membantu para warga terdampak gempa Cianjur, (29/11)🥰

#GolkarIndonesia https://t.co/GxhZhc4mh3",Jl Anggrek Neli Murni Jakarta 
2022-11-29 03:43:23+00:00,1597436030948638720,petrominer_com,"Selain memberikan bantuan berupa bahan makanan, perlatan tanggap darurat dan obat-obatan, Medco melibatkan relawan psikososial dalam membantu menanangi anak-anak korban gempa yang mengalami trauma
.
.
.
#medcoenergi #medcofoundation #relawan #gempa
 https://t.co/myvlUhe7yK",Indonesia
2022-11-28 11:07:09+00:00,1597185319530827777,intansafety_yk,"@txtdrimedia Terus terang, mimin baru kali ini melihat berita korban bencana request bantuan, entah itu tenda, makanan, baju, dll.

Staysafe!",Yogyakarta
2022-11-28 05:24:07+00:00,1597098995054088192,Samapta_Prabu,"Satsamapta Polres Prabumulih Polda Sumsel memberi bantuan makanan pada pengemis Bapak-bapak tua di simpang 3 Jalan Pandean Prabumulih
@polisi_sumsel
@spripimpoldasumsel
@ResPbm
@prabumulih_siruuu 
#polripresisi
#polrihadiruntuknegeri
#poldasumsel
#polresprabumulih
#akbpwitdiardi https://t.co/v0boQREjTO",Kota Prabumulih
2022-11-27 13:07:14+00:00,1596853154834153474,idin_tv,"Relawan jokowi Kumpul di GBK alhamdulillah terkumpul bantuan makanan untuk musibah gempa cianjur  yg tidak sedikit jumlahnya . Lha kadrun kumpul cuma dapat nyinyir. "" Kami majikanmu"" kami majikanmu...hahaha",
2022-11-27 11:05:42+00:00,1596822569071824896,yayasanDTA,"1) Distribusi bantuan bencana gempa cianjur di pengungsian desa cijedil cianjur
Masih open donasi karena masih banyak yang belum terjamah bantuan
Dibutuhkan: perlebgkapan wanita,susu bayi,sembako atau makanan,tenda+selimut dan obat-obatan
Rek BCA 1970469164 https://t.co/nUI1yIXh7c","Jawa Barat, Indonesia"
2022-11-27 10:24:39+00:00,1596812239411249153,arifhasym80,"... Kp. Tunggilis Pojok Desa Ciputri Kecamatan Pacet Kabupaten Cianjur... Salah satu lokasi terdampak gempa bumi di Cianjur... Bantuan ke wilayah ini masih terbatas,... Support yg dibutuhkan Tenda, Makanan, sanitasi (MCK) https://t.co/99YkD4Oq6Q",
2022-11-26 23:59:44+00:00,1596654973172916225,WulanJavanese,@Askrlfess Kasih tau sama yg trima bantuan tapi nyobek kalo itu makanan masuk ke perut ente auto kena baptis ente 🙄🙄🙄,"Bangka Belitung, Indonesia"
2022-11-26 04:30:22+00:00,1596360692822859778,bilalnovanzah,"1. Bahan makanan (beras, minyak goreng, mie instan, dsb) ;
2. Susu anak;
3. Air mineral;
4. Obat2an dan Vitamin;
5. Diapers, Pampes dan Pembalut wanita.
6. Tenda atau Terpal

Mari Kita, berikan bantuan terbaik untuk mereka.",bit.ly/bilal_novanzah
2022-11-25 13:04:42+00:00,1596127738389143552,pmi_cilacap,"KEGIATAN PENDISTRIBUSIAN  LOGISTIK  PMI KECAMATAN GANDRUNGMANGU
Ijin Melaporkan bahwa hari ini Jumat, 25 November 2022  PMI Kecamtan Gandrungmangu memberikan Bantuan Distribusi Logistik (Makanan &amp; Air minum kemasan)
di Desa Karanganyar , Kec. Gandrungmangu 
Tdk ada korban jiwa https://t.co/xTenNgaWiB",Indonesia
2022-11-25 04:51:21+00:00,1596003585841860609,chenyklau_,"Posko BIN beri bantuan berupa makanan, obat-obatan dan layanan kesehatan.
#BINResponCepatBencanaAlam
#BINPeduliKorbanBencana
#BINTurutBerdukaGempaCianjur
#BINPeduliSesama
#GempaCianjur
#GempaBumi
#CianjurBerduka https://t.co/E6Y4Vy7GwM","Nusa Tenggara Timur, Indonesia"
2022-11-24 05:37:41+00:00,1595652857340243968,Humas_Polda_Ktg,"Call Center Polres Cianjur, Layanan Warga Terdampak

#HadirBerikanSemangat Distribusi Logistik Bencana Gempa 

Bagi komunitas atau kelompok masyarakat yang ingin menyalurkan langsung bantuan berupa barang ataupun makanan kepada korban gempa bumi di Cianjur. https://t.co/7nFIkHG42V","Kalimantan Tengah, Indonesia"
2022-11-24 03:44:44+00:00,1595624431480893441,KitaPeduli6,"Mantap.. BIN Buka posko bantuan makanan dan obat-obatan bagi masyarakat di Kab. Cianjur Jawa Barat. 
#BINResponCepatBencanaAlam https://t.co/llBzoVnNIR","Nusa Tenggara Timur, Indonesia"
2022-11-24 03:39:55+00:00,1595623221348343813,infovaksin1,"Buka Posko tanggap darurat untuk membantu para pengungsi mendapatkan bantuan logistik, makanan hingga kesehatan
#BINResponCepatBencanaAlam https://t.co/HomoA598pR",
2022-11-24 03:35:21+00:00,1595622071211474944,tiararud1,"POSKO BIN, Membangikan bantuan Logistik, makanan, hingga pelayanan kesehatan
#BINResponCepatBencanaAlam https://t.co/wLHtNpv8VP","Kalimantan Barat, Indonesia"
2022-11-24 03:35:20+00:00,1595622066404741122,dianpaskamasala,"POSKO BIN, Membangikan bantuan Logistik, makanan, hingga pelayanan kesehatan
#BINResponCepatBencanaAlam https://t.co/PMIKxMBRl5","Kalimantan Barat, Indonesia"
2022-11-24 03:35:19+00:00,1595622060771852290,Mariana4n4,"POSKO BIN, Membangikan bantuan Logistik, makanan, hingga pelayanan kesehatan
#BINResponCepatBencanaAlam https://t.co/EE8eR3qAFz","Kalimantan Barat, Indonesia"
2022-11-24 03:35:17+00:00,1595622055093096449,fatimanuzurul,"POSKO BIN, Membangikan bantuan Logistik, makanan, hingga pelayanan kesehatan
#BINResponCepatBencanaAlam https://t.co/5hLTsw2Ae8",Kalimantan Barat
2022-11-24 03:32:10+00:00,1595621268518490112,tiararud1,"Respon Cepat BIN, Bantuan Seperti Makanan, Minuman, Kebutuhan Bayi diberikan kepada korban yang terdampak gempa di cianjur
#BINResponCepatBencanaAlam https://t.co/oDEEnSXnBf","Kalimantan Barat, Indonesia"
2022-11-24 03:32:09+00:00,1595621263250141184,dianpaskamasala,"Respon Cepat BIN, Bantuan Seperti Makanan, Minuman, Kebutuhan Bayi diberikan kepada korban yang terdampak gempa di cianjur
#BINResponCepatBencanaAlam https://t.co/ZrA1xs72oB","Kalimantan Barat, Indonesia"
2022-11-24 03:32:07+00:00,1595621258368278528,Mariana4n4,"Respon Cepat BIN, Bantuan Seperti Makanan, Minuman, Kebutuhan Bayi diberikan kepada korban yang terdampak gempa di cianjur
#BINResponCepatBencanaAlam https://t.co/u7spyMI45x","Kalimantan Barat, Indonesia"
2022-11-24 03:32:06+00:00,1595621252726607872,fatimanuzurul,"Respon Cepat BIN, Bantuan Seperti Makanan, Minuman, Kebutuhan Bayi diberikan kepada korban yang terdampak gempa di cianjur
#BINResponCepatBencanaAlam https://t.co/O0EDS3js7W",Kalimantan Barat
2022-11-24 00:44:58+00:00,1595579191948636160,Cardi_Al29,"Info peluang amal jariah :
*1. URGENT BANTUAN UTK KORBAN GEMPA + BANJIR BANDANG CIANJUR😭*
- Update dana terkumpul baru : Rp 2.140.000
_(Donasi bisa berupa Uang, obat obatan, makanan pokok, pakaiandll)_","Kota Tasikmalaya, Jawa Barat"
2022-11-23 13:25:46+00:00,1595408264811913218,jr_kepbabel,"Halo Jasfren!
Jasa Raharja, melalui Cabang Utama Jawa Barat, turut serta dalam penanggulangan bencana alam gempa bumi yang terjadi di Cianjur, Jawa Barat. Salah satunya dengan memberikan bantuan sembako dan makanan ringan kepada warga terdampak. https://t.co/9eTCuoGjpx","Kota Pangkal Pinang, Bangka Be"
2022-11-23 10:40:20+00:00,1595366634428010497,knsimeulue,"Senin 21 November 2022 lalu.

Bantuan kemanusiaan tersebut berupa uang tunai sebesar Rp400.000.000,- (empat ratus juta rupiah), 3 truk sembako yang berisi beras, minyak goreng, kecap, gula, kopi, teh, makanan siap konsumsi, air mineral, biskuit, indomie, obat-obatan, tenda","Simeulu Timur, Indonesia"
2022-11-23 05:38:44+00:00,1595290735196061696,inthesky014,"@jek___ Assalamualaikum tad.
Saya mewakili korban gempa di cianjur..minta doanya untuk semua yg baca ini. Kami berharap tidak akan ada lagi korban jiwa yg lainnya..kami jga berharap ada bantuan logistik. Entah itu berupa makanan atau minuman","Cianjur, Indonesia"
2022-11-22 06:27:28+00:00,1594940610456489987,asstttrrrrr,Butuh makanan selimut kasur tenda air mineral obat apapun bentuk bantuan diterima,lo-cation gue-cation
2022-11-22 06:09:13+00:00,1594936018691465216,Cardi_Al29,"🏨Pada bencana gempa ini warga terdampak, sangat sekali membutuhkan bantuan darurat berupa: selimut, kasur, makanan pokok, keperluan ibu dan bayi dan lain sebagainya

✅Yuk ikut paket kebaikan====================
💖 _Silahkan Salurkan infaq terbaik anda melalui Transfer ke_ :","Kota Tasikmalaya, Jawa Barat"
2022-11-21 01:08:55+00:00,1594498057814827009,ladyonearth,Siapa pun PM dan party mana yg di pilih menjadi kerajaan. Tetap jugak gais kita bgun hari2 bekerja demi kelangsungan hidup jd xpyah soksek sgt mcm klu ada new PM xpayah kerja sdh nanti dorang kasi bantuan daily makanan. 😒,tawau
2022-11-16 09:11:39+00:00,1592807601972346880,YanaMajdan,"Alhamdulillah my kampung is ok during pkpd. I mean, makanan, any bantuan semua ok. And proud to my ayah for helping the communities.","Johore, Malaysia"
2022-11-11 13:59:59+00:00,1591068221217857537,choianwar11,"@detikcom Yang janggal dr berita tersebut adalah pagar besi nya ditutup dikunci. Saya rasa jika yang bersangkutan merasa lapar dan tdk ada makanan, pasti minta bantuan tetangga atau mencari alternatif lain guna mencukupi kebutuhan makan. Akan tetapi, pintu yang di kunci menjadikan janggal.","Pandaan, Indonesia"
2022-11-08 08:08:51+00:00,1589892694440300544,juniawan100,"@HafizAhmada4 @SatoshiBTCss @Coredao_Org @WoodyLightyearx @Crypto_Xplore @Honeycomb_Plus @SatoshiBtcs @_SatoshiBTCs @Shadowswap_xyz @icecream_swap @Core_Minig Hampir sama.lakukan perjamuan makanan setiap jum,at sehabis sholat jum,at dimasjid sekitar rumah orang tua dan mertua saya.seumur hidup saya.dan berbagj kepada siapa saja yang memang benar benar membutuhkan bantuan. Semoga lekas mainet.agar kita semua bisa staking di core.",magelang
2022-11-05 10:46:56+00:00,1588845312571211776,AndiPitopang7,"Adapun bantuan darurat yang dibutuhkan, antara lain:
• Makanan siap saji
• Bahan pangan
• Air bersih
• Vitamin dan obat-obatan
• Hygiene kit
• Selimut dan matras
• Perlengkapan bayi, dll.","Dhuri, India"
2022-11-01 00:37:55+00:00,1587242497440292865,kafiradikalis,"...Dapat musibah kecil pagi ini.

Saya kehilangan Drypack berwarna merah. Isinya bendera2+makanan+air+kefiyeh Palestina+songkok hitam.

Bagi warga Lampung di sekitar rest area Gisting yg lihat, minta bantuan'y yah.

Di sana ada kefiyeh asli Palestina, pemberian anak kyai... (``,) https://t.co/s2uBESODFx",Bukan Penganut Agama Islam
2022-10-31 01:56:04+00:00,1586899776989442048,cempedakhangit,"Satu je la nak pesan kat Anwar Ibrahim, orang tambun ni dah biasa terima bantuan dari kerajaan, bantuan makanan, sedekah bubur lambuk, sedekah rendang lemang tu memang dah biasa. So kalau dia menang jiwa orang orang tua kat kawasan tambun ni, tolong teruskan sedekah/ bantuan ni.",Ipoh
2022-10-24 17:33:20+00:00,1584598933397209088,Laju_peTang,"""Hari ini ditandatangani MoU pembangunan kapasitas untuk mendukung pendirian otoritas obat &amp; makanan independen di Palestina. Ke depan pemberian bantuan pengembangan kapasitas akan terus kita lakukan antara lain di bidang UMKM, _e-commerce,_ &amp; penangangan bencana,"" ujar Presiden. https://t.co/8BXGA4B4hy","Kota Surabaya, Jawa Timur"
2022-10-21 04:01:49+00:00,1583307544243490817,HumasMinas,#repost • @polres_siak Personel gabungan Polri dan TNI #PengabdianKepadaRakyat berikan bantuan makanan dan minuman kepada warga yang terdampak bencana banjir. Polri Sigap Peduli Bencana https://t.co/Xedu9hgUgC,"Minas, Indonesia"
2022-10-21 02:27:21+00:00,1583283771507322881,HumasMinas,#Repost • @polres_siak Personel gabungan Polri dan TNI #PengabdianKepadaRakyat berikan bantuan makanan dan minuman kepada warga yang terdampak bencana banjir. Polri Sigap Peduli Bencana https://t.co/RScvi5b3vm,"Minas, Indonesia"
2022-10-20 12:29:52+00:00,1583073009845227520,RakyatB40,"Cara mohon bantuan makanan RM 300 melalui Mykasih.

Cara mohon ⤵️
https://t.co/ZhAlGsZqzB",Malaysia
2022-10-17 09:53:04+00:00,1581946385968291840,dishub_bwi,"Pergerakan sore

Berusaha bermanfaat bagi sesama, pemberian bantuan makanan kepada warga terdampak banjir dan posko pengungsian di SD Sobo. https://t.co/keM1uFy2Bl","Banyuwangi, Indonesia"
2022-10-17 08:24:47+00:00,1581924170270588929,dianrestoe,"@nitalanaf Alhamdulillah Sinar Mas Agribusiness and Food salurkan bantuan beras, makanan siap saji, BBM, &amp; obat ke korban banjir di Kabupaten Ketapang",Jakarta 
2022-10-09 09:47:07+00:00,1579045788625567744,bongkersz,"Bagi bantuan tunai and all is solved..  (dipenuhi dengan baik).

How simplistic.

And kurang pasti bagaimana bantuan tunai = berjaya meningkatkan  hasil pertanian dan pengeluaran makanan negara, sedangkan diberikan semasa musim tengkujuh dan untuk sara diri.

🤔🤔",Borneo
2022-10-09 05:10:39+00:00,1578976213028126720,fajarnugros,"Ini dugaan saya ya:

1. Perbaikan bisa cepat makanya KA-KA penumpang tidak dibelokkan ke Purwokerto. Tapi masuk arah Banjar/ Tasik. 

2. Terjadi hujan deras lagi. Dan jalurnya rawan lagi. Hingga KA yang sudah masuk itu terhenti lama.

3. Bantuan makanan juga terhambat.",
2022-10-07 12:39:19+00:00,1578364347419865089,farahfarawayyy,@OneNyta Sedihnya. Padahal tujuan bantuan makanan ni untuk pastikan anak2 cukup nutrisi. 😓,"Kuala Lumpur,Malaysia"
2022-10-03 15:28:47+00:00,1576957443577241600,emadhan,"@zarazettirazr @NasDem @DivHumas_Polri @ListyoSigitP @Puspen_TNI @tni_ad Hahaha....
Biasanya suatu kejadian bisa jadi bahan politisi seperti selfi, pasang baliho, bagi2 makanan, korupsi bantuan dll...",Pakanbaru
2022-10-03 08:19:48+00:00,1576849485698695169,BUMN_BKS_Unggul,"Halo Sobat BUMN
#SATGASBUMN BRI PEDULI TAPUT memberikan bantuan cepat tanggap utk masyarakat Tapanuli Utara yg terdampak bencana gempa.Bantuan yg diberikan o/ BUMN melalui BRI Peduli berupa obat-obatan,makanan siap saji,kebutuhan pokok&amp;tenda pengungsi
#SATGASBUMN
#BUMNUntukTaput https://t.co/KYQD8L7suG","Bekasi, Jawa Barat"
2022-09-30 09:14:08+00:00,1575775996296704000,yeolahv,"“Tapi pills mahal”

No, they’re cheap. Only if you bother to listen to the KK nurse lepas beranak tu mesti you tahu benda ni tak sampai RM10 at KK

Ye memang ada yang rasa lagi better beli makanan, so tanggung je lah anak nanti jangan memekak minta bantuan",Malaysia
2022-09-29 01:27:07+00:00,1575296079868088320,RahayuSarman,"@ganjarpranowo Ijin ndaan apakah para disabilitas berat ada anggaran ..dari dinsos.
Sebab setelah saya cek ke titik masalah  bahwa sebenarnya mereka hanya butuh makanan bergizi dan sehat sebab tidak bisa lagi di berdayakan apalagi di kasih bantuan alat .sangat miris dan memprihatinkan  pak ... https://t.co/JWgT2paJD5",
2022-09-28 03:40:44+00:00,1574967315401084928,AliBiju_my,"27 September 2022, Selasa  :

Penyerahan Bantuan Kebakaran Di Kampung Darat, Kabong

Sebentar tadi, kakitangan dari Pusat Khidmat P.205 Saratok telah turun padang untuk menyerahkan sedikit bantuan berupa bakul makanan barang keperluan asas sebagai bantuan awal https://t.co/mWcLg8FvpP","Saratok, Sarawak"
2022-09-07 03:57:58+00:00,1567361510204375040,ElOlieq,"Ketika seseorang berteriak merintih kelaparan, kemudian kamu sodorkan makanan, namun dia menolak. Kamu sodorkan minuman, dia juga menolak. Kamu tawarkan bantuan lain dan ia masih menolak.
Maka tinggalkan dia, karena bukan lapar, dia hanya cari sensasi ditengah kebimbangan hidup.","Jakarta Selatan, DKI Jakarta"
2022-09-05 22:23:55+00:00,1566915053013835777,AliBiju_my,"5 September 2022, Isnin :

Penyerahan Bantuan Kebakaran Di Kampung Tengah Hilir Sessang

Sebentar tadi, kakitangan dari Pusat Khidmat P.205 Saratok telah turun padang untuk menyerahkan sedikit bantuan berupa bakul makanan barang keperluan asas sebagai bantuan awal https://t.co/Ez0tQp3xSC","Saratok, Sarawak"
2022-09-04 14:10:56+00:00,1566428603096903681,TaufikDamas,"Peradaban

Peradaban bukan ditandai dengan kemegahan pembangunan. Peradaban ditandai adanya bantuan bagi mereka yang lemah dan papa.

Di dunia binatang, jika ada binatang yang kakinya patah, maka ia akan cepat mati karena tak mampu berlari dan mencari makanan. https://t.co/Ux1xUhMOd5",
2022-09-02 12:26:32+00:00,1565677555352424448,mamavanenbas,"@bankmandiri berinisiatif lakukan rangkaian program kegiatan di berbagai daerah melalui Livin’ utk Indonesia. Di antaranya kolaborasi TJSL di Banten, festival makanan Bingen di Palembang, pemberian bantuan tanggap bencana  kebakaran di Jaksel
#livinuntukindonesia #beritamandiri https://t.co/bSQMpm0DMp",
2022-08-30 05:51:48+00:00,1564491052941471745,Fitri_Nizam,Ayuh kita hulurkan bantuan RM30 je utk keperluan makanan harian mereka🥺,Malaysia
2022-08-28 09:40:53+00:00,1563823926459125760,allexseah_bm,"Memberi sedikit bantuan makanan kepada seorang ibu, anaknya dilahirkan tidak cukup bulan dan masuk wad selama 6 bulan.
捐助一些食物给予这位印裔妈妈，他的孩子早产，之前住院长达6个月。
#AllexSeah #谢守钦 https://t.co/DuYfZN3Fau",
2022-08-18 02:14:15+00:00,1560087649351634944,calon_gadunid,"Jujur nih ya dulu pernah kerja di resto. Kerjaan saya sih emang ngeliatin tamu satu2 untuk memastikan kalo makanan semuanya udh dateng, mastiin meja nya bersih, terus memastikan kalo tamunya butuh bantuan kita bisa langsung dateng ke meja nya",Quahog
2022-08-17 11:59:02+00:00,1559872427471302656,DenpasarKota,"Menyambut peringatan HUT ke-77 RI, TP PKK Kota Denpasar bersinergi dengan Dinas P3AP2KB Kota Denpasar dan Dinas Pertanian Kota Denpasar melaksanakan bakti sosial pemberian bantuan sembako dan sayuran, alat kesehatan serta makanan tambahan untuk anak usia baduta https://t.co/13bZl6Fzv7","Denpasar, Bali"
2022-08-16 15:35:26+00:00,1559564499249958912,addien90s,"Bismillah, saya dan team @MyFundAction selamat tiba di Sabah. InsyaAllah bermula esok selama seminggu, kami akan masuk pedalaman Sabah beri bantuan pelajaran dan makanan kepada mualaf, kanak-kanak dan warga setempat. Ini adalah thread sepanjang misi kami disini. Stay tuned! https://t.co/AG57MiG6ty",
2022-08-14 14:24:24+00:00,1558821846501318658,burningredberry,"Selesai serving yang ke-179. Bantuan makanan pada golongan gelandangan &amp; miskin kota

#DapurJalananIpoh https://t.co/Lmahp8uRLg",Ipoh | Malaysia
2022-08-13 06:33:49+00:00,1558341033158901762,Zeniken1,"@jokowi""(EMBARGO INDONESIA) HUKUM PBB YANG MEMBERI SANGSI NEGARA MELANGGARHAM NEGARA PBB MILITER YANG MENYALURKAN BANTUAN MAKANAN,KESEHATAN,DAN PERDAMAYAAN,BUKAN INDONESIA DI GUGAT MILITER INDONESIA PERDAMAYAN(HILANG KENIKMATAN KARNA KUFUR NI'MAT) HUKUM TIDAK DI TEGAKAN(SOMBONG) https://t.co/BIuzOJsyp3",$$$$$%
2022-08-07 17:30:15+00:00,1556331902583570432,intanwhoo,Setiap kali balik baling memang umi dengan ayah bungkus semua apa saja yang ada kat rumah depa bagi kami bawa balik penang. Ni pun sekotak makanan bawak balik penang. Mcm dapat bantuan dah🤣🤣🤣,Penang
2022-07-23 05:50:04+00:00,1550719875966205953,CheapremeBrand,"#LimaTuntutan #TURUN 

1. Potong Gaji Menteri
2. Kekalkan Subsidi
3. Salurkan Bantuan Bermaruah
4. Kawal Harga Barang 
5. Selesaikan Bekalan Makanan

#ByRakyat4Rakyat https://t.co/whBUi7yQgR",Wilayah Persekutuan Kuala Lump
2022-07-18 02:21:07+00:00,1548855354372476929,edimulyanto,"AS yg terus mdorong Ukraina u bperang dgn Rusia
AS sendiri yg mdpat imbasnya
Karma berlaku u Negara Adi Daya mereka menanam keburukan akan menuai kesengsaraan rakyatnya
Inflasi Meroket, Ribuan Keluarga AS Antre Bantuan Makanan Tiap Hari
https://t.co/P85QsFv3fX",
2022-07-17 01:36:27+00:00,1548481724299890693,rinnodarsono62,"Tribunnews: Perang Rusia-Ukraina Picu Inflasi di Amerika Serikat, Ribuan Warga Antre Makanan Bantuan Tiap Hari.
https://t.co/12dnCY7nQS","Jagakarsa, Indonesia"
2022-07-15 07:41:29+00:00,1547848815042260992,ibswNova,"Inflasi Meroket, Ribuan Keluarga AS Antre Bantuan Makanan Tiap Hari https://t.co/MPVOMxj89j

Negara dng Presiden Zionis--susah makan🧐🤐",Email : ibswpusat@gmail.com
2022-07-13 02:44:03+00:00,1547049184628703232,res_belu,"Kepolisian melalui jajaran Polda Metro Jaya bersama Polsek Cilandak berkolaborasi bersama relawan dan UMKM wilayah Jakarta untuk membagikan bantuan makanan berupa daging olahan rendang.

#SigapHadirMelayani
Cipta Kondusif Kamtibmas",
2022-07-12 06:39:58+00:00,1546746169136943109,nyanyu_id,"@AdjieSanPutro Waktu kebanjiran thn lalu sampai harus pindah sewa rumah lain, bbrp teman kirim bantuan saat pindahan. Ada yg kirim mobil utk bolak-balik pindahan, ada yg nawarin kirim staffnya buat bantuin gw angkut barang, smp ada yg kirim uang dan makanan 🥺",J-town
2022-07-12 00:41:06+00:00,1546655856149667840,Media_Selangor,"Aidiladha: 100 penduduk Ijok terima bantuan makanan, daging korban https://t.co/5flTlj3Ovv https://t.co/zPimWtIAwW",Shah Alam
2022-07-10 09:24:06+00:00,1546062699314159616,jimmypuah,"Hari ini bersama ahli parti @KEADILAN  teruskan usaha bantuan golongan rakyat yang paling terkesan daripada kenaikan barang makanan di Flat Sri Lanang, Taman Desa Tebrau. Saya juga ambil kesempatan ini untuk mengucapkan Selamat Hari Raya Haji kepada semua. #SentiasaBersamaRakyat https://t.co/gkHqXCwSgD",Johor Bahru
2022-07-07 13:56:53+00:00,1545044183118843911,ed_cikipiah,"Org atasan makan sedap, org yg sepatutnya dpt bantuan makanan kena makan kuantiti yg sikit mcmni.",Kedah 
2022-07-06 08:31:35+00:00,1544599932434534400,Ahmad_hendars,"Salah satu pedagang yang juga kaum disabilitas bernama Joko menyampaikan apresiasi atas bantuan yang diberikan dan berharap bantuan tersebut dapat meningkatkan usahanya di bidang makanan.

https://t.co/KleoHK5evI","Bogor, Jawa Barat"
2022-07-06 05:00:10+00:00,1544546727553667072,TuanAzlan_S,"Dulu kalau makan kat kedai, makanan kat pinggan sendiri dah habis still boleh tolong habiskan makanan orang sebelah if diorang perlukan bantuan 😅...
Tapi sekarang.. Hurmmm nasi ayam sendiri pun 40% jer boleh habiskan",
2022-07-05 09:50:20+00:00,1544257363019829248,AbdullahMY74,"@IsmailSabri60 Golongan yang paling terkesan ialah pelajar. Mohon juga dilihat golongan pelajar di sekolah² rendah dan menengah terutama golongan rentan dan B40. 

Bantuan Harga Siling Makanan untuk Pelajar IPT. Kami ucapkan ribuan Terimakasih.",Kuala Lumpur
2022-06-24 12:15:37+00:00,1540307657113755648,rizqipurnamaku,"Case:

1. Emak menggerakkan ucils ikutan tahlil
2. Emak menggerakkan ucils memakmurkan (meramaikan) mushola
3. Emak sibuk di dapur dan meminta bantuan ucils utk menyiapkan makanan yg akan dibagi

•insyaallah tuits ini akan menjadi kenangan saat ucils dewasa nanti",on eARTh
2022-06-21 13:39:46+00:00,1539241669979435008,menyeduhkan,"Tadi pagi ada anak nangis depan kedainya suamik.. Nyari2 tantenya, ninggalin adik2nya di Padalarang naik angkot ke PARONGPONG (God knows how far that is).

Katanya Ibunya pergi cari bantuan karena Ibunya sakit. Dia bawa kerudung buat dituker sama makanan.",
2022-06-21 12:10:01+00:00,1539219084872626176,noraakira,Stress tengok berita minyak masak nak naik ayam pun nak naik lg..alasan subsidi tu nak bagi bantuan kepada yang tersasar..abis tu yng orang lain x perlu bantuan ke..harga makanan dah naik pasni takut naik lagi..geram plak kiter..,Malaysia
2022-06-19 13:58:16+00:00,1538521549132660741,pkbx8,"Kami melawat dan menyampaikan bantuan makanan dan peralatan kepada keluarga Encik Jacob yang kehilangan rumah akibat dibaham api di Kampung Baru Cina, Ulu Tiram.","Jasin, Melaka"
2022-06-18 00:04:34+00:00,1537949353695772672,Media_Selangor,108 pelajar asnaf Unisel terima bantuan makanan percuma https://t.co/AsSS3WGlH5 https://t.co/ZFOeowC9yu,Shah Alam
2022-06-06 10:41:38+00:00,1533761022661898243,HishamSohor,"@adek_farid Jika ia perihatin dgn duit Rm 519 juta 1 100 juta tambah subsidi minyak, 2   Rm 119 juta bantuan peniaan industri kecil, Rm 300 juta bina kilang proses makanan untuk peluang pekerjaan serta kurangkan import dari luar.",
2022-05-26 00:13:40+00:00,1529616724945154048,Tamisunt,"3th lalu,udah mulai jualan 
Menyalurkan bantuan makanan nasgor SING, 
Banyak ketemu orang orang baik baik bangeeeeeet https://t.co/lc5xVhNYYS",
2022-05-19 09:02:24+00:00,1527213066965831680,SDC_Nilai,"Desa Cempaka yang memerlukan bantuan makanan asas.

Jemaah atau penduduk sekitar yang memerlukan bantuan dialu-alukan untuk datang ke Gerobok Rezeki Surau Desa Cempaka. InsyaAllah 

“𝑹𝒆𝒛𝒆𝒌𝒊 𝑺𝒂𝒎𝒂 𝑫𝒊𝒌𝒐𝒏𝒈𝒔𝒊
𝑴𝒖𝒂𝒇𝒂𝒌𝒂𝒕 𝑴𝒆𝒏𝒋𝒂𝒅𝒊 𝑬𝒓𝒕𝒊”","Negri Sembilan, Malaysia"
2022-05-13 12:16:40+00:00,1525087630571937793,Gunawan2751,"@rajodirajoSS @corbuzier Alhamdulillah

Saya selalu menjalani ajaran agama

Mohon maaf sebelumnya

Saya tinggal di gang sempit dan hidup sederhana tapi saya tetap semangat

Di masa pandemi Covid19 saya dapat memberikan bantuan makanan/berbagi dengan tetangga dilingkungan rumah saya
Walau hanya sedikit https://t.co/KabrzRM5P2",
2022-05-02 07:29:35+00:00,1521029116740333570,cahyadi_umy,@PapppKim Butuh bantuan ngabisin makanan heheheh,"Bekasi Timur, Indonesia"
2022-05-01 05:29:20+00:00,1520636468691038209,othenkp,"Hati2 memesan makanan @kfc via @gojekindonesia .
Saya pesan ayam ori, barang ngga ada tapi kfc konfirmasi, driver menuju KFC.
Saya ngga bisa batalkan karena resto sdh konfirmasi.
Layanan bantuan gojeg juga bilang ngga bisa batal.

Jadi pelanggan terima saja yang ada.","ÜT: -6.417812,106.895121"
2022-04-25 14:22:18+00:00,1518596266988810242,Lembayung071,"Alhamdulillah kelar kirim bantuan buat Para Pedagang Pasar Gembrong .....yuk ulurkan tangan kalian  masih kurang Pakaian dalam Dewasa Dan makanan siap santap ......cus siapin lagi 
@aniesbaswedan","DKI Jakarta, Indonesia"
2022-04-21 05:35:48+00:00,1517014216473030656,DenpasarKota,"menyerahkan bantuan Pemberian Makanan Tambahan (PMT) kepada Ibu Hamil, Balita, Lansia dan Penyandang Disabilitas se Kota Denpasar.
#denpasarkota #joyfuldenapsar #hariKartini 
Via @/joyful.denpasar","Denpasar, Bali"
2022-04-19 09:27:50+00:00,1516347833288658949,Lembayung071,Kembali bantuan untuk berbagai makanan lok.pangkal Pinang ... Jangan Pernah Lelah Berbagi njih 🥰🙏 https://t.co/lYQKCHIX4Q,"DKI Jakarta, Indonesia"
2022-04-17 00:23:59+00:00,1515486191512002565,Gunawan2751,"@NanaSuryacandra @CNNIndonesia Aamiin
Terima kasih doa dan supportnya

Saya tetap semangat dan bersyukur karena selama masa pandemi Covid19 saya dapat memberikan bantuan makanan/berbagi dengan tetangga dilingkungan rumah saya
Walau hanya sedikit tapi bisa membuat tetangga saya bahagia https://t.co/JlVOPHtPBb",
2022-04-11 02:21:06+00:00,1513341339068362752,fir_dahari,"@mhdhafizddinn semakin byk bantuan meleis dpt, semakin mengarut perangai. makanan pun jdi issue bodoh nya lahai",
2022-04-05 06:00:20+00:00,1511222182172839937,THBM_HQ,"05042022 - di Pendang 

Ihya' Ramadan 1443 H
Bantuan Makanan Asas

sesi serahan sumbangan 600 kampit beras untuk asnaf sekitar Pendang

disempurnakan - 
Pengurus Besar #THBMHQ
Tn @firdaus_thbm 

moga bantu mereka sewajarnya  

#THBWeCare https://t.co/LbhMcb40ke",Alor Setar
2022-04-02 11:15:29+00:00,1510214329764777984,UniMalayaSDC,"Selamat mengimarahkan bulan Ramadan, bulan tarbiyah terbaik menjadi insan lestari

1. Tadabbur Quran &amp; Hadith dlm kehidupan 
2. Guna air &amp; elektrik secara bertanggungjawab
3. Katakan tidak kpd pembaziran &amp; sisa makanan
4. Banyak memberi: sedekah, hadiah, bantuan

#salamramadan https://t.co/lCiduXiyDZ",Kuala Lumpur
2022-04-02 03:39:56+00:00,1510099688547971076,limlipeng,"Dia bujang berumur 77 tahun, bermasalah berjalan, tinggal di bawah pencawang TNB dan bergantung kepada bantuan makanan daripada orang awam. Dia kata semua saudara dah meninggal. Dia enggan tinggal di rumah warga emas. Dia hanya nak pihak kami bantu dia dapatkan bantuan @JKMHQ. https://t.co/6idRcKgobP",Kuala Lumpur
2022-03-31 17:13:32+00:00,1509579659922800641,allexseah_bm,"Pusat Khidmat DAP DUN Kesidang bersama dengan NGO SXY memberi bantuan makanan kepada 20 keluarga yang memerlukan, semoga semua ahli keluarga mereka sihat sejahtera. 🇲🇾

*Terima kasih kepada semua penyumbang, sukarelawan dan ahli-ahli Unit Tindak DAP DUN Kesidang. https://t.co/UlT1raNeRH",
2022-03-30 02:15:34+00:00,1508991292667093000,luxentX,"@pedoqpop Zaman covid. Situasi ekonomi setiap orang tak menentu. Ada yang T20 dulu pun jatuh B40, minta bakul makanan. Nak minta bantuan, ada yang tak tahu mana nak minta. IPT sepatutnya tanya student dan cari siapa dapat bantu.",Petaling Jaya
2022-03-25 06:16:32+00:00,1507239994863534082,paanpogba,"@aimansheeran Bila boleh set appointment dgn ceo zakat kedah ni, nak minta bantuan makanan mcd setiap minggu boleh ka?","Kuala Lumpur, Wilayah Persekutuan Kuala Lumpur"
2022-03-12 03:09:03+00:00,1502481771996143619,Media_Selangor,LZS: Lima keluarga asnaf positif #Covid19 terima bantuan makanan https://t.co/yopgKtFlp8 https://t.co/qdg3muMsOS,Shah Alam
2022-03-09 23:19:42+00:00,1501699278007255041,nrhznsofea,"Ni nak habaq mai , the latest Opah aku org UMNO kan , Kuarintin waktu PKP sekor org UMNO pun tk mai bg bantuan . Aku la usung kotak Makanan YB PKR bg 😅 . Tolong org time nk PRU je lepastu hilang 😔","Perak, Malaysia"
2022-03-03 00:53:16+00:00,1499186106952470530,VC_Toretto,Hari pertama isolasi mandiri sambil menunggu kedatangan org org dr puskesmas untuk mendata dan katanya juga nanti diberikan bantuan obat obatan dan makanan...betulkah itu?,CnMrS
2022-02-28 10:49:57+00:00,1498249103280586753,ronnyrimage,"Buat saudara yang mau menyisihkan sedikit Rezkinya buat saudara kita yang tertimpa musibah gempa di pasaman. Mereka masih membutuhkan bantuan obat2, pakaian dan makanan, terima kasih https://t.co/EZMrcwGu9c",PadangCity
2022-02-27 15:39:02+00:00,1497959467228758016,adamapotek,Bukan deme je rasa nya semua mmg tak tahu tugas yg berbeza2. Itu tiap kali mintak adun jd pemberi wang/makanan/bantuan/repair jalan/ etccc,"Selangor, Malaysia"
2022-02-27 13:30:05+00:00,1497927017798733825,JJCMPERAK,"Ini bukan di Padang Ipoh, Ipoh tapi di Kampung Padang Ipoh, Kuala Berang, Terengganu. Sebuah lori Angkatan Pertahanan Awam Malaysia (APM) terbalik dibawa arus deras, hari ini.

Lori tersebut membawa bantuan makanan utk dihantar kpd mangsa banjir.  

📸Mohd Khairul Fikiri/Bernama https://t.co/rPsov1YpEj","Perak, Malaysia"
2022-02-25 08:16:55+00:00,1497123428184125442,muda_puchong,"Semalam, MUDA Puchong bersama @MUDAxBangi ke Kolej Universiti Islam Selangor (KUIS) untuk membantu pelajar-pelajar mendapatkan makanan kerana di kuarantin. 

Bantuan yang telah disampaikan
- 50 pek makanan (roti, biskut dan lain-lain)
- 60 kotak air mineral https://t.co/nbzfcFYixD",
2022-02-24 03:16:17+00:00,1496685383836311553,Mie_Goyeng,"wkakkakaa keluarga yang + untuk dapat bantuan makanan dari dinsos harus dokumen fotokopian disertakan 

unik :: mobilitas , e-ktp , dan kota jogja loo dap",
2022-02-11 01:48:54+00:00,1491952351518810113,ath_thayyibahtv,"Bismillah..

Sebagai bentuk kepedulian kepada para jama'ah, Dewan Kemakmuran Masjid Jami' Ath-Thayyibah pagi ini Jum'at, 11 Februari 2022 memberikan bantuan berupa suplemen makanan ENERVON-C dan minuman botol YOU C1000. https://t.co/XEsbBm9rlZ","DKI Jakarta, Indonesia"
