Datetime,ID,Username,Text,Location
2023-03-29 06:11:49+00:00,1.64096E+18,ZamanAshraf,"#Bangladesh #CID_Police has picked-up #journalist #Samsuzzaman from his Savar home in the early hours for writing a report on #IndependenceDay quoting a day labourer who asked: ""What to do with independence if we can't afford food?"" @UN_SPExperts @UN_HRC
https://t.co/J9tTgmU6GI","Kowloon, Hong Kong"
2023-03-29 04:44:17+00:00,1.64094E+18,hey_dude0,"@theRealKiyosaki only buy food saves more, who need Prada, Panerai, Polo, those can afford won’t care about price",Singapore
2023-03-28 20:06:59+00:00,1.64081E+18,Reita6231,"@cafreeland Wow, you got money to buy new shoes and new clothes….lots Canadians can’t even afford foods and heat…",Hongkong
2023-03-28 17:22:08+00:00,1.64077E+18,Im_Nirjon,"@D8Omkar @iSoumikSaheb Mate this is just a kid what  you expect from a roadside poor kid they barely can afford food,they don't have those kind of mentality,our so called journalist used that kid to get some headlines.","Dhaka,Bangladesh"
2023-03-28 12:47:30+00:00,1.6407E+18,nidraaa_,@ShoronTiham Eating something different everyday is ofcourse a desire for all of us but at least you're getting some decent food everyday whereas many people can't even afford any food. So we should be thankful for that.,"Dhaka, Bangladesh"
2023-03-28 06:26:28+00:00,1.6406E+18,smartmama,"Really.  Corruption has travelled in the blood. Country has come to this stage  where people can't afford food. They can be sold at one plate of biryani.  Which comes first, stomach  or vote.",x
2023-03-27 16:00:22+00:00,1.64038E+18,Jonatha46362971,This is utterly heartbreaking. This poor dinner lady has to take food away from children in the school lunch queue because their parents can’t afford to pay for it. What have we come to as a country? #costofliving,Thailand
2023-03-27 15:57:30+00:00,1.64038E+18,sol_tonyjaisol4,"This idiot, the cost of living is what is bringing down birth rates… people can’t afford to have children because rent/mortgages, food, utilities etc are way beyond the pay scale 98% of Americans earn.",Indonesia jawa
2023-03-26 12:41:18+00:00,1.63997E+18,yonggrass_miri,"@Enigma89605185 @fmtoday If they can afford to be choosy, ok.
If cannot put food on the table please don't do illegal things. 
Poor people eat to live, rich people can choose when to eat. Poor had problem earning money, money can cause problems by the wrong rich.",Sarawak 
2023-03-26 05:47:25+00:00,1.63987E+18,itsshevanessa97,"As you grow old:
Its not about the success, but its all about, sustaining and surviving everyday,
Its all about eating good food, buying things you'd crave for since then, going to places you've never been for you can't afford it wayback then.","Caloocan City, National Capita"
2023-03-26 04:18:39+00:00,1.63984E+18,seungvoirs,@whoisthisbitc11 THAT IS SO TRUE !! my school is surrounded by super big mansions but all the residents look like they can’t afford food 😭,Singapore
2023-03-25 15:33:32+00:00,1.63965E+18,kadijah_jay,Dear Muslims is not just to fast but fast pray 🙏 give food to those who can't afford food many are suffering yet feels shameful to ask or don't have who to assist them be kind and help even though you are not ask to lets spread 💕 and generous,Republic of the Philippines
2023-03-25 12:44:35+00:00,1.63961E+18,48_Crash,"@team_greenhalgh We can't afford to heat our homes, the supermarkets look like 80s East Germany and the food they've got we can't afford - what do you expect?",Cotswolds
2023-03-24 15:48:12+00:00,1.63929E+18,PaulTor37394981,@stillgray Do not dance if you can’t afford the band. Junk food for the losers who are cheap.,Turtle Island
2023-03-24 15:32:37+00:00,1.63929E+18,denmotherplays,"@wasabibuns and yes, it's frustrating to see some dudes get it easy. Like they tend to do almost NOTHING but still get backup, financial support, while I have to work my ass off otherwise I can't afford my cat's food. it's bad to think some get it easy, but man.. they take it for granted too","Davao City, Philippines"
2023-03-17 09:25:10+00:00,1.63666E+18,AaronAndrews27,"@misssashleyrae @AmysMargin Silly liberal. Food doesn't fix hunger...

And it isn't expensive for parents to feed their children which is why the govt can't afford this program. 

Now you are Shapiro shmart!","Taichung City, Taiwan"
2023-02-26 19:47:37+00:00,1.62993E+18,prettylilshar,I never wanna be in that position where I’m soo craving for some food but I can’t afford to … :( Sampai mengidam mimpi2 ja,Sabahan
2023-02-14 18:57:14+00:00,1.62557E+18,ehleesi_,"last year, Darryl surprised me with parking lot date hahahhaha he pulled over sa park malapit sa office nya and viola! may food sa compartment. this was during the time I was juggling 2 jobs and can’t really afford to go on weeknight dates. #stillvday https://t.co/8RcorC0pah",Valenzuela City
2023-02-10 22:09:36+00:00,1.62417E+18,OwieMarie,"I can buy myself flowers but I'm not going to. Not that I can't afford pero hindi practical eh. I'd rather treat myself to enjoy a long drive, get a massage and eat good food.
😘😁🥰","Lungsod ng Quezon, Pambansang "
2023-01-18 00:16:39+00:00,1.6155E+18,umairahmhd_,"Can’t afford another food poisoning, gastric. Ya allah teruk gila muntah2 mlm tadi.",Kuala Lumpur City
2023-01-08 07:05:41+00:00,1.61198E+18,aarnavg17,"@RoshanRaj08 The tracks will be upgraded to 160 kmph, but yes, with 1 train per day, it’s catering to people who can’t afford RRTS. Else why not choose RRTS? One benefit to Vande Bharat will be food and toilets.",Hong Kong
2022-12-11 13:23:53+00:00,1.60193E+18,neversayneva,"I can afford to buy whatever food I crave without looking for its price but I can't buy things I don't need without looking at its price.
#ilocano 
#adulting","Ilocos Region, Republic of the"
