Datetime,ID,Username,Text,Location
2023-03-30 18:50:33+00:00,1641513258090901504,jeffscribbles,Sorry Tonton Gutierrez and Rita Avila that you had to endure this cheap stunt. Gi coveran intawn ni Tonton ang food kay nagpa electric fan with styro effect.,Cebu City
2023-03-30 11:55:00+00:00,1641408681966452736,khwaichokfung,"@Silverback141 @DejaRu22 That’s what I did. Cheap. Sunny. Good food. I gave up creature comforts to be out of the cities, which are becoming westernized at an increasing rate.",Thailand
2023-03-30 10:40:10+00:00,1641389848379670529,DJKAZWAL,"Providing cheap and healthy food sa schools, offices, also charity events. 

Yea. Thats the dream","Lopez, Quezon"
2023-03-30 08:28:27+00:00,1641356704049688577,zaina350,"@rileybrown_ai Athens Greece .. super cheap phenomenal weather, fresh food in a good timezone, only caveat, don’t run your banking in Greece",Singapore
2023-03-29 08:55:13+00:00,1641001049770315776,theOCDspy,"Went to Hoi An for the weekend, amazing how everything is still so cheap there, I think I only spent around $500 for 4 days on food and drinks?",Hong Kong
2023-03-29 08:39:19+00:00,1640997048517271555,bbbyourluve,"@buildyoursummer OK hot and humid.. I live in Greece so I won't have problem with BKK me thinks
Also food seems very cheap!",Thailand
2023-03-28 15:32:01+00:00,1640738523023302656,AntaraEnglish,NFA bolsters Cheap Food Movement to ensure price stability https://t.co/qg3MyLHXVr,Indonesia
2023-03-28 14:51:10+00:00,1640728240875802625,faezmaleksss,"Real men don’t :

1) Don’t complain cheap food on social media
2) Never argue small petty things
3) Not belittle other people
4) Always mind their words
5) Just follow the flow
6) Never trade their time to waster
7) Don’t eat like shit
8) Talk good only","Alor Star, Kedah"
2023-03-28 12:34:05+00:00,1640693742226251776,zophanem,"Today will probably be my first and last day going to bazaar. Overrated. Mahal. Semua dah taste dah pun.

Sebelum puasa aku aim nak rasa murtabak, roti john, nasi tomato, nasi briyani. All that done. So back to usual great cheap foods in Bangi. Lagi berbaloi :)",Putrajaya
2023-03-28 11:25:31+00:00,1640676485462913024,zachsparrowe,@BellyDanceFanC1 @HorrorGorl Not sure the exact number but it’s extremely cheap. Average rent price for an apartment is between 250-500 dollars. Food is usually 1-2 dollars a meal. It costs like 3 dollars to fill up my motor bike with gas,"Ho Chi Minh, Vietnam"
2023-03-28 09:05:45+00:00,1640641313308835841,Devinarde,"@Divyeshj18 @ShishirShelke1 Come. We have indoor ski resorts that actually make it feel like the real thing, electric cars everywhere for cheap, food is cheap, soon we'll resurrect dinosaurs or something.",Hong Kong
2023-03-28 05:19:06+00:00,1640584277329846272,Tabdeeli_,"With food #inflation hitting up to 42 percent in urban areas, a large number of consumers have opted for slightly cheap but ‘high quality’ Iranian ‘smuggled’ products, such as oil and cheese, readily available in #Rawalpindi and #Islamabad.
#tabdeeli https://t.co/qIjlEJIV6q",Islamabad
2023-03-28 02:53:33+00:00,1640547647097556993,xiaoenna,We don’t disturb u! U stay and eat cheap food please respect my people.,"Sabah, Malaysia"
2023-03-28 01:59:55+00:00,1640534149973831686,imaan_khasru,"Thailand is THE tourist country, I can’t wait to see clueless YTs gorge on food that they think is cheap but is actually priced higher on the English menu &amp; talk about how zen they feel in elephant print pants LMAO","Dhaka, Bangladesh"
2023-03-28 01:19:11+00:00,1640523898763767808,RichardGmoney,"@Emmonspired Malaysia. Great food, top notch Healthcare that is dirt cheap, very safe.  Very family friendly. Not as populated as other places. 

I've been here for a couple months now. Love it. Also it has lots of options for work visas and stuff.",S.E Asia
2023-03-28 01:13:38+00:00,1640522503075385356,DNSsingapore,"Where to get $0.50 Kopi O.

Read more here: https://t.co/Un0rQJKe4Q
#DollarsAndSense #KopiO #Foods #Singapore #Foodcourts #Savings #Cheap https://t.co/0qQQoShB4U",Singapore
2023-03-27 19:02:58+00:00,1640429218835079177,onions80661343,"Spring - 'chemical spills and/or food processing factories burning down, celebrity trails, mass shootings 

Summer - police brutality stuff

Fall - cheap gas, politics stuff 

Winter - they vote away some basic fundamental right/way of life without warning ( gas stove,abortions)",Austria
2023-03-27 18:32:50+00:00,1640421635814486016,DogeBillionairr,"@NFTantalus @edw4rs Has most of Thai perks (cheap, sunshine, food, beach) but don’t expect much nightlife. Basically a retirement village","Bali, Indonesia"
2023-03-27 12:36:10+00:00,1640331878514274311,HyuniSungBin,"@mintyleebit g mhiee! share ko yung nadiscover kong cheap pero masarap na kainan!! 

sama rin kita sa civil eng building namin, masarap at mura foods nila dun xdd",Quezon City
2023-03-27 11:03:31+00:00,1640308562076499968,Nanwongroi,"The taste was good, The food was cheap. #Bangkok 🍜 https://t.co/Kp4S0EWm5Z","Bangkok, Thailand"
2023-03-27 08:03:10+00:00,1640263177647669248,ItsYourTanmoy,"Train No 13010
Rishikesh to howrah
Coach no B3 Seat No 42
Rs.130 per thali Veg 
Chole ki sabji hain ya panni ka sabji samaj hi nahi aa raha hai
Bohot achha @IRCTCofficial 
@AshwiniVaishnaw sir please take action against the persons who are giving this cheap food to us https://t.co/1wirXlUKE7","Tripura,India"
2023-03-26 23:11:24+00:00,1640129353525886976,worldwidebags,"wholesale cheap large waterproof non woven #insulated cooler bags for #food
https://t.co/Np0kmCkd77 https://t.co/ISmNzDoyC4","Xiamen,China"
2023-03-26 15:50:55+00:00,1640018500608729093,MohdRidzuanIsa1,"@JKSteinberger you really like to have billions die don't you? bold of you to assume your ilk wont be the first to go. ramping down fossil fuel without a viable alternative would mean no more modern products, no more cheap products across the globe, markedly less food material etc.",kuala lumpur
2023-03-26 14:27:56+00:00,1639997618783928321,loz_dude,"@toadmeister As a vegetarian who loves Italian food, I am very happy at this news.
But I suspect that any food producer that uses bugs will find that they are targeting a very small niche market - it will probably appear in cheap snacks first.","Petaling Jaya, Malaysia"
2023-03-26 12:11:47+00:00,1639963354000424960,Foeslasher,"@nekoyamamegumi @KKishimei For real for real, not only were food cheap but almost everything else was",Singapore
2023-03-25 07:29:09+00:00,1639529841023393792,Lencario,"Lunch is cheap!

Apparently you need to purchase a card for credits and use that card to order food. Very interesting. 

Also, pomegranate refreshments for 50 baht. Yay! https://t.co/N59FL796re","Petaling Jaya, Selangor"
2023-03-25 07:21:18+00:00,1639527863576834048,MakanTimes,"15 Chinatown Complex Food Stalls For Cheap Xiao Long Bao, Michelin-Approved Chicken Rice And More - Eatbook https://t.co/UmA525yYHe",Singapore Focus
2023-03-25 06:47:08+00:00,1639519265371078657,ScottG84954603,"@spriter99880 Get ready my fellow countrymen, after education and healthcare we will give up basic needs such as shelter and food. 
As you know these responses don't come cheap...",Singapore
2023-03-24 23:28:10+00:00,1639408797952389120,SueKz93,"Mmg perlukan tenaga &amp; masa sikit utk buat.

Just utk org yg concern about what they consume. Sbb tak semua org nak telan emulsifier + conditioner + gula putih selalu.

Tp klau pergi bazaar, boleh minta yg kosong so u boleh ganti gula lain.

I'm not a fan of cheap unhealthy food. https://t.co/8X3ddgDG2n",Malaysia
2023-03-24 15:48:12+00:00,1639293041960947712,PaulTor37394981,@stillgray Do not dance if you can’t afford the band. Junk food for the losers who are cheap.,Turtle Island
2023-03-23 10:32:44+00:00,1638851264569278465,LoudDunkMummy,Lawson's newly opened their counter in my city n my husband won't miss out. Kinda strange because whenever we to to Jpn/Korea and i ask to buy food from Lawson he'd call me out for being cheap 🤣🤣🤣 https://t.co/m8rpN8D65r,
2023-03-21 06:10:02+00:00,1638060377186656256,GregoryLeow,"Cheap and good wanton mee! (Toa Payoh, singapore; street food)
https://t.co/oumT0lV8lx",singapore
2023-03-20 23:49:40+00:00,1637964657192468480,sawahdicup,"Like, ""you can not afford this uniqlo clothes since you are poor"" or, ""your shoes so ugly, it must be cheap"", or  ""please take this food away because I know you can not afford dinner, right?"" I completely know they were just joking around, indeed.",Under the willow
2023-03-18 11:30:37+00:00,1637053893598224387,mofiercee,"Nice place to chill in Miri with live band on weekends. Cheap foods as well! (@ De Tanjong Miri in Miri, Sarawak) https://t.co/mMgfmUoeIj https://t.co/394xXslbbT",
2023-03-17 13:30:03+00:00,1636721559002918913,RalphEmmers,Look oysters are not fancy. It’s cheap mariner food. Americans make everything about status, 特别行政区
2023-03-15 04:17:30+00:00,1635857729003859970,msiarabbitowner,"Maybe when I was younger idk why but Klang really a nice place actually, cheap food, free parking most of the time because MPK is lazy and fewer traffic jams",Malaysia
2023-03-13 13:31:11+00:00,1635272292291985409,ssqventuresJB,@levelsio Cheap street food is at your doorstep. Hunker down and build for a year and you can live comfortably without hassle moving around in cheap dorms etc,"Bangkok, Thailand"
2023-03-11 13:28:14+00:00,1634546778115805185,GLENN_MJ,Hungry steak sa Cebu Yacht Club - food was relatively cheap but tasted so good!,
2023-03-10 08:27:18+00:00,1634108656198496257,food_blogger,Sometimes a cheap sushi dinner is just what you want. https://t.co/WJ65qqoZbK,South Central SG
2023-03-09 03:54:47+00:00,1633677688018808832,LauraNineham,"I managed to tick off my food list during my short time in #Hanoi, but there are so many places I didn’t get time to visit!
Made sure to try the egg coffee, Bánh cuốn, Phở &amp; Bún Chả. All were delicious and cheap 😋 https://t.co/yC6YK7FBy6",United Kingdom
2023-03-08 04:27:53+00:00,1633323627503394817,SoCal360,"Da Nang, Vietnam. Food here are insanely cheap! 🇻🇳 https://t.co/cLIX9vLSau",Sunny Southern California
2023-03-07 14:31:29+00:00,1633113143621701634,hazs3iii,"I enjoyed Los Baños, Calamba and Sta. Rosa but not the food in Sta. Rosa. They sell very cheap japanese food na di masarap Basta aesthetic lang at malakas na sounds it's near the market sa Paseo 🚩🚩🚩",Palawan Philippines
2023-03-05 09:49:48+00:00,1632317479111507970,_aainanajwa,"and yes sik rami kenal org huewhueww hehehe but best. i still dpt have fun juak sitok like uts pun environment kck, ada kede lepak best, babaque loklok nyaman and murah and also some foods here very cheap and yes SIBU ADA WANG CHIN SUI(?) 🤣😭 air rm0.80 jak ehhh","Kuching, Sarawak"
2023-03-03 03:15:39+00:00,1631493509634211843,pureguava10300,@LattLattiam Also depends on the quality and quantity of oil used. That cheap palm oil they use on Thai street food is terrible for you.,"Bangkok, Thailand"
2023-03-02 12:56:13+00:00,1631277229304061954,TaylorOgan,"@catmac1 If you want incredible, cheap Indian food, go to the first floor of Chungking Mansions. Photo taken a few hours ago. https://t.co/vTyWgja5J7","Shenzhen, China"
2023-02-28 12:01:42+00:00,1630538731609546758,nichimanji,"good food for a bad mood 😌
i found balinese nasi campur near MRT station! is suuuper good and cheap for what u get! itadakimasu 🥰🥰 https://t.co/R26W8EKc5q",
2023-02-26 08:02:37+00:00,1629753791032721408,imranSa11984161,FOOD : the best spread of seafood at the side corner market for quite bites turned out to be heavy meal instead. Loved the selections that's available on the BBQ stalls at very affordable and cheap deals! #G8 #Seafood #FoodStalls #DudeJunkie #StreetCorner #BestDeals #CebuPhil mm https://t.co/qQBhzPoa4i,"Cebu City, Central Visayas"
2023-02-25 11:04:59+00:00,1629437296016756737,Jeffandora,@bkkdude Soy itself is a cheap protein source.  That’s why it’s ubiquitous in supplements &amp; processed foods. I didn’t mean to pick on quality as much as the dramatic &amp; ridiculous advertising methods used by the ad to make a very simple bean derivative look like groundbreaking science :),"Bangkok, Thailand"
2023-02-24 02:04:17+00:00,1628938837828448257,iamcadle,"I will recommend you to a Korean restaurant in Rayong. Eunha restaurant , It is a famous restaurant at some level in Rayong city, close to Passione Shopping Destinations.The food here is delicious with a lot of things to choose from and the price is quite cheap. &lt;3 #eunha #korea https://t.co/kO2dGDHIMe",
2023-02-22 08:38:47+00:00,1628313338022354945,KaininSi_Joie,"It's more fun exploring different food shops. Quality kahit nasa kanto lang lang at cheap.
True friends that eats together will always stay together.",
2023-02-21 15:47:43+00:00,1628058897440464897,faizalhamssin,"Judging from the sentiment on Facebook, Menu Rahmah is probably the most successful (and well-received) initiative by the PMX govt so far (and by far).

Never underestimate the power of a simple, straightforward initiative - people love food, and they need it cheap. So it works.","Kuala Lumpur, Malaysia"
2023-02-20 06:53:33+00:00,1627562081091485696,TJRDBKK,"@cavtone2 Yes junk food is cheap, and many people buy it because it's all that can afford... Buying fresh fruits and vegetables and good quality meat is expensive",
2023-02-20 04:02:13+00:00,1627518962551623680,temptempholder,Inflation Ur head. So easy to know where to and how to get cheap food. $2.50 https://t.co/rSm3KIBiMP,
2023-02-18 14:09:37+00:00,1626947044958175235,RalphEmmers,"I should probably go to the ritz again tonight now that I met up with my Philippino friend ; some British twat downstairs was loudly proclaiming he was going which reminded me. The place I’m in is nice tho. Low budget gamblin, cheap food, smoking, prostitutes https://t.co/HNAZR36EKv", 特别行政区
2023-02-18 03:46:35+00:00,1626790252793954304,temptempholder,"If twitter want to know what ad to sell to which user..

They should just ask the user directly. Maybe create a form for users to type 

Give me ads on realme c21, 35 screen protector, case cover.

Give me ads on cheap food in eastern half of Singapore.",
2023-02-17 03:18:00+00:00,1626420672464584704,TonWatcharat,@mindsetofstoics A. World Tour. Why not B? Restaurants suffering because of Mutated non-stop Covid. You vote with money!People don’t realize. I personally eat mostly street food. Why? Everyone wins. I win because cheap and poor people with will get deserves biz. Why eat pricey? You eat then shit! https://t.co/hA1fCMEKP8,"Bangkok, Thailand"
2023-02-17 03:17:09+00:00,1626420460262141954,food_blogger,"@kosherjellyfish This is why I’m in the office or nearby by 8am. And leave the office on time. All to beat the crowd.

At my height, I get assaulted by smells of sweat, BO, unwashed hair and immense waves of cheap deodorant or cheap toilet water.",South Central SG
2023-02-11 03:16:18+00:00,1624245918194360322,KhaosodEnglish,National Police Chief Pol Gen Damrongsak Kittiprapas launches  30-baht subsidised meals for police officers on Friday in order to enable them to have access to cheap and quality meals at workplace. Many food courts in Bangkok now charge 50 baht or more for a meal. #Thailand #KE https://t.co/xvbeZcHWPz,"Bangkok, Thailand"
2023-02-10 06:54:50+00:00,1623938524721602561,imranSa11984161,FOOD : Yet another heavy snack on the table at a new cafe in Cebu. The best deal you could find for 1.30$. how cheap can u get anywhere. Best is with extra Chillies to go wit the burger! #G8 #DudeJunkie #ChillieBurger #BestDeal #Foodie #foodfriday #CebuCity #Philippines https://t.co/9KlDNWqeTt,"Cebu City, Central Visayas"
2023-02-10 06:23:15+00:00,1623930577379553281,JdubAndrew,@RealLadieSi Thailand is nice people are friendly food is great and cheap. I eat for about $5 per day. Many retired foreign people I’ve seen here hire a full time Thai woman as a live in caretaker for $4-500 a month.,"Texas, Thailand"
2023-02-07 02:12:12+00:00,1622780235208069120,jimjuum,"@LJP987 Good cheap food in the Robin Hood...
Specials

I alwats go for the Carlsberg there, its a lovely pint... 109b https://t.co/8QdODWbFNG","Bangkok, Thailand"
2023-02-06 12:47:17+00:00,1622577672353353729,BistuaNuova,"One the best food discoveries since we moved to #Singapore! I present you a #dragonfruit! 
They come in purple (this one) a yellow &amp; white. I think the white one is the most expensive. Not sure. 🤷‍♂️ 
They taste deliciously refreshing, not too sweet and very cheap! £4 for three! 🥰 https://t.co/SdP3VSbH6N",Singapore
2023-02-06 11:54:33+00:00,1622564400568877057,Bataviase77,"Good part living in Indonesia:

Throughout major cities, food hawkers are incredible easy to be found all around the clock. Offering tremendously variative food; from locals, Chinese, Japanese. Best take? Cheap price. https://t.co/kr71dm168H","Jakarta Capital Region, Indonesia"
2023-02-05 07:08:17+00:00,1622129973216804865,zee_yusoff,Is McD &amp; KFC under type of food that we eat daily? Please stay away from Rahmah trend since it's going to affect the kids if they list those unhealthy fast food as their favorite daily menu -- cheap as MYR 4.99,Sandakan
2023-02-05 05:56:29+00:00,1622111901718306816,kawazoexx,"Not cheap, but i love their food so much lol https://t.co/LRYPMgMGfh",Jakarta Capital Region
2023-02-04 16:17:47+00:00,1621905869482102785,HannZiq,Menu Rahmah ni tak boleh semua pun join sbb ada makanan tu memang tak sesuai pun. I am against for fast food to be part of it. Do we encourage parents give McD &amp; KFC to the kids everyday just because it is cheap under Menu Rahmah?,"kepong, kl"
2023-02-04 13:22:55+00:00,1621861864102846467,temptempholder,"I kind of finding it amazing to see rich people world

From my perspective. Cos it's spending nothing in my world. So if I ever have friends it's those who also spend nothing, hence I have no friend

I go for dates which also dun spend money. Walk 9 MRT Stop to have cheap food",
2023-02-04 05:12:27+00:00,1621738431620730881,Adambarr100,"@deluxe_extra @indexnforgetit 5% of it  ($5000) with PPV and internet I’d guess. Asia very cheap for subscriptions but heard US is way more. 1000mbps internet is $25 a month and so is UFC PPV 🤝
I’d say grocery (food) shopping is $1000 for family of 4 eating actual food though? 🤷‍♂️",
2023-02-03 00:18:53+00:00,1621302166563524609,mrizaperdana,"Breakfast with cheap Black Pepper Chicken Steak &amp; Nutrisari Squeezed Orange. (If i have wine it will be perfect)

#chikensteak #steakayam #blackpepperchicken #food #breakfast @ Jakarta, Indonesia https://t.co/pwFT3A8F6S","Jakarta Capital Region, Indone"
2023-01-27 15:51:46+00:00,1619000217587822592,chloeallfordx,"bangkok food is so cheap, i’m getting fat",South Wales
2023-01-26 03:01:19+00:00,1618443939853520896,drethelin,"I really enjoy how chinatowns combine tourist trap souvenir shops, bougie restaurants, hardware stores and cheap food all in one area","Madison, WI"
2023-01-25 16:23:05+00:00,1618283323859800064,i12amn,"Indonesian fast food, Nasi goreng and Kwetiaw goreng. Cooking fastly, eating fastly, and cheap and delicious 🥰 @ Bekasi https://t.co/rdol5titcZ",Indonesia - Taiwan
2023-01-24 15:03:02+00:00,1617900790139744256,inuk_shuk,Food in Southern Thailand (Songkhla) has the best ratio of being delicious and cheap!! https://t.co/xAWh7Z5tnN,Kuala Lumpur
2023-01-24 09:49:29+00:00,1617821886041456642,IonaJTownsley,"So far Bangkok is around mid level with Bali in terms of cost, Thai islands feel a fair bit more expensive for things like to rent bikes, accom is through the roof, Thai food is still cheap tho",🇹🇭 Thailand
2023-01-22 07:56:03+00:00,1617068560173662208,bonnoffthegrid,"Talaba is street food here and super cheap. However, to be safe, we had it baked at Breakthrough with their Pancit Molo, few minutes walk, south of Villa Arevalo Plaza. Look who came for the festivities.👀 https://t.co/Tyml5x7WAj","Sampaloc, Manila City 🇵🇭"
2023-01-22 03:02:39+00:00,1616994725034332161,amrijasagar,"Having a dinner at one of ‘must try’ halal Chinese food in Yogyakarta, Tio Ciu Bang Sinyo. We ordered nasi goreng tio ciu, ifumie and beef hot plate. Personally, the taste is just standard to me. I’ll give 7/10 for this restaurant. It’s cheap! #Yogyakarta #amrijasagar https://t.co/3xYXdIry7m","Ubud, Indonesia"
2023-01-21 16:57:51+00:00,1616842523615584256,faizzeo,food confirm pricey. nearest cheap one maybe mynews or shoplot/stall at the LRT station. or axiata arena. onsite confirm mahal. stadium kot. plus the tix is rm40 each. dah level #comicfiesta,Kuala Lumpur
2023-01-21 13:03:43+00:00,1616783599143092225,KannapatArparp1,"The best grilled seafood, cheap prices, gather here at Thonburi Fresh Market | Food Thailand
https://t.co/uFTHrpu1Ta https://t.co/fJtsGsXQHP","อ.ปากเกร็ด, จ.นนทบุรี"
2023-01-21 09:17:33+00:00,1616726684929228801,imperfectiionn2,"I spend so much food in Bali cause 89% of the food nasty, portions small and it’s not that cheap but cheaper than American prices",
2023-01-18 15:08:35+00:00,1615727862614745089,iamruthlesss__,"But i must say, it's worth it, food's cheap and tasty!

Highly Recommended.",
2023-01-16 13:32:30+00:00,1614978905877929984,tesolmatthew,"@melatinungsari it was quite good! with surprising regularity, i’d say, totally normal everyday cheap Thai food manages to be somehow transcendent. it just bangs and is 🔥 and you finish it off and go “cool…just…cool” 👌","Nuan Chan, Thailand"
2023-01-15 12:44:20+00:00,1614604395832016898,christomo316,Some of the best food in Bangkok is in this hidden tin shack just on the corner of a main road. And it's super cheap. https://t.co/ZSfUdP1Rld,Yorkshire
2023-01-15 09:48:47+00:00,1614560217546756099,Arrgghh12,"As cost of living is increasing drastically, people really needs to learn how to cook cheap meat cuts. You can turn any gathering into a feast just by mastering the art of slow cook meat. And it is much healthier than fast-food. Not many people bother to, and it's a shame.",Asia
2023-01-14 08:22:40+00:00,1614176156672004097,amynaghulamali,"Thai Drinks are freshly made, pure, healthy, very cheap &amp; delicious!  They do not really believe in processed foods too much! @ Emquartier - เอ็มควอเทียร์ https://t.co/DtR0QiKQKW",
2023-01-13 09:42:04+00:00,1613833752727420928,iLEByoo,"3. The food - food is cheap and yummy especially if you get to eat at the karinderyas.
4. Cost of living - cost of living is generally cheap except for gas.
5. ELYU - La Union is just around the corner. I can take a bus and surf there without worrying about the travel time.",bacoor cavite
2023-01-12 12:52:43+00:00,1613519342993539073,HetoldmeXOXO,"I love happy hour!!!
Normally 1500B Prosecco was 999B per bottle.
So, Me and my friends had 2 bottles  before 8pm ❤️
Singha draft was also super cheap!
I really liked food here too! Need to go back again for sure 🥺 https://t.co/yEmH6REqvX",NOW Japan 🇯🇵 
2023-01-08 13:43:16+00:00,1612082510791610368,BaveAbroad,"@finlayevxns That’s very kind of you. Northern Thailand was beautiful and a lot of fun, not too expensive either, I’d really recommend Chiang Mai and Pai.
Penang in Malaysia was really cool as well, but a bit pricier (still cheap for food tho)","Liverpool, England"
2023-01-06 05:12:14+00:00,1611229131525742596,Phuket_Sammy,"@fitch_phil I think as recently as 5 years ago that was true, but even hawkers aren't generally cheap anymore. Chinese food maybe 5 bucks but a beer is pushing 7 at a hawker these days.",Phuket and Singapore
2023-01-05 06:26:18+00:00,1610885383214206976,NothingFamiliar,"Back to the land of noodles and cheap beer 🍜🇻🇳
#travel #food #vietnam https://t.co/fChJDRZNu1",Republic of Croatia
2022-12-30 06:05:52+00:00,1608705914135273475,HetoldmeXOXO,"Must do in Bangkok for tourist!

Eat Thai lunch at in front of Phrom phong station place called “IM CHAN with Thai beer 🍻🍻🍻
Food is always good and cheap.
And most of all it’s super easy access! https://t.co/1X6kSvjYrp",NOW Japan 🇯🇵 
2022-12-30 02:43:56+00:00,1608655096153534467,stephenhumberst,@rickyricksmusic My local street food vendor in Bangkok is awesome very cheap very delicious https://t.co/nkE3wKcTjG,"Huai Khwang, Bangkok"
2022-12-29 07:45:01+00:00,1608368478225940481,karlmikel15,"Nice place, cheap food and coffee. Pwede na study/work area. Con lang ay may malaking glass wall that amplifies the heat from the sun. (@ Cornerhub Cafe in Davao City, Davao Del Sur) https://t.co/tnS44LRih4 https://t.co/73A7pVDsOS",Fort Lauderdale
2022-12-25 22:09:35+00:00,1607136499686076416,ThaiTrainGuide,@SmudgerShepherd @_DiningCar The rice is freshly cooked and so it tastes a hundred times better than microwave meals. They also have 80 baht meals. The rent for them for the dining car isn’t cheap. And a lot of people come and eat their own food and just buy a drink.,"Thailand, Southeast Asia"
2022-12-23 09:53:30+00:00,1606226482535272449,AdammaOsman,"What I do at Batam ?

1. Cut hair
2. Eat local foods
3. Buy groceries
4. Massage
5. Watch movie

It’s cheap here !!","North-East Region, Singapore"
2022-12-17 15:45:00+00:00,1604140612361785345,EPICHANNY,"‼️ SELLING HARRY STYLES
❣️ LBB PREMIUM
❣️ 1 TICKET (can do meet up and claim ticket together)
❣️ Selling cheap
❣️ Got my desired seat 🥹

BUY NA PO NILA PLS. Pang bili ng dog food 🐶

@Harry_Styles #HarryStylesTH2023 #HarryStylesLoveOnTour #concertph https://t.co/nt9SJ0uImb",PH
2022-12-15 17:15:13+00:00,1603438541132169216,chas_new,"Extra comment: The reason I could make this thread is bc food here is pretty cheap. Most people can afford to buy it for every meal. I got this from a street food stall. It’s 50 baht ($1-$2). Yes, it’s smaller portion than American food but it’s enough for one person.","Merced, CA"
2022-12-15 02:36:07+00:00,1603217310894129152,KannapatArparp1,"Amazing Sufficiency Economy | Cheap Price OTOP Products Thailand | Food, Herbal | พิพิธภัณฑ์การเกษตรเฉลิมพระเกียรติ ปทุมธานี
https://t.co/LckbbEVpM2 https://t.co/W5XrxV6Cwo","อ.ปากเกร็ด, จ.นนทบุรี"
2022-12-10 06:19:26+00:00,1601461570973810688,vankuad,Whats your favorite cheap food? Mine is McDonalds 💓☺️ say @livyyrenata but For me my Favorite cheap Food is Ote Ote,"ÜT: -6.792434,113.751149"
2022-12-09 02:50:38+00:00,1601046636293066753,CATawangLupaKo,"Ang yabang, kala mo cheap lang gumawa ng food pill.",Medjas ng Pilipinas
2022-12-07 10:50:30+00:00,1600442622526750720,freedomisgold2,A hidden gem at the end of Benjakitti Forest Park. Airy layout outdoors with plenty of greenery. Simply relaxing place for a meal. Food is pretty good at cheap prices. https://t.co/2IsCcxDWEB,
2022-12-06 00:04:28+00:00,1599917653715742720,luxentX,"Real maple syrup is expensive in Malaysia. In Malaysia, they have corn syrup instead which is cheap served in fast food joints for waffles.",Petaling Jaya
2022-12-04 10:12:03+00:00,1599345783341744129,izuddinhelmi,Delicious cheap food. https://t.co/GmBGJHl4KZ,Kuala Lumpur Federal Territory
2022-12-03 18:49:35+00:00,1599113635619606528,ailing1205,"The best &amp; cheapest mala stall that I ever ate.
Nice and cheap. Share with friends and worth the price. 
Super delicious. 😋 @ Redhill 75 Food House https://t.co/jwuG3OYkLX",Singapore
2022-12-02 06:01:59+00:00,1598558075798945793,_AyeYODeege,Still amazes me how cheap food is in other countries… on top of the ingredients being so fresh.,Wherever I want to be
2022-12-01 03:47:28+00:00,1598161836213702656,mortal_paradox,"If you ever happen to visit Davao. I beg you to please dine in this resto😂

Their food is one of the best I've ever had, they have really cozy ambiance and for the quality of food you consume It's quite cheap💯😋 https://t.co/Fp4m57pQbA",Republic of the Philippines
2022-11-29 18:36:39+00:00,1597660830338023428,Andrew007Uk,Day 17 was definitely the day of some of the best views yet in this trip interspersed with cheap local delicious food - change out of £5 for lunch and dinner combined today (and that is for 2 people). Never has the phrase 'eat like the locals' seemed more apt. https://t.co/qPtc8RPOvl,"London, England"
2022-11-29 10:36:17+00:00,1597539943014076416,thegreatjinnie,"Conclusion for today self rewards 'day'
1) Got myself a new PUMA shoe
2) Nice lunch food with officemates
3) Kind grab drivers who entertained my day
The only cons is public transport. Hard to travel around shah alam cheap and fast. Spent RM40 + just for traveling. https://t.co/L38rVjrK5E",ma bed
2022-11-27 12:11:42+00:00,1596839176393351168,Mafesto,"Western cravings in Thailand don’t come cheap. Case in point, this rack of Australian lamb tips the scales at AUD$100 not including all the western condiments required. But it will be delicious #thailand #food #lamb #farung #cravings https://t.co/TSVKgXycY3","Brisbane, Queensland"
2022-11-27 09:10:11+00:00,1596793498589855744,cubanbriefs,"The food in #bangkok is to die for and extremely cheap. Pictured are #tomyom, #padkrapow and #chickenrice. https://t.co/fIbtCtXzBm","Port St Lucie, FL"
2022-11-27 06:33:04+00:00,1596753958487236608,Zhenting_Chris,Last Saturday impromptu lunch at this food court at Bao Bao Food Court (Lucky Plaza) where I was busy shopping here for some cheap &amp; valuable things. Glad that this meal tasted so fresh... 😋 https://t.co/yy6MIjTmKH,Singapore
2022-11-22 10:54:19+00:00,1595007764194947073,jestlee16,"Yes, having street food dates is cheap. But our happiness together is priceless 😘 i love you so much.",
2022-11-19 03:18:59+00:00,1593806010895851520,waki,"In the country where I live, We can eat food that is this delicious ""Yaeyama pudding with 2 pieces"" at a price that is this cheap? 300yen (=$2.14) Unbelievable, no?
I feel sorry for everyone of the world.

#japan https://t.co/hseZmmmh7R",日本マイクロソフト
2022-11-17 05:48:30+00:00,1593118864379895809,strongmindset07,"Nice clothes, Nice foods, Expensive shoes, Nice House 
Black hearts, Stupid thinking, Cheap hobbies, Hypocritical people 😡 @ Chittagong, Bangladesh https://t.co/kQoDMUKvnz","Chittagong, Bangladesh"
2022-11-15 12:10:09+00:00,1592490133806542849,AlannaEloa,"Spend my cheap salary is just to buy toiletries more expansive than my food price for my body, my brain no food",
2022-11-13 17:21:32+00:00,1591843720349224960,Simply_Merica,It’s definitely the same as SA. The only cheap thing is street food. Everything is SA cost 🫤😩,People's Republic of China
2022-11-11 08:57:48+00:00,1590992177173524481,sefdiantoro,"@kochengfs Majikan dulu lama makan yg cheap food. Kena masalah di saluran kemihnya, tpi masih belum parah. Demi pengobatan makanan di ubah ke RC, tpi karna budget seret, jadi beralih ke me-o sampai sekarang, belum ada masalah apa2. Cuma kadang ada waktunya si majikan agak bosan dengan itu.","Kalimantan Barat, Indonesia"
2022-11-09 14:51:48+00:00,1590356486336970753,jackhartl3y,"I’ve spent 3 weeks in Bali and these are my thoughts:

- adventure is everywhere
- food is amazing and also cheap 
- south is better as it’s much hotter
- you will have 18 pet lizards https://t.co/0qGZSPwnwF","Bali, Indonesia"
2022-11-09 08:40:40+00:00,1590263086581420032,Arti9lives,"ขอโทษน้องๆ ด้วยนะ ที่ซื้อให้ได้แค่อาหารราคาถูก ขอโทษ 😔
Everyday I said sorry to them that I can bought just the cheap food for them. They should to live in better house than my house.  😔
#feline #cat #catsontheroof https://t.co/Z4tPVgv4Ht",
2022-11-08 14:40:02+00:00,1589991137691197440,jackhartl3y,"“Is food cheap in Bali though?”

This curry was £3.87… https://t.co/CaS9XmH0AZ","Bali, Indonesia"
2022-11-06 09:08:29+00:00,1589182924385300481,DarthSquig,"@NickKitchen1 @gloefflmann I think piling on british food is cheap, lazy, and not up to date, but our sausages are better.","Brussel (B), Hannover (D)"
2022-11-05 02:25:12+00:00,1588719045633007616,BartHanson,"Rural Thailand is like rural Mexico without the cartels. Lots of roosters, leash-less dogs and a general disregard for traffic rules. But very cheap street food and welcoming people","Boston, MA"
2022-11-01 23:48:02+00:00,1587592333109133312,SenseiJoliver,"@trader_nq Nice great place, cheap beer and cheap food. The new Mexican place is great too!","Hua Hin, Thailand"
2022-10-31 09:04:00+00:00,1587007468353204225,kellykathurima,"Food is so cheap in Thailand you can eat out every single day,getting groceries and cooking is waaay more expensive,love it cos i can’t cook for shit🥰",United Kingdom
2022-10-31 02:38:02+00:00,1586910336296198145,itsConi_1999,@ManilaCuteBoy Sa truee daming mura 🫶 then food are really cheap too 😛😛😛,"Manila City, National Capital Region"
2022-10-30 04:02:01+00:00,1586569085265281024,jackhartl3y,"5 reasons to move to Bali, Indonesia

- Cheaper cost of living then the West
- Warm climate all year 
- Best beaches around
- Diverse culture across the island
- Amazing food for cheap bucks","Bali, Indonesia"
2022-10-30 03:28:47+00:00,1586560723429511170,chefkdk,"@shoutnwhisper Chin Hieu-Great charcoal rotisserie chicken, simple Vietnamese food, cheap beer, locals place. Not too far from intercon, just be careful crossing street. Pizza 4Ps Decent pizzas in front of Sheraton across from your hotel. https://t.co/qz9XhaYyP3",Bangkok Thailand
2022-10-27 13:50:02+00:00,1585629898521346049,AlannaEloa,"Eventhough I got paid cheap, and I have to buy the cheapest foods doesn't mean that my foods price are cheap and I eat the cheap foods",
2022-10-26 14:21:18+00:00,1585275381837225984,WMHilmiOmar,"Oh no, a cheap fast food is cheaply made.",Kuala Lumpur Federal Territory
2022-10-26 08:36:29+00:00,1585188606154772482,musasyihab,Food delivery here is so cheap it's unreal..,"Kota Batam, Kepulauan Riau"
2022-10-25 19:42:25+00:00,1584993802917646336,ChloeChantelle1,@04fn_ Yeah cheap food but caused another lockdown ya dafty 🤣,"Swansea, Wales"
2022-10-23 00:39:39+00:00,1583981440936529920,Nadnarcotic,"I was at uitm shah alam for a year doing my Tesl foundation. Penat betul had to rush everyday sebab my faculty wasn't even at the main campus. Everday had to travel from seksyen 2 to seksyen 17. So I decided for my degree I nak Uni yang tenang, no rush, no curfew, and cheap food.",Naddo's Crib Ipoh
2022-10-22 16:52:50+00:00,1583863963183648768,radziyusof,"7. If you think, our currency is good now, it used to be 1:1 and now 1TL is about 30 sen, hence things are cheap. Nope. To begin with the price in lira especially food is nothing less than 120TL. Campur air, at least RM50. Good meal is about RM70.",Putra Heights
2022-10-22 13:27:07+00:00,1583812194763874304,marcastbury1,"@Davidjpark96 Let’s do it. Cheap, good weather, and serious food",United Kingdom
2022-10-22 02:56:46+00:00,1583653562634371072,Altiano,"Warkop Pasundan Setiabudi

Highly rated place with delicious foods and drinks at amazingly cheap price, like you wont believe it..

Here is Bubur kacang ijo + Susu jahe https://t.co/iga680ygnW",Jakarta Capital Region
2022-10-20 01:10:47+00:00,1582902114292236289,eeegun_,"korean food @ tama is so worth?? relatively cheap, yummy and the portion’s HUGEEE","West Region, Singapore"
2022-10-19 05:03:35+00:00,1582598312883941376,astronotmars,Best cheap comfort food. And a little whisper from inside 👀 https://t.co/BIQZUs8dry,
2022-10-15 01:53:08+00:00,1581100831075860480,AnthonyHere88,@Rjohnching7 Quality Food but Cheap 💯. I hope we have these in MNL.,Muntinlupa City
2022-10-13 07:18:52+00:00,1580458030696902657,doseoflifecom,Cheap Esan food FTW https://t.co/BGV39DqGkK,Bangkok
2022-10-10 09:23:39+00:00,1579402268742680579,doseoflifecom,@ssqventuresJB It’s between GMM building and the university. A small compound with a market and food stalls. Like a local cafeteria You’ll see office people go in and out. All the food here is so cheap.,Bangkok
2022-10-05 11:20:09+00:00,1577619648165679106,zecchilovek,Having a quick and cheap meal after getting my new safety lenses made. #japanese #food @yakinikushokudosg @ Lot One Shoppers’ Mall https://t.co/EChy89vfbO,Singapore
2022-10-04 01:20:02+00:00,1577106236650029056,joey_barragan,Swear I’m going to come back to America fatter. The food here is soo cheap and super Danky,
2022-09-29 11:54:58+00:00,1575454080998477825,bartelsv,"tried another Mediterranean restaurant today, seems new and not on the cheap side. Food is delicious though. FAT LAMB Rama 9 https://t.co/KK1w2Pgj2J",
2022-09-27 01:13:44+00:00,1574567934537572353,NorNazilahAnis,"Last Friday aku gi mkn kat Murni USJ9, food sedap and sgt tak sangka harga cheap gila compare kalau aku mkn kat jb. Mcm double siak harga food kat jb ni. Ke mmg restaurant Murni tu je murah?","Johore, Malaysia"
2022-09-26 04:15:46+00:00,1574251358953537536,gjfitzgerald,@iDGiam Siem Reap has a magnificent food culture mate and sooo cheap. Here we are at Caucasus Georgian Resto brilliant for about $18/head including wine. https://t.co/6WNzRpgJ6b,"-26.394562, 153.068943"
2022-09-25 12:16:04+00:00,1574009840988737541,hschmaiske,"@duborges That makes sense, I never been to Australia but after traveling to 20 countries I prefer Brazil, it’s cheap, the food is really good, it’s very far from warzone
I’m divided between Curitiba and Floripa. Curitiba has better structure and Floripa the beaches, hard to choose",Curitiba 🇧🇷
2022-09-20 15:57:10+00:00,1572253543142395906,PrinceDerrickSG,"100% on Chiangmai . Lived there for 2 years . Coworkinv spaces , well equipped cafes where you can work remotely . Rent is cheaper than Bangkok . Food and transportation too and best of all , alcohol is cheap too .",Singapore
2022-07-11 06:22:04+00:00,1546379274814631937,MARcomOfficial,"yup. i think i'll drive 2 hours back and forth to &amp; from this shop/gerai every meal time (breakfast, lunch, dinner = total 6 hours) to get cheap food. yay",Tamago no Chuushin
2022-06-28 10:20:26+00:00,1541728223154667522,KhaosodEnglish,"Police spokesman Pol Col Kissana said Tues consumers should be wary abt online scammers offering unrealistically cheap food &amp; accommodation vouchers. It includes fake #Pattaya hotel vouchers sold for 22 baht, less than 1 US dollar, per night. Buyers were turned back by the hotel. https://t.co/xr6VbVeqqB","Bangkok, Thailand"
2022-06-19 18:17:39+00:00,1538586826616676357,jeliktapibenar,"Eating healthy isn’t cheap. It was cheap back in the 70’s. 

Make healthy food accessible to people of all classes instead of just those wealthy enough. 

Also, longer working hours just so one can get by also contribute to people being overweight, directly or otherwise.",Malaysia
2022-06-16 16:35:53+00:00,1537474051949887488,aditmiraz,I’m curious how come they can sell foods with cheap price.,"Bali, Indonesia"
2022-06-16 04:03:04+00:00,1537284597259509760,MarioJD90,"Finally managed to get proper groceries via @HappyFresh_MY .

Food delivery is not cheap at all. Definitely a luxury 💀","Kuala Lumpur,Malaysia"
2022-06-14 13:53:27+00:00,1536708397965271045,CulturedF,"Landed back from Penang. What a place. The street food is amazing, people are so nice and alcohol is so cheap! 

A beautiful place too - I can see why parts of George Town are listed as UNESCO heritage sites. 100% will go back. 100% recommend. 

More pics @ insta: DNicholls33 https://t.co/dKSxujFYjx",Singapore
2022-06-14 02:30:01+00:00,1536536407518617601,sirnicolay,"After 2 years of WFH setup where lunch is always self-cooked or ordered via Grab, I now have new appreciation for workplace cafeteria food. They're so cheap and convenient omg",Metro Manila
2022-05-27 19:08:55+00:00,1530264808372977664,avionajo_,I love Penang. I really enjoy the food here coz it's so good and cheap. Guess I'm coming back here again next time for a short vacation ☺💛✨,"Kuching, Sarawak"
2022-05-22 22:56:59+00:00,1528510261212364800,samuelbrillo,"call me cheap but this is my comfort food during cold, rainy season https://t.co/uqTZIf4U85","Bacoor, Cavite"
2022-05-22 10:12:38+00:00,1528317909230972928,ldarp2225,"@savicali Warm people, high salary, good food, cheap living cost, and easy to find entertainment or art, hehe",Yogyakarta
2022-05-20 01:39:38+00:00,1527464029002014720,EdwinNurdjajadi,Spoiled for choice! Dunno which to choose for my #breakfast 😅#food quite cheap too &amp; no pork served here #fridaymorning #foodblogger #CostOfLivingCrisis #Sarawak #weekendmood @khalidainie @SimpletonED @PittbullSarawak https://t.co/eUzF0zaNmt,"Kuching, Sarawak"
2022-05-15 06:14:16+00:00,1525721206934360065,kikokicks,"This happens when you gentrify cheap/comfort food, onto a menu.",新加坡
2022-05-08 04:21:25+00:00,1523156090828980224,jimmyjemii,Absolutely agree. Currently interning in KL. My first time staying independently without family. Found a rental home in kampung baru. Near to workplace. Near to lrt and monorail. Got many good and cheap foods. Really love being here. 🤣,"Kuala Lumpur City, Kuala Lumpur Federal Territory"
2022-05-07 01:08:59+00:00,1522745275248390144,asrafkaizen,"@Peach_Indeed @LibertyAnders debatable. Is the power to choose to do something like ""giving your body to a mediocre random man"" empowering?

That's like saying the power to choose to eat cheap unhealthy fast food everyday is empowering

nothing empowering about lowering your standards. You're just coping","Cheng, Melaka"
2022-03-27 10:17:17+00:00,1508025355818631168,sb19_stellberry,"Missed walking so much. Buti na lang mahangin at maaliwalas panahon.
Food prices may be cheap for tourists, but conisdering the disposable income of the Filipinos, a night out like this is can be a luxury for the masa 😥 https://t.co/YutWdmBjSQ",
2022-03-22 13:28:12+00:00,1506261465031798784,KITmulti1990,since the price of mango is really cheap so i decided to make mango float dessert and I'm just glad that my nephew loves it. He's very picky and we're just happy that he's trying different foods now. That's all.,burial mounds
2022-03-17 11:52:22+00:00,1504425405285113857,xiaoyingxmm,"Sgd33. Very cheap! 17-03-2022 #cstfoodsanddrinks @ Toa Payoh Lorong 4, block 93, Market &amp; Food Centte https://t.co/GattMKQTY7","1.549646,103.717996"
2022-03-16 08:17:36+00:00,1504008969580576769,pinkyfish10,"@PerthNakhun Street food, cheap food, insider places only locals knew",ラルクアンシエルの世界
2022-03-16 00:56:02+00:00,1503897845421719552,victoriamtbui,Bruh. Food in Singapore is so bomb and cheap. Would consider living here for a lil bit. https://t.co/cP7Rs8ON2M,"Los Angeles, CA"
2022-02-14 12:45:42+00:00,1493204805564919810,zapmarie,"Valentine's Date with the Girls💞 minus my other Daughter Erishe , she got a lot of school works to be submitted tomorrow, so we do the take away for her.💗

- food here are cheap and the portions are huge, in fairness the taste is much better than Saizeriya",
2022-02-05 04:59:13+00:00,1489825921280266242,SeowChinSiew3,"Malacca housing is excellent and expanded to Green area.
Future investors will pouring in to Malacca as foods is cheap.
Environment is Green. https://t.co/H9OsNqNtjl",
2022-02-01 14:26:52+00:00,1488519222372278277,FreshlyMilk,"Found my fav Japanese restaurant near my room 👍🏻😋🎉 good place, yummy foods with quality and so cheap 😲😲😲 They probably thought that I'm expert to use chopsticks but they were wrong 😂 https://t.co/k28vl27sgr","Phuket Province, Thailand"
