Datetime,ID,Username,Text,Location
2023-03-30 23:39:13+00:00,1641585902903504896,damnedpunk_,"@jalur5_ Hmm, kereta ekonomi, kereta yang harga tiketnya Rp 1500-an dan sempat naik ke angka Rp 2500.
AC yang berasal dari alam, banyak penjual makanan, pengamen, sampai copet pun ada.","Jakarta, Indonesia"
2023-03-30 17:45:00+00:00,1641496761675157504,relevan_com_my,"Kekurangan bahan asas jagung dalam pembuatan makanan haiwan ternakan telah memberi impak kepada kenaikan harga ayam dan daging pada ketika ini yang mana perkara itu dirasai seluruh dunia.

https://t.co/SU5nxEegRa",Petaling Jaya
2023-03-30 16:05:54+00:00,1641471825015341056,Danial24101998,"Kerajaan Harapan National  ni memang luar tabiie sungguh. Yang rakyat minta gaji naik, dividen ASB, Tabung Haji, KWSP keluar, BSKL naik, tapi yang naik OPR, harga barang, harga makanan, kos sara hidup..... lain yang dimintak, lain yang dibagi...","Cheras, Selangor"
2023-03-29 10:54:04+00:00,1641030958735413249,bumipro2014,@RajaPetra Adakah dgn hapusnya monopoli beras Maka harga beras akan naik? Harga makanan tak kan naik ke?,"Negri Sembilan, Malaysia"
2023-03-29 09:26:07+00:00,1641008825401774082,alhaziqqqq,Memandangkan harga makanan kat bazaar dah naik kawkaw jadi kita makan kat kedai jelah lagi murah dan jimat 😮‍💨,Kuala Lumpur
2023-03-29 06:34:27+00:00,1640965625475629057,rkij_sukabumi,"Gubernur Jawa Barat Ridwan Kamil mengatakan harga bahan makanan mayoritas naik pada bulan Ramadan ini. Dia menuturkan, pemicu naiknya harga barang karena naiknya permintaan pasar.","Sukabumi, Indonesia"
2023-03-29 05:20:40+00:00,1640947055492493312,mohammadazmy297,wow!! 203 barangan makanan naik sampai 88% ..ni belum harga nak raya lg..silap2 mau makan ketupat kuah air suam jer ni... itulah akibat sembang kari sembang gajah terbang 🤣🤮🤑💩✅ https://t.co/TIDbysvC1M,Malaysia
2023-03-29 03:16:51+00:00,1640915896649793536,TVPertiwi_MY,"Kenaikan harga keperluan makanan terutamanya barangan mentah seolah-olah satu kelaziman apabila ia berlaku setiap kali menjelang bulan Ramadan dan perayaan Aidilfitri sehingga membebankan peniaga.
(1/3) https://t.co/ADPGl0xnfZ",Kuala Lumpur City
2023-03-29 00:00:00+00:00,1640866358903836672,EkonomiRakyatMY,"Tiga rangkaian pasaraya terbesar di Sweden berjanji akan memotong harga barangan makanan yang dijual bagi membantu mengurangkan beban kenaikan inflasi makanan di negara itu

Kadar inflasi makanan naik 22.1% tahun-ke-tahun bagi Februari 2023 di Sweden, tertinggi sejak 1950an https://t.co/qtjrro7L6n",Kuala Lumpur
2023-03-28 22:46:34+00:00,1640847881115668480,hairul_hazwan,@DenciShahrizal Setuju tuan. Security of food supply should be prioritized instead of cash crops. Kalau tak memanjang je harga makanan naik tiap tahun sebab kebergantungan dari luar yang turut terjejas oleh nilai matawang.,"Johor Bahru, Johor"
2023-03-28 13:56:09+00:00,1640714396031938562,abahlubna,"Ramai penjaja kecil bg feedback,harga tapak bazar mahal gila,dgn barang2 naik harga,memang xdpt la harga makanan harga rahmah

YB @NgaKorMing mintak tgk2 sikit apa sbb mahal,bukannya ada nak kena sediakan apa2 pun","Selangor, Malaysia"
2023-03-28 12:11:25+00:00,1640688038845255680,haneefbarnet,"Harga makanan bazaar betul2 naik eh...rase pokai teramat. Not sure if I'm out of the loop, tapi colour me surprised when I found out murtabak is rm8...in jasin pulak tu. Food inflation is out of control man.","Jasin, Melaka"
2023-03-28 11:57:09+00:00,1640684449657667585,nnastria_,"Harga bahan makanan naik, barang diskinan berkurang, trus harga apartemen juga naik 🥲",Denpasar
2023-03-28 07:33:42+00:00,1640618149610418176,hmetromy,"#kualalumpur Kenaikan harga barang mentah di ibu kota menyebabkan kebanyakan peniaga makanan bazar Ramadan terpaksa menaikkan harga jualan untuk menampung kos.
https://t.co/dvHykUJID0",Malaysia
2023-03-28 02:00:01+00:00,1640534174129086464,StayForTheMemes,@Ahmad67070622 @fahmi_fadzil Harap Kerajaan Madani dah khatam buku Hasan Malek ni. Dapatlah ilham untuk tangani harga barangan asas n harga makanan kat bazar tu mencanak naik. Hehehe. https://t.co/TbYQCgms8O,"Dengkil, Selangor"
2023-03-27 18:16:42+00:00,1640417577007747073,devilprinc3,"@AbudiAlsagoff Parking. Harga makanan. Orang jumpa sedara tgh tgh bazaar ramadhan mcm dah 100 tahun tak jumpa. Tu tak masuk yang naik motor, kalau boleh dia nak beratur dgn moto moto skali..","Selangor, Malaysia"
2023-03-27 11:45:00+00:00,1640319001472516097,501Awani,"Tumpuan #AWANI745 malam ini:
 
📌 Harga makanan di kedai turun pada Februari, harga sayur pula naik
selagi ekonomi tidak pulih, selagi itu PM tak ambil gaji
📌 Pembangkang dakwa lawatan PM ke Arab Saudi gagal, tuntut penjelasan

#AWANInews  https://t.co/3bVzNBHrUM",Malaysia
2023-03-27 11:26:38+00:00,1640314379576164354,FirdausAzil,"Harga makanan dijangka terus naik pada Ramadan, Aidilfitri https://t.co/Vn4g1mxRAJ","Johore, Malaysia"
2023-03-27 11:01:33+00:00,1640308066964107265,NightOwlGenY2,@everlastlbs yg cakap harga  naik tu jual apa bnd makanan nya,Kuala Lumpur
2023-03-27 10:35:50+00:00,1640301597325660160,HRHMBE,@awesomecemok Ini kan yg masa jadi menteri kpdn dulu cakap harga gula naik ada hikmah supaya rakyat kurangkan guna gula dlm minuman &amp; makanan elak penyakit kencing manis....jni penyokong tegar zahid. Lepas jadi menteri jadi duta ke cambodia,Kuala Lumpur
2023-03-27 09:37:51+00:00,1640287005295939584,AliAhme70978158,Actually it reminded me of Egypt selepas Husni Mubarak jatuh. Ikhwanul Muslimin naik. Semua org happy. Selepas 2-3 bulan demand macam2. Nak harga barang turun. Nak subsidi makanan. Sudahnya Kjaan Ikhwan tumbang. Tak sabar masing2,"Seremban, Negeri Sembilan"
2023-03-27 08:06:52+00:00,1640264108175167489,501Awani,"Penurunan buat pertama kali susulan beberapa usaha yang dijalankan oleh kementerian dalam memastikan kenaikan harga makanan siap dimasak dikurangkan.

#AWANInews 
#AWANI745

https://t.co/PaYo7VzW18",Malaysia
2023-03-27 07:11:11+00:00,1640250093055123457,KrishnanLm,@LagaCawan NAK BODOH KAN RAKYAT....BAGI SEEKOR IKAN JE..MANA CUKUP...HARGA IKAN NAIK MCM EMAS...SEEKOR IKAN INI MAKANAN UNTUK 5 TAHUN KE...🤦🤦🤦 SELAMA INI BODOHKAN BUDAK2...SEKARANG NAK BODOH KAN ORG TUA PULA....,"Johor Bahru, Johor"
2023-03-27 06:13:59+00:00,1640235701055946753,mediavariasi_,"Sebabkan harga barang naik, harga roti john pon naik. Bak kata netizen, roti john ada jenis². Kalau roti John Cena murah skit,kalau roti John Wick lak harga kerass. 🤣 
Tak tahu nak nangis ke nak gelak bila dgr harga makanan kat bazar zaman sekarang 😅

https://t.co/ZP461eKGeQ",Cyberjaya
2023-03-27 04:43:54+00:00,1640213031060918272,alifmegat,@amende_sial Masuk tahun tak tahu la tiba tiba harga naik lain macam weh dah macam beli makanan dekat mall 😌😭,"Perak, Malaysia"
2023-03-27 04:36:30+00:00,1640211166546006017,fadzilahkamsah_,"Selain dari harga makanan makin naik, apa lagi yang kamu nampak berbeza di bazar tahun ini?",Malaysia
2023-03-26 11:14:35+00:00,1639948960126337025,captain68404915,"Observation harga Bazar tahun ni ..mmg  harga makanan &amp; minuman naik Dari tahun lepas

Average takde dah makanan harga RM5

Martabak RM6/7
Roti John RM7-10
Nasik tomato RM7-9
Sate RM1-1.50 /cucuk 
Kuih muih RM3-6
Air balang RM3 (cawan) , RM4-6 (bks plastik) ini memang mengarut","Subang Jaya , Selangor "
2023-03-26 10:33:34+00:00,1639938636471996416,Amrlamnnn,"Harga makanan makin naik
Barang nak masak pun makin naik
Semua benda naik
Gaji je tak naik-naik 😩","Selangor, Malaysia"
2023-03-26 09:54:22+00:00,1639928771750014976,ameer_deenz,"Tak faham aku dengan negara ni, harga barang semua melonjak naik gila². Nak kata harga minyak petrol dalam negara naik tak jugak. Siapa yang kawal Malaysia sebenarnya ni? Thailand harga minyak petrol mahal tapi harga makanan takda la mahal cam Malaysia ni. #MalaysiaMADANI",Malaysia
2023-03-26 06:54:23+00:00,1639883479285649408,ammarmestalla,@501Awani ramadan kali ni mmg byk makanan naik harga. pusing la cari makanan yg berkhasiat &amp; murah. pilihan ade. kite yg tentukan.,"Kuala Kangsar, Perak"
2023-03-26 03:06:08+00:00,1639826037201854464,kompascom,"Bahan makanan pokok mengalami kenaikan harga di Pulau Lombok, Nusa Tenggara Barat, pada awal Ramadhan 2023. https://t.co/R2w35b8H3Q",Jakarta
2023-03-26 03:04:14+00:00,1639825561366433797,Jendulism__,"Makanan kami mahal sgt ke? Kami retort, beli packaging gred tinggi, plastic tebal x lobos. Itu value kami, dgn bahan2 dan resepi sikitpun x shortcut.

Tp org igt kenaikan harga dia sorang je yang rasa, peniaga yg beli bahan mcm kami ni x perlu naik harga?",KUL - KCH - MYY - BWN 🛩
2023-03-23 12:11:01+00:00,1638875999625682944,frzhyqlll,Makanan kt bazar banyak dah naik harga....maybe boleh buat bazar rahmah,
2023-03-22 04:26:49+00:00,1638396791241711616,DenciShahrizal,Beliau menyatakan yang kampeni-kampeni Belanda yang buat pilot test kat Thai harus knowledge transfer kepada orang lokal. Harus amalkan Glokal (global localise). Dihadapan ramai policymaker dia tegur ignorance kerajaan mereka pasal kenaikan harga makanan ikan.,
2023-03-19 17:16:27+00:00,1637503310042382336,hidayatraa,@vincentrcrd Dulu di kepala gw pas mereka muncul pake apps 2015an kalau burn money nya ilang. Akan ada kondisi masanya service cost akan naik untuk membayar sobat party di building. Bahkan getting closed ke harga makanan yang dipesan ~ yang sudah diincrease 10% juga dari modalnya. Bocuan.,dijakartamu.bersamamu
2023-03-18 03:43:52+00:00,1636936432488181761,aintnajihah,"Makanan sekarang semua dah naik harga, mana ada kuih 3 seringgit dah. Air pun mahal, lauk lagilah. Paling2 pun kena ada RM20. Kalau tetiba terlebih bajet, QR lah membantu utk bayar. Tak payah nak argue pula ""Kenapa kene beli.. Masaklah kat rumah"" duit dia suka hati dia.","Ipoh, Perak"
2023-03-15 04:19:31+00:00,1635858236552400896,w_milant,"@egisipudin @Muhammad3064041 @recehtapisayng Noted, nasi goreng apa ya, apakah sudah termasuk minum atau belum ya? Kalau di daerah Malioboro jika ada harga makanan, parkir kemahalan bisa lapor ke dinas pariwisata kota Jogja. 
Coba ke nasi goreng kambing Mr. Bean depan rumah sakit panti rapih (± 15rb/porsi, kalau blm naik)","Yogyakarta, Indonesia"
2023-03-13 14:33:29+00:00,1635287972659748871,kamal_itaewon,@Eda_Zahidah Actually mmng banyak dah harga makanan Tranung ni naik.. mostly dah mcm selangor/KL.. cuma still ada lagi yg murah sikit jenis kedai kappung2 sikit or kedai kedai orang lama..,"Seoul, Republic of Korea"
2023-03-12 05:23:15+00:00,1634787112594833408,vandy_46,"@worksfess Saran saya, dirimu lebih baik berangkat agak pagi nder.

Agar di jalan bisa mampir ke warteg buat beli makan.

Kalau sekiranya dirimu kerja di kawasan SCBD, dan dirimu naik KRL turun di Sudirman, kamu bisa beli makanan di depan stasiun sudirman, harga per porsi 15-25k",Karawang - Jakarta (PP)
2023-03-09 12:09:47+00:00,1633802256884830209,HezeriSamsuri,"Bagus bela binatang ni. Cuma aku rasa makin lama makin mahal harga ubat makanan apa semua dia. Kalah manusia. Cuba kau try tanya berapa charge nak cabut gigi kucing. 

Cuba la, kawan aku kata. 

Aku diam je tapi mmg aku akui, harga semua naik.","Kuala Lumpur, Malaysia"
2023-03-02 05:08:41+00:00,1631159569152868353,AhmadTarmizy7,"@RajaPetra Bukan setakat harga sayur jer, harga ayam naik, harga telor naik, paling terok harga beras pun naik, hari tu kata bantu petani, pembekal beras xboleh monopoli, bagi rakyat mudah jer, harga makanan dan bahan keperluan harian utama, perlu murah, dan mampu dibeli dan membantu rakyat",
2023-02-25 02:57:47+00:00,1629314689741225984,miraaaibrahim,"Dating dengan husband 🥰 
Lama tak makan steak🫣🥰
Bila dinner semalam best pulak sebab tak ramai orang 😀
Last datang sini tahun lepas, tahun ni datang harga dah naik😅  
Tapi apa apa pun alhamdulillah syukur makanan sedap 🥰💙 https://t.co/43gdd1aJpC","Wangsa Maju, Kuala Lumpur"
2023-02-15 09:56:45+00:00,1625796245309755392,AmaleenaForever,Harga makanan kucing naik mendadak YB ...tuan puasa awal kalau mcm ni https://t.co/zITRgQHFKD,"Kuala Lumpur, Malaysia"
2023-02-14 04:09:29+00:00,1625346464972148736,AlepAdon,"Tempat jual makanan mahal kau orang marah-marahkan sampai viral, aku jual nasi lemak RM1.50 lagi ni hadap naik turun harga barang macam nak gila korang buat bodoh je eh. 

Timun naik 300%
Ikan bilis naik 35%
Telur naik 40%
Beras naik 15%

Portion dan kualiti masih sama.",
2023-02-10 03:27:20+00:00,1623886307561979905,Senggiaw,"Kenaikan harga barang menjejaskan rakyat, terutama yang berpendapatan rendah. Kerajaan Malaysia melulus Perintah Gaji Minimum pada RM1,500 sebulan. Penguatkuasaan? 'Menu Rahmah' di tempat makanan yang tertentu diumumkan. Kawalan harga barang adalah penting. https://t.co/4GJNFwAX6H",
2023-02-09 02:58:30+00:00,1623516661700763649,suffikamari,"6. Menyerang jutawan Melayu dan syarikat Bumiputera.
7. Buat perjanjian persefahaman yang melanggar Perkara 49A Perlembagaan Persekutuan.
8. Sekat penceramah dan pendakwah.
9. Bubar Majlis Pemulihan Negara.
10. Kenaikan 50 peratus harga makanan di kantin sekolah.","Ulu Kelang, Selangor"
2023-02-02 11:21:42+00:00,1621106581881638913,amar_amk9757,"Langkah untuk jangka panjang juga sedang diteliti oleh kerajaan bagi membolehkan jaminan bekalan makanan bagi memenuhi permintaan dan seterusnya membantu mengawal kenaikan harga barangan.

(3/4)","Perlis, Malaysia"
2023-02-02 01:42:13+00:00,1620960748271980545,idgafzlnie,"harga barang turun, harga makanan kat kedai still camtu jugak, takde pun nak turun turun. bab naikkan harga laju je dgn alasan ""barang naik harga"" 😤",
2023-01-29 00:56:54+00:00,1619499794371837953,AlepAdon,"Dear @KPDN_HQ , harga timun naik 100% ni sejak lepas raya cina, taknak check dan explain ke kenapa?

Sebelum raya cina RM22-30, lepas raya cina RM50-60 ni. Dah lah menteri persoal kenapa kami tak turun harga makanan siap suruh boikot.",
2023-01-25 06:56:13+00:00,1618140666416214017,vtymhd,"Org kerja f&amp;b nang susah. Apa gk mn kerja kedey makan and harga bahan mentah naik, terpaksa naikkan harga makanan &amp; minuman juak.Last2 staff kenak maki cust sbb makanan mahal. Hmmm. Harga dh diengkah juak,cust ada choice mk proceed order or x. Pasya staff wak knk slh eh x ku fhm","Sibu, Sarawak"
2023-01-23 03:49:37+00:00,1617368933623029760,lomo_tech,Kaedah jangan makan di kedai mahal ni sebenarnya dari dulu lagi betul. Zaman bn/pn pun. Cuma tu la. Dulu pembangkang kan. Ce minta cerakinan macam mana harga makanan tu tak patut kene turunkan. Adakah kos2 lain naik eg gaji.,-
2023-01-20 13:14:00+00:00,1616423800920498179,Thiban_ben,Thank you YBM @FadhlinaSiddiq 🫰Sempat saya bincangkan tentang pemerkasaan sekolah di kawasan luar bandar &amp; ladang. Isu berbangkit tentang SJKT &amp; kenaikan harga makanan di kantin juga turut dibincangkan. YBM komited untuk selesaikan &amp; berjanji akan turun ke Kuala Selangor! Soon! https://t.co/pTy4nRvn7W,Bestari Jaya (Batang Berjuntai
2023-01-19 06:16:02+00:00,1615956227200258053,RozmalMalakan,"Jemaah yang bakal menunaikan haji pada tahun ini perlu menyediakan wang tambahan ekoran peningkatan kos perbelanjaan. Pakej swasta perlu menyediakan wang tambahan sekurang-kurangnya RM20,000. Kenaikan harga makanan sekitar RM20 bagi setiap menu kesan VAT

https://t.co/kYcE6aSsjw","Seremban, Negeri Sembilan"
2023-01-19 03:07:49+00:00,1615908863236268032,_jalanpanjang,"Lama tak makan Marrybrown. Hari ni tetiba rasa nak makan ayam Marrybrown. Tapi kecewa. Ayam makin kecil tapi harga makin naik. Ayam kecil macam ni pun nak jual. Minta tukar ayam, staff buat muka pulak. Makanan makin mahal tapi kualiti makin berkurang.
#MarrybrownMY #KPDNHEP https://t.co/CxVO0g6oKd",
2023-01-16 05:58:06+00:00,1614864552205889537,bongsuga_,"habis makan mie lanjut ngopi. donut yg suka gw beli di Ikea pun tlah naik harga 1k. jadi 1 biji 8k kalo beli 3 20k

semua makanan naik harga ya. semoga rejeki slalu lancar. Amen 🙏 https://t.co/mqMtOTHmqm",Jakarta
2023-01-12 01:59:17+00:00,1613354901861699584,Sayyd51890925,"Dulu ayam yang jadi masalah. Tiba2 telor pula terpalik. Bila telor naik harga, semua makanan akan naik harga. Taraf hidup dah jadi macam Japan!
Elok kerajaan import supaya harga telor stabil. Bila harga naik dah tak akan turun lagi.",Kuala Lumpur
2023-01-10 06:24:00+00:00,1612696743833141252,getaranmy,"Pengusaha kantin sekolah diminta merujuk kembali garis panduan ditetapkan oleh Kementerian Pendidikan (KPM) berhubung dakwaan kenaikan harga makanan di premis berkenaan baru-baru ini.

#GetaranMY | #Pendidikan  https://t.co/nAaLEdCx5m",Malaysia
2023-01-09 14:53:15+00:00,1612462513567981568,mfrblog,@MikyBurky @Antoniusburha @DiamondsInMyAss @txtdrkuliner tempat legal = sewa lapak mahal = harga makanan naik,Indonesia
2023-01-09 14:50:58+00:00,1612461934808563712,mfrblog,@sc0rpi097 @txtdrkuliner ada tempat legal = sewa mahal = harga makanan naik,Indonesia
2023-01-06 08:41:51+00:00,1611281883098394624,MrniYsf,Harga makanan semakin naik ? Nangis mcm ni . Harga americano pun naik . Kopi air je padahal 😖,around the world
2023-01-06 02:36:04+00:00,1611189829777391616,Aminadri_,"TERKINI!!!

HARGA MAKANAN DI KANTIN SEKOLAH NAIK RM 1

LINK PENUH:https://t.co/WlxulQuNOw https://t.co/V7P8NdgIaS",
2023-01-04 03:32:07+00:00,1610479159771561991,siti_nadiah308,"Aku ni bukan lah makan babi.. tp bg aku xsalah kot org cina yg mkn nak kawal harga makanan dorang.. kita yg makan ayam pun bising lau harga naik, ni dorang time nk CNY lak tu.. respect each other sudah lah.. penat lah semua benda nk kd isu",malaysia
2023-01-02 03:29:49+00:00,1609753804333010944,sherfiqashrdn,Actually semua makanan da naik harga 🥺 and da makin terasa mahal dia actually bcs duit aku makin cpt berkurang hahah,
2022-12-25 09:30:07+00:00,1606945374778068992,akmalarif90,"Berita Harian

Rafizi tak kemuka penyelesaian isu kenaikan harga makanan - Ketua Penerangan PAS

6 minit yang lalu - https://t.co/25kiGtDyYY",Malaysia
2022-12-24 01:38:10+00:00,1606464214604087296,hasyudeen,"Kenaikan kos makanan ayam menyebabkan kos pengeluar daging dan telor ayam naik. Jika mereka tidak boleh menjual dengan harga yang lebih tinggi, mereka akan kurangkan bekalan untuk membendung kerugian. Harga siling menyumbang kepada pengurangan bekalan.","Kuala Lumpur, Malaysia"
2022-12-24 00:17:56+00:00,1606444024487096324,mfjfazley,"Hampir 57% kenyataan media menteri ekonomi menyebut kenaikan harga makanan terkait dgn pengguna/rakyat 

Klausa 3, 4, 7, 8, 9, 11, 12, 13 &amp; 16",
2022-12-07 11:59:24+00:00,1600459961334538240,AdzleAzhar,"@alhmmnshrjr ini aku setuju, but why on bernas 1st? beras xpernah naik harga drastic…makanan lain harga fluctuate dari masa ke semasa..tak stable, rasanya itu yg perlu diutamakan",Nibong Tebal
2022-12-02 23:05:35+00:00,1598815671072460800,bundafajar11,"Harga Makanan Bakal Naik, Efek Inflasi yang Diciptakan Kapitalisme? | Serba-serbi MMC

? Berikut penjelasannya!

https://t.co/EFYw8zCLHg

Jangan lupa share seluas-luasnya ya...#islam kaffah https://t.co/E1POyUVFu8",
2022-11-22 10:19:59+00:00,1594999125035999233,AsepWitoko,"@kkmanti Asli bang, cuma harga terlalu mahal untuk makanan kayak gitu, oya kopi udah ku bawakan, ini baru naik kapal","Kota Lubuk Linggau, Sumatera S"
2022-11-18 09:38:55+00:00,1593539236287766528,amer__aljeffrey,"Tak ada ke Coalition yang berjanji nak control harga makanan and pasir kucing? 

RC naik harga like every 3 months kot.","Kerteh, Terengganu"
2022-11-18 08:25:43+00:00,1593520814581641216,asrafkaizen,"@YazidAiman4 @yuistic aku jadi emo sikit lepas borak dgn pakcik cleaner semalam

""Kau orang kaya boleh lah. Masih boleh beli ayam, ikan""

Macam mana dia komplen harga semua bahan makanan naik, sampai harga telur pun naik","Cheng, Melaka"
2022-11-17 14:47:56+00:00,1593254618049310722,asrafkaizen,"@stoicrates @DrAmirul93 ""stabil. Lain tu tak penting""

Rakyat mati 36 ribu masa covid kerana kecuaian kerajaan jaga pandemik, buat PRN masa pandemik tapi x suruh kuarantin

Rakyat mati dalam banjir, dirempuh balak

Rakyat kebuluran, harga makanan semua naik

Semua tu tak penting. Sebab hidup KAU stabil","Cheng, Melaka"
2022-11-14 13:13:00+00:00,1592143562153816064,sirennextdoor,"Rasanya makanan SR dah lama dah jatuh teruk kualiti dia. Last time makan dalam 3-4 tahun lepas. Lepas tengok makanan dia prepack je semua, memang tak lah nak bayar harga yg dia caj tu. Kalau freshly made okay lagi. Kek pun dah makin kecil portion dia tapi harga tetap naik.",
2022-11-12 08:22:18+00:00,1591345630445993986,Amisaha8,"KDNK naik, tapi kos sara hidup makin tinggi. Harga barang semua naik, makanan ruji pun mencanak tinggi. Siapa yg benefit from all this kdnk naik? Serious tak  faham.",Kuala Lumpur
2022-11-11 14:48:47+00:00,1591080504295854087,ilakeskane,"📍Lesehan Cemplok, Watu Amben, Bantul

Dari HeHa Sky View naik dikit. Rasa makanan enak dan harga masih terjangkau","Kota Yogyakarta, Yogyakarta"
2022-11-10 19:43:57+00:00,1590792395427577858,kopifamimaa,Gaji babunya blm naik tapi harga makanan majikan nya naik 😭,"Jakarta Pusat, DKI Jakarta"
2022-11-09 15:34:17+00:00,1590367177152290816,gaddafimusli,@AbdulRahimWahab @AmirudinShari @NajibRazak Mungkin tuan boleh berckp begini kerana tidak terkesan dgn kenaikan hrga makanan. Yes usaha kerajaan kawal hrga pasaran perlu berterusan tp so far ada nmpk kesannya? Kita jgn lah berteori semata2 sambil B40 menderita harga makanan naik. Turun padang bantu org miskin,"Selangor, Malaysia"
2022-11-07 11:14:13+00:00,1589576954499731456,kamilmunim,"Kenaikan mendadak ini adalah akibat daripada kenaikan harga barang makanan dan lain-lain kos ternakan.

Kesengsaraan para penternak ini akan mencapai pengakhiran jika wujud sifat kebertanggungjawaban daripada pihak kerajaan bagi memastikan kebajikan para penternak ini dijaga.",Padang Rengas
2022-11-06 03:24:17+00:00,1589096302297894915,rajabahrinshah,"Banyak rintihan yang sebenarnya dihadapi oleh rakyat dalam diam.

Harga barang naik, harga kos servis naik, apatah lagi bahan asas makanan seperti telur juga kini naik dan susah didapati! https://t.co/sdf2ev89KG","Kuala Terengganu, Terengganu"
2022-11-04 18:32:25+00:00,1588600068407709697,morasaki12,"Mula-mula, mereka mengaku bahawa kenaikan harga ayam dan telur adalah berpunca dari pandemik dan perang Ukraine-Rusia yg menyebabkan harga dedak dan makanan ayam naik.

Lalu mereka kaitkannya dgn UMNO dan kaum Melayu kononnya pasaran telur dan ayam adalah dikawal UMNO dan Melayu.","Johore, Malaysia"
2022-11-04 01:53:22+00:00,1588348648743919618,wearing3plemask,"Peduli apa aku bursa drop 32 mata sebab OPR naik 25 mata asas. 

Sepatutnya 100 mata asas terus. Kita import bahan makanan tahun lepas Rm 55 bil. Ni lagi penting. 

Ringgit drop = Harga import makanan naik. 

Dedak pun kita import.",
2022-11-02 14:22:25+00:00,1587812379047628802,Angkut_,@isusemasaviral Ini Malaysia.... Naik je bahan mntah naik makanan...turun barang mentah.. semua buta..pekak...aaa naik sekali lagi naik harga baru plk dri yg dah naik sebelum ni... The Malaysian way,langit nan biru.
2022-10-30 21:45:01+00:00,1586836595692703744,96mdpl,"12 ewu, UMR Surabaya
Sleman wes  16 ewu,
nek sing sambat, UMR naik, harga barang, komuditi barang dan makanan bakal naik, oleh  idoni wae kui sing gi merintis bakulan.rego barang.  Maruk e koyo sing gawe aturan 🙃
kerep reti penguasa muda mobile furtuner gaji karyawan ra umr 🤣","Sleman, Indonesia"
2022-10-22 04:55:54+00:00,1583683541422206979,GemukBear,Tak Moto GP La kalau harga makanan dekat area sini naik 200%,"Selangor, Malaysia"
2022-10-22 02:28:34+00:00,1583646463636430849,wearing3plemask,"Naikkan terus 200 mata asas. 
OPR naik yg terjejas yg berhutang saja. 

OPR rendah, ringgit rendah + import makanan tahun lepas Rm 55 bil = harga import jadi mahal = makanan mahal. Semua kena. 

Ringgit rendah, export naik, gaji tak naik juga. 
https://t.co/2IX4v2bcwE",
2022-10-21 05:10:09+00:00,1583324738394656770,izzatarsat,@ahmadmaslan Lawak juga la...umno pegang barang naik mendadak...ko tgk sabah sarawak macam xde kawalan harga makanan dekat sini...xperlu tgk janji org....tgk keseluruhan macam mana nak bagi selesai masalah rakyat gampang,somewhere
2022-10-19 10:50:23+00:00,1582685585071755264,IsmanTengku,"Tekanan tertinggi datang dari harga energi yang naik hingga 40,7% yoy, diikuti oleh makanan, alkohol, dan tembakau sebesar 11,8% yoy; jasa 4,3% yoy, dan barang industri non energi sebesar 11,8% yoy. https://t.co/LknR0dEjmy",Jakarta
2022-10-15 13:16:45+00:00,1581272871841984513,Azmi_Zahari_,"Dengan Beban kerja yg makin bertambah,keadaan Gaji yg X berapa memberangsangkn &amp; harga brgn yg semakin naik,
ada yg planning cari sideincome ?bermodalkan sekecil rm360(produk makanan-Coklat Viral)!😍🎉

#Thesaudagaar 
#Jualcoklatje 
#Agentwanted #modalkeciluntungbesar  #Dropship",Kuala Lumpur City
2022-10-13 11:56:46+00:00,1580527963858440193,nadzmi_nami,"@jules12anne Yup betul tu. Tp tengok pada gaya skrg susah nak jumpa kedai yg tak naik harga makanan. Tapi bukan salah dorg juga sebab skrg inflation pun makin tinggi. And yes i agree, this issue never ending cycle😂 just boycot kapitalis untung besar tp tkda empathy kpd pekerja","Gombak, Selangor"
2022-10-13 11:48:17+00:00,1580525830962577416,nadzmi_nami,"@jules12anne Cuma berkaitan kenaikkan harga makanan tu, saya tak rasa it beat the purpose of min wage. Sebab skrg min wage rm1500 tapi harga makanan dan bahan mentah naik. Kalau min wage naik and harga makanan naik, it balance lah kan? Kalau harga makanan naik tp min wage tak naik, naya😂","Gombak, Selangor"
2022-10-06 15:41:24+00:00,1578047782799409152,premangorongan,"@trestalkin udah ga bakar"" duit, bbm naik juga jadi faktor makanan harga naik, ongkir naik",Slawi
2022-09-29 01:23:52+00:00,1575295261920075776,SusantoMulyono2,"Harga energi dan bahan makanan yg naik bisa bikin kacau anggaran rumah tangga. 

Income (penghasilan), energi, konsumsi makan tetap.. harganya yg gak tetap.

Lebih parah, gak sedikit jg yang incomenya menurun.

Terlihat perlunya mandiri pangan dan energi..","West Java, Indonesia"
2022-09-28 22:46:28+00:00,1575255649952600064,lordofkendal,"The US has increased its interest rates from 0.5% to 3.3%, that is nearly 7x increase. 

That is the main current pressure on the RM. 

Increase interest rates Malaysia? 

Bayar loan rumah naik tapi Bagus tu supaya developer turun harga rumah!  Import makanan murah. @zazulazman https://t.co/walVRhCKIo",Spaceship EARTH FrontierOfTIME
2022-09-21 05:04:08+00:00,1572451590141005825,cacing_nagari,"APBN hingga akhir Juli 2022 surplus Rp 106,1 triliun atau 0,57% dr PDB. Pendapatan negara sebesar Rp 2.266,2 T. 
Belanja negara mencapai Rp 3.106,4 T.

Sementara inflasi Juli 2022, merupakn yg tertinggi, disumbang oleh kenaikan harga makanan dan minuman 😬
https://t.co/6QlesogL7Z",
2022-09-18 05:35:15+00:00,1571372257582387201,ammar_atan93,"Harga ayam naik mendadak kerana kos makanan yg masih semuanya diimport dari luar. Kenapa kita tidak tanam dan hasilkan sendiri?

Justeru, pelan untuk kurangkan import &amp; memberdayakan sektor pertanian yg moden utk menjamin sekuriti makanan negara.

#Amanah #konvensyennasional2022 https://t.co/oTNewnXBsg",
2022-09-15 15:06:19+00:00,1570428806338580482,geksantika,"Tidur aja deh, shock habis liat harga dry food anabul naik 🤣
Sumpah, lebih shock liat itu naik ketimbang bahan pokok. Ga expect soalnya, kalo bahan pokok mah dah biasa ya naik apalagi kalo bbm naik.
Nah ini makanan anabul ternyata ikut naik 🙂",
2022-09-13 08:34:56+00:00,1569605536718671873,CitgulitaB,@yemmeow antara sedar dgn x....makanan kucing dh naik harga sejak hujung tahun lepas lgi....nk x nk kena jgk bli...moga rezeki kita sentiasa ada utk ank2 bulus ne...🐱🐱😁,"Kuala Lumpur City, Kuala Lumpu"
2022-09-13 07:34:08+00:00,1569590238040965121,addeenzsr,Makanan dekat tempat kerja naik harga eh.,
2022-09-06 15:34:43+00:00,1567174463460102147,Kulinerbocah,"info dari supplier,semua bergerak naik,dan  yang bikin khawatir adalah dikarenakan warung sebelah tidak menaikkan harga.
Tapi kami tetap berani menaikkan harga karena menyediakan makanan dan minuman serta layanan yang lebih baik.
~inovasiataumati~ https://t.co/Pu8cCmn28E","Sidoarjo, Indonesia"
2022-09-06 11:13:10+00:00,1567108641735737345,goneforyears,"dear HR, will you adjust our salary due to BBM naik parah? Klo bbmnya si ya emang risiko eke pake pertamax. Harga barang2 n bahan makanan n makanan ini loh.. Budak korporat menangis 🥲",
2022-09-04 22:46:18+00:00,1566558298023034880,Irfanmramdhan,"Akibat kenaikan harga BBM, ongkos angkot juga jadi ikutan naik yang tadinya 10k jadi 15k
Harga bahan makanan juga bisa ikut naik
Dan kemarin ada yang bilang yang terdampak cuma yg punya kendaraan doang 😑",Indonesia
2022-09-04 00:45:46+00:00,1566225974294827009,siKirun,"Warteg sejak beberapa bulan terakhir juga dah ada penyesuaian harga di beberapa lauknya. Nasi padang juga udah naik rata2 2-3 ribu dalam 2 tahun terakhir untuk ramesanya. Bahan baku makanan pun udah rata2 3 ribu dalam 2 tahun terakhir. Seribu duaribu, tetep kerasa, banget.",+6221 
2022-09-03 10:42:28+00:00,1566013751463071745,indahcpsreal,"Ga usah bingung harga pertalite naik, ada tempat makanan baru aja langsung full🤭🤣","Malang, Jawa Timur"
2022-09-03 08:52:51+00:00,1565986167484325888,drajatwicks,"mengawali september dengan cemas, efek domino kenaikan harga BBM, bakal makin susah nyari makanan range 10 ribuan","Yogyakarta, Indonesia"
2022-08-21 02:39:07+00:00,1561181072280367104,mukroni68,"Inflasi pangan sangat tinggi, ditengah daya beli rakyat masih belum pulih, pemerintah bukan pedagang warteg yg tidak dibiyayai dengan fasilitas APBN, atau gantian, warteg aja bisa meredam harga menu makanan ditengah-tengah kenaikan harga pangan, malu dong 😀😀😀",في جاكرتا - نسوانتارا
2022-08-20 07:19:57+00:00,1560889357891821568,fatahisa97,@a_nuarr Tuu laa. Mmg dok turun pah mapuh dohh rul harga makanan kalu dang naik gokk🤣🤣,
2022-08-12 06:41:59+00:00,1557980699998638081,rush_v,"Ada isu harga mie instan naik 3x lipat, sebentar lagi beli seporsi in**mie telor di warkop harganya bisa 20-25 rb, dan bakalan ada fenomena borong mie instan &amp; kelangkaan sampai dengan penimbunan mie instan..lalu kedepannya mie instan akan menjadi makanan mewah diatas nasi padang","Bekasi, Jawa Barat"
2022-08-11 04:53:16+00:00,1557590954500313088,Nadyaaprili,"Aku tuh suka makanan mahal yaa.

Contohnya, kemarin pas harga mie normal, ga nafsu sama sekali.
Sekarang? Pas harga mie terancam naik, auto suka banget sama mie. 

😎","Jakarta»Malang, Indonesia"
2022-08-10 03:50:51+00:00,1557212859171348481,giwangkaracom,"Resmi Naik Harga, Mie Instan Bakal Jadi Makanan Mahal https://t.co/Zf4aWITvjP","Jawa Barat, Indonesia"
2022-08-05 15:49:06+00:00,1555581671399108610,MengoYee,"Harga barang di kedai runcit Dan pasar semakin naik. Susah nak hidup, mencari makanan utk keluarga. 
RM semakin lemah berbanding negara lain. 

Ini bukan musim utk bermain politik Mahathir yng saja ingin memisahkan Rakyat jelata... utk agenda politik peribadi.",
2022-08-03 14:44:34+00:00,1554840653657669632,shamsuliskandar,"Dewan Rakyat - 18 Julai 2022. Saya bertanyakan soalan tambahan kepada Timbalan Menteri KPDNHEP tentang isu ketiadaan koordinasi antara KPDNHEP dgn kementerian-kementerian lain bagi menangani isu kenaikan harga makanan seperti sayur-sayuran, ayam dan telur ayam. https://t.co/TABkSAyzIn",Putrajaya Federal Territory
2022-08-01 07:39:58+00:00,1554009025142202368,faqihsyakiran,Setuju . Harga makanan kalau dah naik mana pernah turun. Boikot Tak yah beli nanti lama lama pandai la turun  😂,"Wilayah Persekutuan Putrajaya,"
2022-07-29 22:50:01+00:00,1553150884875345920,PUdat_,Memang terasa betul naik harga makanan dekat kl,"Kuala Lumpur, Wilayah Persekut"
2022-07-29 15:47:19+00:00,1553044508052713472,nur_bunga90,"Rasa nya setiap bulan pasir kucing , kibbles kucing naik harga. Makanan anjing pun sama naik harga. Dala bebudak bulu tu semua tak berkerja, tapi makanan dia orang asyik naik ubat pun naik harga. Kesian kucing dan anjing😩","Johore, Malaysia"
2022-07-27 09:43:02+00:00,1552228059050229760,KlutzyKucing,"Kalau naik tariff nanti, dia kkabor, ""harga makanan letrik naik, maka harga letrik pun naik lah.""","Kuantan, Pahang"
2022-07-27 09:42:50+00:00,1552228005472530432,Anip_Micro27,"Ni dulu kira makanan champion la. Fly dari CFS masuk KK 12 UM sebab nak makan ciken chop + cheezy wedges + garlic bread Rm5. Tak sangka dah tinggal cfs 5-6 tahun tapi still harga naik singgit ja.

cc: @atifnasirr @irfanmokhtar_ https://t.co/GcAdMEfHF4",PNG | KL
2022-07-24 10:21:03+00:00,1551150461268676608,shah_shnetwork,"Rancangan Makanan Tambahan (RMT) tu patut naik sket harga per pax bukan bagi makan mee kosong + air kotak susu coklet

😌😌😌","Selangor, Malaysia"
2022-07-23 06:53:03+00:00,1550735728694333441,Media_Selangor,"120 keluarga dapat bakul makanan, ringan beban kenaikan harga barang https://t.co/Jum5FamiFa https://t.co/FQymFrLRf4",Shah Alam
2022-07-21 05:45:32+00:00,1549993963104264192,syaripova,Harga makanan di beberapa warung mengalami kenaikan sodarak sodarak,
2022-07-18 01:51:40+00:00,1548847945126391808,PAB10I5,"@BadryelBaharom Kau nie kalau cakap bangang marah, berapa harga makanan boleh naik kalau harga minyak masak naik mendadak.","Johore, Malaysia"
2022-07-16 22:38:54+00:00,1548437045072510976,ak47suk1,"Keputusannya tetap sama. Apa yang PKR boleh buat? Nurul Izzah sebagai salah seorang ketua ke kempen. Bawa isu rakyat; Kenaikan harga barang, lestari dan jaminan makanan, pemilikan rumah, gaji manusiawi, peluang pekerjaan, ekonomi gig, IR4.0 IR5.0,",Cyberjaya
2022-07-15 13:37:29+00:00,1547938403639250944,GrithaF,"@DRukhiyat @ex_Lolina negara baik aja kok...itu di kampung saya tiap hari pesta ngak berhenti, mau HUT,pernikahan, baptist,orang meningal,wisuda pasti bikin pesta 🤣🤣 ... Orang di kampung ngak pernah ngeluh koar koar di sosmed bahan makanan naik harga .",singapore
2022-07-15 11:58:28+00:00,1547913487157841928,ilhamjati4,"@_ekokuntadhi Anggoro mengatakan turunnya daya beli warga juga dipicu adanya tingginya inflasi di periode September 2021 hingga Maret 2022. Kenaikan inflasi disebut mencapai 1,78 persen. Kenaikan juga terjadi pada kelompok makanan di mana harga naik 3,51 persen","DKI Jakarta, Indonesia"
2022-07-13 13:23:22+00:00,1547210077618458624,noviacahyaaw,"@FOOD_FESS Bahan makanan skrg ini ngga lagi naik, tapi ganti harga. Mana bisaaa bawang merah 1/4 18 ribu woooy biasanya 8000 uda dpt yg kering dan gendud 😐",h e a v e n l y f i r e
2022-07-13 10:22:51+00:00,1547164648935284736,reddywilson,@kompascom Pantes harga makanan disini naik terus -.-,"Bekasi Utara, Indonesia"
2022-07-12 05:44:10+00:00,1546732126644883456,fallen_phoenixx,"Ramai golongan muda sudah mula terasa bahang kenaikan harga makanan dan berkira kira untuk memasak.. sebagai orang yang memang suka masak

Kalau kau duduk sorang n bujang, better tapau.. 😵‍💫😵‍💫😵‍💫",Batu Pahat
2022-07-06 21:28:41+00:00,1544795493775003648,Kelvin6792,@SyedAkramin @diyanahalimh Punca utama bermula dari 2tahun yang lalu baja dan bahan makanan haiwan naik harga setiap bulan sampai hari menyebabkan semua makanan naik harga,
2022-07-06 11:39:12+00:00,1544647145604915200,jimmypuah,"Flashmob Harga Makanan Mahal di Tmn Daya, petang tadi. Kerajaan Barang Naik gagal mengatasi masalah ini. Rakyat susah tapi BN/PN main politik hanya tahu rebut jawatan Duta dan Menteri &amp; TPM. Tahniah ahli2 @KEADILAN Johor yang dilead oleh @hakarim_51 AP PG #parlimentebrau #TURUN https://t.co/jeg34EHSj9",Johor Bahru
2022-07-04 05:02:18+00:00,1543822489163145216,GhazaliResab,Kerajaan kena kaji sebab harga ayam naik konon makanan ayam naik Mengapa naik tak bersangkut dgn perang Rusia dan Ukraine sebab Ukraine pengimport gandum bkn jagung Ada tangan ghaib yg menghasut supaya harga barang naik,
2022-07-03 16:21:44+00:00,1543631082863468544,nsyafiqa11,"Ni bukan berkaitan dengan makan telur je. Harga telur naik, harga kuih muih, makanan pun akan naik",Malaysia
2022-07-03 11:31:20+00:00,1543558002770292740,yusurisan,"Ingatkan brg makanan aja yang dok naik harga… barangan L’oréal Paris ni xmo dok kalah jugak heh ⬆️ 🆙 

Matilanak 😂🥲",AOR 🌾🇲🇾
2022-07-03 00:50:54+00:00,1543396833031950337,RameshRaoAKS,"Khas Untuk puak Hancing #PakatanHarapan @shamsuliskandar @fahmi_fadzil @KhalidSamad 
Di Canada, data yg dikeluarkan oleh Food Banks Canada bhwa 1 drpd 4 org di Canada (23%) makan less than they should disebabkan kenaikan harga makanan.","Bandar Kuala Lumpur, Wilayah P"
2022-07-02 23:32:39+00:00,1543377141944856577,OrangLa52912933,"@kamikeadilan tulur , ayam naik harga dah huru hara 
aku risau MAKANAN RUJI
memang penuh JALAN RAYA dengan orang BUKAN kenderaan",
2022-07-02 10:27:32+00:00,1543179560987963392,AinieHaziqah,"'Kalau harga naik, kurangkan sikit makan telur' - Pengarah KPDNHEP Melaka 

Telur makanan asas dan sumber protein utama untuk golongan berpendapatan rendah.  

Statement ini memang out of touch dengan realiti. 

Kalau kurangkan makan telur, macam mana nak dapat sumber protein? 🤔 https://t.co/j3slENup4A",Selangor
2022-07-02 06:45:15+00:00,1543123618712162306,nurlahsnr,"Harga makanan makin hari makin naik, tapi yang kerja dkt industry makanan still tak naik-naik","Johor Bahru, Johor"
2022-07-02 05:49:45+00:00,1543109651587530752,rahmat_amran,Bila barang makanan semua naik harga,"Kuala Lumpur, Malaysia"
2022-07-01 16:03:01+00:00,1542901598808002560,farisramly,"Tiada seorang pun peniaga suka naikkan harga makanan. Owner bisnes mana yg nak rugi? Dilema peniaga F&amp;B ni kerisauan dia apabila harga makanan naik, pelanggan semestinya berkurang. In my case, dalam tempoh 2 bulan ni tak naik pun lagi tapi pelanggan dah takut nak keluar membeli.",
2022-07-01 13:47:19+00:00,1542867449560932353,shyrhmn,Minyak naik harga so automatik makanan akan naik harga jugak kan? Hahaha,Pulau Pinang
2022-06-29 04:40:49+00:00,1542005143234699264,TukangSapuTS,"Makanan saya di Evoke IIUM seperti gambar dibawah cuma menunya:
Nasi Putih + Ayam Goreng + Sayur Kangkung + Belacan + Kuah = 7.50

Baru selesai makan. Sebelum harga barang naik, boleh dapat bawah rm6",
2022-06-25 15:51:23+00:00,1540724343688155136,tomifragile,"sumpah aku mah ikhlas beneran kalo pada minta makanan di kulkas, tapi please bilang gitu loh, ini ga ada yg bilang telur sekilo tinggal sebutir 🥲 gapapa beneran kalo bilang minta org hidup serumah, harga telor jg lagi naik bgt, tapi please bilang
biar aku ga berekspektasi..",
2022-06-24 13:32:51+00:00,1540327092205694977,shasha_jamal,"Sebenarnya bekalan makanan ni cukup jer,tapi jangan salahkan kerajaan..sebab yang menipu sekarang adalah pembekal dan pengedar yang tipu pelanggan kata stok tak ade jadi harga barang kena naik..dan banyaklah si bebal penyokong parti lain yang maki hamun kerajaan",Selangor
2022-06-24 02:57:54+00:00,1540167301647208448,avid_gunner,"Utusan Malaysia hari ni
- Another 433,680 (15.6%) isi rumah M40 jatuh B40 lepas ni
- Harga makanan akan naik up to 20%
- Responden lelaki 24 tahun kena kerja 12 jam on weekdays hanya utk dpt gaji bermaruah (RM3k)
- Kalau weekdays cuti umum, responden kena kerja delivery 7am-10pm https://t.co/P7diBXjKO8","Petaling Jaya, Selangor"
2022-06-23 07:46:23+00:00,1539877514918887424,juani_affendi,Mentang2 harga makanan naik n gomen bangang tak boleh kawal inflasi. takut rakyat mengamuk. Nak sebut nasi lemak 50 sen pun x leh dah.. Yall. Tak boleh buat kenang kenangan..,
2022-06-22 18:47:48+00:00,1539681576597868544,a_iman09,Terasa teruk harga makanan makin Naik weyh😮‍💨,"Selangor, Malaysia"
2022-06-22 15:26:21+00:00,1539630881060442112,broSHAKE,"Dari bahan makanan, barangan mentah, harga petrol semuanya naik melambung tinggi. Yang menjadi mangsa adalah rakyat.","Paloh, Johor"
2022-06-22 09:16:19+00:00,1539537756929806337,manjayyyyy,"Harga makanan kedai aku tak sempat naik lagi dgn kenaikan harga ayam lepas raya hari tu, julai ni nak naik lagi….fuckkkkk this govvvvvvvv kau kawal la sial! Urghhhh ni la kaya makin kaya fuck!","Cheras, Malaysia"
2022-06-22 04:59:45+00:00,1539473190430289920,nanimuradM,kena naik kan harga makanan ke?kesian kat kami yg niaga kecil-kecilan ni...huhuhu https://t.co/MLtwBLJbaq,
2022-06-21 14:35:12+00:00,1539255619785736200,_riixal,@muz_azzam @MalaysiaGazette Naik lagi la jawab nya harga makanan kedai makan…harga ayam naik pun da terasa inikan pulak myk masak!,W.P Kuala Lumpur
2022-06-21 12:10:01+00:00,1539219084872626176,noraakira,Stress tengok berita minyak masak nak naik ayam pun nak naik lg..alasan subsidi tu nak bagi bantuan kepada yang tersasar..abis tu yng orang lain x perlu bantuan ke..harga makanan dah naik pasni takut naik lagi..geram plak kiter..,Malaysia
2022-06-21 11:37:09+00:00,1539210812388446208,Are_nipt,Wohoo naik lagi harga makanan 👏👏,"Jitra,Kedah,Malaysia"
2022-06-20 05:06:57+00:00,1538750228894867461,noraakira,Harga lauk semua naik 1 ringgit..yes paham la ni semua harga barang naik..tp nanti kerajaan turun harga x pernah plak harga makanan turun..,Malaysia
2022-06-19 15:12:01+00:00,1538540111243390977,NasMedium,Bukan student tapi kat tempat kerja pun makanan kafe dah naik harga. Argh aku dah lah baru nak hidup. Minggu ni kena puasa.,Ampang
2022-06-19 04:17:18+00:00,1538375346277744641,laylathefirst,Memang mahal. Hari tu ingatkan makanan kat shah alam ni yang mahal rupanya semua tempat dah naik harga. Sekarang keluar dating pun bawa bekal je masak siap siap kat rumah. Boleh la saving sikit. Keluar duit makan malam je.,
2022-06-16 11:06:08+00:00,1537391067397771264,myDOA_HQ,"NAFAS, Angkasa berupaya bantu kerajaan tangani kenaikan harga ayam, bekalan makanan - PM

Artikel penuh : https://t.co/cMNr5YgFoO

#myDOA #MAHA2022 #SekuritiMakanan https://t.co/SoLiqnxyfv",Putrajaya Federal Territory
2022-06-14 21:33:50+00:00,1536824256591708160,AbdullahMY74,"NAFAS mengambil langkah yg baik membincangkan utk menjamin sekuriti makanan di negara kita terkawal.

Semoga NAFAS dapat membantu kerajaan menangani masalah kenaikan harga ayam dan bekalan makanan negara.

#sukarelawanDSIS",Kuala Lumpur
2022-06-14 21:31:14+00:00,1536823603114561536,AbdullahMY74,"@IsmailSabri60 NAFAS mengambil langkah yg baik membincangkan utk menjamin sekuriti makanan di negara kita terkawal.

Semoga NAFAS dapat membantu kerajaan menangani masalah kenaikan harga ayam dan bekalan makanan negara.

#sukarelawanDSIS",Kuala Lumpur
2022-06-14 21:31:07+00:00,1536823572626214912,AbdullahMY74,"@IsmailSabri60 NAFAS mengambil langkah yg baik membincangkan utk menjamin sekuriti makanan di negara kita terkawal.

Semoga NAFAS dapat membantu kerajaan menangani masalah kenaikan harga ayam dan bekalan makanan negara.

#sukarelawanDSIS",Kuala Lumpur
2022-06-14 21:30:40+00:00,1536823458914390016,AbdullahMY74,"@IsmailSabri60 NAFAS mengambil langkah yg baik membincangkan utk menjamin sekuriti makanan di negara kita terkawal.

Semoga NAFAS dapat membantu kerajaan menangani masalah kenaikan harga ayam dan bekalan makanan negara.

#sukarelawanDSIS",Kuala Lumpur
2022-06-14 01:26:57+00:00,1536520537073061888,HSyabari,"@Giring_Ganesha Harga Sembako, Migas, makanan minuman dll pada naik semua yg menyentuh kehidupan rakyat kecil koq engga protes diam..",
2022-06-12 09:49:09+00:00,1535922141543075841,FeaSophie,Makanan kucing pun naik harga..bukan singget tapi 4 ingget..😭😭,"Foreverland, Earth"
2022-06-11 12:08:47+00:00,1535594894705627136,faqihsyakiran,Konteks dah betul tapi contoh tidak sesuai dengan tajuk seolah olah harga makanan naik RM1 je bodoh eik .  😭,"Wilayah Persekutuan Putrajaya,"
2022-06-11 12:06:28+00:00,1535594310007021568,faqihsyakiran,Apa significant nak cerita kenaikan harga makanan dgn harga nasi lemak dulu Rm1 now Rm2 ? Nak maki tapi dah rakam enjoy jelah eik https://t.co/ADwrs7Btpn,"Wilayah Persekutuan Putrajaya,"
2022-06-10 14:37:59+00:00,1535270055940075520,nizamiks,"Speaking of Inflation…

Banyak betul barang naik harga.

Air Manis Tepi Jalan: RM3 ➡️ RM3.50
Kepak Ayam: RM2 ➡️RM2.50
Shawarma : RM5 ➡️ RM6

Ini just list makanan yang selalu saya beli la. Maybe lain dari korang. 

Eventually akan merebak juga ke industri lain.",Malaysia
2022-06-09 12:39:30+00:00,1534877847017271297,_riixal,"@becktdennis Skrg semua barang naik harga sis sbb tuh makanan pun naik harga tp bila brg turun harga, harga makanan tak plak turun haha",W.P Kuala Lumpur
2022-06-08 07:56:05+00:00,1534444136287260672,RameshRaoAKS,"Consumer price naik 73.5% , transport naik 108% dan makanan 92% disebabkan bahan bakar energy yg naik dan lira yg jatuh.

Di Singapura, harga makanan naik 4.2% setakat April dan dijangka akan terus naik bulan ni -- whole chicken naik 9.2%  telur naik 9.8% di Singapura!","Bandar Kuala Lumpur, Wilayah P"
2022-06-08 07:56:04+00:00,1534444132797558784,RameshRaoAKS,"🐷 🐷 #Pakatanharapan  cakap jangan buat #gst, tapi sepatutnya kawal harga barang. 🐷 🐖  punya sembang, komtar pun tumbang.

Banyak negara pun ada masalah krisis makanan, masalah harga barnang naik, even UK dan USA.","Bandar Kuala Lumpur, Wilayah P"
2022-06-08 07:32:41+00:00,1534438247887040512,nur_bunga90,Makanan kucing reflex plus naik harga lagi. Pasir kucing pun naik harga macam setiap bulan naik. Tapi kucing kat rumah ni tetap lahhhh buat aku mengucap selalu. Degil.,"Johore, Malaysia"
2022-06-06 08:06:54+00:00,1533722082886004741,byanmathers,Kenaikan harga makanan dekat pasar uniten paling obvious aku perasan adalah murtabak edy. Wei awal masuk kerja 7-8 tahun lepas rm6 sekarang dah rm11 hahaha almost double meanwhile gaji aku belum double lagi dari awal kerja dulu 🙃,Malaysia
2022-06-04 03:13:54+00:00,1532923570820591618,kito4036,"Masalah dengan bekalan ayam, rakyat yang susah. Harga ayam naik, automatik makanan yg berlaukkan ayam jadi mahal. Sampai bila mcm ni @kpdnhep ? @mafimalaysia @IsmailSabri60",
2022-06-03 16:56:02+00:00,1532768080824152064,partimudaN9,"Usaha ini akan dijalankan secara berterusan setiap bulan bagi meringankan beban mereka yang terkesan dikala harga barang asas yang makin naik ketika ini 

Nilai bagi satu bakul makanan adalah RM 100

#MUDA 
#MUDAn9",
2022-06-02 11:40:49+00:00,1532326365399109633,BahaKamal4,@armana6797 Seluruh malaysia la tu. Kan persatuan peniaga peniaga kecil makanan dah capai kata sepakat Naik kan harga,
2022-05-28 12:43:24+00:00,1530530174592200704,hj_aeq,Harga makanan dekat pasar malam naik. Haish. Acano ni,Malaysia
2022-05-27 08:25:19+00:00,1530102840244719616,Daliakudo,Kita pon terasa harga kenaikan barang makanan. Apatah lagi pakcik2 bangla. 😢,"Putrajaya, Malaysia"
2022-05-27 07:36:08+00:00,1530090461301559302,lady_chantek,"Sebenarnya ayam adalah makanan yg masih mampu ramai org beli utk mkn di kedai atau di rumah.
Ikan lebih jauh mahal dari harga  ayam apatah lagi harga daging lembu &amp; kambing.Itu sbb ramai yg rasa tertekan bila ayam naik harga dan tiada bekalan tapi itu saja yg ramai mampu beli.","Kuala Lumpur, 📍 Malaysia 🇲🇾"
2022-05-25 16:27:50+00:00,1529499491014832128,lohkerchean,"Penubuhan JK Kabinet Jaminan Sekuriti Makanan sejak 8 Sep 2020 oleh @MuhyiddinYassin ,menteri @rkiandee tetap sama smpi hari ini.Apakah hasil jk kabinet ini sebenarnya?kini,harga ayam naik,bekalan kurang. Bukti menteri ambil gaji buta,JK kabinet gagal. @simtzetzin @MyDSA_official https://t.co/v4NPYR3Pmk","Petaling Jaya, Selangor"
2022-05-24 02:20:48+00:00,1528923940634054656,Thiban_ben,"Knife on the people's neck 😣

Krisis bekalan makanan 
Krisis harga barang naik - BN 
Harga minyak masak pun naik 
Harga makanan pula bakal naik 🥺 https://t.co/hXJaleB0Pm",Bestari Jaya (Batang Berjuntai
2022-05-23 08:28:59+00:00,1528654211852156929,ypchristinemay,"2.Harga makanan dan minyak naik mendadak dan kadar inflasi Sri Lanka sekarang pada 30%. (Malaysia pada 2.2%)
Harga sekilo beras di Sri Lanka – RM2.62, Malaysia – RM1.79

2/9",Kuala Lumpur City
2022-05-22 06:59:09+00:00,1528269214293032960,anraihan28,"Tugas nya asik dok promote bahasa melayu je..  Harga barang naik, kuantiti makanan berkurang, investor lari pi negara lain,  dia x kisah eh.  
Cringe siot ""lingua franca""
Ayuh martabatkan bahasa meleis. 

#baikpunya",Penang-KL-Nilai-Pajam
2022-05-22 04:47:09+00:00,1528235998080946176,Thiban_ben,"Walaupun sibuk berkempen utk pemilihan Parti, isu ekonomi negara sangat merisaukan. Sri Lanka jadi negara muflis kerana tadbir urus yang tidak cekap dan amanah. Malaysia tidak jauh dari Sri Lanka. Kini, nilai ringgit jatuh, krisis barang makanan, harga barang naik! Hidup Mail!!",Bestari Jaya (Batang Berjuntai
2022-05-19 08:42:16+00:00,1527208003631427584,abd_jabbar,"Dua hari berturut blackout, smalam 2jam harini 4jam lebih belum ada lg letrik. Smalam xde air 6jam, harini xde balik lg skali. harga brg2 naik, Brg makanan supply kurang. What is happening?",Lives in Tuaran
2022-05-19 02:05:23+00:00,1527108122396856326,S4llyThecapri,Dgn kenaikan harga brg yg mencanak.. buat rakyat marhain yg gaji below 1k even less than that dpt apa jek weihhh… Aduhhh makin merapu laa… de dlu xsetel2 isu harga brg.. Masalahnya bla harga brg turun harga makanan xplak turun.. eg harga sebijik karipap,
2022-05-18 14:29:00+00:00,1526932873756160000,amirshafie76,"Jika ada yg merasakan kenaikan harga barang, ketiadaan sumber makanan, kemarau di beberapa negara adalah masalah iklim dan ekonomi, ketahuilah kita SILAP.

Berbaliklah kepada PEGANGAN ajaran ISLAM. 

Mungkin kita nampak tiada logik? Percayalah, dunia semakin TAMAT, bukan MULA.", Wangsa Maju
2022-05-17 06:41:28+00:00,1526452826658189312,AdhwaMsing,Pahal harga makanan naik woi 😤 Sehinggit pon 😩,"Langkawi, Kedah"
2022-05-15 14:58:08+00:00,1525853040464437248,fiqri91,"Barang basah Naik ✅
Harga makanan di kedai Naik ✅
Barang elektonik Naik ✅
Tenaga Pekerja Tiada ✅
Yang turun hanya hujan ❌",
2022-05-15 02:51:55+00:00,1525670281230319618,mustakim_ismail,"Since puasa aritu, brg2 raw material byk naik harga. Tak kisah la barang makanan dan barang construction. Dua2 naik harga. Terpaksa naikkan harga dan fees ke customer and client. 😭😭😭",Kuala lumpur
2022-05-15 01:15:16+00:00,1525645959187005440,ZainalAzmanNS,"Ringgit jatuh, harga makanan makin naik https://t.co/zaGwfNf8JR via @MNowNews",Malaysia
2022-05-03 10:25:49+00:00,1521435854455341057,drajatwicks,"setelah lebaran, yang dikangenin: ramadhan, takjil buka puasa, dan harga makanan yg lama, krna setelah lebaran apa2 naik 😔","Yogyakarta, Indonesia"
2022-05-03 08:34:10+00:00,1521407756817022976,ColdArians,"ini kenapa banyak non musleem pada riweuh.. goblok amat.
.
ibarat makanan kucing pada naik harga, yg pelihara kura-kura pada ikut rame seolah paling susah.",SRG
2022-04-30 08:35:11+00:00,1520320849647222784,wireputus,"Contoh aku bg isu kenaikan harga ayam, daging dan lain2 bahan mentah yang 100% bergantung kepada pemberian makanan bersumber dedak. Isu ni bnyk kali politician dah sembang tapi mungkin sebab tamak after GE14",Shah alam
2022-04-25 09:21:22+00:00,1518520532094042112,amar_amk9757,"70% kos keseluruhan penternakan ayam adalah daripada kos dedak makanan. Sudah tentu apabila berlaku kenaikan kepada harga makanan ayam yang sebahagiannya besar diimport dari luar negara, harga ayam di pasaran akan mudah mengalami perubahan.","Perlis, Malaysia"
2022-04-25 09:21:21+00:00,1518520529921413120,amar_amk9757,"Seperti yang diakui oleh pihak berkuasa, kenaikan harga ayam di Malaysia adalah antaranya disebabkan oleh kenaikan harga dedak jagung dan soya sebanyak 13% dan 11% sejak Januari lalu yang merupakan makanan untuk ayam. https://t.co/wTbY1R2pNA","Perlis, Malaysia"
2022-04-20 13:44:56+00:00,1516774923053957125,suarakota_101,"Ketua Tim Pengendalian Inflasi Daerah (TPID) sekaligus Sekda Kota Probolinggo drg. Ninik Ira Wibawati mengakui, kenaikan harga barang dari kelompok makanan jadi pemicu inflasi. Ninik menambahkan aktivitas masy. jelang Ramadan 1443 H,  terpantau ramai serbu pusat belanja.
(ne/fa) https://t.co/aW3MWDiBpM","Kota Probolinggo, Jawa Timur"
2022-04-20 03:42:10+00:00,1516623230043590656,naniii2607,"Yaampun harga kerupuk naik, makanan kucing naik, kuota internet naik, semua naik cuma peringkat emyu yg turun",Universe
2022-04-19 08:17:26+00:00,1516330118100430849,nnyubellz,"As seller makanan kucing, aku setuju. Tahun ni almost semua brand naik harga. Tapi, harga modal dari supplier sendiri dah kasar buat masa ni. Kami yang menjual ni pun tersepit dan serbasalah nak jual dengan harga yang mahal.",
2022-04-17 02:02:13+00:00,1515510913968709635,GrithaF,"@Putraba88761535 @CaptainIndones7 @Dennysiregar7 Loe ngak nonton YouTube ya..itu Deny sudah kritik pemerintah,bahan makanan naik jangan begok bro ..datang Singapore semua sembako naik harga juga,so bukan cuma Indonesia doang .",singapore
2022-04-15 10:49:44+00:00,1514918891893694465,ej_abarb,"ternyata makanan kocheng jg harga nya naik euy 🫠
**babu kudu kerja keras buat para majikan dirumah 🦾🐈🐈‍⬛",Indonesia 🇮🇩
2022-04-13 14:29:08+00:00,1514249328868556815,JaPen_Sepang,"TINJAUAN TERHADAP KENAIKAN HARGA MAKANAN DI BAZAR RAMADAN

Mohon jawab secara atas talian (online) melalui pautan berikut: 📲 https://t.co/jfkLHgXjJl .

Tempoh Kajian: 13 April hingga 16 April 2022 https://t.co/2tC5LvRPCf","Putrajaya, Wilayah Persekutuan"
2022-04-13 06:50:08+00:00,1514133820433666050,japen_beaufort,"HEBAHAN: TINJAUAN TERHADAP KENAIKAN HARGA MAKANAN DI BAZAR RAMADAN

Mohon kerjasama rakyat Malaysia yang berumur 18 tahun dan ke atas untuk menjawab soal selidik ini secara atas talian (online) melalui pautan berikut: 📲 https://t.co/Xhq0OZjUqG https://t.co/QP4ZqTVL2m",
2022-04-13 04:17:31+00:00,1514095413447790593,kyndlyfe_inbali,"Plis disaat harga harga lagi pada naik gini, kalau nemu jualan apalagi jualan makanan yang harganya ga di naikin, jangan di tawar lagi 🥹.

Dan jangan maksa free ongkir apalagi pengiriman jauh kalo yang jualan hanya sanggup kasih diskon ongkir....",looking for a rainbow 🌈
2022-04-09 13:02:04+00:00,1512777868581158912,shahrizan_k,"Kita akan rasa harga makanan mahal sampailah kita sendiri berniaga &amp; rasa sendiri penat lelah berniaga tp untung tak seberapa.

Kena mula terima hakikat harga kos &amp; barang, kos pekerja &amp; delivery pun dah naik.

Tak mampu, tak payah beli. Peniaga nak untung, bukan buat charity.",Malaysia
2022-04-09 09:08:01+00:00,1512718969500672003,enney_aini,Tulah. Aku rasa dia jd naik angin sbb org pegi sama kan harga makanan dia dgn Israel laknatullah tu mmg la.. Kaki kecam pon perangai tel aviv,Shah Alam 🇲🇾
2022-04-07 07:21:27+00:00,1511967373955252224,shamhardy,"Sesetengah seller makanan kat Malaysia ni dia ada satu perangai pelik sket, lagi naik harga lagi sikit portion dia bagi, sepatutnya harga makin naik, portion sama jela kan? Oh tidak. Depa jenis yang suka modal sket, tapi untung nak bapak besar.",Malaysia
2022-04-07 03:06:31+00:00,1511903216409407488,AfilSyazwan,"Mak aku ada cakap, mungkin tak lama lagi dia nan berhenti berniaga kat warung belakang rumah kat kampung. Aku tanya sebab apa. Dia cakap, sebab barang harga naik banyak sangat. Nak naikkan harga, dia cakap kesian pulak orang kampung nak beli makanan.","Shah Alam, Malaysia"
2022-04-06 17:17:58+00:00,1511755105493606403,naimistootired,makanan kat bazaar semua naik harga ke apa?,"Selangor, Malaysia"
2022-04-06 06:49:49+00:00,1511597023111553029,dirikuboneka,Skang nasi tomato pon rm10 mat. Apa nak jadi ni. Gaji lom naik lagi rm1500 harga makanan melambung. Apa cite,"Muar, Johor"
2022-04-06 00:07:01+00:00,1511495657449689088,Nanafaizannn,"Bukan setakat baju, makanan pon naik harga bulan ramadhan ni 😂🥲","Johore, Malaysia"
2022-04-05 14:24:30+00:00,1511349063698034695,JJCMPERAK,"Rata rata harga makanan di bazar Ramadhan kali ni naik harga, faktor barang mentah naik menggila barangkali. Cuma harap KUALITI pun tetap sama.. boleh?","Perak, Malaysia"
2022-04-05 12:30:17+00:00,1511320319138885633,shah_shnetwork,"Bukan harga makanan kat bazaar naik mendadak...

Duit kita yang semakin mengecil 🤣🤣","Selangor, Malaysia"
2022-04-05 03:31:21+00:00,1511184689674874883,hierrago96,"Ni tak cita lagi, barang bisnes, 

Telur A, dulu 11, sekarang 13
Creamer 25kg 190, sekarang 265

Pastu memang laa harga makanan dijual naik, peniaga pun tak leh tahan , tak dapat nak absorb dah kenaikan. End up user yang kena, kita pun user, soo terkena jugak tempias","Rawang, Selangor"
2022-04-04 12:08:18+00:00,1510952398160035844,Hrithdanish,"Pergi bazaar , harga makanan okay je . Takdelah murah . Just okay okay walaupun harga barang bnyk naik . Tapi rasa hmmmmm",Malaysia
2022-04-04 09:26:21+00:00,1510911640618737666,mierularep,Betul la harga makanan kat bazar naik . Sebab barang mentah naik .terpaksa peniaga naik.  Mahal2 .roti john nak dekat 10 hinggit .dulu 5 hinggit je,
2022-04-04 04:27:30+00:00,1510836433350983680,ruzainiml,Harga makanan di pasar ramadan naik. Masak kat rumah pun harga barang mentah naik jugak. Sama je,
2022-04-03 13:02:55+00:00,1510603753170571266,ddnboangmanalu,"Sejujurnya agak gmn gitu liat org2 pada protes BBM naik harga. Beberapa waktu lalu je Salatiga, kalo liat anak2 mudanya kebanyakan pada maju kok. Terlihat dr gaya berpakaian dan barang2 yg dikenakan. Wktu itu antre ke slh satu gerai makanan, dr 100an org mgkin 90 nya-",Pulau Sumba - NTT 
2022-03-26 09:22:54+00:00,1507649283004448772,AfindiNoor,"Harga barang semakin mahal
Harga makanan pun naik 3-4 kali lebih dari sebelum ni
#menteri semua buat menatang apa pun xtau
Kira dok pulun nak rembat duit kerajaan dengan duit rakyat ja...
Bagi gaji tinggi dengan siap elaun apa bagai, apa kerja yang menteri tu semua buat???",Kuala Lumpur Federal Territory
2022-03-26 01:05:01+00:00,1507523987668365317,ayo_dolanbareng,"Sekarang sudah jadi emak2, Ramadhan dan Lebaran enggak sekedar mikir baju baru tapi juga bahan pangan. Apalagi jelang Ramadhan biasanya harga bahan makanan pokok itu naik #AmanUntukRamadan",Boyolali
2022-03-24 21:25:10+00:00,1507106270670569473,pkstaktakan,"Tunda Pemilu dan Perpanjang Masa Jabatan, Bertentangan dengan Konstitusi Ditengah Kenaikan Harga Bahan Makanan dan Kelangkaan Minyak Goreng https://t.co/jx5eZgm6gD lewat @PKSejahtera | @FPKSDPRRI
#bersamamelayanirakyat 
#pksawasikabinet 
#pkspelayanrakyat

~ @memedsosiawan",Indonesia
2022-03-23 03:11:00+00:00,1506468529595248645,tokmathamzah,"Di Dewan Negara menjawab soalan Datuk Haji Bashir bin Haji Alias minta @mafimalaysia menyatakan apakah mekanisme bagi mengatasi masalah rantaian bekalan makanan ke Labuan yang mengakibatkan kekurangan bekalan makanan dan kenaikan mendadak harga barangan.
https://t.co/SVQdTuvL3o",
2022-03-22 03:20:08+00:00,1506108439097126916,watermelonlyche,"11) Umbut by The Kelapa

Ini nak kena naik atas bukit tau tempat makan dia. Harga dia separa marhaen tempat dia memang menenangkan TAPI service fees dia 10% tau diingatkan. Tapi sedap ya makanan dia 😫😫 soo takpe sangat berbaloi https://t.co/kGP1RFWGkn","Negri Sembilan, Malaysia"
2022-03-20 02:19:01+00:00,1505368281523240961,MuadzMahfud,"Aku dapat rasakan yang harga makanan kat Bazar Ramadan nanti akan naik kaw².

Sebab rata² pemilik tapak naikkan harga sewaan tapak, 

dengan alasan nak cover balik jualan Bazar yang tak banyak sebab pandemik COVID-19.

Semoga bertabah, rakyat marhaen sekalian","Selangor, Malaysia"
2022-03-20 01:54:21+00:00,1505362072867340288,wenkt,"@Ben153Yih @zua_al_azmi @MIsamuddinIsa Dan sy kesian kpd restoran2 yg style kampung. Bila staf kene naik gaji, harga makanan kene naik, pelanggan akan makin kurang.","Kajang, Selangor"
2022-03-19 13:24:21+00:00,1505173329304780809,mohd_famy,@Marchfoward Kawal harga barang baru fikir kenaikan gaji..ingat barang tak naik harga ke..domino effect...harga barang naik harga kedai makanan naik..fast food naik semua naik ...kawal dulu baru fikir kenaikan gaji minima,Penang
2022-03-17 00:12:11+00:00,1504249200812310531,faridansyahhhh,hanya di rs harga makanan merakyat naik 4-8x lipat 😊 https://t.co/ekylJaAOk7,
2022-03-16 23:47:32+00:00,1504242995796721669,AyuPrasetyonin1,"Terima kasih karena etalase minyak sudah penuh.. Walaupun harganya minta ampun.. Paling tidak, gak ada lagi kerumunan masa pencari minyak goreng... Abis ini siap2 semua harga makanan gorengan naik daun.. 🤣🤣",
2022-03-15 11:39:35+00:00,1503697413374033924,YOshu0,Duh seminggu ini mayoritas harga makanan dan sembako naik. Kerasa banget sekarang 😢,"Jakarta Pusat, DKI Jakarta"
2022-03-14 06:45:19+00:00,1503260970382024705,_azimYahaya,"Harga minyak sawit mentah naik akan menatijahkan kenaikan harga;

- Minyak masak
- Baja tanaman
- Racun 

 Turut serta, 
- Makanan siap masak
- Sayuran

Step by step semua ikut naik.",IIC | IIUM | Perakian
2022-03-08 14:14:31+00:00,1501199690435493890,yulfentri_munaf,"@6undul0h Apa ada jaminan, harga ""Singkong, Ubi,"" tidak akan mengalami kenaikan setelah rakyat mengkonversi makanan pokoknya? dan apakah volume produksi nasionalnya mampu memenuhi kebutuhan dalam negeri?

Kalau KSP mau goblok, goblok saja sekelompokmu, jangan diumbar di publik.😝🤣","Jakarta Pusat, DKI Jakarta"
2022-03-07 03:59:48+00:00,1500682601467891712,JovexYovie_1978,@KompasTV Jelas Rakyat panik banget dong kalo Minyak Goreng semakin langka di pasaran coz pasti akan berimbas pada kenaikan harga makanan dan diperkecilnya ukuran makanan oleh para produsen makanan,"Sukmajaya, Depok 2, Jawa Barat"
2022-03-06 12:18:09+00:00,1500445627540336640,nikalifdanial_,adu asal semua makanan naik harga ni,fathia 🥨🍪
2022-03-05 10:02:02+00:00,1500048987914522625,redha_zahid,"Russia and belarus supply 2/3 quantity of element penting baja kat dunia ni. (MOP)

Bila short supply, harga barang akan naik, productivity pertanian rendah, harga barang mentah naik.

Russia and ukraine pun pengeluar gandum terbesar. Krisis makanan akan berlaku.",
2022-03-04 17:14:21+00:00,1499795393814482950,IndraFauz14,"@detikcom Beda dg d Luar Negeri.... gaji tiap tahun naik tp biaya hidup tetap.. harga makanan tetap..
Jd banyak peluang utk menabung...","DKI Jakarta, Indonesia"
2022-03-04 10:02:02+00:00,1499686597461090304,Paramecwara,"Harga bahan makanan naik, kalau gak segera dikendalikan bisa bahaya, gak cuman popularitas turun 😓 jangan sampai dimainkan sisan oleh lawan politik sampai terjadi unrest....",Siti Wutahing Ludira *INA🇮🇩 
2022-02-19 13:11:18+00:00,1495023186596950020,dicky_tinton,"@Baridin_lanang @d2sptr @TaufikDamas Bkn gitu kak, jika ada harga bahan pangan melonjak tinggi, penjual mau naikin harga produk makanan mikirnya banyak, dilema besar krn pelanggan bs kabur jk harga naik, ini utk pedagang kecil

Utk model KFC, selama cost bahan msh tercover margin keuntungan, ya harga tdk dinaikkan","Surakarta, Jawa Tengah"
2022-02-19 12:38:16+00:00,1495014874082324482,yamazou,@liranti mungkin pedagang makanan habiskan duluan sebelum harga naik kali ya.,"Bekasi Barat, Indonesia"
2022-02-18 02:42:59+00:00,1494502678386610178,GimzYu,"Zaman dulu tempe adalah makanan wong cilik di era penjajahan Belanda yg mana tidak bisa memakan protein dari daging seperti mereka dan mudah didapat, zaman skrg tempe malah naik harga dan musti diimpor dari negara lain https://t.co/5JcqxOW3HY","North Sumatra, Indonesia"
2022-02-12 14:43:29+00:00,1492509669751156736,wenkt,"Betul la tu. Gaji pekerja mamak akan naik, maka harga makanan kat kedai tu akan naik. Gaji driver bas naik, maka harga tiket bas akan naik.","Kajang, Selangor"
2022-02-11 04:04:40+00:00,1491986517635788802,NassrolFahmi,Harga makanan kucing TOTW 7kg naik dari RM140 ke RM155. Naik 11% wehh RM15. Sebulan dh la pakai 2 beg (14kg). Naik rm30 total 😓😓 kalau naik seringit dua boleh la hadam lagi.,Kuala Lumpur
2022-02-08 00:00:25+00:00,1490837888451637248,faqihsyakiran,So gaji naik RM1500 hujung tahun . Klau ikut basic calculator pon harga makanan pon akan naik . Jadi apa beza 👀,"Wilayah Persekutuan Putrajaya,"
2022-02-04 05:43:02+00:00,1489474556591210506,HDtaxes,"@kalossharon @aweenwanie Usahawan yang meniaga produk makanan yang ada telur, harga produk macamana lepas ni?

Adakah telur goreng akan semahal harga ayam goreng. Mungkin tidak. Cuma... Setiap barang yang bahan asasnya telur, mesti ada peningkatan kos dan bukan semua sanggup tanggung kos tanpa kenaikan.","Kemaman, Terengganu"
2022-02-01 08:56:45+00:00,1488436146786824192,fathull_hussein,"Memandangkan kebanyakan makanan sudah naik harga maka kita akan lanjutkan dari ""5 seconds rule"" kepada ""20 seconds rule""",iN THe MiDDLe oF NoWHeRe
