Datetime,ID,Username,Text,Location
2023-03-30 17:25:14+00:00,1.64149E+18,OrtolanMagazine,"@sethrose__ @ellobosalvaje ""An empty stomach and full balls""

Aight so fucking, what, 90% of men on earth are just fucking alphas who ""got that fire"" not just poor, hungry incels?

Lmfao nah. I'll take the food and a chick who's dtf all day, any day. Hustle culture has been whack for a minute now",Bangkok
2023-03-30 16:14:16+00:00,1.64147E+18,TanKokHung,"@KeithMcCullough I like hungry honey badgers. When they see tickers hanging in RTA, they go for it. Cobra, ants, bees, etc, they are food just like any tickers.",Malaysia
2023-03-30 11:33:41+00:00,1.6414E+18,xzyx111,"Yknow how weird it is when you ate a lot of food, and then 5 minutes later your stomach felt really hungry again for no reason? Well that’s exactly what happend to me yesterday 💀","Bekasi Utara, Indonesia"
2023-03-30 01:56:01+00:00,1.64126E+18,sinardailymy,"To be in charge of a hunger strike was a great responsibility, all I worried about was the fate of the strikers and the desire of the hungry souls for freedom, not food. #IsmaatMansour #ThePalestinianDiaries #HungerStrike #Palestine #Israel https://t.co/KpRdIZ9fF9","Shah Alam, Selangor, Malaysia"
2023-03-29 16:06:17+00:00,1.64111E+18,AshmeadeHawkins,"Just $5 will buy a hot meal for a hungry homeless child. To Donate, just Click on this Link: https://t.co/EXKWbsUvfy #hunger #homeless #children #charity #food","Manila, Philippines"
2023-03-29 15:33:24+00:00,1.6411E+18,ROHINGYA123,"Please consider donating or sharing!!!

Your donations go to providing food, water, and education for the #Rohingya  children, buy medicine for people suffering from illnesses, dig wells to expand access to clean water, and provide #food for the #hungry.

https://t.co/eN8wwb11On","Cox's Bazar, Bangladesh"
2023-03-29 07:47:25+00:00,1.64098E+18,Lialarsen,"@nziradzemasoja @KingJayZim @TeamFuloZim Perfect example of why not to cook when you are hungry. I hope @nziradzemasoja that you are a serious bodybuilder because that way too much protein for one person. 

So why are the eggs not peeled? Why is the food not served on a plate? 
There is zero creativity here 
Score 4/10",Kuala Lumpur City
2023-03-28 17:23:21+00:00,1.64077E+18,lovely_zeenew,I feel sad for my baby is hungry  already why not gave them food first!! 😭😭,"Bogor, Jawa Barat"
2023-03-28 12:18:13+00:00,1.64069E+18,kennleandre,"@tenoq If you're hungry, anything looks tasty. Hence the focus on presentation rather than taste. I realize the lack of the aroma of freshly cooked food at the TTDI one that day",Kuala Lumpur
2023-03-27 12:59:14+00:00,1.64034E+18,NTUsg,Congrats to an #NTUsg student team that emerged victorious at the DBS Foundation X NEA Hungry for Change Challenge for their idea of an #AI-powered app that can connects F&amp;B joints with excess soon-expiring food ingredients to customers who are keen to buy them at a cheaper cost. https://t.co/92IFDNTYv9,Singapore
2023-03-27 11:35:36+00:00,1.64032E+18,piathedreamer,"ㅁㅊ???

민초?
모치?
😅

sorry i'm hungry 🥹

i want food, i am starvation ಥ⁠‿⁠ಥ

but cheering for taehyungie! 💜😊",Pilipinas
2023-03-27 07:37:55+00:00,1.64026E+18,SeeBeyondBorder,Hen accepted a position as a Project Officer for Education with 'Food for the Hungry' after graduating from the Educational Changemaker Program in January. We are delighted to see her gaining valuable experience and using her skills to enhance education in Cambodia. https://t.co/aKnTetqRIc,Cambodia
2023-03-27 06:58:54+00:00,1.64025E+18,timeouthk,"We’re hiring! We’re looking for a Section Editor who is passionate, knowledgeable, and hungry to cover Hong Kong’s ever-evolving food and drink scene. 


If you think you have what it takes, click below for the full job description and send in your CV! https://t.co/qVxZPmZY3Y",Hong Kong
2023-03-27 04:34:21+00:00,1.64021E+18,iblate4that,"No appetite. Then hungry af but food nowhere near. Then no appetite. Ready for bed. BOOM, STARVING.",Wawa
2023-03-26 04:31:55+00:00,1.63985E+18,prettyred_25,"Pj &amp; Cj be having me weak😂😂😂😂😂😂😂 he asked Pj for piece of his food and P was like go head have some, then was like ""yea y'all always be looking hungry. ""😭😭😭😭😭😭",IN MY BAG
2023-03-17 06:13:20+00:00,1.63661E+18,BossScotch,"Jgh from Graduation rehearsal 🥹

I slept for an hour and woke up at 4am and your boi is tired and hungry (no food and water legit since 7am)",
2023-03-07 12:30:59+00:00,1.63308E+18,miuuunzone,"For attractive lips, Speak with words of kindness
For lovely eyes, Seek out the good in people
For a slim figure, share your food with the hungry
For beautiful hair, let a child run his or her fingers through it once a day
For poise, walk with knowledge you'll never walk alone.",
2023-03-05 07:15:36+00:00,1.63228E+18,Chiqee,"the street food vendor that i’ve pardoned for years is still here! unfortunately, the laab &amp; sticky rice lady/family is no longer in business. 

so hungry! gonna eat something first but i gotta go back to wear a long sleeve shirt. the sun is so scorching. https://t.co/NWtjfXmxqw",Global citizen
2023-02-26 13:40:04+00:00,1.62984E+18,pawira_boy,"Hungry for extra spicy @ golden lamian (@ The Food Temptation in Jakarta Utara, DKI Jakarta) https://t.co/VTUclvf3Tc https://t.co/G8uePwkqTh",Selatan Batavia
2023-02-25 04:42:27+00:00,1.62934E+18,Jancukliverzzz,"@tokoyamitowa I'm happy @tokoyamitowa to become Nissin U.F.O ambassador. In Indonesia, Papua, this food saves me from feeling hungry at the end of the month while waiting for my salary to come thanks Towa and Nissin . https://t.co/Wr8UyT5BsD",Serui
2023-02-24 09:06:36+00:00,1.62905E+18,iamredthomas,hungry for self-discovery... and errr food 😋 https://t.co/30Tf0MTkVZ,Las Piñas City
2023-02-13 16:41:21+00:00,1.62517E+18,DRSANJAYDEBBA19,"THIS NIGHT I DO PRAY FOR THOSE WHO ARE HUNGRY  ! SINCE LAST NIGHT  , NO FOOD OR NO WATER  ! MAY GOD BLESS ALL OF THEM BY THE NAME OF OUR  SAVIOUR GOD LORD JESUS CHRIST  ! AMEN AMEN 💛✝️","Tripura, India"
2023-02-07 04:36:04+00:00,1.62282E+18,mikebluistro,"@Pontifex The other side of Matthew 25:31-46

... ‘Depart from me, you cursed, into the eternal fire prepared for the devil and his angels; for I was hungry and you gave me no food, I was thirsty and you gave me no drink...

Punishment awaits to those who showed no compassion in deeds.",
2023-02-05 06:01:59+00:00,1.62211E+18,SubtleThorn,The worst food in the whole world is imaginary food for the starving people who are dying to have a real food in their hungry stomach.. https://t.co/lp8e3UoRyH,Davao City / Mati City
2023-02-04 07:53:13+00:00,1.62178E+18,WidyDee,Really. Don’t go near me if I’m hungry. Except you bring food. For me.,Indonesia
2023-02-03 01:52:40+00:00,1.62133E+18,kastrile,Waiting for my grab food because im hungry 🥲 https://t.co/WhtrazNDBP,she/her
2023-02-01 08:19:46+00:00,1.6207E+18,ubudartisan,"Hungry for more? ⁠You’re in luck! We’re back this March to do it all over again. Get ready for two days, filled with delicious food and contemporary crafts. Save the date and stay tuned for more exciting #UbudArtisanMarket announcements!","Ubud, Indonesia"
2023-01-27 10:05:36+00:00,1.61891E+18,miesunbae,"Such a good taste of food and nice place for hangout ☺️👌 Last picture, si kecik already woke up and hungry 😂 #foodie https://t.co/IjmyjtiX3b",Kuala Lumpur
2023-01-26 06:25:44+00:00,1.6185E+18,nuriwa_J,"This is a comfort food for most of us whether susah or senang. I’d choose this when I’m too lazy to think of a meal to eat, too lazy to cook or suddenly feel hungry after watching Midnight Diner or anime. Mana laa nak cari miso chashu ramen or kaisedon tgh malam. 😂",Singapore 
2023-01-23 03:47:17+00:00,1.61737E+18,chewibear,"I did my hand laundry, naglinis ng laundry area na sobrang alikabok at putik, and waiting now for my frozen foods na lumambot huhu i am hungry but i wanna eat real food so bad while i am on budget so konting tiis isipin mo na lang intermittent fasting ka CA HAHAHA https://t.co/k0m2bvRE68",
2023-01-21 12:28:09+00:00,1.61677E+18,jhcapitall,"@SteadyCompound Still waiting for my bro to be back. I'm damn hungry now.

Oh and if you're wondering, there are still more food in the fridge HAHAHA https://t.co/M6RMqCl5KO",Singapore
2023-01-15 20:23:17+00:00,1.61472E+18,jirehmaya,"Hungry at 4:20am. Opened the fridge to scour for food. Found my jap curry blocks and leftover roasted chicken. Also grabbed an egg and instant noodles. Time to make chicken curry noodles, I guess. Will post pic if I feel like it.","Pasig, Philippines"
2023-01-08 04:50:11+00:00,1.61195E+18,cpe_bd,Training on qualitative and quantative intelligence creation to develop climate strategy for FOOD FOR THE HUNGRY. https://t.co/lcA7cPiCZL,"Mohammadpur, Dhaka, Bangladesh"
2022-12-31 01:38:51+00:00,1.609E+18,judyannelaurel,"LORD, I end 2022 with this prayer. Please heal the broken and touch the sick. Restore happiness to those in despair. Bring love to the lonely, food to the hungry and peace to our world. Amen! May 2023 be filled with all the things we prayed for. Remember that we are loved. 🫶🏻✨",🇵🇭
2022-12-26 09:02:28+00:00,1.6073E+18,lurker1020,"Now I'm hungry. Anyone up for street food trip? Kaon ta na.
#altergensan
#altergsc",
2022-12-04 14:10:56+00:00,1.59941E+18,jinpolwantri,"“They had discovered one could grow as hungry for light as for food.” — Stephen King

KFEST YEP 12.3.2022 @ Le Pavillon Metropolitan Park

#ImOnKPopOn https://t.co/m6iuz7lcUz",Makati City
2022-12-04 10:43:23+00:00,1.59935E+18,johnaholeotoole,Billionaires hungry for love might be pathetic if there weren't so many children hungry for food.,
2022-12-03 23:52:41+00:00,1.59919E+18,likna_lina,"In the morning of 4/12/2022, I, Lina, woke up and was awakened by a hungry kitten asking for food. Today, I am Lina, just stay at home pagi tgl 4/12/2022 sy Lina sdh bangun tdr dibangunnin oleh anak anak kucing yg pada kelaparan pada minta mkn jg hari ini saya Lina dirumah saja https://t.co/q16hUH4gUW",
2022-11-27 13:19:39+00:00,1.59686E+18,Kabir_sk_,"@BestRengarMars @WingsEcosse @Russell117C @barrettpj62 @NoContextBrits Plague IS lethal to rats, it is primarily a rodent disease. Marmots, squirrels also get it. If rat flea is the vector  rats will start dying en masse first - then the hungry fleas will jump to other species looking for food, thus transferring the bacteria.",
2022-11-18 21:27:07+00:00,1.59372E+18,bharaamayuraa,"Stil Humanty exists orBest Cust Exp?
I was hungry and I've askd thm to giv any food pockts for any cost.The team missd to keep more food stocks in the flight,Finally Wewer offrd by the cabin crew own food my appreciation to @flyspicejet fr trained theirAirhostess-AntaraSanskriti https://t.co/EKGo28X8kN",
2022-11-03 09:11:03+00:00,1.5881E+18,fitmomhsien,@pineapplejay3 Is he hungry for the food? Or something else? 🤣🤣🤣🤣,"Seremban, Negeri Sembilan"
2022-10-24 12:31:59+00:00,1.58452E+18,Alex_Salon24,"@shengyora Its never the same. Im alone. Ur at home. I hungry. U can ask for food. Im thirsty, u can drink ur milk hahahhaa",
2022-10-22 21:35:50+00:00,1.58394E+18,khunmalli,"It's been years and I still wake up every time my cat appears in my dream.

Most of the time I would run to get his food since I haven't done that for a long time. He must have been super hungry.

And then I wake up. Missing him.",
2022-10-20 17:12:43+00:00,1.58314E+18,robhealthcrunch,"Are You Constantly Feeling Hungry - Are Your Belly And Mind Begging You For More Food?

Then you are a sugar addict. Wake up and fix it before it’s too late 😭

https://t.co/WBgkQP2V8Z #Cambodia","Siem Reap, Cambodia "
2022-10-20 04:09:22+00:00,1.58295E+18,jsjcortez,"DESIGN PHASE
THE HUNGRY PITA For Franchise Asia Food Expo 2022 🌯

Design and Build by: Hiraya Design and Construction
Thank you for this opportunity The Hungry Pita
Held at SMX Convention Center last October 14-16.

Hiraya Manawari 🏠
For inquiries, contact Ar. Sam 09209757244 https://t.co/aAbNQdh48Y","Bulacan, Central Luzon"
2022-10-18 05:44:26+00:00,1.58225E+18,saasgrasp,"@GrabSG @GrabTH that’s just a dead end can you please look nayanah@gmail.com 0828737020 , i am super hungry and i can’t order food . there has to be some consideration for a platinum member https://t.co/OtqDU9KWfe",Space Time Continuem 
2022-10-14 10:41:13+00:00,1.58087E+18,jsjcortez,"THE HUNGRY PITA For Franchise Asia Food Expo 2022 🌯

Design and Build by: Hiraya Design and Construction
Thank you for this opportunity The Hungry Pita. 
Go visit their booth #550 
For inquiries, contact 09209757244
#hirayadc #GetAnArchitect #TheHungryPitaPh #FranchiseasiaPH https://t.co/cBhvbwpFsI","Bulacan, Central Luzon"
2022-10-06 17:07:20+00:00,1.57807E+18,christinajd64,Thanks 🙏 to all those hungry 🤤 souls for waiting for the perfect FOOD PIC 😍 @shingli_jamatia #food #foodie #foodies #foodphoto #photography #Reels #japanesefood #agartala #tripura #northeastindia #yummy https://t.co/1EkmCeybGM,"Agartala, India"
