Datetime,ID,Username,Text,Location
2023-03-28 13:55:31+00:00,1.64071E+18,ChristineBBabao,"https://t.co/T74pk91VUN
Ang saya ng Vlog na ito, Pramis! 
Binondo Food Trip sa Masuki, 🍜
Toho Panciteria &amp; Uno Seafood Wharf! 
Low, Medium to High Budget! 
At may Pick One Challenge pa para sa mga loyal waiters! 
Watch, Like, Comment &amp; Share Tinmates! 💜",Philippines
2023-02-18 14:09:37+00:00,1.62695E+18,RalphEmmers,"I should probably go to the ritz again tonight now that I met up with my Philippino friend ; some British twat downstairs was loudly proclaiming he was going which reminded me. The place I’m in is nice tho. Low budget gamblin, cheap food, smoking, prostitutes https://t.co/HNAZR36EKv", 特别行政区
2022-10-31 01:44:17+00:00,1.5869E+18,natsume142,"The more sad thing are food &amp; other commodities have rise up. The said dad can save up to 40-30% of his salary while people with 2k nowaday can save 30-20% of salary if they make budget meals, ride public transport, stay in low cost rental place.","Selangor, Malaysia"
