Datetime,ID,Username,Text,Location
2023-03-30 01:56:01+00:00,1.64126E+18,sinardailymy,"To be in charge of a hunger strike was a great responsibility, all I worried about was the fate of the strikers and the desire of the hungry souls for freedom, not food. #IsmaatMansour #ThePalestinianDiaries #HungerStrike #Palestine #Israel https://t.co/KpRdIZ9fF9","Shah Alam, Selangor, Malaysia"
2023-03-29 10:45:30+00:00,1.64103E+18,Irukafishy,tickets to japan for december is so crazy price... I'm thinking maybe we should go korea instead.... but I'm worried about the huge language barrier and food issue,Singapore
2023-01-29 12:56:46+00:00,1.61968E+18,ramlanems,"im kinda worried about my health lately, can someone motivate me to eat right food and exercise with me?",Cebu City
2023-01-13 17:06:31+00:00,1.61395E+18,TheSChanda,to not be worried about food shelter and can do things that I love to do.,"Agartala, India"
