Datetime,ID,Username,Text,Location
2023-03-30 06:11:08+00:00,1.64132E+18,A22118339Ali,"@Jhagra One, to kick out drive of Azadi or Liberty by Law &amp; Justice
To implicitly &amp; explicitly ""remind"" people;
1. You are nothing more than animals
2.their job is to only worry about ""plate of food""
Freedom -integroty-dream-hope are bullshit",Islamabad 
2023-03-30 05:48:09+00:00,1.64132E+18,RaffyInspires,"""Confession time: I like you, but I like food over you. 🤭🍔🍕 Food never judges, it's always there for me, and it never disappoints. But don't worry, you're still pretty awesome too! 😜❤️ #FoodieConfessions #FoodOverLove #JustKidding""",Philippines
2023-03-29 01:40:18+00:00,1.64089E+18,LJP987,"Attended a wonderful event at Acqua last night. An opening event for the Italian Company Festilia, fruit exporters. Made some new friends, had some delicious food. The fella standing next to me wants to come sing in my bar when I open, I said ok, he said don’t worry, I’m good. https://t.co/s0tFG1tpSF","Bangkok, Thailand"
2023-03-28 07:47:29+00:00,1.64062E+18,xtremeappliance,"Don't have time to prepare your meals? Worry no more because 1.8L XTREME Home Rice Cooker is here to save the day! 😉 With its automatic keep-warm function, your food is guaranteed warm and ready to serve! Shop it now for as low as P1,395. 💚 https://t.co/bUjR6KedpP",Manila City
2023-03-28 05:21:51+00:00,1.64058E+18,asiaonecom,'Worry about my food first': Man cooks lunch inside truck while stuck in 2-hour Causeway jam https://t.co/jEFclccDhh https://t.co/OydkmZCH4W,Singapore
2023-03-27 20:11:28+00:00,1.64045E+18,truefanjessica,"@sarah__gohogs @woopigkayla Oh yeah, this includes their food and drink though so it at least relieves me of having to worry about that",📍nwa
2023-03-27 09:48:22+00:00,1.64029E+18,cookcucucu,Hug &amp; Love yourself by accepting your body. Don’t worry when u have a little belly after lunch or when you sit IT’S NORMALLLL. Don’t be afraid to eat. Enjoy food with your friends and get some exercise together. #cookyoga https://t.co/Imdzq9VUJ3,"Bangkok, Thailand"
2023-03-26 22:10:32+00:00,1.64011E+18,_Futgoat_,"@jesseteno @ZokeVM @whalenonfools @ooglybooglybo @deezmalders @SaeedDiCaprio Its harder to become an athlete but once you are its much easier than most jobs, literally everything catered for you to play a game, not working multiple shifts in different conditions or having to worry about money or food.",CA
2023-03-25 12:56:23+00:00,1.63961E+18,unicare_clinic,"Did you know that food poisoning is a common issue for travelers to Bali? Symptoms can include nausea, vomiting, diarrhea, and fever, and can ruin your Bali adventure. But don't worry, we're here to help you prevent and treat it! https://t.co/vXSra6jsEL","Ubud, Indonesia"
2023-03-08 03:16:44+00:00,1.63331E+18,hiduphijau,@NotHarisHazizan Dont worry. I always eat your food 😘,
2023-03-01 04:26:00+00:00,1.63079E+18,rhyanstjames,"Lord, remind me always that I have nothing except what You give, and I can do nothing except what You enable me to do. Indeed, You tell me to be like the birds that worry about storing food; and to live my life fully by trusting everything in You. #DeoGratias",Philippines
2023-02-28 05:22:04+00:00,1.63044E+18,AlannaEloa,"In Australia Milo will give me foods, Peter will give me roofs. Everything is free of charge. Graham will give me breakfast and swimming all will be good, no need to worry about me at all but what you have to do, you have to worry about yourselves, just focus on yourself",
2023-02-28 01:12:49+00:00,1.63038E+18,AlannaEloa,"That time I didn't have Passport in Australia. After this I have Passport so no need to worry so much World. I'd loved you too💚. Hungry is my money enough/not to buy food. I said, healthy like protein bars, fresh blended fruits and veggies, nuts, beans are advisable in Pool part",
2023-02-26 01:24:06+00:00,1.62965E+18,MattSmith2044,"“You should eat the food you want and you should revel in the drink
You should watch the sun come up and you should have sex on a sink
Wear the clothes you want and never worry what they think
‘Cause it can all be good and gone snap over in a blink, wink”
The Dirty Heads
#Bali https://t.co/q5KJa3bMKy",
2023-02-25 03:10:52+00:00,1.62932E+18,mrcurtainmy,"Sunscreen blinds continue to allow “soft light” into your home, so you can still appreciate natural light in the kitchen while you cook without being hot and flustered. They are also easy to clean so there is no need to worry about food and water staining them. https://t.co/JVW4ckwWJP","Johore, Malaysia"
2023-02-25 01:24:58+00:00,1.62929E+18,ChettiarShashi,"Your health is obviously important but stress, fear and worry are far more damaging than any delicious food or drink you may deny yourself. Happiness and peace are the best medicine.",Wilayah Persekutuan Kuala Lump
2023-02-22 12:26:51+00:00,1.62837E+18,joyceannclbtz,"Omgggg, super sweet @ChaelAdriano 🥹 Thank you so much po. Don't worry po, malapit na po ako makauwi. Thanks to my friend, Jona sa pamasahe. 🥹 
Also, thank you to all my friends, Jona, Jel, Irish sa foods. Wala akong breakfast &amp; lunch kanina.
Grabe, lifesaver ko kayo 🥹

SLMT 🫶 https://t.co/g8RoQtaULn","Manila City, National Capital "
2023-02-21 17:31:58+00:00,1.62809E+18,Jahenanas,"It's been a while since I sit alone in a fast food restaurant in the middle of the night.

A friend of mine just had a breakdown. Now I'm worry.",Indonesia
2023-01-31 06:09:05+00:00,1.6203E+18,harsh_vardhhan,"Since many travellers worry about vegetarian food in Vietnam.

It isn’t that rare anymore.

A nice vegan restaurant in Da Nang - Kurumi. https://t.co/dpgcIhoqVa",🇮🇳 India Inc.
2023-01-30 04:22:25+00:00,1.61991E+18,GoonerGetYahh,"I just don’t need all this fussing about planning what I eat, as if I’ve got enough to worry about in my life &amp; luckily in Thailand I have plenty of foods to choose 😂","Bangkok, Thailand"
2023-01-23 06:36:13+00:00,1.61741E+18,naqirozman,We need to realize that anxiety is not the same thing as anxiety disorder. You may feel anxious when talking to stranger and when ordering food that is just normal. Except when you have prolonged excessive worry and few anxiety disorder symptom that bothering your daily life.,Ipoh
2023-01-08 04:00:00+00:00,1.61194E+18,ayampenyets3,"Feeling hungry? But Sunday is the day to chill at home? Worry not, we are available online! Just search ✨Restoran Ayam Penyet Simpang 3✨ on your food apps. 😉

@BangiCommunity @BangiKita @Twt__Kajang https://t.co/IALTzisFTv","Kajang, Selangor"
2022-10-31 10:56:59+00:00,1.58704E+18,robhealthcrunch,"Don’t worry about aging. 

Life after 50 brings more pleasant surprises than you may think - if you follow these 9 steps! 

Reverse your aging process and forget your age - it doesn’t matter! Go for life. 

https://t.co/omsGTIusED

#life #Mindset #health #food","Siem Reap, Cambodia "
