Datetime,ID,Username,Text,Location
2023-03-30 22:11:21+00:00,1641563790520254464,thekangbae,It seems that when I’m stress I eat more but when I’m annoyed I eat lesser (like really less) but since yesterday till now things just still making me annoyed for several reasons but I still have to try calm myself down because ya know bulan puasa,Malaysia
2023-03-30 17:31:53+00:00,1641493463203033092,terrygoncalves9,"@knick5767 Eat some more banana, relax and be less racist.!!!
#FuckQueenRamaphosa
#FokOffANC
@MYANC 
@PresidencyZA
@CyrilRamaphosa","South Semarang, Indonesia"
2023-03-30 12:25:22+00:00,1641416325934514182,Tomy0109,"@Politruk69 @KyivIndependent Actually my world is in china. I live there. LoL. I hope you like noodles because they're going to force you to eat them. 

BTW: It's in Brazil that 20% of the people living with less than 2$ per day? Before wanted to become the king of the world try to buy a crown.","Bangkok, Thaïlande"
2023-03-30 10:30:23+00:00,1641387390089711616,IEatRainbows100,The less you meddle in a situation or strongarm anyone into se... More for Leo https://t.co/KrXOMqtIuu,Victoria
2023-03-30 09:49:45+00:00,1641377164145885184,Awise_dumbass,"Less sleep + didn't eat lunch, I feel tired yet hungry",Southeast Asia 
2023-03-30 07:56:14+00:00,1641348593004195840,darsini_m,"Set a new record for myself! 
All it took was less that 24hrs to totally ruin my appetite. Ppl just kept feeding me food. Now I can’t eat anything 
It’s been almost a day since I had a proper meal. Let’s see how many days it takes for me to get back to normal",Malaysia
2023-03-30 03:39:37+00:00,1641284015658516481,Allfian_1,"Only one answer it seems. Not enough calorie. 
Either I eat less (which I doubt, because hun I eat tons of food), or I spend so much energy (which is even more unlikely because hun I admit my lazy ass loves to sleep all day long)","Tawau, Sabah"
2023-03-30 03:39:00+00:00,1641283858233716736,tepokdion,"But if you notice working animals, that you would expect you would want to be more docile than food animals as a matter of safety are general not white (horses, donkeys, carabaos). Why? Because we rarely eat them, so the aesthetics of the fur matters less.",
2023-03-30 03:10:24+00:00,1641276662699671552,Fameclaire,@SeketulOuro I can agree with ppl telling me to eat less meat but forcing me to go vegan ughhh,Sabah
2023-03-29 20:11:48+00:00,1641171316698152960,Me56gk,@realsteelmuslim U said less than 1% of Chinese population eat dog in your own word.,Taiwan
2023-03-29 15:51:16+00:00,1641105751945912320,mshafqat71,@_Barfii What about girls. Do they eat less in Iftari plz😊😊,Islamabad
2023-03-29 15:46:54+00:00,1641104654908944389,terrygoncalves9,"@SSDandala @ReneVanderVyver Yes  we can see by all the cultural things found like flushing toilets and BMW motor spares...
Eat some more banana, relax and be less racist.!!!
#FuckQueenRamaphosa
#FokOffANC
@MYANC 
@PresidencyZA
@CyrilRamaphosa","South Semarang, Indonesia"
2023-03-29 15:36:23+00:00,1641102007640489984,terrygoncalves9,"@Zavosdd @ReneVanderVyver Eat some more banana, relax and be less racist.!!!
#FuckQueenRamaphosa
#FokOffANC
@MYANC 
@PresidencyZA
@CyrilRamaphosa","South Semarang, Indonesia"
2023-03-29 15:28:21+00:00,1641099986736910336,anyssaaiyanie,Meee 🙋🏻‍♀️ this year I’m eating less than i usually eat during iftar.,"Perlis, Malaysia"
2023-03-29 15:20:23+00:00,1641097979267362817,CBotchis,"@ZubyMusic @AndreasPetker Well, eat smarter. Less calories, better calories. Lots of protein/veggies in those calories.",MA
2023-03-29 14:03:38+00:00,1641078667852783616,LetsEatAWasp,Either that or be less verbose in my notes,MA
2023-03-29 06:24:18+00:00,1640963071614283777,zafranmustafa,Better eat the same thing. Save cost and less time consuming. Keep it up ceddy!,Malaysia
2023-03-29 06:05:46+00:00,1640958405300064256,Mancha98,I’m trying to eat less but I get hungry so fast 😭😭,Malaysia
2023-03-29 00:13:18+00:00,1640869705035685888,RalphEmmers,"@Without_an_ID @Cobratate Yes, basically don’t eat much. Drink 椰奶 and 红牛. Need to lose some fat to put less stress on my feet and knees", 特别行政区
2023-03-28 21:08:41+00:00,1640823243991916545,terrygoncalves9,"@Constitution_94 Just wait until you see the results then talk again. 

Eat some more banana, relax and be less racist.!!!
#FuckQueenRamaphosa
#FokOffANC
@MYANC 
@PresidencyZA
@CyrilRamaphosa","South Semarang, Indonesia"
2023-03-28 21:07:56+00:00,1640823057244733443,terrygoncalves9,"@Constitution_94 Eat some more banana, relax and be less racist.!!!
#FuckQueenRamaphosa
#FokOffANC
@MYANC 
@PresidencyZA
@CyrilRamaphosa","South Semarang, Indonesia"
2023-03-28 16:13:18+00:00,1640748911777435648,SauloLondono,"There's an entire subversive industry designed to convince Americans to eat poorly, exercise less, and ""accept"" the consequences of their bad health. 

Ridicule is the appropriate response.",CA
2023-03-28 13:43:40+00:00,1640711254686986240,AiVEe91,"congrats and thank u @CoolSmashers at bumawi kau 😭😭😭 maintain the fire, plz less errors

rest well, eat well...stay composed, be on fire but with good vibes on Thursday
🙏🙏🙏 #CreamlineCoolSmashers #PVL2023",Republic of the Philippines
2023-03-28 11:58:55+00:00,1640684890659205127,terrygoncalves9,"@Qhawe___L You talk shit.!!

There never once have been any archeological findings of porcelain toilets, cooking utensils,  BMW motor spares, etc as used by Africans to prove it was their land.!!!

Eat some more banana, relax and be less racist.!!!
@MYANC 
@PresidencyZA
@CyrilRamaphosa","South Semarang, Indonesia"
2023-03-28 11:49:52+00:00,1640682615215648770,terrygoncalves9,"@PMTOGU01 @Qhawe___L @koosieisnie Eat some more banana, relax and be less racist.!!!
#FuckQueenRamaphosa
#FokOffANC
@MYANC 
@PresidencyZA
@CyrilRamaphosa","South Semarang, Indonesia"
2023-03-28 11:46:32+00:00,1640681774400380928,terrygoncalves9,"@Qhawe___L Eat some more banana, relax and be less racist.!!!
#FuckQueenRamaphosa
#FokOffANC
@MYANC 
@PresidencyZA
@CyrilRamaphosa","South Semarang, Indonesia"
2023-03-28 10:50:32+00:00,1640667684202323969,terrygoncalves9,"@ChristineQunta Eat some more banana, relax and be less racist.!!!
#FuckQueenRamaphosa
#FokOffANC
@MYANC 
@PresidencyZA
@CyrilRamaphosa","South Semarang, Indonesia"
2023-03-28 10:48:46+00:00,1640667239434141698,terrygoncalves9,"@matinyarare Eat some more banana, relax and be less racist.!!!
#FuckQueenRamaphosa
#FokOffANC
@MYANC 
@PresidencyZA
@CyrilRamaphosa","South Semarang, Indonesia"
2023-03-28 10:18:46+00:00,1640659689817112582,NayeonNabong,"Nayeon: Eat Less
Me: https://t.co/YDEJRl3sxP",PH
2023-03-28 06:37:55+00:00,1640604108808949760,kopilatte87,"Don’t eat less 
Bur eat right..",malacca 
2023-03-28 06:31:14+00:00,1640602429002579968,emmanuel_ogebe,"@jaded_developer A living wage or more

Many people always make the mistake of not paying/treating their domestic staffs well

These people know what you eat, your friends, your bad habits, the guy you are sneaking into the house, etc

A living wage in today's Nigeria is nothing less than 100k",EMEA
2023-03-28 05:09:25+00:00,1640581836668825600,ebbandflowph,"It's going on random dates where you hang out and eat at the mall together like teenagers while waiting for your adult daughter to wrap up work.

So much of life is mundane moments. Even getting ready in the morning feels less so when you're with someone still love.",Philippines
2023-03-28 03:22:55+00:00,1640555038723514368,AdnaanHard27045,"Things Nobody Tells You About Getting Shredded

You’ll likely get weaker as you drive your body fat % further down as it’ll force you to eat less and your strength will go down.",Singapore
2023-03-28 02:19:18+00:00,1640539026393268224,MaiPoMetalHead,"@PoIIows These are things I started doing. 

1) Cut out sodas
2) Eat less, but I still eat what I want. For example, if I get fast food, I only get the burger. No fries, no soda… 
3) Drink a ton of water
4) I started tracking my calories with an app
5) Every other day I go for a 30…",Thailand
2023-03-28 01:29:45+00:00,1640526556580683776,mujib1998,@HabitHustler_ - Eat less,Kuala Lumpur  Malaysia
2023-03-28 00:38:54+00:00,1640513760564756480,MadamHiddles,@hellokidneyMD Naku hindi na ako nakain here for meals doc at may time I had to eat tatlong beses in a span of 8 days dyan bilang a client prefers it like all the time. Tas it’s downstairs lang din. Kaya kape na lang pinapatos ko for less umay 😂,National Capital Region
2023-03-27 22:20:48+00:00,1640479007362912259,ElizabethLevi20,"@GAINNowAmerica Screw evil Bill Gates! Don’t see him eating bugs and flying commercial 🤣
His meat substitute he wants everyone to eat was found to cause cancer! Everything he does is to reduce the population! He thinks that’s the real cure for the planet!
Less humans alive on it l!",CA
2023-03-27 12:08:54+00:00,1640325017253871623,aiyaame_,"ah busog kayko for today’s videowww, eat less for tomorrow? hehe",Misamis Occidental
2023-03-27 12:01:12+00:00,1640323077467947008,NayeonNabong,Nayeon’s diet recommendation: Eat Less 👍🏻 https://t.co/AawEBJ4Dko,PH
2023-03-27 11:53:17+00:00,1640321088461873152,dkrgalindo,"Retweeted in my gaming account &amp; imma do it here as well.

Ngl, I have conflicting thoughts on the situation, and given the context of where I'm writing from 🇵🇭, it's unfortunate most readers could care less about actual stories and would just eat up content reposts 👀","Cebu, Philippines"
2023-03-27 11:50:49+00:00,1640320468224983043,milcahagad,eat less.,New Corella
2023-03-26 23:42:45+00:00,1640137244005785600,TwiddyBird62,Prices has to go north or else it don’t make business sense. The people have the choice to cook more at home and eat less outside!,
2023-03-26 12:43:20+00:00,1639971293545082883,Mooyini,"@cryptomanran less sugar, less vetgetables, get vitamine D, eat a lot eggs and red meat",El Salvador
2023-03-26 07:17:53+00:00,1639889393275027460,LULY77646126,"Eat less meat, more vegetarian, healthy and happy.
#นุนิวxMakroPRO",Thailand
2023-03-26 07:17:10+00:00,1639889211355430914,richielovall,@Damocleansword The French eat protests for breakfast and will always fight for less work 😂,EMEA
2023-03-26 02:00:11+00:00,1639809440215089152,BellyBlastDiet8,Eat More &amp; Weigh Less in just 27 days … GUARANTEED https://t.co/lYAvQDB2eG,Hong Kong
2023-03-25 20:24:42+00:00,1639725012256006144,MAModIndy,@wbz We go out to eat less.  I tip when I get any food delivered though.  But I would not tip if I were in a store buying something and all they did was put it in a bag.,MA
2023-03-25 15:11:01+00:00,1639646072632139777,ezzy276,"Kalau rm200 rasa cm rm20 bagi mu.. ia tidak membazir…

But honestly, time puasa, and berbuka, u eat less than usual.. 🙏🏼.. so for me yg rakyat biasa.. yes, its a waste.. coz ko x mmpu makan sume pon… makan maggie cup pon kenyang nk mmpus..",Malaysia
2023-03-25 12:59:53+00:00,1639613070417997824,reina_daisuki,"ordered mcnuggets meal but the meal didn't come with nuggets meal 🥲
it's ok i will take it as a message from god that i should eat less HAHAHA",シンガポール　Singapore
2023-03-25 12:36:35+00:00,1639607206500007936,aziyati,"Being knowledgeable, many people are intimidated by you. Though you lead a normal life; you eat, sleep, mate, crack up, they thought you couldn’t care less of their problems. But you just know when to achieve, enjoy and be silent. Let them win the arguments. Got nothing to lose.",Putrajaya Malaysia
2023-03-25 06:55:12+00:00,1639521296085319680,tinyinfinityyy,In a month of mercy and understanding that encourages us to think of those less fortunate it doesn't make sense to be crying because someone else is excused and is allowed to eat. They have hardships 365 days of the year. Ramadan is only 30~ days. Think.,Malaysia
2023-03-25 06:52:53+00:00,1639520712107933696,terrygoncalves9,"@CaptAirKat @SjamaanN Eat some more banana, relax and be less racist.!!!
#FuckQueenRamaphosa
#FokOffANC
@MYANC 
@PresidencyZA
@CyrilRamaphosa","South Semarang, Indonesia"
2023-03-25 06:47:22+00:00,1639519323692863488,hkrob,"@niall_bigscreen @EkramNasrul @techAU @zerolongevity Of course.. eat less move more is the most simplistic way to express it. Once you get the basics then you refine. Eating better is very important, cutting sugar is an easy place to start.",Hong Kong
2023-03-25 06:18:36+00:00,1639512085737656321,hkrob,"@niall_bigscreen @EkramNasrul @techAU @zerolongevity Yep you're right, hence eat less move more. Caloric deficit is key",Hong Kong
2023-03-25 05:31:51+00:00,1639500322120024065,hkrob,"@techAU @zerolongevity Well done..keep in mind ""move more, eat less"". What worked for me was to set a daily step target and stick to it. I started at 10000, now it's 12000 and part of my routine. Good luck",Hong Kong
2023-03-25 03:52:47+00:00,1639475389335756805,schtziM1o,"been eating kurma, water add on nestum and biscuits only :D so far the less you eat the less you feel hungry for me 😂","Sabah, Malaysia"
2023-03-24 21:07:13+00:00,1639373323476824065,terrygoncalves9,"@Libra01819187 Eat some more banana, relax and be less racist.!!!
#FuckQueenRamaphosa
#FokOffANC
@MYANC 
@PresidencyZA
@CyrilRamaphosa","South Semarang, Indonesia"
2023-03-24 18:25:17+00:00,1639332575112986636,terrygoncalves9,"@Poplak Eat some more banana, relax and be less racist.!!!
#FuckQueenRamaphosa
#FokOffANC
@MYANC 
@PresidencyZA
@CyrilRamaphosa","South Semarang, Indonesia"
2023-03-24 17:45:48+00:00,1639322637724790784,terrygoncalves9,"@lolobee052 Eat some more banana, relax and be less racist.!!!
#FuckQueenRamaphosa
#FokOffANC
@MYANC 
@PresidencyZA
@CyrilRamaphosa","South Semarang, Indonesia"
2023-03-15 01:27:23+00:00,1635814917721956353,mamangjagoo,"Summarized about how it works: makes you feel fuller longer thereby reducing the amount of food you eat.

Then the solution is eating food less all along","Jakarta, ID"
2023-03-13 06:21:42+00:00,1635164210656329728,nrsabrinashamin,👽 eat less sugar https://t.co/lKlhfeNjBt,"Selangor, Malaysia"
2023-03-12 14:15:34+00:00,1634921076311601153,lolnochu,"lately i've been really conscious with my body bc of weight gain (due to stress ig) and im trying as much as possible to eat less to the point that i cry bc im not yet satisfied. thx for reminding me this, i love u so much kim sunoo",˗ˏˋhoonhoonz & jungdeundanˎˊ˗
2023-03-10 03:27:52+00:00,1634033300137451520,Giccutweets,"The same way we malaysian indian behave malaysian but does not change the fact that our ancestors are of indian origin or we are less malaysian. We eat bak kut teh and nasi lemak, we sing negaraku. Mahatir you are almost 100 years old and not wise but a pure racist.","Kuala Lumpur City, Kuala Lumpur Federal Territory"
2023-03-08 02:09:22+00:00,1633288771943956481,icangbelang,"@Haqiqatjou You prophet shag an infant,and killed non muslims and you are demanding respect, eat less and get a life chubby boy","Hell, MI"
2023-03-03 04:35:39+00:00,1631513645959217152,RockeRina,"To the less fortunate, that is a complete meal. Unless you have a better solution on how the B40 can eat a balanced meal they can afford perhaps you should just shut that piehole and stop embarrassing yourself",Where the Snakes are!
2023-02-25 02:36:47+00:00,1629309403009777664,allanbienmm,"Pero I can eat less talaga didi ha balay 😭

Damo lat pangaon ha Naval.",Cornelia Street
2023-02-24 06:37:42+00:00,1629007642151751680,dariophoto69,"@Gen777777 There's a lot of good places to eat in Manila.
More or less food is always good, from the small carinderia to the fancy restos",MNL - MXP - BKK - TFS 
2023-02-24 04:40:24+00:00,1628978125798526976,EzzahSyah1rah,"This is a good reminder for all to consume less sugar and less processed food. Eat whole food and keep your body hydrated. 

Gemuk boleh kurus dan buncit itu tidak seksi ya!","Johor Bahru, Johor"
2023-02-22 11:02:24+00:00,1628349483502424064,reeanazulkefli,"Loya and muntah. I get hungry all the time before period but not during period, I eat less.","Bandar Klang, Selangor"
2023-02-19 12:11:09+00:00,1627279620138745856,REVLSHAI,"Today was the best day. Meet my friends. Tekak less sakit. Could eat something more than a soft food and menguap. Baru perasan lama tak menguap sejak surgery, 10 kali dah ni 😭 alhamdulillah getting better","Kuala Lumpur City, Kuala Lumpu"
2023-02-17 18:05:53+00:00,1626644115436994561,AlannaEloa,"Am afraid to eat in Malaysia, if they add something that my brain is less powerful, doing more foolish and low class standards that prevent me to fly overseas. I am more believe living and eating at my own Country Australia with my own people. I thought Malaysians are my people",
2023-02-17 16:05:10+00:00,1626613737473069056,VientianeVibes,"@BrianPatriots You'll eat less and be happy!

https://t.co/mQvH4INnC5","Vientiane, Laos"
2023-02-15 00:42:15+00:00,1625656699339309056,Cameronfous,"@saynodrugs @LayahHeilpern Processed or not, it’s still a matter of how many calories you consume. I could eat Taco Bell all day long and still be ripped as long as it’s less caloric intake than my caloric burn. Doesn’t mean it’s healthy for my organs. But it also won’t make me fat",
2023-02-13 11:18:28+00:00,1625092036671180801,Mayarijuana,"Some days I really ingin zucchini…. My craving for zucchini is weird… just fry them with less oil, salt &amp; pepper… yumssss 😋 eat with any protein ✅",BORNEO ▲ KUALA LUMPUR 
2023-02-13 08:37:56+00:00,1625051633372786688,brandywooo,@_SQ96_ Yup but kata is less commitment and you get to play early knowing what’s in your shield. So you know if you should eat or guard early damages. Big mom needs more mid game commitment sadly. Doesn’t fit too well into the curve,"North-East Region, Singapore"
2023-02-11 12:05:20+00:00,1624379055389933573,x_xqwertyuiop,The fast food lane made the “cashier less” kiosk for fast order not to make things complicated yet the type of consumer who queue and not deciding what to eat and only think or make decisions when their turn come are totally selfish!,"Barat Daya, Pulau Pinang"
2023-02-07 04:45:41+00:00,1622818860058701825,TyeinThailand,@cooltxchick Bought 30 yesterday here in Thailand. Size 0 (super jumbo). Less than $3.50. Good thing bc we eat A LOT of eggs and buy 90 at a time.,"Austin, Texas"
2023-02-05 09:09:26+00:00,1622160459100192768,molavefinds,"@PTVph I eat according to my taste preference. My palate couldn't care less what a food cretin that #TasteAtlas has to dictate what my taste buds say. Right now, we have 3 uncooked balut for tonight's dessert. Go spice up your food.",Makati CBD 1226
2023-02-05 04:26:58+00:00,1622089372479946752,bkk001,"I don’t eat snack, but have meal and coffee. And, the less is all the best. 

😇😇😇","Bangkok, Thailand"
2023-02-05 00:45:29+00:00,1622033636970352642,CaptainMarikina,"How to make your life exponentially better:

-Read new books 
-Lift weights 3-4 times a week
-Ignore negative chats
-Listen more, talk less
-Embrace mistakes
-Focus on your goals
-Invest in yourself
-Wake up early
-Sleep enough
-Smile a lot
-Eat well

( From @FinFreeWizard )",Marikina City
2023-02-04 11:13:53+00:00,1621829391360864257,KaininSi_Joie,I'm starting to eat less rice help lunch lang ako nagr-rice 😭,
2023-01-31 09:33:19+00:00,1620354532600586240,nullx8,"@DemoniacoASX Bali is the best (not counting Domrep) but i'm too cheap for both, so its Langkawi, Malaysia for me ... secret tipp go during Ramadan, much less people plus everything you can eat is on the cheap .. because 90% of the population won't eat during daytime.","Bangkok, Thailand"
2023-01-30 02:13:58+00:00,1619881577223454722,ramsyaddad,"1. Own less stuff 
2. Watch less television
3. Eat healthier diet
4. Spend less money on unnecessary things
5. Read more books
6. Become more generous
7. Ask more questions
8. Complain less
9. Appreciate your spouse more
10. Get more exercise
11. Pray more
12. Dream bigger dreams",
2023-01-29 11:48:00+00:00,1619663647688781825,lex_do_this,"@onejurisprudent Eat less salt, sugar, rice, junk foods, and chocolate. Include exercise 1 hour 3x a week and sleep 8 hours.","Bacoor, Calabarzon"
2023-01-29 05:09:33+00:00,1619563377256460288,faizalhamssin,"After six months of trying to eat better food (less oil (particularly of seed variety), less carbs, less processed food, less fructose et al), I finally managed to fit in an old t-shirt from 7 years ago last night.

So good to be able to wear my old clothes lol. I feel 25 again.","Kuala Lumpur, Malaysia"
2023-01-19 14:50:02+00:00,1616085580592582660,TheN_Face,@muzak_mx_2020 Eat less rice, 🇫🇷 & 🇺🇸 lost this country
2023-01-14 11:07:01+00:00,1614217519090520066,ajmalaqil2,"@apishkudinn @nuttcrackerrr eat less , do more exercises 
-piers morgan",
2023-01-09 15:13:02+00:00,1612467488717172736,sufjian,You will eat less than you desire and more than you deserve. #TheMenu,
2023-01-08 06:55:32+00:00,1611979903410528256,thelast_demigod,"@ushardaniele I would like to eat less meat too. Due to environmental concern.

But vegetarian and vegan food mahal eh. And they're not readily available.",North Borneo
2023-01-05 09:41:29+00:00,1610934499990462464,Weaver____369,@Nutritionist_LE As we all get older there are some certain foods that we have been consuming 🤔that we need to eat less of or stop eating 🥣 altogether.,"Ho Chi Minh, Vietnam"
2023-01-05 05:46:52+00:00,1610875457246842881,thisisnumnim,I eat less lately,Germany
2023-01-03 13:04:14+00:00,1610260748672069632,cipanjiwang,"@azha_nordin Eat less chicken &amp; meat, get protein intake from budu. https://t.co/292Cpsbh0U",Malaysia
2023-01-03 11:28:54+00:00,1610236756770820098,OfMNLA,"Typical convo with a non serious person about fitness.

How to lose weight? 

Oh eat a lot of meat and vegetables then limit rice to 1 cup per day, less is better and avoid alcohol and all sorts of desserts for the next 8-10 weeks. 

How about if I just drink hard liquors? 

NGMI","Manila, Philippines "
2023-01-01 07:34:00+00:00,1609452866409988096,ngomyangtok,"1. More yoga, more low impact exercises and swimming
2. Routine prayers, breathe exercises and meditation
3. Only buy necessary things, less impulsive, eat healthy foods
4. Quality time, deep communication, common goals
5. Staying positive toward things",Yogyakarta
2022-12-31 10:18:28+00:00,1609131871262380034,hafizahcheese,"In 2023:

1) meet more people without being too fixated on turning them into friends. Be myself, enjoy the moments and i will make friends effortlessly
2) eat healthy ; more salads and juices, less desserts
3) Don't stop praying and finding jobs until I get an offer.",jannatul firdaus
2022-12-30 06:43:24+00:00,1608715356583129090,ZenDeppy,"@SakuraaMochiii how eating less sugar and carbohydrates can be done in 1 year...

Also please eat lots of Fibres and Fruits... Please","Miagao, Iloilo"
2022-12-29 00:05:55+00:00,1608252942171394049,ChasteGaymer,"@food_blogger Got la. Don't say Msia. Take my dialect grp Teochew, there r some food or regional changes to the recipe tht China Teochews don't have/don't eat and vice versa also. Food will evolve depending on the availability of the ingredients. Some will be recognisable, some less",Singapore
2022-12-25 12:06:37+00:00,1606984760320196619,nyk_2022,"@fmtoday You told us to eat less chicken in an attempt to artificially skew the demand &amp; supply curve and thus force the price of chicken to go down. But you forgot that chicken is the cheapest of all meats, so it's either we continue to eat chicken or we don't eat meat at all!",
2022-12-24 09:33:19+00:00,1606583793099624454,kalamjey,"Tipid tip:

Instead na magluto for noche buena, we decided to eat out na lang. Less hassle, di pa pagod tas sure na masarap food 😂","Quezon City, National Capital "
2022-12-23 05:19:53+00:00,1606157624663220226,walf_,"I mean you should consume this series slowly, like reading a book for weeks. I just watch one episode a day. I'm really trying to live less slowly, read slowly, watch slowly, eat slowly. We should go back to a slow pace, not necessarily inconvenient, but just slow and languid.",Makati | Bacolod | Philippines
2022-12-21 14:19:30+00:00,1605568646658625536,UnicornCentaur,"@r13warrior Lean bulking kasi ako sir. Less rice mostly ½ cup to 1 cup per meal lang , then eggs 4 eggs a day, saka soya milk twice a day.

Then kung may pagkakataon, I eat fried chicken sa merienda, alternative naman sa eggs, kwek-kwek.

Minsan naman no rice talaga.",The City in the Sky
2022-12-15 04:36:06+00:00,1603247502529990657,debd1162,"@nathaliejacoby1 Sleep well, exercise, eat right and less going out(only when necessary)… or probably genes? Nobody from my family side got infected…",Baguio City
2022-12-08 17:48:13+00:00,1600910132980092929,qishdarleena,Now I have less than 4 hours to sleep. Demmit. Blame it on the marshmallow I ate. I wasn’t supposed to eat anything sweet in the evening.. 😭,Galaksi Bunasakti
2022-12-06 18:34:33+00:00,1600197016629305345,yansuuu16,"I’m proud na you are doing well, pero to stick it to me and try to make me seem I’m less smart than you makes me mad. I’d point out swiftly that you didn’t even have the brains to study at our school, let alone graduate. Do not do that to me, I’ll let my credentials eat you, luv.","Session Road, Baguio City"
2022-12-06 09:26:20+00:00,1600059052540985345,iamnpt,"Work hard , eat less , stack sats ✊",
2022-12-05 07:39:18+00:00,1599669728997707776,DeanUjang,"@JoeJi2050 Sometimes I test taste a bit just to make sure quality. Tu jer. I only eat cake at special occasions. My friends birthday semua i bg cake FOC. 

I will create new flavors for them. That I eat lar macam biasa. Otherwise I cut sugar out frm my diet, more protein n less carbo.",Kuala Lumpur
2022-12-03 17:29:46+00:00,1599093550863777793,jademmaneja,I just realized that I actually eat way less here in the Ph.,BTG
2022-12-03 16:13:03+00:00,1599074243052195840,vinsurmolina,Don't eat less! https://t.co/5BaxzVc42Y,
2022-12-03 14:05:46+00:00,1599042209047015425,Vyna31969617,Don't eat less... @ Tokio Japanese Restaurant https://t.co/C87hQuNG3p,
2022-11-30 16:57:44+00:00,1597998324719591424,xantababy,"@noxnihilist Oh, Haidilao in Taiwan is actually open until 4am. So I used to eat hotpot past midnight. Less people. 🤭",🇵🇭🇨🇳✈︎🇹🇼｜30↥歲 / girlmama
2022-11-25 07:22:34+00:00,1596041637675040768,AziqKasim,"We talked about my uncles who has passed and my cousin battling with lung cancer, I said that it would be recommended subs for pain killer and its safe. I don't claim it would heal but it will be less pain and you will have the joy to eat.","Kuching, Malaysia"
2022-11-23 12:13:07+00:00,1595389981006172162,UNVAsiaPacific,"🗑 Reduce, reuse and recycle.
💪🏿 Volunteer for cleanups in your community.
🚲 Bike more, drive less.
📔 Educate yourself and others.
👚 Shop responsibly.
🥕 Eat locally produced food.

Take #ClimateActionNow. #TogetherActNow https://t.co/bInTlFc36l","Rajadamnern Nok Ave, Bangkok"
2022-11-12 05:53:01+00:00,1591308062379606016,panadolsandpot,"Tried the UFO Korean Chicken Spicy  noodles. I rate it 5/10. 
It tasted exactly like the Samyang noodles black packet. Just in a less spicier and way more saltier version. In general the taste was okay, but the flavour could have been more rich. 

Will I eat it again? 
Maybe nope https://t.co/3WfAzW35h1",
2022-11-09 11:22:21+00:00,1590303776103362560,jefferson9_m,"@ForbesSuzan Try, eat less, exercise more. It really is that simple.","Korat, Thailand"
2022-10-31 16:33:34+00:00,1587120604507176960,Gen_Shikouken,"Safe Halloween
Eat less candies","vietnam, somewhere in universe"
2022-10-31 16:11:36+00:00,1587115076527345665,boycottsrabonti,"Eat less, I'm hungry
Eat more, I'm HUNGRY",
2022-10-31 03:40:12+00:00,1586925981444423680,TrangVuong112,"@chobble It’s 1 way to say. 
In my case I like to eat less meat &amp; more vegetables. I don’t mind to make food at home and sometimes I would like to have vegetarian or vegan food outside in a restaurant. I think I’m not the only one. And where there is demand there will always be supply 👻","Hà Nội, Việt Nam"
2022-10-22 14:18:07+00:00,1583825029397037056,ZackAvaricious,"@bearu Try asking for less sweet drink.

Rice is okay tho if you dont over eat. Increase protein and veg portion. Make it 2/5 veg 2/5 protein and 1/5 rice as ur end target.

Start with 1/3veg 1/3protein and 1/3 carbs.",Flat Earth
2022-10-21 14:17:39+00:00,1583462521993801733,bechiibeb,@TEN10LAY actually i think it’s not. I guess it’s because im eating less (not intentional) for the past 3 days cause I prefer to sleep than to eat. 😔,🇵🇭| she/her | 29 | multi 🦄
2022-10-19 12:12:48+00:00,1582706327549521920,naienwho,"Ever since I started treatment for H. Pylori I can feel significant changes into my stomach.

I eat less, less hunger, less acidic. Alhamdulillah.

Whyyyyy before tak tauu",
2022-10-18 07:20:46+00:00,1582270449203154944,athirawr,"my hand a bit shaking due to less sleep, less eat and less rest. even my jantung beat not as always 🥲",
2022-10-16 23:55:38+00:00,1581796038326685696,cjnanquil,"My Vfat is quite high , it seems hinde enough yung workout lang I have to change my diet too and monitor what I eat 🥹. Less intake means shorter patience 🥲","Irminsul , Teyvat"
2022-10-16 04:50:45+00:00,1581507918805225472,MariaMisovicova,"Eat more plants &amp; improve your health and combat #climatechange. Those who eat a #plantbased diet produce 50% less #carbondioxide, use 13xless water, and use 18xless land than meat-eaters. These amazing plant-based dishes were created by skillful chefs at MIA #Bangkok #restaurant https://t.co/0VnEgqlKHV","Bonn, Germany"
2022-10-07 03:57:52+00:00,1578233118846509056,atiqmisz,"@yourtimeseeker Oh my, u should eat for breakfast. And no instant drink. Milo especially,  very high in calories. Get yourself full before 8pm and sleep early. Less carb more protein and fibre. Apples and boiled eggs atleast. Keep eating moderately supaya x lapar. Berlapar adalah salah ye.",KUL-NS-TGG-LGK-KUL-JHB
2022-10-02 17:13:46+00:00,1576621474168832005,KhadijatunA,"Throwback Sunday ❤️

#Khana's #Eat_less @ Khana's https://t.co/Muynb3OQse","Dhaka, Bangladesh"
2022-09-29 16:33:56+00:00,1575524286034432001,kiddiepax,Sebenarnya susah la nak ajak i makan. Becoming very less eat now.,
2022-09-29 05:54:40+00:00,1575363411206180864,cannabizarena,"Less is More...they said
All that you can eat here..just eat what you can &amp; please don't waste it.

#vegetarian #season #sharingIsGiving @ โรงเจ บุคคโล https://t.co/Ii3wvEWhzB","กรุงเทพมหานคร, ประเทศไทย"
2022-09-27 04:37:52+00:00,1574619307451256832,jackhartl3y,"yes food is cheap here in south east asia. specifically vietnam. but it all depends on what you buy. 

if you come here and expect to eat your imported nutella for £10, you got it all wrong. 

you can buy a kilo of chicken, a kilo of potatoes and like 30-40 eggs for less. 

duhhh","Bali, Indonesia"
2022-09-27 01:42:05+00:00,1574575068319223808,paoloaveeeeena,"cant eat because
1) sore throat and ouch
2) i have a wisdom tooth that pinches a gum and ouch
3) nabubusog ako sa continuous intake of water para less ouchie yung sore throat",gwen ☁️
2022-09-25 17:27:09+00:00,1574088126204882944,James_S_Goral,@JasonReidUK @Tazz1972Tazz I lived on white rice and siriracha equivalent for only a week and it was an extremely demoralising situation. You get to the point where you eat even less because it becomes a chore even though you're not eating enough to begin with,"85 Vauxhall Cross, London"
2022-09-25 10:55:38+00:00,1573989599071727617,sirennextdoor,Honestly its getting depressing to find a balance meal in Malaysia that is worth less than an hour min wage. Idk how anyone surviving with 1.5K a month does it. Do you only eat once a day? Even this nasi goreng that only has carbs and barely any protein already cost RM9.,
2022-09-25 03:35:11+00:00,1573878756417994753,siegeism,"@BootstrapCook @Effiedeans 1) You can eat for less, my street market does £1 a bowl fruit and veg and Asian shops are often cheaper than supermarkets so bulk buy. But here’s the thing, I am I in walking distance from street markets and Asian shops and the only child I have is a cat.","Lewisham, London"
2022-09-22 04:04:44+00:00,1572799030002069505,robhealthcrunch,@saaiyer @IamShajanSamuel Well said. It’s rubbish. Eat right not less! So stupid this kind of advice. Telling people to starve themselves!,"Siem Reap, Cambodia "
2022-09-19 17:31:37+00:00,1571914925936877568,medrouq,My mom said you can actually save a lot of you eat out less.,Borneo
2022-09-19 00:59:20+00:00,1571665209290551298,joeyandamo78,"@PatMustard666 @robbo078 We can't avoid toxicity these days, so we fast more. Eat less. Eat more fruits. It's the easiest for the body to digest. If the body is unburdened, it can use up more of its vital energy on healing you. The lower our body's toxic load, the better we tolerate this toxic world.",
2022-09-15 13:58:07+00:00,1570411644735619080,bechiibeb,Salads are essential for a healthy diet but don’t forget the meat or any other protein sources to preserve muscle mass wc can easily deteriorate if u do much physical activity &amp; eat less. *insert ten’s judgemental finger here* Stay healthy bb! cant wait for wayv’s comeback 🔥,🇵🇭| she/her | 29 | multi 🦄
2022-09-14 05:15:10+00:00,1569917653023887360,r_yuneswaran,"Selamat Hari Lahir Sdr @rafiziramli, semoga sentiasa sihat dan dirahmati Tuhan. Perjalanan hidup sungguh panjang, yang penting eat more, less stress and fight orang Jahat. 😄 https://t.co/SIjCK0lzcO",Malaysia 🇲🇾
2022-09-12 11:54:45+00:00,1569293434992861184,Tryin2getBetter,"— work less, eat more! charrooot!
.
.
.

.
.
.
#groufie #pinoygram #instamoment #igdaily #grammerph #teamios #lrpresets #livelovelaugh #eatpraylove #latepost #wfm #workforceteam #workmates @ Mr. Korea https://t.co/qGEC52nX4D", Neverland
2022-09-09 09:16:21+00:00,1568166410001731586,Rakth1Raktham,"@Kalebndolo That good brother, you can eat good quality vegetables, and less expenses",Myanmar
2022-09-01 02:09:27+00:00,1565159872470994944,sirennextdoor,"When I see reports like this..Id be thinking, what are the alternatives though? 
Not eating or eating less is not really a good option because human beings gotta eat optimally too and that means we still need a good protein source",
2022-08-28 06:57:00+00:00,1563782684857573377,lexelledextjluv,"Promotion on oysters; $1.90/pc until 31/8/2022. Min. order of 6 pcs, but why would you want to eat less than 6? We did see a couple request~ (@ Goodman Grocer &amp; Bar) https://t.co/xRhslRl96r https://t.co/Q006QoA7S2",Singapore
2022-08-19 06:38:40+00:00,1560516579250544643,sab168,“You don’t need to . . . eat less. You just need to . . . eat right.” #lifeisgood #livelife #lovelife #lifeontheroad #blessed #thankful @ S Maison at Conrad Manila https://t.co/cfcOxLEH7J,"San Juan City, Philippines"
2022-08-18 06:55:20+00:00,1560158386758361091,aarnavg17,"@SusanLawHK @tripperhead Oh damn, never have I ever worn a glove just to eat. 😂
The less crowd is good, but the walk from the plane to the shuttle bus was about 2.5km for me, if not more. 
Enjoy your life free from COVID madness, I’m back in the mask jungle though after being out of habit for 6 months.",Hong Kong
2022-08-15 09:18:03+00:00,1559107140538605568,mirakoru7,"The point of eating whole food to keep us full longer = less eating = lower calorie intake = calorie deficit 

Im saying if we eat whole food , its not easy to consume till 2000 cal or more coz ull be so fullll .",Kuala Lumpur Federal Territory
2022-08-15 09:16:17+00:00,1559106692750536704,mirakoru7,"@Haziqmahmur9 Maksud i, tak senang nak capai 2000 cal kalau makan whole food. Thats the reason why we eat whole food . So that we feel fuller longer = hence eating less = calorie deficit .",Kuala Lumpur Federal Territory
2022-08-15 04:12:37+00:00,1559030273940922369,Trader4lyf,"The world has gone crazy
We need more cat lovers
More cat naps
More cat walks
Less dog-eat-dog world

#catecoin can change the World🌎 https://t.co/YsepIeYQdc",
2022-08-14 06:04:50+00:00,1558696128610451456,muhamadahjiz,"Reduce simple carbohydrates, sugar, salt 
and eat more complex carbohydrates, vege &amp; fruits, meats and dairy, exercise regularly, and get 8 hours of good sleep.
That's key for better living.
All in all, less mamak maybe better for the nation.",
2022-08-09 06:25:37+00:00,1556889417683333120,bacsiloggg,"3. Don't fill your stomach.
less is more when it comes to eating – we should eat a little less than our hunger demands instead of stuffing ourselves.","Mandaluyong City, National Cap"
2022-08-04 14:56:33+00:00,1555206057831845891,ejotero28,"My #MakeYourGreenMark pledge is to lessen my carbon footprints whether it be in my travel, the foods I eat by choosing locally-produced and organic foods, the products that I buy and even the energy consumed in our home - less and smart water usage ++
https://t.co/ASbGDf7V6C",
2022-08-04 14:52:08+00:00,1555204947498921985,Nienaricci,"Dah rasa dapat 500-1k per week can buy and eat anytime. But less time with family and me is so wild tak jaga diri social sana sini, selalu accident susahkan family. Alhamdullilah now even less money but at least hidup i lebih berkat insya Allah💕","Kuala Lumpur City, Kuala Lumpu"
2022-08-04 02:00:13+00:00,1555010686421323776,seanchk,@BeirutiBrit @Pdouble0k Thin crust is ok. I guess I eat less than  10 pizzas a year though.,Bangkok
2022-07-30 11:11:45+00:00,1553337547262083072,jsrleve_,"Been very busy with my shift to the point nga di na kayko ka reply sa iya. Then 6 am straight from his shift, ni diretso syag balay with Jabee cuz he knows wala pakoy eat and he thought I’m mad at him for some reasons 🥺♥️

Never settle for less juuuud! 🥺💕 https://t.co/Bco33z9m2s","Davao City, Davao Region"
2022-07-29 16:50:41+00:00,1553060454301179906,AlannaEloa,"If go to casual job with extra working hours with salary range MYR1000-1500, so no choice to eat Nasi Lemak, Roti Canai and Fried Banana everyday with budget less than RM5. So the brain also will becoming like them at the end of the day with these type of brain food",
2022-07-24 17:26:24+00:00,1551257501768622080,love_icon17,"When you have less options to eat, and your friends supports your cravings... I am so grateful. Thank you, Soseph! #SundayNightCravings @ KFC Lacson Bacolod https://t.co/aRCYxhQDBe","Negros Occidental, Philippines"
2022-07-24 00:26:02+00:00,1551000720849399808,Wuchereria1,Another check up at the Regency after my operation last year. No doubt they will want tons of blood as usual. I know exactly what my consultant will tell me - eat less Nasi Lemak and Cheese (which are obviously never on the same plate) and drink less Tiger and Red wine! https://t.co/8eUV3e6uZX,"Iskandar Puteri, Malaysia"
2022-07-21 23:28:42+00:00,1550261513872900096,IpreferMiracle,"@Unrulycat2511 BMIตำ≠หุ่นดี 

Paper said: low BMI subjects are eat less and less activity than normal BMI subjects

คน BMI ต่ำ มักจะกินน้อย+เคลื่อนไหว น้อยกว่าคน BMI ปกติ",Thailand
2022-07-20 06:06:31+00:00,1549636852294254592,bahabidari,"Times are tough and the rakyat have to cut back, eat less and rely on home-grow food more. Some politicians give themselves a 40% raise.  Why do our politicians lack empathy?",Sarawak 🇲🇾
2022-07-18 10:57:11+00:00,1548985226638278657,mavunknown,I need to eat dinner for less than 10 minutes. Huhu,"Davao City, Davao Region"
2022-07-16 16:04:24+00:00,1548337766010089472,iNoelAlmelor,"🎶It's good good vibes, fresh and right
Good good eats, healthy treats 
Eat well, spend less get the best at Robinsons Supermarket!🎶 https://t.co/Xv51DKfZ1a",Philippines
2022-07-11 00:19:37+00:00,1546288064439660544,shazwan_r,"Food that I need to eat less; sup tulang, durian",Kuala Lumpur City
2022-07-10 01:25:43+00:00,1545942311678652418,buhalis,Just Eat Takeaway: Amazon deal is less appetising than it appears https://t.co/7hOIpQWqWm via @financialtimes,Internet
2022-07-09 05:39:41+00:00,1545643832649580544,kiddiepax,"I really enjoyed last night eat and sembang session. And today morning too. Yeah, when my emotional quota fill up, i cranky less. At least i know that i'm still lurveeeedddd. And some heart to heart session. And some emotional support session. I really need that so much.",
2022-07-07 14:22:13+00:00,1545050557383331840,sunnyckf,"@cinemaniac25 Overall, I like it less. Find it a bit boring although there are several iconic scenes (eat the rice immediately comes to mind). So, sorry John Woo fans. BUT THEN, comes the finale. Balls to the wall craziness that has yet to be topped. Hard Boiled came pretty close.","KL, Malaysia"
2022-07-04 15:07:44+00:00,1543974849730580481,sab168,You don’t need to . . . Eat Less. You just need to . . . Eat Right! #foodislife #foodislove #lifeontheroad #lovelife @ Makati https://t.co/CRl81D8nyG,"San Juan City, Philippines"
2022-07-03 07:26:59+00:00,1543496509182058496,nita_ohnit,"@kimiwarrior91 Dan jgk, less people eat outside kot klu semua kedai makin naik harga. Really bad cycle.",Putrajaya
2022-06-27 04:26:45+00:00,1541276827846467586,xxsilverspades,i’m so fat now. guess the cholesterol is coming at me. i’m not allowed to eat food that i love. i need to sacrifice the amount of my rice intake. for a rice lover like me… it is damn hard. i just wish there is a way out of this fast and less meds. 🥲 https://t.co/AzZvomonXa,Pixie Hollow
2022-06-21 18:07:04+00:00,1539308939526823941,BabieWanderlust,"🌟 You don't have to eat less,  You just have to eat right. 🌟

#babieannabellefoodie
#myvegetarianday @ Khua Kling Pak Sod คั่วกลิ้ง ผักสด https://t.co/mb1YBoi2x1",Land of Smiles
2022-06-20 11:38:03+00:00,1538848652252577793,rasyad66,"@Twt_Jogging Mid run if less than 1 hour run, tahan je. One step after another, focus on breathing &amp; next goal post (simpang depan, etc). 
If more than 1 hour run, same but follow your fueling plan (drink/gel every 30 mins/5k/etc).
If not running, just eat but jgn gelojoh 😅",Kuala Lumpur
2022-06-16 18:27:24+00:00,1537502115878252544,menyeduhkan,This is why you roast less in Valorant. Eat that embarrassment shit when you lose :)) https://t.co/y2DyjfClwr,
2022-06-15 14:48:02+00:00,1537084520674906112,HBS_Eric,UK government ask people to eat less.,Hong Kong
2022-06-14 00:53:25+00:00,1536512096808337408,GiGi_IGOT7cnx,"Eat less SUGAR 💚 You're sweet enough already 

#YOUNGJAE_SUGAR_FansignInBKK 
#YOUNGJAE 
#GOT7 
#IGOT7 https://t.co/BE6TWvEHRP https://t.co/jiy4cAGhwE","Chiang Mai, Thailand"
2022-06-13 08:46:49+00:00,1536268842367823872,KhaosodEnglish,"(1/2) TV news host Sorayuth Suthassanachinda ordered his staff Monday to not smoke or eat anything which contained marijuana at work after a staff ate less than a cookie containing an unspecified amount of cannabis &amp;was ""worse than drunk"", couldn't walk straight &amp; unable to work. https://t.co/7ZhvhX68PK","Bangkok, Thailand"
2022-06-12 04:14:26+00:00,1535837907549712385,thenew_omac,"Goals before turning 34:
1. Quit/Moderate smoking
2. Exercise again/Or at least try to lol
3. Eat healthier
4. Rest more
5. Save up more
I have less than 3 months to have this started. Baka naman, self?! Ikaw naman yan dati. Be whole again. Live life again. Love yourself again.💜",Makati City
2022-06-10 14:10:36+00:00,1535263164543119360,fruitingbodypod,@APompliano Eat less fattys,Thailand
2022-06-07 00:31:37+00:00,1533969893347176448,ijazawanbtm8000,Be happy with your limited income !!!  Don't compare yourself to anyone !!!  Buy less !!!  Wear it !!!  Eat simple !!!  Just distinguish between halal and haraam.,Gelang Batah Ulu Pulai Johor 
2022-06-06 08:09:19+00:00,1533722692515287041,LouJurilla,"@dprocksteady I wouldn't expect less. If it was on the cheap, no worries. If it was expensive and yet mediocre, I'd also raise a stink. 

At the end of the day, we eat according to our mood and budget.",Yo momma's couch!
2022-06-02 01:04:44+00:00,1532166291603136512,ruffleseed,@swknative @CheapremeBrand Eat less taogey and we all look better.,Malaysia
2022-06-01 10:07:36+00:00,1531940519982792704,maisarahdamia_,"financial freedom, a car, less commitment, the only child, don't have to think about gas/t&amp;g money hence why i keep going back and forth from jb to kl twice a week, can eat wtv i want, being loved &amp; pampered by family and friends. so what's there left to not feel grateful about?",
2022-05-31 01:52:00+00:00,1531453409538101249,rshazrin,"We need to:
1. Acknowledge the real threat of #ClimateCrisis 
2. Do our share in #ClimateActionNow 
3. Conciously and deliberately reduce dependence of #FossilFuels 
4. Live more #sustainability at home and at work
5. Eat less meat and go #vegan #vegetarian more","Damansara, Selangor"
2022-05-30 01:57:42+00:00,1531092455738593281,tigerenzie,"When May started, I literally said that I'd cook more and less deliveries/eat out. And limit to 1 boardgame purchase per month.

Anyare boi https://t.co/HSIS3OS3nd",Mandaluyong
2022-05-29 03:00:05+00:00,1530745766741827584,coraliabali,@majabaja79 Nowdays I eat only frozen durian as smell less but taste still same. Mango and mangosteen deff yessss,"Ubud, Indonesia"
2022-05-27 22:00:10+00:00,1530307903239770112,mynameiswillb,"Learn to enjoy being alone.

• Eat out alone
• Go on walks alone
• Go to coffee shops alone

Social anxiety results from placing too much importance on other's opinions.

When you're happy on your own, you're less anxious about impressing others.","Provident, Marikina"
2022-05-27 17:21:22+00:00,1530237739030806528,Eestylista,reason why i never go on a strict diet anymore . less yes but not strict . wheres the pleasure in life when you dont get to eat amazing food ? compliments doesnt make me full lol .,
2022-05-27 12:11:45+00:00,1530159821185351686,imthatinnocent,Where is you favorite place to eat? — Anything Japanese bec my boyf is a sucker for ramen. Ang a good hotpot place bec it feels less guilting v samgyup 😅 https://t.co/ivSbTGXN7r,
2022-05-26 02:27:40+00:00,1529650443898343425,Yomi71852382,"Stick to your 2022 goals,with vacuum sealer.Whether you are looking to waste less,save money or eat healthier,looking for the suitable vacuum sealer for you.

https://t.co/SVq9V81cln https://t.co/YpyDyFWLnF",
2022-05-25 03:11:29+00:00,1529299085479403520,noon13811,"@JacksonWang852 @88rising @hitcfestival @teamwangofcl PJACK, pls​ hv a​ nap every​time  you​ hv​ a​ chance, eat​ what​ you​ want​​ before​ work​ also​ pls less alc.​🍹 Take​ more​ juices and​ safe​ trip​ ☺️ Thanks​ for​ hard​ working​ for​ us​🕊️ https://t.co/zt8TE2lAeb","เชียงใหม่, ประเทศไทย"
2022-05-23 03:19:35+00:00,1528576346544218113,SharaadKuttan,Eat less chicken. Discuss.,"Selangor, Malaysia"
2022-05-21 06:13:47+00:00,1527895410190462976,KhaosodEnglish,All you can eat #durian buffet for less than 500 bt at CTW lawn offered by Tops Supermarket till Sunday. Each session good for 60 mins. Leaving more than 1/3 of fruits on a plate subject to 1K bt fine. Those with diabetes should be careful. Photos by @PravitR .#Thailand #KE https://t.co/VUhNR7eLsy,"Bangkok, Thailand"
2022-05-17 13:13:57+00:00,1526551595886198785,JohnnyWalker,A HEALTHY LIFE NEEDS: ✓SLEEP MORE WALK AND STAND MORE DRINK MORE WATER EAT LESS SUGAR BE MORE PATIENT READ AND WRITE MORE ELIMINATE THE DISORDER MAKE YOUR BED DO NOT RESPOND TO NEGATIVITY ALWAYS BE HONEST SMILE LOUD TAKE A DEEP BREATH BE PUNCTUAL FORGIVE FIRST. #johnnywalker https://t.co/ya58IxO3W4,Ireland
2022-05-17 11:00:06+00:00,1526517913607622656,fakbutuhantimo,eat less... too much talking kalo ptay🥲👍🏻,
2022-05-07 13:24:28+00:00,1522930363814670336,yuinij,You don’t have to eat less. You just have to eat right 😁 #HealthyFood #CleanFood #CleanFoodThailand https://t.co/VWQ9YH0Pvz,"Surat Thani, Thailand"
2022-05-07 10:52:40+00:00,1522892164316876801,tochtliyeung,"I'm overweight people who staying with fat in about seven years ago! I'm foodies and like a photo taking with items meals of my place and some beloved countries, Unfortunately my health is appearing liver also have problems in two year ago! I miss food very much! less to eat ... https://t.co/j89SuejwyF","Kwai Tsing District, Hong Kong"
2022-05-03 16:03:09+00:00,1521520749768765442,Ken_Fusion,Im still at war bcoz of food poisoning.. maybe will less eat for several day later...,Malaysia
2022-05-03 13:33:12+00:00,1521483012332044289,BTCHodler4,"@jaygould @DannyFishman Reminds me of the guy selling information about how to lose weight. People paid and he sent them a note with something like ""exercise more, eat less"" 😂",
2022-05-02 10:26:24+00:00,1521073613197430785,superLexKz,"Mute the world, and fall in love with yourself this time, don't care what others people think about you just do whatever makes your heart happy — travel, speak less, eat alone, take yourself on dates, take time to understand and love who you are.  💚✨️",Oriental Mindoro Philippines
2022-05-01 04:17:53+00:00,1520618486745026560,MikeWongTzeJin,"On weekends, well-to-do ppl will eat out, the average families will tapao &amp; the less fortunate ones will either cook or skip meals.
What category r u???",Malaysia
2022-04-30 10:31:42+00:00,1520350171871199232,Djjay_Eazyfm,"You don't have to eat less
You just have to eat right
#กินเป็นหุ่นเปลี่ยน
พาลินน์มาว่ายน้ำก่อนกินบุฟเฟต์มื้อกลางวัน
อบากลีนไขมันบอกกันนะจ้ะ😘😍 @ The BASE Sukhumvit 77 https://t.co/W7tDHw0nqd","ÜT: 13.788498,100.569748"
2022-04-22 18:33:07+00:00,1517572222382395392,kiddiepax,I eat a lot tonight buka puasa because i'm stressed. I need my weekend schedule but it's very less possible these days. It's a need tapi kalau mintak lebih-lebih jadi tak memahami pulak. So i don't ask much already. I don't ask anymore. This is actually a worrying part.,
2022-04-20 17:18:16+00:00,1516828608156692481,tochtliyeung,"I'm honest to say that! I'm much for focus on my personal health and that, My over weight issue is not be completed, My health problems is continuing to damaging my body against! Less eat something, Less than about deadly lifestyle and keep good mood to overcome all things! https://t.co/4tmZDpyNJ9","Kwai Tsing District, Hong Kong"
2022-04-19 05:31:24+00:00,1516288334141698049,Jayr98642862,"Mute the world, and fall in love with yourself this time, don't care what others people think about you just do whatever makes your heart happy, Read books, Speak less, Write often, Eat alone take yourself on dates, take time to understand &amp; love who you are. https://t.co/lEkgVyrZXf",Cagayan de Oro City
2022-04-18 11:00:27+00:00,1516008753484603397,drdrlads,"Vegans need up to 1.8 times more iron than people who eat meat. Non-heme iron from plants is less efficiently absorbedby the body. Moreover, polyphenols from plants chelate iron, further decreasing the amt of iron the body absorbs. - Dr. Yumol","Manila, Philippines"
2022-04-15 04:12:03+00:00,1514818811135897608,_gxiv,"Realtalk. When maturity hits, no more hard core parties. I'd rather eat and travel with my kids and family. Get drunk alone with my netflix series ❤

Less friends, yet those true ones are left. 👩‍👦👭

Time is precious so as peace, spend your time and wisely ✌️ https://t.co/fz5nFSYi1q",REPUBLIKA NG PILIPINAS
2022-04-12 05:01:39+00:00,1513744132476350465,nabunturanguy,"@SportsDean Hahaha. Basta nakabili ako ng camote, talagang it’s always that root crop for me. However, pag di maiwasan ang rice I eat about less than half a cup at lunch &amp; dinner. Pero yun lang the breakfast and snacks na bread eh medyo sinful. Hehehe. At 5’8” I weigh 76 kg. Goal is 74 or 75",davao city
2022-04-11 01:45:46+00:00,1513332446074339332,tjoetfitria,"@ohmybeautybank Simple habit, my own version 

1. Green tea every morning
2. Consume less sugar (avoid kopken, janjiw, dll)
3. Avoid gorengan &amp; pecel lele (anything which deep fried) 
4. Change Nassi Panas with oatmel every dinner
5. Frequently eat papaya
6. Work out twice a week 

.",Indonesia
2022-04-05 13:55:56+00:00,1511341872920539137,RatihNurpratiw5,"@JUNGKGOK Really jungkook-ah,it's very cold here in the rainy season.🌧
keep your health,don't forget to have a good rest,I'm worried again V LIVE earlier you were coughing.😢
eat less cold food,take vitamins jungkook-ah.🙏
I always pray for your health from here.😇🙏 I Love You.🤗❤💙💚💜",INDONESIA
2022-04-01 15:37:07+00:00,1509917783618093056,ASyurgamu,"@TSDMujeebudeen Alhamdulillah....#FoodBank right🥰 ""Eat less,Give more""🌹Salam ramadhan soon....#kosongkosong we're Tan Sri.🙏🙏","Kuala Lumpur City, Kuala Lumpu"
2022-03-30 11:42:48+00:00,1509134041295261703,sirnicolay,"10. Subway is good with solo dining peeps. Rarely do I see families eat together here for dinner. So solo dining is great here.

11. If u want bacon, go double meat your Subway Melt. It doubles the bacon + other meat for less cost. One strip bacon is P30 if separate upgrade.

5/5",Metro Manila
2022-03-29 09:54:01+00:00,1508744278847418370,BigTreePanMee,Sorry we can’t do less spicy. Be a men and eat your chili. #chiliforlife https://t.co/8pijJA2wSl,"Taman Sungai Besi, WP KL"
2022-03-22 07:57:49+00:00,1506178317694636035,PozlifewithLeo,@wand3rlust_09 Eat healthier with less stress and proper exercise. Laban kapatid ❤️,Taguig
2022-03-20 08:54:04+00:00,1505467699140325377,MagicalLoveHK29,"You don't have to eat less, ypu just have to eat right.

BEAUTIFUL AETASwithMYGZ

#MYGZTERShareLOVE",Hong Kong S.A.R.
2022-03-18 04:59:24+00:00,1504683869165191168,yidianlah,"Right food with right meal plan to keep your metabolic sustainable. lose Weight is simply just eat what you like but change the portion of Food you choose. Do not skip meal Or simply eat less with YoYo-Diet because this will bounce back easily. 

I have lost -7kg in a month. https://t.co/SSjYra68nf","Petaling Jaya, Selangor"
2022-03-14 17:16:22+00:00,1503419782494064640,frustratedDoe,"Now In bed. Nagpa late na nga ng uwi para less hassle sa roads pero no #damingTANGA pa din: slow na nga nasa innermost lane pa and mostly - can fcking stay inside their lane thus I can't pass ""undertake"". So many kamotes here: wants to have their cake and eat it too: doesn't",P.I.  (Philippine Islands)
2022-03-14 15:45:01+00:00,1503396790946598913,luxentX,"@f4izalhassan Reminds me of this scene from Pulp Fiction. Would you eat an animal if it was more charming and less cute?
https://t.co/3IdYtuc6Fm",Petaling Jaya
2022-03-08 08:39:22+00:00,1501115347390595077,kiddiepax,"Sometimes i feel bad because kenot eat much. So i'm trying my best to eat a lot when i'm with my man, and less when he's not around.",
2022-03-08 01:42:44+00:00,1501010495540989953,melvienlau,Talk less eat more . #hotpot #haidilao #follow #foodporn https://t.co/29EFjNPJtD,malaysia(kuala lumpur)
2022-03-05 02:42:57+00:00,1499938486362963969,Erouliismail,@WebMD Hopefully less risk for vaccinated person especially with 3 doses / booster shot. Most importantly eat healthy food and clean eating.,"Petaling Jaya, Malaysia"
2022-03-01 11:30:59+00:00,1498621820349861889,neesasodirman,I try to work out and eat less,
2022-03-01 09:41:36+00:00,1498594290762616833,kusahafiez,"Dah 2022 pun ada orang buat thread panjang-panjang compare gaji Malaysia dengan (x). Masalahnya there's always someone else who is willing to do more for the same pay, or even worse, do what you do for less. Unless you're a specialist in a niche industry, eat the market standard.",
2022-02-17 14:51:40+00:00,1494323669652635649,grazsato,Daghan kaayo mo comment nga ni daot ko. Sge daw ko eat but wa ni tambok. Btaw nag lose weight jod ko since October last year and na maintain ra til now. Wa man sd nko gi deprive akong self sa food kay mo mokaon man ko di lang jod ko gutumon morning &amp; lunch and less coffee na 😅,
2022-02-17 03:41:43+00:00,1494155070409424896,FreeThinkerZone,@WalshyNick Eat less.,"Selangor, Malaysia"
2022-02-17 00:20:40+00:00,1494104475820347396,faifeelsgood,“.. You don’t have to eat less. You just have to eat right ..” @ Flat Marble https://t.co/rix1ZseLCx,"Bangkok, Thailand"
2022-02-10 15:40:10+00:00,1491799157513723911,vinbu,"Sa engineering, ung productivity ng work ung kinokonsider. Ung 18 hrs of work ni Lenlen indi practical un kc during those duty you have time to rest, eat, talk, do idle time. More or less productivity is only 60% of your time. I did work sampling method before.",Manila
2022-02-06 07:31:42+00:00,1490226682649018368,alfie_iv,"NOTE TO SELF: 

eat healthier, exercise more, read often, worry less, meditate daily, learn new language, be in the present, appreciate the small things, enjoy solitude

Dont wait for someone to make you happy. Create your happiness.

LIVE LIFE; LIVE NOW",
2022-02-04 10:46:10+00:00,1489550842642722818,moiragallaga,"1) When I was in college my parents gave my allowance every 6 mos, but I would buy tickets for those plays in Intramuros, CCP, etc. Sometimes in less than 2 months my allowance for 6 mos was gone or very little was left so I would go to Wendy's for eat all you can salad, hahaha.","Stockholm, Sweden"
2022-02-03 02:41:35+00:00,1489066506897948672,danmleu,@StealthButterf1 Let's do the generic resolutions. Eat less and exercise more.,Taiwan
