Datetime,ID,Username,Text,Location
2023-03-28 12:34:05+00:00,1640693742226251776,zophanem,"Today will probably be my first and last day going to bazaar. Overrated. Mahal. Semua dah taste dah pun.

Sebelum puasa aku aim nak rasa murtabak, roti john, nasi tomato, nasi briyani. All that done. So back to usual great cheap foods in Bangi. Lagi berbaloi :)",Putrajaya
2023-03-15 04:17:30+00:00,1635857729003859970,msiarabbitowner,"Maybe when I was younger idk why but Klang really a nice place actually, cheap food, free parking most of the time because MPK is lazy and fewer traffic jams",Malaysia
2022-09-19 09:51:15+00:00,1571799068988547072,Nik4hm4d,Dont blame us for choosing Indonesia or Thailand. This early October I’m driving to BKK again &amp; onwards to Pattaya. Fuel may cost more but food plus accomodations are damn cheap. It’s worth the trip.,"Putrajaya Federal Territory, Malaysia"
2022-07-11 06:22:04+00:00,1546379274814631937,MARcomOfficial,"yup. i think i'll drive 2 hours back and forth to &amp; from this shop/gerai every meal time (breakfast, lunch, dinner = total 6 hours) to get cheap food. yay",Tamago no Chuushin
2022-06-26 16:58:06+00:00,1541103521021407232,dettol_sprayz,Cheap food 404 not found,Dettol Manufacturing Factory
2022-03-28 08:32:19+00:00,1508361327718240256,manzlovelinus,this restaurant sell food and drink so cheap 😳🥹😭 https://t.co/7GD9y8fRKW,🇲🇾 x 🇰🇷
