Datetime,ID,Username,Text,Location
2022-11-13 11:09:39+00:00,1591750133032816640,emceejason,"@lyssiegab @ushardaniele Not that. I mean, why undertake food running jobs when clearly they know how to make more money than that 😂

Those bikes aren't cheap and food running job alone can't get them enough money to afford it really.

I know I can't afford the things I have now if I work full time 🤣","Kota Kinabalu, Sabah (BKI)"
2022-07-25 05:22:20+00:00,1551437674246176769,avenfauzi,"Bland, slow service and cheap food. Upperstar holds a soft spot in me and will always be the to-go-food  in KK. https://t.co/jFgpSUyW5C","Kuala Lumpur, Malaysia"
