Datetime,ID,Username,Text,Location
2023-03-28 12:34:05+00:00,1640693742226251776,zophanem,"Today will probably be my first and last day going to bazaar. Overrated. Mahal. Semua dah taste dah pun.

Sebelum puasa aku aim nak rasa murtabak, roti john, nasi tomato, nasi briyani. All that done. So back to usual great cheap foods in Bangi. Lagi berbaloi :)",Putrajaya
2023-03-26 15:50:55+00:00,1640018500608729093,MohdRidzuanIsa1,"@JKSteinberger you really like to have billions die don't you? bold of you to assume your ilk wont be the first to go. ramping down fossil fuel without a viable alternative would mean no more modern products, no more cheap products across the globe, markedly less food material etc.",kuala lumpur
2023-03-26 14:27:56+00:00,1639997618783928321,loz_dude,"@toadmeister As a vegetarian who loves Italian food, I am very happy at this news.
But I suspect that any food producer that uses bugs will find that they are targeting a very small niche market - it will probably appear in cheap snacks first.","Petaling Jaya, Malaysia"
2023-02-21 15:47:43+00:00,1628058897440464897,faizalhamssin,"Judging from the sentiment on Facebook, Menu Rahmah is probably the most successful (and well-received) initiative by the PMX govt so far (and by far).

Never underestimate the power of a simple, straightforward initiative - people love food, and they need it cheap. So it works.","Kuala Lumpur, Malaysia"
2023-02-04 16:17:47+00:00,1621905869482102785,HannZiq,Menu Rahmah ni tak boleh semua pun join sbb ada makanan tu memang tak sesuai pun. I am against for fast food to be part of it. Do we encourage parents give McD &amp; KFC to the kids everyday just because it is cheap under Menu Rahmah?,"kepong, kl"
2023-01-21 16:57:51+00:00,1616842523615584256,faizzeo,food confirm pricey. nearest cheap one maybe mynews or shoplot/stall at the LRT station. or axiata arena. onsite confirm mahal. stadium kot. plus the tix is rm40 each. dah level #comicfiesta,Kuala Lumpur
2022-12-23 19:55:23+00:00,1606377954140831744,tsukiyaii,@brgsjks Idc bc i'm either going to sushi zanmai or no sushi at all for me. Freshness tu penting sbb mmg flavor n texture pun lain. Dah forever fobia food poisoning makan cheap sushi.,
2022-12-13 02:15:20+00:00,1602487301753700353,chickweed79,"To every customer who review us on google, I know who you are. Expecting cheap lunch set menu on PH but saying you want to spend your money on our food is contradictory.
You give customer service 1/5 cos you can’t get cheap lunch set just show what a cheap skate you are.",68100
2022-12-06 00:04:28+00:00,1599917653715742720,luxentX,"Real maple syrup is expensive in Malaysia. In Malaysia, they have corn syrup instead which is cheap served in fast food joints for waffles.",Petaling Jaya
2022-12-04 10:12:03+00:00,1599345783341744129,izuddinhelmi,Delicious cheap food. https://t.co/GmBGJHl4KZ,Kuala Lumpur Federal Territory
2022-11-29 10:36:17+00:00,1597539943014076416,thegreatjinnie,"Conclusion for today self rewards 'day'
1) Got myself a new PUMA shoe
2) Nice lunch food with officemates
3) Kind grab drivers who entertained my day
The only cons is public transport. Hard to travel around shah alam cheap and fast. Spent RM40 + just for traveling. https://t.co/L38rVjrK5E",ma bed
2022-11-15 12:10:09+00:00,1592490133806542849,AlannaEloa,"Spend my cheap salary is just to buy toiletries more expansive than my food price for my body, my brain no food",
2022-10-27 13:50:02+00:00,1585629898521346049,AlannaEloa,"Eventhough I got paid cheap, and I have to buy the cheapest foods doesn't mean that my foods price are cheap and I eat the cheap foods",
2022-10-22 16:52:50+00:00,1583863963183648768,radziyusof,"7. If you think, our currency is good now, it used to be 1:1 and now 1TL is about 30 sen, hence things are cheap. Nope. To begin with the price in lira especially food is nothing less than 120TL. Campur air, at least RM50. Good meal is about RM70.",Putra Heights
2022-05-08 04:21:25+00:00,1523156090828980224,jimmyjemii,Absolutely agree. Currently interning in KL. My first time staying independently without family. Found a rental home in kampung baru. Near to workplace. Near to lrt and monorail. Got many good and cheap foods. Really love being here. 🤣,"Kuala Lumpur City, Kuala Lumpur Federal Territory"
2022-03-23 13:54:15+00:00,1506630405935435783,MUAZZUDIRADAM,@hafizithninlol Demson. Cheap enough. Arghhhhh!!! Cannot stand anymore laa. Come here free food from kakton cafe.,TUKANG MASAK
2022-02-05 04:59:13+00:00,1489825921280266242,SeowChinSiew3,"Malacca housing is excellent and expanded to Green area.
Future investors will pouring in to Malacca as foods is cheap.
Environment is Green. https://t.co/H9OsNqNtjl",
