Datetime,ID,Username,Text,Location
2023-03-28 12:34:05+00:00,1640693742226251776,zophanem,"Today will probably be my first and last day going to bazaar. Overrated. Mahal. Semua dah taste dah pun.

Sebelum puasa aku aim nak rasa murtabak, roti john, nasi tomato, nasi briyani. All that done. So back to usual great cheap foods in Bangi. Lagi berbaloi :)",Putrajaya
2023-03-15 04:17:30+00:00,1635857729003859970,msiarabbitowner,"Maybe when I was younger idk why but Klang really a nice place actually, cheap food, free parking most of the time because MPK is lazy and fewer traffic jams",Malaysia
2023-02-21 15:47:43+00:00,1628058897440464897,faizalhamssin,"Judging from the sentiment on Facebook, Menu Rahmah is probably the most successful (and well-received) initiative by the PMX govt so far (and by far).

Never underestimate the power of a simple, straightforward initiative - people love food, and they need it cheap. So it works.","Kuala Lumpur, Malaysia"
2023-02-04 16:17:47+00:00,1621905869482102785,HannZiq,Menu Rahmah ni tak boleh semua pun join sbb ada makanan tu memang tak sesuai pun. I am against for fast food to be part of it. Do we encourage parents give McD &amp; KFC to the kids everyday just because it is cheap under Menu Rahmah?,"kepong, kl"
2023-01-21 16:57:51+00:00,1616842523615584256,faizzeo,food confirm pricey. nearest cheap one maybe mynews or shoplot/stall at the LRT station. or axiata arena. onsite confirm mahal. stadium kot. plus the tix is rm40 each. dah level #comicfiesta,Kuala Lumpur
2022-12-23 19:55:23+00:00,1606377954140831744,tsukiyaii,@brgsjks Idc bc i'm either going to sushi zanmai or no sushi at all for me. Freshness tu penting sbb mmg flavor n texture pun lain. Dah forever fobia food poisoning makan cheap sushi.,
2022-12-13 02:15:20+00:00,1602487301753700353,chickweed79,"To every customer who review us on google, I know who you are. Expecting cheap lunch set menu on PH but saying you want to spend your money on our food is contradictory.
You give customer service 1/5 cos you can’t get cheap lunch set just show what a cheap skate you are.",68100
2022-12-04 10:12:03+00:00,1599345783341744129,izuddinhelmi,Delicious cheap food. https://t.co/GmBGJHl4KZ,Kuala Lumpur Federal Territory
2022-11-15 12:10:09+00:00,1592490133806542849,AlannaEloa,"Spend my cheap salary is just to buy toiletries more expansive than my food price for my body, my brain no food",
2022-10-27 13:50:02+00:00,1585629898521346049,AlannaEloa,"Eventhough I got paid cheap, and I have to buy the cheapest foods doesn't mean that my foods price are cheap and I eat the cheap foods",
2022-10-22 16:52:50+00:00,1583863963183648768,radziyusof,"7. If you think, our currency is good now, it used to be 1:1 and now 1TL is about 30 sen, hence things are cheap. Nope. To begin with the price in lira especially food is nothing less than 120TL. Campur air, at least RM50. Good meal is about RM70.",Putra Heights
2022-09-19 09:51:15+00:00,1571799068988547072,Nik4hm4d,Dont blame us for choosing Indonesia or Thailand. This early October I’m driving to BKK again &amp; onwards to Pattaya. Fuel may cost more but food plus accomodations are damn cheap. It’s worth the trip.,"Putrajaya Federal Territory, Malaysia"
2022-09-01 11:37:10+00:00,1565302741538205696,HareenaHans,Spent the afternoon amongst many Harley bikes at Route 77 with the mister...the more I'm around these bikes the more I want to learn riding one of it which mister is against because of how clumsy I am. Also the food there was unexpectedly good. And cheap! 🤣🤣🤣,"Kuala Lumpur, Malaysia"
2022-07-11 06:22:04+00:00,1546379274814631937,MARcomOfficial,"yup. i think i'll drive 2 hours back and forth to &amp; from this shop/gerai every meal time (breakfast, lunch, dinner = total 6 hours) to get cheap food. yay",Tamago no Chuushin
2022-07-10 05:52:36+00:00,1546009474229362688,AlannaEloa,"Yesterday, after dancing at KLCC. To buy hair care at Sephora KLCC, new colour for hair, DIM at my place. Hopefully cheap, if expansive I need to rethink if I am affordable, else forget is better to save money. Can I withdraw my EPF, Employees Provident Funds again to buy food? https://t.co/Hz9OXZH9Xu",
2022-07-07 03:49:41+00:00,1544891376894033922,sirennextdoor,What the hell is small order fee @GrabMY why cant i order cheap food? https://t.co/OwNMyVWAK0,
2022-06-16 04:03:04+00:00,1537284597259509760,MarioJD90,"Finally managed to get proper groceries via @HappyFresh_MY .

Food delivery is not cheap at all. Definitely a luxury 💀","Kuala Lumpur,Malaysia"
2022-05-08 04:21:25+00:00,1523156090828980224,jimmyjemii,Absolutely agree. Currently interning in KL. My first time staying independently without family. Found a rental home in kampung baru. Near to workplace. Near to lrt and monorail. Got many good and cheap foods. Really love being here. 🤣,"Kuala Lumpur City, Kuala Lumpur Federal Territory"
2022-03-28 08:32:19+00:00,1508361327718240256,manzlovelinus,this restaurant sell food and drink so cheap 😳🥹😭 https://t.co/7GD9y8fRKW,🇲🇾 x 🇰🇷
2022-02-05 04:59:13+00:00,1489825921280266242,SeowChinSiew3,"Malacca housing is excellent and expanded to Green area.
Future investors will pouring in to Malacca as foods is cheap.
Environment is Green. https://t.co/H9OsNqNtjl",
