Datetime,ID,Username,Text,Location
2023-03-29 00:16:11+00:00,1640870430939713536,yentheeb40,Looking at that black usus making me hungry. I need usus lembu today!,Melaka
2023-03-25 06:23:52+00:00,1639513411590713350,Catheliadarcia,"I am not hungry or thirsty
I am just sleepy","Kuala Terengganu, Terengganu"
2023-03-21 04:58:49+00:00,1638042455793876993,AlannaEloa,I have packed my lunch for backpack. Yesterday they cooked fish the whole villagers. Because seafood and chicken add more itchiness by the way. But forgot to keep inside my backpack. Let's search around if anyone can give me meals. Hungry now,
2023-03-20 19:14:21+00:00,1637895368653570048,SashaAzman,Terjaga at this hour because im so hungry 🥲,JHR 
2023-03-19 11:57:36+00:00,1637423070779678721,AlannaEloa,"Hungry, no money to buy healthy foods and fresh Milk",
2023-03-19 05:58:29+00:00,1637332693984886785,AlannaEloa,"Truly Hell facing, living liaising with Malaysia and Malaysians, don't know anything in their brains except desperate and hungry for me to work for their private parts.",
2023-03-19 04:59:45+00:00,1637317915136638982,AlannaEloa,These Malays people are hungry to hire westerners for their big tummies and for their kids future,
2023-03-08 00:44:28+00:00,1633267404540354562,SashaAzman,I can’t barely sleep last night because i’m hungry.,JHR 
2023-03-01 08:58:13+00:00,1630854943916834817,BBellbina,@Lazaroo94 @sickchiq03 @ray_val_do @leticiatheseira @lazaroo_michael Hungry siot,"Melaka, Malaysia"
2022-12-26 09:04:50+00:00,1607301399410536451,_moonree,Setengah jam oledi. I'm hungry lorhh,Kuala Lumpur 
2022-12-09 07:55:01+00:00,1601123236053676033,baeblade14,Mommy me hungry,Malaysia
2022-12-08 06:05:44+00:00,1600733346300297216,nekosera88,"Am pissed, hungry and stressed",Selangor
2022-11-28 12:16:50+00:00,1597202858062905345,FarhanaZailan,"Having dinner 🥰🥰🥰
So hungry and tired.. https://t.co/sr2vIFv7vG",
2022-11-26 00:25:21+00:00,1596299030187081735,TENGTEN08797813,"@peatwasu @fort_fts, P'PEAT is hungry...buy him something 💅💍😭👍",
2022-11-15 11:18:56+00:00,1592477245607923717,ashlyntpw96,Headache &amp; hungry 🫠,"Bandar Melaka, Malacca"
2022-11-14 05:00:19+00:00,1592019573511196673,Catheliadarcia,I am not hungry but I have no energy,"Kuala Terengganu, Terengganu"
2022-09-30 11:05:04+00:00,1575803911222403072,an_raw_jpgs,"Soto, Sate, Nasi Lemak. I’m hungry 🤤",Malaysia
2022-09-07 20:03:11+00:00,1567604413342294016,amzaryomar,I knew I can't sleep cuz I'm hungry.  I need to hold it.,"Bandar Melaka, Malacca"
2022-09-07 16:13:28+00:00,1567546604537942016,Catheliadarcia,Awake because I am hungry,"Kuala Terengganu, Terengganu"
2022-08-18 07:24:07+00:00,1560165628748906497,allexseah_bm,"Menghadiri upacara sembahyang Hungry Ghost Festival bersama ahli DAP Felda Kemendor. 🙏 Semoga semua sihat sejahtera serta negara aman dan makmur.

与行动党甘文露肯殖区支部同志拜拜普渡。🙏祝福大家平安健康，国泰民安。
#AllexSeah #谢守钦 https://t.co/j91vy3dOS3",
2022-08-12 03:17:52+00:00,1557929331048927232,EmmyNatiella,Am so hungry,
2022-08-11 15:24:48+00:00,1557749885319155712,allexseah_bm,"Menghadiri majlis sembahyang Hungry Ghost Festival di sebuah tokong Batu Berendam. 出席马六甲峇珠安南武圣帝君坛的普渡。
 #AllexSeah #谢守钦 https://t.co/sDn06phpgS",
2022-07-29 16:09:44+00:00,1553050149722951680,allexseah_bm,"Menghadiri upacara sembahyang Hungry Ghost Festival pertama Tahun 2022 👻🙏
2022年第一场普渡拜拜💞🙏兴旺发啊！ https://t.co/pZZlw8HfQq",
2022-06-30 14:08:23+00:00,1542510362494349315,akifays99,A sudden hungry and I forgot to eat dinner thats why I make this while rewatching gose 🥰 https://t.co/lo2kW47BpM,peace no war
2022-06-12 16:55:19+00:00,1536029389233999873,amzaryomar,"Our 1am ritual, and im fucking hungry... but nak kurus :/ https://t.co/kQrIhqHgTx","Bandar Melaka, Malacca"
2022-06-11 06:09:50+00:00,1535504562014113792,KeshArumugam,"#VenomLetThereBeCarnage not exactly how I hoped t would be.story revolving too much on venom being hungry.and too little on venoms character expansion..lots of loopholes and unable to relate to to previous,or upcoming movie.2/10",malaysia
2022-06-07 15:45:16+00:00,1534199821858664448,ArasyAshHaikal,Always hungry for something,tandas awam R&R
2022-06-03 11:46:23+00:00,1532690155487698950,naqibazmann,Hungry to the point where i actually feel nauseated,"Muar, Johor"
2022-05-09 12:33:11+00:00,1523642235190796289,keedekaff,"do rat feel remorse 
depression ke 
does rat eat cheese just bcs they hungry i mean what's the reason 
surviving instinct?",in a pocket dimension 
2022-03-16 06:49:57+00:00,1503986913677819904,Myacella99,Hungry,"Malacca, Malaysia"
2022-03-12 03:12:42+00:00,1502482690754318339,AlannaEloa,"No more restaurant on top of the pool which turn my tummy always hungry. Unfortunately I don't have space this weekend most probably to pamper myself in this pool. Let see tonight/evening/tomorrow morning, after finish my stuffs, if not crowded, maybe 1 hour or 2 swimming just.. https://t.co/gse6PYy7Rp",
2022-03-09 15:01:34+00:00,1501573916665397254,AlannaEloa,Can you please courier to me.. hungry now,
2022-02-09 19:22:45+00:00,1491492784888430594,ftnsyznaa,I’m hungry thooo….🥺,"Muar, Johor"
