Datetime,ID,Username,Text,Location
2023-03-28 17:12:11+00:00,1640763729636888576,Sanjeetha_s,@DhivinaNair Im hungry too,"Seremban, Negeri Sembilan"
2023-03-24 08:36:49+00:00,1639184480664707072,BelindaHalime,"But I do notice I sgt kurang exercise and maintain low cal diet masa I start internship last year, sept - dec, i get hungry as early as 9am pastu sampai rumah 8pm makan lagi. Exercise very less sbb too tired pastu busy. Now I dah start balik normal routine, i dah boleh focus.","Puchong, Selangor, Malaysia."
2023-03-22 09:31:30+00:00,1638473468865040386,ZackAvaricious,HAPPY MUSLIM HUNGRY MONTH!!!,Flat Earth
2023-03-21 09:13:06+00:00,1638106447962869762,___yingg,Breastfeeding &amp; pumping makes me hungry 24 hours but all I can eat is Hup Seng &amp; milo :(,
2023-03-20 12:12:27+00:00,1637789193672990720,anyatames,"I wanna eat something, I haven't eaten anything since morning. I feel hungry but I don't feel the need to eat hm","Dublin City, Ireland"
2023-03-17 04:08:43+00:00,1636580297306443776,AnaqiRen,"@cordelll Ay cuh it's fun for a while now u just a downbad, horny ass, hungry ass, unemployed ass, no shower for the whole week ass bro...get yourself some bitches man https://t.co/dZRkVooESR",Krypton 
2023-03-13 09:43:32+00:00,1635215004705374209,dettol_sprayz,"Note to self. Jangan response to any post/dm/pm/emails/WA/Telegram/Linkedin/Insta/FB when you are hungry, tired, penat or in a rush. You might spew out unwanted  feedback or reply to other party. Bridge has been burnt today.",Dettol Manufacturing Factory
2023-03-11 11:45:21+00:00,1634520883808313344,NhananNLI,How can you not love themmmmmmm. Feeling hungry suddenly,
2023-03-10 13:18:58+00:00,1634182057671933952,papimolly9,Hungry for encouragement,
2023-03-10 12:20:53+00:00,1634167440426029057,izzymusamusic,"What does a German say when they’re hungry late at night?

Gluten Nacht!","Kajang, Selangor."
2023-03-07 23:38:48+00:00,1633250876759638019,KakakResume,"Mommy with 3 kids in me thinking she is just hungry, tired and sleepy. 😂","Seremban, Negeri Sembilan"
2023-03-06 10:05:26+00:00,1632683799640440832,thedreamchazer,@OliviaWong123 😋hungry,Kuala Lumpur City
2023-03-06 08:23:06+00:00,1632658048400654341,kdrslvn,I'm still freaking hungry 😭,
2023-02-27 12:21:48+00:00,1630181402636582912,ZackAvaricious,Oh my God im still hungry😭😭😭,Flat Earth
2023-02-21 11:59:41+00:00,1628001511375785984,Dxnixlrun,When u are hungry but u don’t know what to eat➡️ Sleep,Bandar Sri Damansara
2023-02-15 21:49:07+00:00,1625975516749778944,aidamohdhanif24,@AZgeopolitics 🙄 people are sick and tired of seeing these hungry cork USA to spread their Israel apartheid ZIONIST PRACTICE regime defect sperms around the world 😤💩🤑🤢🤮🤧,"Seremban, Negeri Sembilan"
2023-02-08 04:01:47+00:00,1623170200571990022,EddieTang23,"Hungry after listening to President JB @ Al Bistro Elite     🤣😂🎉🎉🎉🧧🧧🧧😇 @ AEON, Seremban 2. https://t.co/P5yC7CneFb","Bandar Melaka, Malacca"
2023-02-06 07:40:12+00:00,1622500392910327809,dettol_sprayz,Money money come to daddy because daddy is hungry and... pokai... lulz,Dettol Manufacturing Factory
2023-02-04 03:39:28+00:00,1621715032995409922,tdanielch,@hungry_pepper I couldn't find one 🥲,"Kuching, Sarawak"
2023-02-03 14:05:01+00:00,1621510068763230216,dettol_sprayz,Maybe I am too hungry sebab tu tak dapat tidur,Dettol Manufacturing Factory
2023-02-03 08:37:14+00:00,1621427579650719744,anyatames,I'm so hungry.,"Dublin City, Ireland"
2023-02-02 15:58:57+00:00,1621176355311456257,_nursyara,Why i’m always hungry at midnight am i a vampire,
2023-02-02 15:24:05+00:00,1621167578092814336,zukihani,Favorite place to eat when I'm extremely hungry https://t.co/ldxUVafyBr,Kuala Lumpur Federal Territory
2023-01-30 10:52:13+00:00,1620012000150687744,anyatames,I'm so hungry?????,"Dublin City, Ireland"
2023-01-30 04:47:30+00:00,1619920215772631041,anyatames,"Me! I dengar semua classical music from one musician to another and it helps my productivity. And of course, not now. I'm not into work nowwwww, I'm hungry","Dublin City, Ireland"
2023-01-26 10:18:23+00:00,1618553934108585984,anyatames,"Ya Allah, I'm so hungry.","Dublin City, Ireland"
2023-01-24 13:13:33+00:00,1617873237790314497,anyatames,"Ya Allah, I'm so hungry","Dublin City, Ireland"
2023-01-18 10:36:58+00:00,1615659504569573378,hamdanalias83,@Piroxide My hungry ass Ingatkan mi sanggul. 💀💀 https://t.co/IfJ6F89xPu,Teluk Anson
2023-01-17 14:50:39+00:00,1615360961833242625,donacaddo70,"Officemate tanya dulu pernah gemuk ke? Sbb dia tengok kita macam discipline eating. Actually, dah terbiasa dulu tak berduit sgt, then being hungry before sleep is normal. Lgpun, senang nak golek2 dlm keadaan perut kosong. Tak gitu? 🙂",
2023-01-11 17:25:00+00:00,1613225476788744192,callmeyid,Feeling hungry but too lazy to get food,Si pejaaa
2023-01-08 04:00:00+00:00,1611935728782696455,ayampenyets3,"Feeling hungry? But Sunday is the day to chill at home? Worry not, we are available online! Just search ✨Restoran Ayam Penyet Simpang 3✨ on your food apps. 😉

@BangiCommunity @BangiKita @Twt__Kajang https://t.co/IALTzisFTv","Kajang, Selangor"
2023-01-05 15:11:43+00:00,1611017606353539072,LeezaAbdWahab,No appetite to eat but hungry. How??,Malaysia
2023-01-05 03:30:01+00:00,1610841020216004611,shaalizan_,Gosh I’m hungry af,"Selangor, Malaysia"
2022-12-20 17:30:03+00:00,1605254212589277184,haafizs1,Awake.. and hungry 😩 and sad 😔,Pengkalan Hulu - Kuala Lumpur
2022-12-15 07:15:42+00:00,1603287667818778624,fitmomhsien,@fairyces I enjoyed the way he eats. Makes me hungry 😂,"Seremban, Negeri Sembilan"
2022-12-12 15:31:27+00:00,1602325265908371457,HazmanX12,"“Stay hungry, stay foolish” - Steve Jobs",
2022-12-12 15:28:50+00:00,1602324604953165825,HazmanX12,We’re also hungry to achieve all the greater things in life. Why would sky be the limit if we can go to space?,
2022-12-10 10:34:31+00:00,1601525762783600640,peyter,You know you're hungry when the witches brew in The Northman looks like Bak Kut Teh,Kuala Lumpur
2022-12-08 20:37:03+00:00,1600952618393927680,Yulie_Nurafnie,Super duper hungry. Super duper sleepy.🥴,"Tawau, Sabah"
2022-11-29 11:34:02+00:00,1597554474700394497,NadzreenHaziq,You’re not hungry. Just bored,Cyberjaya
2022-11-28 22:17:07+00:00,1597353924033671168,myieraazizs,And hungry!,
2022-11-22 08:59:43+00:00,1594978923892609024,MrniYsf,I regretted my decision for not eating lunch tadi. Now im so damn hungry. Dr tak muncul2 pun ni 😮‍💨,around the world
2022-11-20 16:15:31+00:00,1594363819979333639,soaphiea,hungry la but too lazy to eat,"earth, milky way"
2022-11-19 18:12:22+00:00,1594030839079534592,syiraalwi,Staying like this only making me hungry! Dah la tak dinner tadi. Pstu rupanya mak masak sup ikan merah!!,REMBAU // JOHOR BAHRU
2022-11-17 13:41:24+00:00,1593237871288520707,yesnasuhani,Hungry,Malaysia
2022-11-14 02:48:05+00:00,1591986295139885057,zura_penelope,"Morning, nak avoid feeling hungry 

Drink plain water and pujuk bby same2 go sleep again 

Macam tu laaa hari2 , 

Hari2 cakap sabar ye nakk...

Ada org beli scrub ke tudung ke 

Kita makan nasi 😌

Syukur lah bkm di awalkan macam2 nak topap barang dapur...",Malaysia
2022-11-13 05:44:31+00:00,1591668309405347840,alexcho02643645,"@fmtoday I think I 🤷‍♂️, father of  ‘$ co-operation (mco)’ make rakyat happy and no hungry especially Above B40 category not below B",
2022-11-07 11:58:23+00:00,1589588067547246593,friedcapybarra,"hungry, send help","Semenyih, California "
2022-11-07 03:47:19+00:00,1589464488633577475,runningpanda_,Too hungry to function 😫,
2022-11-01 12:13:30+00:00,1587417544742166528,friedcapybarra,IM SO FUCKING HUNGRY SEND HELP PLS,"Semenyih, California "
2022-10-28 01:32:38+00:00,1585806716192841728,1sWksb,"Crafted with intelligence.  ​

​How well versed are you with the Hi PROTON's indirect commands; What happens when you say, ""Hi Proton, I Am Hungry""? Let us know what the answer is in the comment section, and share this with your friends to try it out too! https://t.co/wrC5L8B2o2","Bandar Klang, Selangor"
2022-10-23 13:59:20+00:00,1584182687686094848,Gillianyap93,"This Yukata experience made me so hungry
I just want dessert😍😍

Best Onsen you can ever get at @rvonsen
Yukata for photoshoot included 😍😍

Lady in Blue ➡️ @kuporakuen
Kachak by ➡️ @richardsms83 @ RVOnsen https://t.co/y4MvQWa5ou",Malaysia
2022-09-22 16:52:08+00:00,1572992150580891649,bbh45611,@536GifT4U hungryㅠㅠ,"Dengkil, Selangor"
2022-09-19 11:26:45+00:00,1571823103961092097,syhaheedaa,"Fever+flu+hungry+no appetite

What a great combo 😐😶","Chelsea , Massachusetts"
2022-09-14 07:43:16+00:00,1569954923550482432,sarazalii,"The nurses, paeds &amp; even my CL suka jaga anak aku sbb dia diam je. Well, you guys didn’t see the time where he CRY HYSTERICALLY when he’s hungry 🥲 he keep it clean only for his mama to see 🥲🥲🥲🥲🥲","Petaling Jaya, Selangor"
2022-09-12 10:41:42+00:00,1569275048900575232,DatoJulien,Anwar on his lifelong goal lot be a PM when his boat has already sailed. Power-hungry politicians don’t fare well for the future of Malaysia,"Cyberjaya, Malaysia"
2022-09-10 12:19:41+00:00,1568574932254363650,haafizs1,Hungry but lazy to go out 😪,Pengkalan Hulu - Kuala Lumpur
2022-09-07 11:33:53+00:00,1567476244949909504,shuveshek,"@MY_Airports only one restaurant open at KLIA 2. Really??? Orders are backed up for half an hour .. they are not accepting orders.vgonna board on a hungry stomach, thanks 👍👍👍",India
2022-09-05 12:37:35+00:00,1566767496819929089,ZackAvaricious,Now im hungry. Nak balik masak.,Flat Earth
2022-09-04 15:48:07+00:00,1566453060200583168,mirakoru7,Hungry before sleeping is 😭😭😭😭,Kuala Lumpur Federal Territory
2022-08-19 04:41:17+00:00,1560487041808617474,ShaSenza,Tahu la hungry ghost festival dah serupa concert for hantu cina yang padang tu bagi hantu lepak ka hahhaha hokkien panggil por tor.,"Damansara, Selangor"
2022-08-15 13:05:38+00:00,1559164412585320449,aribahabdullah,Burnt too much fat during midday and now I’m hungry again 🤡 gonna fast and let them autophagy runs,
2022-08-07 10:54:30+00:00,1556232310743126016,ARashafina,I'm either sleepy. Or hungry. Or both,
2022-07-17 06:37:51+00:00,1548557577201471488,haafizs1,Not eating lunch yet.. supper dupper hungry,Pengkalan Hulu - Kuala Lumpur
2022-07-16 12:04:08+00:00,1548277299946323968,liyafizzira,Sedihnya. Dah pakai kaftan cause im ready to head back Selayang straight. Tapi rupanya ayah tak masak apa2. But im hungry. Taknak singgah mana2 dah😭,Selayang-Bukit Jalil- Seremban
2022-06-29 05:15:15+00:00,1542013807257481216,tasha_murale,"@RepMTG So you're saying keep the guns so yall can shoot down trans people, kids, non-gun hungry citizens, etc? Everything yall been doing goes against your statement of Church and state is separate. Heck, even your church ain't a church of worship... it's a cult of money destruction.",Malaysia
2022-06-28 12:03:03+00:00,1541754044489748480,anisazulhazmi,Addicted watching Tzuyang's mukbang. She made me feel hungry 😭,Malaysia
2022-06-27 09:43:10+00:00,1541356454623727616,ikan_lemas_,Me hungry,"Johor Bahru, Johor"
2022-06-17 14:29:50+00:00,1537804719145775104,Nathan_Kersinan,"When your tummy say ""Hungry"" at 10pm. https://t.co/QMt0rmYgO5",Kuala Lumpur
2022-06-13 04:46:05+00:00,1536208261069754368,HWalaiku,@AdolfoRoma6 I am so hungry,
2022-06-04 06:20:40+00:00,1532970574770630657,tendosouji,Still hungry,"Putrajaya, Putrajaya Federal T"
2022-05-26 11:55:07+00:00,1529793248570769409,ChanThaver,HUNGRY LAA CIBAI 😂 https://t.co/9gq6bCtQre,"Shah Alam,Selangor"
2022-05-25 14:26:42+00:00,1529469010353745920,qwinphi,"I just took a DNA test, turns out imma 100% hungry, eventhough i just ate","Selangor, Malaysia"
2022-05-18 15:30:48+00:00,1526948423257059328,faizhelmi,"Been watching too many food related TikToks and now I'm hungry, it's close to midnight.","Cyberjaya, Selangor"
2022-05-11 07:02:58+00:00,1524283910641057794,ciklala26,Okay anxiety dah settle now im hungry af but the lunch hour is overrrrr,taiping|KL
2022-05-08 01:19:03+00:00,1523110195475320832,itsmirawrr,"benda mencabar order delivery during raya ni. order mcd dri 7.51am guna food panda, sampai skrg masih takdak lagi. delay sejam. nak cancel tak boleh. sis hungry!","Selangor, Malaysia"
2022-05-04 05:37:58+00:00,1521725803154665472,06infp,"im not dieting but when they keep saying i am, its make me sick and i dont think im hungry now😁",biwkinn city
2022-04-27 09:05:00+00:00,1519241191098707968,AprilQuimpo,Kindergarten 4 has been looking into Eric Carle’s “The Very Hungry Caterpillar” so doing this Art project with them was a no-brainer. https://t.co/EJpwp7kkri,
2022-04-18 17:11:47+00:00,1516102202750042112,thejkiddo492,Hungry cute boiii. Nakk huggg 😭😭 gewammm,KCH✈️KUL
2022-04-10 02:30:07+00:00,1512981220388646914,Nadia_Nazir,"Siti Bainun is a prime example of a person who is hideous both on the inside and out. So power hungry, sanggup feed a disabled person their own faeces. Please rot in jail forever.",Kuala Lumpur
2022-04-08 16:43:01+00:00,1512471083877736449,DanIsh44985499,Now I'm fucking hungry fuckkk,Malaysia
2022-04-08 01:30:25+00:00,1512241420199161860,farihahrodzi07,It's 9.30am but I think I'm hungry....,
2022-04-07 01:45:15+00:00,1511882767818424320,Fitri_Cinonet,9:44am — Already Hungry 🥹,KL
2022-04-03 07:40:57+00:00,1510522729077764098,dream_drippy,"@Fleaxyy Im just gonna say that why both of them have ramadan food on there head, legit making me hungry bc i cant eat ;-;","Kuala Selangor, Selangor"
2022-03-30 02:44:54+00:00,1508998676483821569,mi_yo_yo,Function untuk muslim hungry month ni 😭☝🏻,
2022-03-28 09:48:43+00:00,1508380555741921282,thejkiddo492,Extremely hungry all the time. Hormones aku dh berubah ka cmne?,KCH✈️KUL
2022-03-26 13:54:53+00:00,1507717730291826690,Radevengers,@ChePuanCoco Coco always hungry 🤤,
2022-03-19 14:06:42+00:00,1505183986754404356,_vftv,"Our goal is:

✨ To bring a change to the stray’s situation in Malaysia.
✨ To feed the hungry stray dogs and cats around Seremban area.
✨ To contact the nearest shelter to rehome the dogs and cats if they’re in danger.
✨ To build homes for the strays in the future.","Seremban, Negeri Sembilan"
2022-03-19 04:58:27+00:00,1505046017586065411,waniramli13,"And baby, everything that I hv is yours
You will never go cold or hungry
I'll be there when you're insecure
Let you know that you're always lovely
Girl, 'cause you're the only thing that I got right now
One day when the sky is falling
I'll be standing right next to you
#nexttoyou",
2022-03-13 13:27:05+00:00,1502999691470204935,_vftv,"Our goal is:

✨ To bring a change to the stray’s situation in Malaysia.
✨ To feed the hungry stray dogs and cats around Seremban area.
✨ To contact the nearest shelter to rehome the dogs and cats if they’re in danger.
✨ To build homes for the strays in the future.","Seremban, Negeri Sembilan"
2022-03-06 02:03:42+00:00,1500290997208907776,HarithAimiros,Poole hungry rn,"Negri Sembilan, Malaysia"
2022-03-04 14:49:40+00:00,1499758982436560897,aiaeesya,I am really hungry. I am fucking hungry,Puncak Alam
2022-03-01 09:12:50+00:00,1498587052316962816,Daliakudo,"Some songs just touch us differently. Some songs evoke specific memories that lay dormant in my hippocampus.

When I listened to that songs again, I can remember vividly the situation again. Stressed, alone, busy n hungry in Sabah.

Not all bad n not all happy either.","Putrajaya, Malaysia"
