Datetime,ID,Username,Text,Location
2023-03-30 07:00:56+00:00,1641334678752989187,nurilhamzainal,@TI25AQYAH feeling hungry,"Jitra, Kedah"
2023-03-10 04:07:48+00:00,1634043349073272832,stormyandstarry,I'm seriously hungry,"Langkawi, Kedah"
2023-02-21 16:31:32+00:00,1628069923800096769,MSazriman,Hungry..but dah tengah mlm..,"Perlis, Malaysia"
2023-01-05 13:38:32+00:00,1610994158604537859,hayatielee,"Period pain is no joke. You get mad without reason. Stress and hungry all the time. Laugh at small things. I don't know why, but sometime I cry and feel sad without any reason.","Perlis,Malaysia"
2022-12-26 18:19:30+00:00,1607440985776345090,Brekpit,Matip going for a hotdog there. Probably hungry lmao.,
2022-12-15 04:04:38+00:00,1603239586523594752,AdaniAlfonso,@bgrtii Yes. I can hear you. What is your problems? Lonely? Hungry? Poor? Tired? No money? Tell me. I can help you.,"Perlis, Malaysia"
2022-12-14 07:36:38+00:00,1602930548791717888,giannifarhan,"@greensuntimes definitely could get something better for that price, but i was so hungry i dont even care anymore 😭",under a rock
2022-12-06 04:31:48+00:00,1599984930641293312,Othman508867911,"@KistinaKawiem23 @ArotheV @rafiziramli So Anwar had to be soft on certain issues and agreed to https://t.co/p8u2GeltZB a layman we knew that alot of bargaining between them,especially greedy and power hungry Zahid,sorry to say.",
2022-11-06 14:41:57+00:00,1589266842493026304,LivinAnywhere,Someone’s hungry…🦎 https://t.co/DznvmYOcqM,
2022-10-29 18:27:11+00:00,1586424421241454592,iamfakboi_,Why I feel so hungry watching this,"Padang Barat, Indonesia"
2022-05-15 07:23:39+00:00,1525738664202207232,EwanSyazwan,Im hungry tp decided to tahan lapar for cili kampung tonight. I nak makan dengan sepuas puasnya bersama apple juice asam boi ❤️,"Langkawi, Kedah"
2022-02-21 08:25:32+00:00,1495676045441499137,azminaathirah_,Hungry,
