Datetime,ID,Username,Text,Location
2023-03-27 02:27:53+00:00,1640178798418341888,han_asoka,@JPTheStrayDog Is true. How can we let our pet stay hungry while we enjoy the breakfast. Let the dogs eat first. My stomach can wait.😂,"Trengganu, Malaysia"
2022-11-24 03:42:35+00:00,1595623889253453825,B_Ori_Maaidah,Too hungry.. https://t.co/vx98WKj1Sm,
2022-09-19 09:14:18+00:00,1571789772741574657,lleaveee,im shaking tbh. so hungry,Malaysia
2022-09-05 03:49:38+00:00,1566634634011480064,B_Ori_Maaidah,It’s raining… Hungry?? https://t.co/kFCdQdswNR,
2022-08-22 17:08:58+00:00,1561762364508106752,DAELOVATE,1.08am and I'm hungry,
2022-07-21 02:10:54+00:00,1549939945053204480,B_Ori_Maaidah,Nice and cool weather today. Don’t you feel hungry? https://t.co/vfBk01EdjM,
2022-06-03 06:44:00+00:00,1532614055772401664,payyinx,"penat, lapar, broke af, otak tepu buat assignment, mental breakdown. after all, yeah I'm hungry and broke",Busan
2022-04-16 09:18:29+00:00,1515258315260919809,ThecrepecafeKT,Your Hungry Solution! 😆 The Crepe Cafe Kuala Terengganu https://t.co/JKtieVBNtD,"Gong Kapas, Kuala terengganu"
2022-03-24 07:10:19+00:00,1506891141203263488,syzatty,I'm sooo hungry. Busyyy kamainn ehh harini 😅,
