Datetime,ID,Username,Text,Location
2023-03-30 15:45:27+00:00,1641466676280705024,dayangnurjazlyn,Wish i know what my stomach wants to eat. Hungry at this hour is no joke. Every night.,"Kota Kinabalu, Sabah"
2023-03-27 13:29:04+00:00,1640345191130468352,georgeThien,"@malaysiakini ha? RM10??? HA??? what's this?? I forgot to answer your question, my penalty will cost me one chicken rice for lunch, oh no, I is hungry. lol🙄",Kota Kinabalu
2023-03-27 06:10:11+00:00,1640234742795894784,AJpyroMMA,"Post spine op &amp; fasting.
I went out as usual to feed the homeless animals around @KKCity . My back was bit pain &amp; sore but Im glad to feed the hungry animals.
#cat #dog #ramadan #pyropaws https://t.co/LCOZwgqkl3","Kota Kinabalu, Sabah, Malaysia"
2023-03-26 11:24:58+00:00,1639951571579703302,kodymorale,deal breaker of the year is when i go to a restaurant i usually go to when im hungry and get discounts but then one day my entire meal becomes free.,"Kota Kinabalu, Sabah"
2023-03-23 14:09:50+00:00,1638905900592422917,kambai_recs,"Ramadan is not only by fasting, we need to feed the hungry, help the needy, guard our tongue, not judge others and forgive. That is the spirit of Ramadan. Wishing you a blessed Ramadan. https://t.co/D0Aw5mrSIp","Kota Kinabalu, Sabah"
2023-02-25 17:33:29+00:00,1629535063158423552,haijiahhm,"Ate dinner at 6pm+, went to sleep at 9pm. Now woke up hungry uinaaaa😩 perut kah juga ni","Paris, France"
2023-02-17 15:22:17+00:00,1626602944614498308,platty82639487,@charltonnews No - won’t be fit. Won’t be hungry and won’t be accepted. Hasn’t played all year and sat in his butt and paid a mint …,"Hutton, England"
2023-01-17 13:25:50+00:00,1615339613484371973,tsimgill,im addicting ordering food delivery hahaha.. not cos im hungry,"Sabah, Malaysia"
2022-12-19 09:08:52+00:00,1604765697891934208,Ben_N_Mei,Late night meal.. Hungry again.. #CFC@kkbandaranjaya https://t.co/0XrJ8rX072,"North Borneo, East Malaysia"
2022-12-13 04:40:21+00:00,1602523797965664256,ChandraRubnee,"You’re so hungry , you’ve got food delivered , you finish your rounds and run to collect your food only to find that it’s stolen …","Johor Bahru, Johor"
2022-12-07 12:00:06+00:00,1600460135494975489,sxrvhm,I think I am hungry. Sad because Im gonna eat after 8pm. 🥲,Kuala Lumpur City
2022-12-05 10:31:25+00:00,1599713043499610115,AzizurRafidah,kenapa i selalu hungry,
2022-11-21 02:17:00+00:00,1594515190116388864,SyakillaChang,Omg. Why took so longgg 😭 I'm hungry alrdy!,"Kota Kinabalu, Sabah 🇲🇾"
2022-11-12 16:09:47+00:00,1591463273714839552,maslight,Am gonna strangle my fren coz she said I would be hungry late at night and I AM HUNGRY NOW!! 😩,Land Below The Wind 
2022-11-09 14:48:46+00:00,1590355724366118914,AzizurRafidah,i'll get cranky when i'm hungry,
2022-11-03 12:22:55+00:00,1588144690955620357,2dancingpandas,"Friends! Where does a girl have to go to get some #vegan food in #Borneo? Help! I am hungry!
#kotakinabalu #Sabah #veganfood #Malaysia https://t.co/KEgCg5EkRl",The World!
2022-10-28 17:20:29+00:00,1586045251663572992,SClarynn07,Was soo busy working I forgot to eat and now its 1am and I’m so hungry and lazy . 😑 so tired and I wanna prioritise sleep but I couldn’t really sleep coz I feel like vomiting. I’m left with 4hrs to sleep before I have to start the day again 😵‍💫,Malaysia
2022-10-23 11:49:35+00:00,1584150034731237376,tata_officially,all money i spend is on food and clothes but I’m still hungry and cant find anything to wear 😒,"Kota Belud, Sabah"
2022-10-09 13:32:33+00:00,1579102521121177600,Tirrvinne,Arrived &amp; hungry 🛬 https://t.co/awtyswjOP2,
2022-10-04 14:47:28+00:00,1577309433696485380,maslight,"After eating a bowl of fried noodles,  still hungry 😬",Land Below The Wind 
2022-09-29 09:17:42+00:00,1575414505794076673,ChandraRubnee,3 hours facial and still ongoing …. I’m hungry,"Johor Bahru, Johor"
2022-09-23 20:32:04+00:00,1573409888570847232,maslight,Woke up hungry.,Land Below The Wind 
2022-09-16 11:07:10+00:00,1570731012124188672,ohEinstein,"Kinda hungry, what to eat","Sabah, Malaysia"
2022-09-08 05:03:28+00:00,1567740379809869824,y4n123,"@ShashaBlackKatz Mestiiiii! Man, cake talk. I’m hungry now. But I can’t leave this QF match! https://t.co/tabm50p7OJ","Kota Kinabalu, Sabah"
2022-09-07 07:30:06+00:00,1567414894315831299,clarissapatrick,Hungry,"Kota Kinabalu, Sabah"
2022-09-06 13:46:17+00:00,1567147175196631041,SyakillaChang,I don't feel so good. I want go to sasa or Sephora or whoever have it. I'm hungry but i don't feel like to eat anything. I want take hot shower and wash my hair and change my bedsheets. I want have deep sleep. My boo very far away. So far away.,"Kota Kinabalu, Sabah 🇲🇾"
2022-09-05 16:22:00+00:00,1566823973811171328,travelcooky,"@Buildbuilddd Congratulated for your recovered. 
Do what you like to do!
U have a bright future!
U deserve it all！

Stay hungry
Stay foolish https://t.co/k295toVwBr",Malaysia
2022-09-04 12:40:36+00:00,1566405871449817088,ChandraRubnee,Not hungry . Not interested . Don’t want to .,"Johor Bahru, Johor"
2022-09-01 18:43:49+00:00,1565410112562270208,maslight,Waking up at 2 in the morning feeling hungry.,Land Below The Wind 
2022-08-30 06:20:54+00:00,1564498378171777024,maslight,@divedownbelow 🤣 🤣 🤣.  Am trying not to be hungry but am burning too much calories.,Land Below The Wind 
2022-08-26 10:48:01+00:00,1563116045182767105,borneogeek,When you use AI during Hungry Ghost month 👻 https://t.co/P4ykyug3So,Kota Kinabalu
2022-08-22 10:11:04+00:00,1561657195833397248,JohnGri75729809,"@daleandrew13 @PhantomPower14 @AnasSarwar @ScottishLabour @ScotTories JC 4 PM. 
Socialism and a Socialist  government is the only answer to the difficulties seen in the UK. Equal Rights 4 all. Redistribution of wealth. No more people homeless, hungry and affordable education for all.",
2022-08-22 03:03:03+00:00,1561549483221057538,jenichok,21/8/2022 Sunday 7pm Dinner with my boys and nephew. #italianfood #mysons #ryantanmynephew #hungry #yummilicious #workhardeatwell @ Little Italy at Capital https://t.co/rH3mNxTAVq,"Kota Kinabalu, Sabah"
2022-08-22 02:56:38+00:00,1561547868531564544,jenichok,"21/8/2022 Sunday 1.30pm Lunch with my nephew, Ryan. #ryantanmynephew #waitedtoolong #hungry #spendtime @ Limau &amp; Linen https://t.co/xpxMIGdYfq","Kota Kinabalu, Sabah"
2022-08-14 07:59:30+00:00,1558724984398565376,JohnGri75729809,"@eddygraham39 @davidhencke T. Coffey and J.R. Mogg, two Christians, could not give two F . . ks or two monkeys for poor, under privileged, sick, homeless, hungry adults and children what a pair of Wankers",
2022-08-06 01:12:44+00:00,1555723516518944769,StuartEBromley,@BenShields2 @jodymatey @HBattelley @3dancingfeet @Rach061992 @MissAlysPE @PhilMathe79_PE I did The Hungry Caterpillar last year online by amalgamating ideas of a few YouTube clips. @watsonliam_ may have a few ideas.,"Kota Kinabalu, Sabah"
2022-08-06 00:28:35+00:00,1555712403933118464,JohnGri75729809,"@nevillebartos12 And we have people starving, hungry,  homeless and dying in the country.
All this because of Tory misrule and profiteering.",
2022-08-04 14:38:01+00:00,1555201396437581828,sljgn,Just threw up all my dinner. Now I’m hungry asf. Damn u double line,Stuck in trauma 노래나 부를래겨우 뱉어내는
2022-07-21 15:02:01+00:00,1550134004761780226,haijiahhm,Hungry tapi start puasa sejam lalu :'),"Paris, France"
2022-07-21 01:52:01+00:00,1549935193972043776,eyraharith,Lah patutnya i beli nasi lemak dulu baru jalan. Now im hungry af :(,"Kota Kinabalu, Sabah"
2022-07-12 16:33:41+00:00,1546895580684697600,eyraharith,Hungry,"Kota Kinabalu, Sabah"
2022-07-01 17:01:12+00:00,1542916240012120064,maslight,Am... Hungry,Land Below The Wind 
2022-06-27 22:49:16+00:00,1541554281719164928,sljgn,I’m so hungry,Stuck in trauma 노래나 부를래겨우 뱉어내는
2022-06-16 12:23:17+00:00,1537410483262992385,aliazafff,"Me: babe I’m hungry i wan lamb chop
Bae: celah mana nk dpt?

Tak tahu babe yg I tau I nak!!!!! 🤣🤣🤣🤣",Kuala Lumpur 
2022-06-06 09:10:39+00:00,1533738128099266560,amyallia,hungry. ordering cita rasa indonesia for early dinner tonight. that tasty ayam penyet sambal bawang and the batagor la. yums.,"Kota Kinabalu, Sabah"
2022-06-05 12:24:08+00:00,1533424430415630336,maslight,You're full at 5pm and hungry at 8:30pm 🙄🙄🙄,Land Below The Wind 
2022-05-26 01:40:37+00:00,1529638603491799040,elynaaqilahk_,"10 minutes left, (hungry &amp; feel sleepy).","Kota Kinabalu, Sabah"
2022-05-12 08:18:05+00:00,1524665200384757760,haijiahhm,Lowkey hungry tapi minum teh ais and batang buruk ja pun mau muntah sudah :'),"Paris, France"
2022-05-04 04:37:50+00:00,1521710670718582785,SClarynn07,So freaking hungry !,Malaysia
2022-03-28 05:50:54+00:00,1508320708539035650,ChinGR0423,"If you hungry, go to the kitchen, I'll be there - Food","Tamparuli Sabah, Malaysia"
2022-02-25 11:36:49+00:00,1497173737434607618,theonlywannn,"Harini so hungry maybe sbb skip lunch. Makan spaghetti 🍝 &amp; grill chicken, Meja sebelah pandang je 😅 dah biasa makan sorang 😄 https://t.co/DT4jcVsAdb","Shah Alam, Malaysia"
2022-02-11 14:00:56+00:00,1492136575689318405,shammyzzz,so hungry I wanna cry,KUL-BKI
