Datetime,ID,Username,Text,Location
2023-03-30 07:00:56+00:00,1641334678752989187,nurilhamzainal,@TI25AQYAH feeling hungry,"Jitra, Kedah"
2023-03-10 04:07:48+00:00,1634043349073272832,stormyandstarry,I'm seriously hungry,"Langkawi, Kedah"
2023-03-01 14:25:00+00:00,1630937185364082696,neyrashazeyra,Kinda depress and hungry. So masak la apa yg Ada. Esok ganti balik brg org. https://t.co/T8pMKp2AcF,Malaysia
2022-11-06 14:41:57+00:00,1589266842493026304,LivinAnywhere,Someone’s hungry…🦎 https://t.co/DznvmYOcqM,
2022-06-21 16:05:57+00:00,1539278460203331584,beyunnce,sleepy but hungry,
2022-05-31 12:31:28+00:00,1531614336648880128,DelunaaKate,I’m hungry 🤤,
2022-05-28 18:53:12+00:00,1530623241081192448,whosome93,"Why am I hungry at this hour? 
Tu yang jadi naik berat badan ni","Belfast, Northern Ireland"
2022-05-15 07:23:39+00:00,1525738664202207232,EwanSyazwan,Im hungry tp decided to tahan lapar for cili kampung tonight. I nak makan dengan sepuas puasnya bersama apple juice asam boi ❤️,"Langkawi, Kedah"
2022-03-20 14:00:32+00:00,1505544822492635137,aliaattirvh,Husband cook nasi goreng at this hour cz wife damn hungry.,"Kedah, Malaysia"
