Datetime,ID,Username,Text,Location
2022-11-08 03:15:06+00:00,1589818770557915136,iAmAdrna,hungry,MY
2022-09-11 08:40:30+00:00,1568882162363174913,arasfan,I is so hungry,"Kota Bharu, Kelantan"
2022-08-25 14:43:09+00:00,1562812831883354112,Ehoon6,"@nonchan21777 What happened, just now feeling hungry and now your leg. Do you require my assistance","Kota Bharu, Kelantan"
2022-05-19 05:28:08+00:00,1527159147711840256,aaadilahk,I hate that I don’t eat enough and working out make me constantly hungry,Earth
2022-05-04 01:55:32+00:00,1521669825877078016,zuzubear_eth,I'm hungry.,Kuala Lumpur 
2022-02-25 10:47:35+00:00,1497161345204371461,latteandflower,There is no grab or food panda delivery at this hour due to the bad weather and i am hungry over subway sandwich 🤤,🇲🇾🇰🇷
2022-02-05 10:51:38+00:00,1489914607401504770,ChelseaPeminat,@Mulut_Cabai We Malaysians should stop calling people VIP or VVIP because no human is more important than any other human. Everybody is dispensable in the eyes of a hungry tiger or lion.,
