Datetime,ID,Username,Text,Location
2023-03-30 23:41:11+00:00,1641586401568509952,NumanAfifi,@ashvinmenon Turns out they’re the best when they are hungry.,Kuala Lumpur
2023-03-30 12:07:36+00:00,1641411855225851905,marcosrahman,"this week is super hectic. literally the hardest week at work this year so far. bunch of calls made across the world, thousands of messages. stacks of meetings one after another. never ending revisions to the numbers. multiple breakdowns. and it’s Ramadan, so i was hungry too.","Kuala Lumpur, Malaysia"
2023-03-30 10:12:34+00:00,1641382904185110530,LynnTweetss,Hungry or annoyed or just grumpy?,Kuala Lumpur City
2023-03-30 06:00:53+00:00,1641319565018959872,lzmnilz,sukiya!! tomorrow!! cepat!! hungry!!,Kuala Lumpur City
2023-03-30 04:00:54+00:00,1641289370824232960,Hemarubeny30,So hungry 😩,"kajang,Malaysia"
2023-03-30 01:56:01+00:00,1641257944779202561,sinardailymy,"To be in charge of a hunger strike was a great responsibility, all I worried about was the fate of the strikers and the desire of the hungry souls for freedom, not food. #IsmaatMansour #ThePalestinianDiaries #HungerStrike #Palestine #Israel https://t.co/KpRdIZ9fF9","Shah Alam, Selangor, Malaysia"
2023-03-29 07:47:25+00:00,1640983987802742785,Lialarsen,"@nziradzemasoja @KingJayZim @TeamFuloZim Perfect example of why not to cook when you are hungry. I hope @nziradzemasoja that you are a serious bodybuilder because that way too much protein for one person. 

So why are the eggs not peeled? Why is the food not served on a plate? 
There is zero creativity here 
Score 4/10",Kuala Lumpur City
2023-03-29 04:25:24+00:00,1640933147897638912,RajvrSidhu,To be or not to be......damn I'm hungry,"Petaling Jaya, Selangor"
2023-03-29 04:05:34+00:00,1640928158999543808,ftnhnszhrh,I had buffet last night but I'm feeling so hungry now?? 😩,
2023-03-28 17:12:11+00:00,1640763729636888576,Sanjeetha_s,@DhivinaNair Im hungry too,"Seremban, Negeri Sembilan"
2023-03-28 12:18:13+00:00,1640689749206745090,kennleandre,"@tenoq If you're hungry, anything looks tasty. Hence the focus on presentation rather than taste. I realize the lack of the aroma of freshly cooked food at the TTDI one that day",Kuala Lumpur
2023-03-28 11:03:29+00:00,1640670944313344000,joaniieebravo,Hungry 🙃,Kuala Lumpur 
2023-03-28 07:29:29+00:00,1640617088023920640,IzzLatif,@farhanhshm Maybe the weather or u are just hungry haha,"Kuala Lumpur, Malaysia"
2023-03-27 12:08:09+00:00,1640324828757659648,FelishaLilo,"It takes hours to prepare a meal but it takes a few minutes to finish a meal.
🤣
#hungry","Damansara, Selangor"
2023-03-26 16:36:12+00:00,1640029898373988352,CikHaf,@vasan710 the difference is stray animals dont have home to go back to. they dont have food supplies ready when they’re hungry. we all dont own the universe. and please come out with a better and more humane idea of taking them out from the neighborhood.,
2023-03-26 16:07:25+00:00,1640022652269260801,CikHaf,Stray animals don’t have a home to go back to. They live in the street and they are always hungry. They actually should eat you who say this is an ecosystem. 🙄,
2023-03-26 15:17:45+00:00,1640010154757488642,CikHaf,"Kucing bertuan, they roam sekitar kawasan rumah. Anjing bertuan akan dibawa lari² jalan² oleh tuan. They all not as hungry as anjing liar. Suggest la something to cater the problem. Let everything be eaten out by stray dogs, mampuslah camtu semua makhluq 😒",
2023-03-25 19:25:34+00:00,1639710132786581504,ChibieHere,"if you feel like getting angry, 
try going to eat first.
 Sometimes I'm really hungry. 😄😬","Ampang, Wilayah Persekutuan Ku"
2023-03-24 08:36:49+00:00,1639184480664707072,BelindaHalime,"But I do notice I sgt kurang exercise and maintain low cal diet masa I start internship last year, sept - dec, i get hungry as early as 9am pastu sampai rumah 8pm makan lagi. Exercise very less sbb too tired pastu busy. Now I dah start balik normal routine, i dah boleh focus.","Puchong, Selangor, Malaysia."
2023-03-24 04:00:26+00:00,1639114928115322881,na_dra_gon,"Time puasa ni laaa tiba2 my mind brings up the taste of pizza, keropok lekor etc when I know for a fact I am currently NOT hungry. I am just stressed out and my mind is just helping me to try and cope. I’m stronger this time and in control. These cravings will past.","Subang Jaya, Malaysia"
2023-03-23 07:29:30+00:00,1638805154031108096,faizalhamssin,"Sending my love to the bazaar traders who are honest, prioritizing quality over easy money, as they genuinely strive to make their customers happy during buka puasa.

It’s so easy to make easy money scamming hungry customers &amp; selling subpar items. But you chose to be honest.","Kuala Lumpur, Malaysia"
2023-03-23 04:30:20+00:00,1638760064864636929,hiduphijau,"First day of Ramadhan update: 

So far ngantuk je lebih. 

Not hungry or tired yet. 

Issa fine so far 😎",
2023-03-22 16:14:10+00:00,1638574801500643328,mikehwaffle,Hungry n craving for Maggie,"Petaling Jaya, Selangor"
2023-03-22 09:31:30+00:00,1638473468865040386,ZackAvaricious,HAPPY MUSLIM HUNGRY MONTH!!!,Flat Earth
2023-03-22 04:46:01+00:00,1638401621263794176,_Ereshkigal666,"The people of this country are tired,hungry and overworked. Fuck capitalism and fuck this government.",Malaysia
2023-03-21 14:00:42+00:00,1638178824394522625,aribahabdullah,Why are yall obsessing over what to eat to stay full longer? You’re supposed to be hungry during Ramadhan. That’s the whole point. Jangan sampai gastrik dah la. Tu je.,
2023-03-21 09:13:06+00:00,1638106447962869762,___yingg,Breastfeeding &amp; pumping makes me hungry 24 hours but all I can eat is Hup Seng &amp; milo :(,
2023-03-21 08:09:52+00:00,1638090534513438720,reeanazulkefli,I’m hungry but hmph I don’t know what to eat,"Bandar Klang, Selangor"
2023-03-20 22:34:35+00:00,1637945758807900161,misswowwa,@iliism Mmg sedap! We ordered spicy lab burger and lab burger 2.0. Tiba I teringat burger fuel di NZ. Or Hungry Jack's di Australia.,Malaysia
2023-03-20 12:12:27+00:00,1637789193672990720,anyatames,"I wanna eat something, I haven't eaten anything since morning. I feel hungry but I don't feel the need to eat hm","Dublin City, Ireland"
2023-03-20 01:12:33+00:00,1637623124522041344,bobyap7,@Angelmom337 God has shielded my day every day in prayer . He keeps away evil from me. Hungry wolves and roaring lions waiting for weakness and someone to devour. He gives me strength to face another day though in challenges I feel like snuggling up in bed. https://t.co/ICBqqyWxYX,
2023-03-19 16:27:03+00:00,1637490879090020352,mannahcmy,"Oh give thanks to the LORD, for his steadfast love endures forever! Let’s thank the LORD for his wondrous works to the children of man! For he satisfies the hungry soul with good things. https://t.co/kRAcp2XB81",
2023-03-17 04:08:43+00:00,1636580297306443776,AnaqiRen,"@cordelll Ay cuh it's fun for a while now u just a downbad, horny ass, hungry ass, unemployed ass, no shower for the whole week ass bro...get yourself some bitches man https://t.co/dZRkVooESR",Krypton 
2023-03-16 14:31:59+00:00,1636374758714671105,asyrafmalekk,My batman dp is the embodiment of my will to learn. Just putting it up there to remind myself I’m a hungry man all over again looking for a purpose. And I found one.,kuala lumpur
2023-03-16 02:22:34+00:00,1636191195104964608,bobyap7,@cb_doge @elonmusk Every body looses when there is war but some politicians and money power hungry will take advantage of it and make even more money at everyone's expense. Sometimes unavoidable as meet a madam like Hitler. Putin?Peace n tranquility? https://t.co/kQ2R7DAtmb,
2023-03-13 09:43:32+00:00,1635215004705374209,dettol_sprayz,"Note to self. Jangan response to any post/dm/pm/emails/WA/Telegram/Linkedin/Insta/FB when you are hungry, tired, penat or in a rush. You might spew out unwanted  feedback or reply to other party. Bridge has been burnt today.",Dettol Manufacturing Factory
2023-03-13 08:41:19+00:00,1635199346059923457,missbutton_,I was so hungry but cannot swallow anything,"Kuala Lumpur Federal Territory, Malaysia"
2023-03-12 11:37:14+00:00,1634881230775914499,mizahlazizah,"Accidentally got myself 2 luncheon dates today. The ending was?

By 3pm nobody shows up. Hungry me cooked and ate at home alone.

The end.",malaysia
2023-03-12 07:52:45+00:00,1634824738123177987,AyeshaNadhrah,God i am soooo hungry tapi makanan tak boleh masukkkk 💀,
2023-03-11 11:45:21+00:00,1634520883808313344,NhananNLI,How can you not love themmmmmmm. Feeling hungry suddenly,
2023-03-11 09:29:58+00:00,1634486815674732544,AlannaEloa,Off to bus station now. So hungry hopefully my friend can lend me cash money. In Malacca only Ayu did,
2023-03-10 13:18:58+00:00,1634182057671933952,papimolly9,Hungry for encouragement,
2023-03-10 12:20:53+00:00,1634167440426029057,izzymusamusic,"What does a German say when they’re hungry late at night?

Gluten Nacht!","Kajang, Selangor."
2023-03-10 11:37:16+00:00,1634156463462445057,itsaaimanyaakob,@paminordin Hungry,
2023-03-09 14:59:11+00:00,1633844890512789510,nazrulizzat29,"Why I’m always hungry, 🤷🏿",كوالا لومڤور | ماليزيا
2023-03-09 13:32:57+00:00,1633823186373726209,AlannaEloa,"If you ask Malaysians' are hungry for these sperms extraction, if you have eggs could frozen and donate them because they have nothing",
2023-03-09 07:11:43+00:00,1633727247130710016,Khatren_07,"@lesdiana_p Shaking already, super hungry 🤭🤭",quezon city
2023-03-08 15:44:57+00:00,1633494019862040576,beerpaal_,I was just hungry 😭🤡,what do you care
2023-03-08 13:08:59+00:00,1633454770114658304,DonKl19,@meet_lovelyn No love for hungry stomach aswear,Kuala Lumpur Federal Territory
2023-03-06 10:05:26+00:00,1632683799640440832,thedreamchazer,@OliviaWong123 😋hungry,Kuala Lumpur City
2023-03-06 08:23:06+00:00,1632658048400654341,kdrslvn,I'm still freaking hungry 😭,
2023-03-06 05:57:52+00:00,1632621498124099586,nekosxfx_,@berserkerh3aler hello? sir? who isn't hungry from you? Some are craving to have you hshshs https://t.co/fdgSN4wpGq,Celestia
2023-03-06 01:48:42+00:00,1632558791714828289,AlannaEloa,"I am superb Hot 🔥😅 you please ask my Wilson 🤣 Hey Wilson, what are you doing in there  , Sydney Australia. You know or not I am always hungry and skin damaging so bad 😔💔😢 this RM5k lead me towards graveyard https://t.co/RwM6avNKPF",
2023-03-06 01:20:44+00:00,1632551756424179712,AlannaEloa,Thanks Australia 🦘. Now here I am hungry always. 😈 https://t.co/mU5KKXlH4Q,
2023-03-05 05:28:10+00:00,1632251637019602945,AlannaEloa,Maybank. Malaysians are so hungry. https://t.co/aJuZAGiHuU,
2023-03-05 02:40:51+00:00,1632209531651657728,AlannaEloa,"Please bank in money to the kids I gave you their numbers maximum 1 hour from now, international transaction I do respect your time. They are hungry too.",
2023-03-05 02:30:30+00:00,1632206925395038215,AlannaEloa,I am hungry living in Malaysia but can't go anywhere,
2023-03-05 02:09:32+00:00,1632201649446957056,AlannaEloa,"Americans please put RM300 inside the fridge &amp; frozen parts for the hungry kids at my 7 stars hotel kitchen. You can liaise with Alvin or you can't be independent this Country big problems I should face it too? The other day I washed your bloody pads, pumped your urine, sweeped",
2023-03-04 16:43:27+00:00,1632059187252592640,AlannaEloa,Hungry,
2023-03-04 07:08:07+00:00,1631914400549597185,Noraliawati,Taking my sweet time but i’m super hungry.,
2023-03-04 04:53:56+00:00,1631880633327960064,AlannaEloa,"There are always many bodies they brought snacks or bread, sandwich to me everywhere so I never feel hungry at all. They had the barbeques sponsored by locals, middle east also have, Koreans now go and ask them",
2023-03-03 16:41:52+00:00,1631696404631650304,AlannaEloa,Can go to Mamak restaurant 24 hours open or 7 stars hotel to eat first pending loan money or not in Malaysia for me? Seriously I'm hungry and thirsty,
2023-03-03 16:28:28+00:00,1631693032063111169,AlannaEloa,I am so hungry,
2023-03-03 16:26:33+00:00,1631692546081689600,jenicksonjuan,it's ways when im sleepy or hungry,"Stamford Bridge, England"
2023-03-03 14:03:57+00:00,1631656660069646336,fadzilharith3,I haven't seen an old friend for a long time so tonight I went to an old friend's shop in Kg Bharu.  I didn't know what to eat really but I was hungry so he finally made a special menu for me. Nah! 'Nasi Goreng England' he said.  hahaha siot je. Looks delicious. Bismillah. https://t.co/1BdJw0iVx8,Kuala Lumpur Federal Territory
2023-03-03 05:11:04+00:00,1631522557609533440,FxndTaha,"4. Need to be viewed through a conservative Asian lense. 
5. The setup, before the character growth arc is sometimes a little unbelievable.
6. Is P'Of Award Hungry after winning so many for ATOTS. This feels like LGBT award bid.
Rating:
Story: 7/10.
♥ : 10/10
#MoonlightChicken",Kampung Chumphon
2023-03-02 22:15:17+00:00,1631417922081140737,swissrols,Global warming would be reverse if the 90s never happen and money hungry fuckers are never born,brunei
2023-03-02 10:14:39+00:00,1631236566504075265,Rastwin,Hujan + Hungry 🤪,"Wilayah Persekutuan Labuan, Ma"
2023-03-02 08:52:57+00:00,1631216009045741568,anahomylarrum,"@KeyRun_88 @thevibesnews @MukhrizMahathir @MuhyiddinYassin I saw, 6 state election in June/July, power hungry pundas!",ישראל
2023-03-02 05:17:17+00:00,1631161734269648896,AlannaEloa,"Maybe Sajat can donate me, I would like to buy pad. I know I can't deliver baby is too late &amp; old now still poor, homeless, and skin too bad, hair like a ghost already. Hungry all the times. Can you please Princess or Queen Sajad donate to me under Emergency pressure my Queen 👑",
2023-03-01 19:29:05+00:00,1631013708074983424,AlannaEloa,"Still not yet able to shower. Finished clean my room, sweeped my room floor, outside the common area too, helped the cleaner (if still exist). Proceed to wash clothes &amp; dry. Belly still hungry, oat a little left. Waiting for early morning tomorrow if anyone can donate or sadaqah",
2023-03-01 14:27:36+00:00,1630937836861149185,AlannaEloa,You must know which Emergency hospital nearest is the best for hungry person like me to send over. Don't tell me you locals you don't know where to send me and I should do Emergency research keep feeding you all the times,
2023-03-01 09:16:53+00:00,1630859644200697856,MKdamansara,"In a rush but hungry? Fret not, as PARK’S BAGELS offers on the go bagels to eat. 🤤🥯

📍 47810 Selangor, Petaling Jaya, Tropicana Indah, Persiaran Surian, Tropicana Gardens Mall
🕒 10AM-9PM

#food #inmallbakery #bakery #bagelspluscreamcheese #kotadamansara https://t.co/iJKwuMNVAe","Damansara, Selangor"
2023-02-28 15:47:59+00:00,1630595679218434048,sharviines1405,So hungry that I ordered chicken double thigh burger for supper💀😂,
2023-02-28 01:15:00+00:00,1630375983814688768,bobyap7,"@SunitaHines @JWLee3427 Wasn't it Jesus who said if u love me feed my lambs. Sometimes the journey is so tough, we fell down and got hurt from the world and the things of this world. We need a good samaritan. I was hungry n you fed me. I was thirsty and you put a cup to my lips https://t.co/7t4pj7jt9n",
2023-02-28 01:12:49+00:00,1630375434952253440,AlannaEloa,"That time I didn't have Passport in Australia. After this I have Passport so no need to worry so much World. I'd loved you too💚. Hungry is my money enough/not to buy food. I said, healthy like protein bars, fresh blended fruits and veggies, nuts, beans are advisable in Pool part",
2023-02-27 12:21:48+00:00,1630181402636582912,ZackAvaricious,Oh my God im still hungry😭😭😭,Flat Earth
2023-02-26 15:15:15+00:00,1629862663424712704,AlannaEloa,I am hungry still . Shower and have to brisk walk to groceries shop later at middle of night. They are opening 24hours. Mamak restaurant also 24 hours but only by cash money.,
2023-02-26 06:48:42+00:00,1629735188577280000,abinskrt,hungry wanna go back :(,Kuala Lumpur Federal Territory
2023-02-25 10:49:07+00:00,1629433301776863235,feltlovedbyyou,@KenNotDoThis but but i’m hungry 🥹haven’t ate since morning,
2023-02-24 13:10:21+00:00,1629106459547160577,yoshivness,Hmm hungry,ass cult
2023-02-24 11:23:14+00:00,1629079499823513600,KamekRayza,"Never go grocery shopping when you are hungry. You grab the wrong things.

And the same as in life.

Never go into a relationship when you are lonely. You might grab the wrong thing.

When you are desperate,you grab anything you want, not what you need.",Petaling Jaya
2023-02-24 06:50:46+00:00,1629010934252605441,nellstph,Omg I’m super hungry now but gotta wait til Jay comes sebab suda janji sya bawa dia pg makan  😵‍💫,North Borneo
2023-02-23 16:08:40+00:00,1628788943872491522,Diy410,I hate feeling so hungry at night!! 😭,
2023-02-23 11:16:41+00:00,1628715465395830785,mikehwaffle,Wtf being tired from work also and decided to nap also kena scold lol. Diu. If you’re soo doing hungry. Feel free to go out and eat first lo diu,"Petaling Jaya, Selangor"
2023-02-22 11:02:24+00:00,1628349483502424064,reeanazulkefli,"Loya and muntah. I get hungry all the time before period but not during period, I eat less.","Bandar Klang, Selangor"
2023-02-22 06:58:36+00:00,1628288125998084101,arabellaprada,Hungry but tired. Rn I just want to lay down.,Malaysia
2023-02-21 12:04:08+00:00,1628002631254933505,lilm1ssn1n4,Im so hungry but missing my curry maggie with telur mata so bad,
2023-02-21 11:59:41+00:00,1628001511375785984,Dxnixlrun,When u are hungry but u don’t know what to eat➡️ Sleep,Bandar Sri Damansara
2023-02-20 18:53:07+00:00,1627743165276094464,AlannaEloa,"Just send Milo to send me enough money to pay back those who are hungry. Passport Malaysia RM400 and flight ticket back to Australia. That's why I like to talk with my Country. So many unended episodes for entertainments, if you not help yourself, whose gonna help &amp; who are you?",
2023-02-20 12:31:48+00:00,1627647206043025410,AlannaEloa,"Up to me, what I want to tell you what I don't want. Hungry like a Hell. God.",
2023-02-19 06:42:33+00:00,1627196924217491456,Merciless526,"Vegan place super nice (@ Hungry Tapir in Kuala Lumpur, Wilayah Persekutuan Kuala Lumpur) https://t.co/AknQQ6ejo9 https://t.co/o56WJASuDK",Berlin
2023-02-19 06:12:53+00:00,1627189460407574530,yeolahv,Idk if I wanna throw up coz I’m hungry or coz I’m anxious,Malaysia
2023-02-18 00:37:30+00:00,1626742669920862209,j_fluffybunbun,@cassie_lover5 Hahaha at first cuz I’m so lazyyyy but then I can’t  sleep cuz hungry and I even get myself a dessert 🫣,
2023-02-17 13:58:16+00:00,1626581801161621506,aribah77,The world ends when I'm hungry,Malaysia
2023-02-17 04:22:42+00:00,1626436953062404096,yaanarose,PENGAJARAN : don’t shop while you hungry 😭😭🤌🏻,1417
2023-02-16 19:36:59+00:00,1626304655402897410,sarahaazizbak,"""Guess what I'm feeling right now. It's the H word""

""Ho..""

""HUNGRY""",
2023-02-16 08:24:21+00:00,1626135382512513025,dolla_sea,"@tabbywink Heard of hungry ghost festival but this be hungry eyes day!!!!

DOLLA LOOK AT THIS RELEASE 
#LATPARTY #LookAtThis
#DOLLA_LAT","Selangor, Malaysia"
2023-02-15 21:49:07+00:00,1625975516749778944,aidamohdhanif24,@AZgeopolitics 🙄 people are sick and tired of seeing these hungry cork USA to spread their Israel apartheid ZIONIST PRACTICE regime defect sperms around the world 😤💩🤑🤢🤮🤧,"Seremban, Negeri Sembilan"
2023-02-13 19:05:17+00:00,1625209514994839552,natashagideon,Hungry la,Malaysia
2023-02-12 11:53:28+00:00,1624738456726540288,Aida_Asmadi,You know what sucks? Cook while hungry then by the time siap don’t feel like eating dah heh,Wilayah Persekutuan Kuala Lump
2023-02-11 02:21:40+00:00,1624232170763214848,RifSuhaile,Good morning! I'm hungry and craving croissants and Christie's bagels.,"Kuala Lumpur City, Kuala Lumpu"
2023-02-08 11:44:17+00:00,1623286592197562368,athrhcj,super duper hungry but can’t eat anything 😞,Pasir puteh
2023-02-07 15:17:38+00:00,1622977897773539329,MrHukaka,"When seeing them eating Malaysian local burger,I am getting hungry.

https://t.co/RRmd2tIiff",Malaysia
2023-02-07 05:22:14+00:00,1622828058968494081,runwitme,@FitFounder Doesn't work for me. I get hungry faster.,"Kuala Lumpur, Malaysia"
2023-02-06 15:18:26+00:00,1622615709502304256,tunieCVenus,Just posted a photo @ The Hungry Tapir https://t.co/tnsbWDSe6d,Kuala Lumpur
2023-02-06 07:40:12+00:00,1622500392910327809,dettol_sprayz,Money money come to daddy because daddy is hungry and... pokai... lulz,Dettol Manufacturing Factory
2023-02-06 04:00:34+00:00,1622445118996500480,PrithyLogenthi1,"Mine favourite pulli sooru "" 🤤✨ , with blessings by eshwara ! After a alf day I had this food . Really am so hungry the time "" 🫠 . https://t.co/2y2qF3nRm5",Malaysia
2023-02-04 03:39:28+00:00,1621715032995409922,tdanielch,@hungry_pepper I couldn't find one 🥲,"Kuching, Sarawak"
2023-02-04 03:06:18+00:00,1621706684120055808,ARajasaikaran,Saturday morning blood work and specialist check up’s .. the wait game is strong in @GleneaglesKL .. thank God there’s a decent cafe and toilets nearby for the #hungry #cold and #bladderfull aunty in me 😂 https://t.co/Q6ZlRcL5to,Malaysia
2023-02-03 14:05:01+00:00,1621510068763230216,dettol_sprayz,Maybe I am too hungry sebab tu tak dapat tidur,Dettol Manufacturing Factory
2023-02-03 12:46:42+00:00,1621490360953479168,RaharjoJoseph,"@naizsssaaa Trust me, I'm Hungry!","Petaling Jaya, Selangor"
2023-02-03 10:30:37+00:00,1621456112779411457,RaharjoJoseph,Why am I hungry all the time?? I just had food and now I'm hungry again,"Petaling Jaya, Selangor"
2023-02-03 08:37:14+00:00,1621427579650719744,anyatames,I'm so hungry.,"Dublin City, Ireland"
2023-02-02 19:09:00+00:00,1621224181118701568,LiezaHassan_,Hungry but don't know if i should masak ke tidak.,Johore.MY
2023-02-02 15:58:57+00:00,1621176355311456257,_nursyara,Why i’m always hungry at midnight am i a vampire,
2023-02-02 15:24:05+00:00,1621167578092814336,zukihani,Favorite place to eat when I'm extremely hungry https://t.co/ldxUVafyBr,Kuala Lumpur Federal Territory
2023-02-02 13:02:58+00:00,1621132065902301184,Michellelanious,"When pineapple hungry,",Right behind you :)
2023-02-02 06:23:57+00:00,1621031649189453824,MeaganTheresa,Why isn’t anyone talking about how Influenza A meds makes you have gastric &amp; gets you soooooo hungry?!,
2023-02-01 17:17:47+00:00,1620833803588747264,panadolsandpot,"Been living off a super high blood pressure since the past few days. 

Bubs is now putting rules and curfews on my food intake and the timing. 

I got hungry at 1am. Just smuggled two slices of cheese from the fridge silently. I feel guilty. 

But. Damn. The cheese is sooo good.",
2023-02-01 16:51:45+00:00,1620827252429848576,syeraazamani,24/7 hungry 🥴,Kelana Jaya 
2023-02-01 12:51:35+00:00,1620766813046079488,azrfrsln,"When you’re sooooo hungry after work, all you can think of is SUSHI!",Selangor
2023-02-01 05:38:39+00:00,1620657863575355392,Michellelanious,"@bbsingsong Burger ramly tu kita duk depan dia &amp; makan instead.

Hungry? Go find your embassy. No money to go there? WALK",Right behind you :)
2023-02-01 00:03:44+00:00,1620573578440871936,nsyafqayahya,&amp; today I woke up feeling so exhausted &amp; hungry :(,
2023-01-31 15:08:29+00:00,1620438877847830528,admluq,"Meor: Aku tak suka konflik 
My hungry ass: Asal kau tak suka do!? Fav aku KokoCrunch https://t.co/FTiCD7PS7Y",Malaysia
2023-01-31 12:13:38+00:00,1620394874699935744,Media_Selangor,Selangor Journal | Five-time national sportsman Azizulhasni still hungry for more https://t.co/2vduutXRhA https://t.co/NQ31AeW3O7,Shah Alam
2023-01-31 05:08:34+00:00,1620287905045581826,Rajukumarkr,Very hungry https://t.co/ZEwCPTtlxf,
2023-01-31 03:03:05+00:00,1620256324587257856,MichaIramli,Bro is hungry 😭,
2023-01-30 17:38:02+00:00,1620114125337821184,MatilahHukumnya,"Darling... this morning I couldn't eat because I missed you, in the afternoon I didn't eat because I was thinking of you, and at night I couldn't sleep because I was hungry..HAH KAN DAH LAPAR! 😂😂",
2023-01-30 12:13:26+00:00,1620032435697364992,dolla_sea,@tabbywink @babytabbypuff Babyyy be looking hungry!!@babytabbypuff,"Selangor, Malaysia"
2023-01-30 12:12:56+00:00,1620032311105576960,nsyafqayahya,"Salam, I am still hungry :(",
2023-01-30 10:52:13+00:00,1620012000150687744,anyatames,I'm so hungry?????,"Dublin City, Ireland"
2023-01-30 04:47:30+00:00,1619920215772631041,anyatames,"Me! I dengar semua classical music from one musician to another and it helps my productivity. And of course, not now. I'm not into work nowwwww, I'm hungry","Dublin City, Ireland"
2023-01-30 03:03:32+00:00,1619894051368767489,rougep89,Especially when you're hungry,malaysia
2023-01-29 14:44:12+00:00,1619707989233106945,fadzilharith3,"Just got home from class. ACCA P6 hit me hard today. Nevermind, tired but hungry 😆 https://t.co/ZXixLImF5m",Kuala Lumpur Federal Territory
2023-01-28 03:09:46+00:00,1619170843032170498,ohsolikeyaa,"I punya tahap bitter pagi ni ada orang duduk dekat meja yang I dah reserved, instead of saying sorry she said oh tak nampak pulak reserved. I cari meja exactly opposite meja tu so dia boleh makan sambil nampak I tengah jeling dia. Don’t mess with (hungry) pregnant lady guys.","KUL, MY"
2023-01-27 10:05:36+00:00,1618913101591777281,miesunbae,"Such a good taste of food and nice place for hangout ☺️👌 Last picture, si kecik already woke up and hungry 😂 #foodie https://t.co/IjmyjtiX3b",Kuala Lumpur
2023-01-26 10:18:23+00:00,1618553934108585984,anyatames,"Ya Allah, I'm so hungry.","Dublin City, Ireland"
2023-01-25 22:17:03+00:00,1618372401674481664,bashrahman,@whoisafiq This is making me hungry already 🥹,"Cheras, Selangor"
2023-01-24 20:18:01+00:00,1617980058135851008,adrianabdrahim,4 o'clock in the morning and I haven't sleep yet. The baby seems woke up as well. Might be hungry. Hm.,
2023-01-24 13:52:55+00:00,1617883145243873285,AfifAimi2,@styloamirulz Kt Mcdonalds . Hungry,
2023-01-24 13:13:33+00:00,1617873237790314497,anyatames,"Ya Allah, I'm so hungry","Dublin City, Ireland"
2023-01-23 15:47:16+00:00,1617549536947470341,Rozina_Aziz,Vegan dinner with the fam. Love The Hungry Tapir.,Kuala Lumpur
2023-01-23 05:42:03+00:00,1617397226799796224,amierulfitry,"Hungry but lazy to cook and go out! 

#LazyDay","Petaling, Selangor"
2023-01-20 19:38:43+00:00,1616520616852717569,izzahokayjer,sleepy but hungry☻ https://t.co/QDNTss8vtB,"Pattani, Thailand"
2023-01-20 03:32:58+00:00,1616277579463524353,sangeetha1993,Still hungry after a heavy breakfast 🥲,"Central Region, Singapore"
2023-01-19 10:42:51+00:00,1616023375402631169,oneforthemoneyh,"Beyond exhausted.
Sleepy. Cranky. Hungry.
Think my boss noticed that 🥲",Lilyput
2023-01-19 09:49:01+00:00,1616009827997863936,Rainbowpops11,I'm hungry 😭,"Selangor, Malaysia"
2023-01-19 03:02:00+00:00,1615907397830340609,aribahabdullah,Currently sitting at an eatery with a smell so susss. But I’m hungry and have to wait for my car repair 🥲,
2023-01-18 12:43:54+00:00,1615691450079154177,mookswarfare,"Angry because of hungry is normal,angry because of curry is abnormal.",BAY AREA
2023-01-18 10:36:58+00:00,1615659504569573378,hamdanalias83,@Piroxide My hungry ass Ingatkan mi sanggul. 💀💀 https://t.co/IfJ6F89xPu,Teluk Anson
2023-01-17 15:12:57+00:00,1615366570527625219,hardhat101,Lou sang with Hungry Achievers @ 鄭皇廷大酒家 ZHENG Palace https://t.co/lcmjp0VBoe,Kuala Lumpur
2023-01-17 14:50:39+00:00,1615360961833242625,donacaddo70,"Officemate tanya dulu pernah gemuk ke? Sbb dia tengok kita macam discipline eating. Actually, dah terbiasa dulu tak berduit sgt, then being hungry before sleep is normal. Lgpun, senang nak golek2 dlm keadaan perut kosong. Tak gitu? 🙂",
2023-01-17 04:46:18+00:00,1615208868572979203,AliaaSyarida,@lusmahsdilyat @Atul_Mia I only eat free mini rempeyek and coffee provided by the company for breakfast. Hungry ooo,"ÜT: 3.1359574,101.760605"
2023-01-14 23:37:36+00:00,1614406407276867585,an_raw_jpgs,Sleepy &amp; hungry. Can’t believe I just sleep 10-15 minutes only. Hahaha… I need coffee before the event start 👉🏻👈🏻,Malaysia
2023-01-14 05:34:15+00:00,1614133775235186688,an_raw_jpgs,Final preparation for tomorrow just start. So excited. I’m hungry &amp; need a coffee with extra shots https://t.co/oaktL9wsZf,Malaysia
2023-01-13 22:31:54+00:00,1614027487771758593,pinkyfish10,Hungry hungry,ラルクアンシエルの世界
2023-01-11 18:10:35+00:00,1613236949338456065,chxrmnjy_,Hungry at this time is not a good timing 😭,
2023-01-11 17:25:00+00:00,1613225476788744192,callmeyid,Feeling hungry but too lazy to get food,Si pejaaa
2023-01-11 13:46:49+00:00,1613170569159282689,drlimkt19,"@RnaudBertrand Arnaud, stop making all of us hungry following your tweets. When are you going to try some local Malaysian food eg fried Kuey Tiao, Bak Kut Teh, etc?",Malaysia/Beijing 
2023-01-11 05:52:11+00:00,1613051122008346625,Eastcantdark,"@imokman @Khairykj A snake if it doesn't bite with its venom,,,it will coil with its strength...Then you have to remember that a venomous snake cannot possibly bite without releasing its venom when it has been tamed and cannot coil with pampering when it is hungry...😒","Kajang, Selangor"
2023-01-08 04:00:00+00:00,1611935728782696455,ayampenyets3,"Feeling hungry? But Sunday is the day to chill at home? Worry not, we are available online! Just search ✨Restoran Ayam Penyet Simpang 3✨ on your food apps. 😉

@BangiCommunity @BangiKita @Twt__Kajang https://t.co/IALTzisFTv","Kajang, Selangor"
2023-01-07 14:27:28+00:00,1611731249038757889,devprasad888,We won the 1st leg. Now to work a million times harder in the 2nd leg. Thailand looks deadly and hungry. #MALTHA #AFFCup2022 #MalayanTiger https://t.co/4rvdj0TtR2,"Damansara, Selangor"
2023-01-06 12:54:28+00:00,1611345457044668416,sxrvhm,Hungry. And its raining,Kuala Lumpur City
2023-01-06 12:25:05+00:00,1611338060696023041,DeanUjang,Don’t know why I’m hungry all the times. Ada bela Hantu Raya ke perot setan ni.,Kuala Lumpur
2023-01-05 15:11:43+00:00,1611017606353539072,LeezaAbdWahab,No appetite to eat but hungry. How??,Malaysia
2023-01-05 10:19:54+00:00,1610944171153690626,ongmichael,"@dckahc it's the same line as "" see, long lines in KFC/MCD , where got hungry or poor people in malaysia ?""",malaysia
2023-01-05 06:44:19+00:00,1610889914962567169,dolla_sea,@tabbywink Hungry bear,"Selangor, Malaysia"
2023-01-05 04:39:54+00:00,1610858607083687937,kotoinda,im so damn hungry,"Damansara, Selangor"
2023-01-05 03:30:01+00:00,1610841020216004611,shaalizan_,Gosh I’m hungry af,"Selangor, Malaysia"
2023-01-04 17:02:47+00:00,1610683171993190401,wellbeinb,I hate the fact that i’m hungry at 1am,Kuala Lumpur City
2023-01-04 14:02:52+00:00,1610637891289636865,SheilaSandhu,"#ShehnaazGill's b'day is 23 days away.
Feed hungry animal, share a meal or 2 with needy or if u're able 2 do a little more, do so as per Ur budget bt refrain frm giving money 2 any1, channel owners included, fc's etc.. cutting a cake n eating it urself 4 popularity don't count🙄 https://t.co/bvtdHnEyx7",
2023-01-04 12:20:36+00:00,1610612155468107777,ameyammelia,"Today

My first day working in this year. Ive prepared my notebook with each month, each week and day task to be done.

Making sure everything has timeline and I am always gonna be hungry for another tasks.

I believe that success is when you learn and do everything step by step.","Semenyih, Selangor"
2023-01-03 03:47:48+00:00,1610120717449981952,Caramaelmachixt,Im hungry af,
2023-01-03 01:26:42+00:00,1610085209416028161,auhCrelyT,Ok I got refunded but I’m still charged for delivery fee 💀💀💀 I’ll let it slide la I’m too hungry for this shit lol https://t.co/b8BbxW4RoX,Malaysia
2023-01-02 23:22:08+00:00,1610053861376655360,bobyap7,@thompsonb2569 Cain was permitted to kill Abel. Still cannot test God and go where angels dare not thread unless sanctioned by the Holy Spirit. Times and days are evil contributed by world famine. Hungry man is an angry man https://t.co/niWKpDXstU,
2023-01-02 20:27:02+00:00,1610009797079990272,hazimahamid,"It’s 04.27 in the morning and I’m hungry, ni semua sebab tak makan nasi seharian aaa 😭☝️","Petaling Jaya, Selangor"
2023-01-01 19:46:39+00:00,1609637247107891200,itsabubuuuuu,goodnight guys if i wake up early im walking to mcdonalds cause I'm so hungry and im craving that shit but its almost 4 so im gonna go to sleep in hunger,selangor
2023-01-01 05:42:29+00:00,1609424804708519936,rwwnansh,So damn hungry all my muscles are twitching,Malaysia
2022-12-31 10:01:43+00:00,1609127652513943553,ZackAvaricious,I will be hungry again in exactly 30 mins from now.,Flat Earth
2022-12-29 10:03:20+00:00,1608403285576384514,Rainbowpops11,Hungry omgggggg,"Selangor, Malaysia"
2022-12-29 02:12:27+00:00,1608284781435052033,amriiahmad_,"lama lagi ke , im hungry 🙃🥲","Kuching, Sarawak / K.Lumpur"
2022-12-28 14:52:58+00:00,1608113785948229634,cantmakeyoumine,HUNGRY https://t.co/TbEV0jTbAT,Kuala Lumpur Federal Territory
2022-12-28 13:31:55+00:00,1608093390247432193,sydhhhhhhh,kenot sleep due to hungry 🫠 my last meal was at 9am this morning before a long journey 🫠,"Petaling Jaya, Selangor"
2022-12-27 06:09:57+00:00,1607619774430990342,sufiansynergy,@marvelhero feeling hungry @aunty aini's Garden Cafe 🤩🤩🤩 #masaklomakciliapi #sambaipetai #ayamkampung https://t.co/BNTMIJMS8H,"Johor Bahru, Johor"
2022-12-24 21:09:28+00:00,1606758984060665856,djnes79,I’m hungry now 🫠,"Kuala Lumpur , Malaysia"
2022-12-24 05:34:12+00:00,1606523615989882880,g0dcompl3xx,tired and hungry https://t.co/HgyYdhfFdZ,Twitter’s Princess
2022-12-23 09:49:02+00:00,1606225360546189312,Rainbowpops11,I'm hungry. 🥲,"Selangor, Malaysia"
2022-12-20 05:41:21+00:00,1605075864357867520,ImranAjmain,Hungry 🤤,Kuala Lumpur
2022-12-20 00:47:52+00:00,1605002005197754368,hnhanim,@bckupacc99 No i’m just hungry,
2022-12-19 18:58:46+00:00,1604914153315270656,MeenAzhar,I’m hungry.,
2022-12-19 09:07:12+00:00,1604765279308746754,Ben_N_Mei,Keto meal.. My dinner.. Very hungry now.. #HKSeafoodRestaurant@serveyketiau https://t.co/19dyMr5KfJ,"North Borneo, East Malaysia"
2022-12-18 12:05:48+00:00,1604447838095626240,chapree,"the tv ended up watching me instead of me watching the tv lel 😆

caught up with the match earlier and looked like Morocco was more hungry to win the 3rd placing but Croatia was playing fine AF too

good game indeed","Kuala Lumpur, Malaysia"
2022-12-18 06:09:06+00:00,1604358073120100352,laolin99,Hungry and waiting for ma sister 🥲 https://t.co/LoGkb6PEMy,Your Kokoro
2022-12-17 11:56:26+00:00,1604083092741709826,MieHanz_Art,Eating Nandos coz Atok Emet n moggle hungry,On earth
2022-12-15 14:48:48+00:00,1603401695962488832,EshvinGill,Feeling extra hungry these days,Malaysia
2022-12-15 04:32:16+00:00,1603246538972860417,Ndrhazmr,so hungry! and im ready to go to pasar 🥺,"Bandar Kuala Lumpur, Wilayah P"
2022-12-12 14:22:49+00:00,1602307992632057857,ctkittyperry,@WealthInc247 Hungry!,Indonesia
2022-12-11 03:35:01+00:00,1601782578356183042,jetpa512,"Me hungry. What and where to eat?
Same things ka?",subang jaya
2022-12-10 10:34:31+00:00,1601525762783600640,peyter,You know you're hungry when the witches brew in The Northman looks like Bak Kut Teh,Kuala Lumpur
2022-12-10 02:43:44+00:00,1601407287125417986,ongmichael,"@MZAusj @eddydaud @elzalyff Yes, unless you live in cave. Your statement is akin to "" there's food here, why are there hungry people in Malaysia?""",malaysia
2022-12-09 03:42:57+00:00,1601059803052183553,AlannaEloa,"At anyhow. I am now headache, miserable to pay rental &amp; toiletries. Also everyday hungry, Australia. Have U resolve my case, so when could I fly back to U. I don't care as long my tummy comes back full living in Australia. Can you pls email me at least give me MY Travel Document",
2022-12-08 17:45:20+00:00,1600909406056902656,qishdarleena,Can’t sleep &amp; now I’m hungry..,Galaksi Bunasakti
2022-12-07 23:33:23+00:00,1600634608642830336,toraktech,"@MartinLeong25 @Murtadbak @harithzl I know i do..

Beliefs systems that benefit the rulers. Its a very human phenomenon. Told in the holy books. Warning us of the power hungry clerics and rulers of past.
Of prophets who fought against this power madness. Against people who sell away God's name.",
2022-12-06 20:33:11+00:00,1600226872415383552,kairulNzam,Someone is hungry at this time 🤪 https://t.co/KcKgmJzkB6,Shah Alam
2022-12-05 01:52:32+00:00,1599582463063621633,UniMalayaLib,"Hungry? Join us at Precious of Malaysia. 

#UMLib #PreciousofMalaysia https://t.co/NIZwGPMM4B","Kuala Lumpur, Malaysia"
2022-12-04 03:16:23+00:00,1599241175516721153,megatishak,Still hungry .... Pls stfu and get it on u chubby lippy bucket,
2022-12-03 19:51:22+00:00,1599129182151544833,ceciliacsyi,Breastfeeding = eating cake or ANYTHING cos I’m hungry AF at this hour 😂,
2022-12-03 04:04:17+00:00,1598890844509335553,jesuishaneef,@ursyaz Hungry 😶,"Kajang, Selangor"
2022-12-02 11:04:07+00:00,1598634110133895168,ahmadeusyuzamir,@dnlabrr My hungry ass saw Belgian Oat..,Malaysia
2022-12-02 03:58:18+00:00,1598526948887724032,megatishak,So hungry.,
2022-12-01 07:12:03+00:00,1598213319227162624,AshleySuh0103,I’m so hungry 😭😭😭,"machang, kelantan"
2022-11-30 13:38:52+00:00,1597948277550649345,zizannin,"Done for the day, phewww...long hours at work and im hungry now, hows the traffic out there? whr to for dinner?",Kuala Lumpur Malaysia
2022-11-30 11:48:20+00:00,1597920463061385216,Rozina_Aziz,Covid is making me very hungry… Just like the vaccines did…,Kuala Lumpur
2022-11-29 11:34:02+00:00,1597554474700394497,NadzreenHaziq,You’re not hungry. Just bored,Cyberjaya
2022-11-28 22:17:07+00:00,1597353924033671168,myieraazizs,And hungry!,
2022-11-28 05:10:17+00:00,1597095514025197568,ameerjoshua,"Look who‘s here to kickstart the pre-Christmas celebrations!

•
•
•

#robaj @ The Hungry Tapir https://t.co/mlE6yailAQ","ÜT: 1.300186,103.864844"
2022-11-26 07:01:33+00:00,1596398738175819776,miuju,I’m not hungry I’m not hungry I’m not hungry I’m not hungry I’m not hungry I’m not hungry I’m not hungry I’m not hungry I’m not hungry I’m not hungry I’m not hungry I’m not hungry I’m not hungry I’m not hungry I’m not hungry I’m not hungry,
2022-11-25 13:10:43+00:00,1596129256215494657,ruslipan,@AizzatIskandar @faridjamil_FJ @projekhitam @styawy Im hungry~~,
2022-11-25 12:25:36+00:00,1596117901911928832,amolnisrino,Hungry nya 😶‍🌫️,KL || MANJUNG ⚒
2022-11-25 11:11:32+00:00,1596099258901737472,SpongeBobCatz,Sometimes the only reason I do something is because I am hungry.,Home
2022-11-24 09:12:07+00:00,1595706818868940800,AndrewJason89,So power hungry wow,Malaysia
2022-11-24 08:56:33+00:00,1595702902387265538,jgsk_14,"Meow = I’m hungry 😵‍💫🥴 🥘 
Meow meow = I’m super ! Hungry 🙄!!",Kuala Lumpur City 
2022-11-22 08:59:43+00:00,1594978923892609024,MrniYsf,I regretted my decision for not eating lunch tadi. Now im so damn hungry. Dr tak muncul2 pun ni 😮‍💨,around the world
2022-11-22 06:50:29+00:00,1594946402299170816,AlannaEloa,"Nyum, my favourite. I have to cook my tomyam chicken, potato and tomato soup, now hungry actually. If have time to go photocopy my Resume after lunch today. I have calamansi lime now to add+ in my soup",
2022-11-13 14:31:14+00:00,1591800864519639041,hfizjalis,"Kedai sebelah dia yg hungry cat tu nampak sedap, yg sebelah steak &amp; grill tu pon not bad tengok https://t.co/sCwbiuJkX9",Melaka
2022-11-12 02:30:20+00:00,1591257053984874502,FadMono,"After a week of no appetite n not really eating, suddenly yesterday I was fking damn hungry like my stomach just woke up from a coma. https://t.co/EWPmDmswYb",KJ township
2022-11-10 17:29:56+00:00,1590758668244770816,afkPlayerS220,It’s a quarter after 1 and i’m all alone and i fcking hungry! Ade gak masak maggie kang,earth 3
2022-11-07 12:05:01+00:00,1589589738671214593,shahmoses,"📍: 6.55km 
🧭 : 40:49
🏃 : 6’14”

Stat : Hungry! https://t.co/Cf703alRRx",Kuala Lumpur City
2022-11-07 03:47:19+00:00,1589464488633577475,runningpanda_,Too hungry to function 😫,
2022-11-04 12:18:46+00:00,1588506037027733505,ketotbae,Oh bad news. I’m now hungry. After fee months makan sekali je sehari &amp; a week tak selera tiba2 harini kebulur helpppp😭.,WMKK (KUL) - WMKJ (JHB)
2022-10-26 23:22:20+00:00,1585411537468260352,azizmbongkit,@CoffeeLover71 Don’t know. The doctors yesterday didn’t say. I didn’t ask. All I know is it’s this morning. I was told to fast. Hungry.,"Bamboo River, Selangor"
2022-10-26 19:29:12+00:00,1585352868059832320,andyouleft,3am and hungry,MAS-Heaven
2022-10-24 15:04:06+00:00,1584561378043445249,amirputra138,now i am hungry af,"Selangor, Malaysia"
2022-10-24 12:08:53+00:00,1584517282361118720,mvsica1,"@doqtahu Hi hungry, im dad",bertam
2022-10-23 16:09:25+00:00,1584215427039002624,DiyaSeesGhosts,bro....i- oh my god.... I sang negaraku to prove that I'm not hungry but in reality I was seconds away from passing out....,Malaysia 
2022-10-23 13:59:20+00:00,1584182687686094848,Gillianyap93,"This Yukata experience made me so hungry
I just want dessert😍😍

Best Onsen you can ever get at @rvonsen
Yukata for photoshoot included 😍😍

Lady in Blue ➡️ @kuporakuen
Kachak by ➡️ @richardsms83 @ RVOnsen https://t.co/y4MvQWa5ou",Malaysia
2022-10-21 15:22:16+00:00,1583478785114279942,Weinstein_Ray,"Friday 21st October 2022
Hungry, Kailangan mag pakabusog.
#FoodTrip
#LifeOfWeinsteinTheMechanic 
#TheImportantThingIsToBeWillingToDoGodsWill 
#GodsPlanIsBetterThanOurOwn @ Tbs K.lumpur https://t.co/laydzoDibQ","Quezon City, National Capital "
2022-10-20 20:12:59+00:00,1583189558329761792,nienaaas,I can't sleep &amp; hungry,
2022-10-20 19:29:21+00:00,1583178575372779520,amalinaruslan,Hari nih overeat coz I was super hungry.. perjalanan bas yg sepatutnya 3 jam jd almost 6hours 🫠,"Perak, Malaysia"
2022-10-20 13:50:58+00:00,1583093421257785349,liyanacikabom,"filzah is hungry walaupun tadi dah makan ayam makan kopok lekor 🫠

my daughter kuat makan like umi! yeah at least ada ikut umi 🤪","Selangor, Malaysia"
2022-10-18 17:13:03+00:00,1582419498816372737,MOnazmiahmad,"Parenting = Tamagotchi. 

When it's hungry, it beeps. 
When it poops, it beeps. 
When it's bored, it beeps. 

The only difference between a baby and Tamagotchi is, if you break up with your partner, you don't have to pay child support.",
2022-10-18 14:30:15+00:00,1582378528833957888,httpfordaisy,suddenly I'm hungry,
2022-10-18 10:15:15+00:00,1582314359476264960,zaheeraaah,so hungry but bila makan je muntah balik 😩,
2022-10-18 09:51:48+00:00,1582308458166374400,imrvn4prez,I dont feel that hungry,igloo
2022-10-17 03:31:01+00:00,1581850242819194882,adamapotek,Adoi lalu pasal nasi lemak pulak… now im hungry. Should i make my own balik nanti?,"Selangor, Malaysia"
2022-10-16 05:57:11+00:00,1581524636340477954,philipkhor,"There's this noodles shops where the plan is to go in not hungry and order a POT of Chinese tea. By the time the noodles come, you'll be hungry! #worthit #SS15subang #1h15m",Penang
2022-10-12 15:20:11+00:00,1580216769376944129,fromitomi,"can't sleep and hungry, purrfect 😭",
2022-10-12 12:20:38+00:00,1580171583356035073,nbilazahari,sad and hungry,kai
2022-10-12 04:07:30+00:00,1580047483866009600,emilsazura,Immm soooooooooo hungry,"ujung pandang,indonesia"
2022-10-11 18:20:42+00:00,1579899811326619648,afshieFPS,why am i always hungry,🇲🇾
2022-10-11 12:34:34+00:00,1579812702419324929,nadeenuts,"Atok's and ayi's fave 🤍🔥

The way of the world, the greed, the kind hearted, the innocents, the naives, the doesn't-know-better, the power and money hungry...just like the people on our tiny lil earth https://t.co/iNE8Y5fgaM","Johor Bahru, Johor, Malaysia"
2022-10-11 09:41:02+00:00,1579769030541742080,rshazrin,"This is making me super hungry. Looks so so so good.
#vegetarian #vegan #nomeat #noanimals #sustainable #healthylifestyle #sustainability #ESG #SDGs #GHG #netzero #carbonfootprint","Damansara, Selangor"
2022-10-11 08:33:37+00:00,1579752065097936897,pu3shahira,He put this chocolate in my bag knowing that I will definitely want something to munch if i'm hungry masa tgh drive especially. Maceh ailebiuuu ❤️ https://t.co/23lL0ldRwW,"Selangor, Malaysia"
2022-10-11 01:35:12+00:00,1579646766047428608,15_ameame,"2nd week of class for uni
Feeling sleepy and tired and hungry but I shall go on https://t.co/w3ah23Fq30","Cheras, Selangor"
2022-10-10 08:40:16+00:00,1579391353393336320,fellaferina,"Hungry now (@ Kuala Lumpur International Airport 2 (KLIA2) in Sepang, Selangor) https://t.co/El0TNGIdaK",Kuala Lumpur City
2022-10-09 17:03:03+00:00,1579155492437622790,SafirulAbuBakar,Development of young talents is filled with complications. Its not as straight fwd as coaching senior football. Tak percaya tanya all the x national players who r now coaching at AMD. They are learning new things under the 3 development specialists and they are hungry for more,
2022-10-08 14:36:31+00:00,1578756227609206784,qishdarleena,"Makan ice cream &amp; fries pun dah kenyang really has proven that I’m just boring, not hungry.. 🍟",Galaksi Bunasakti
2022-10-08 06:09:29+00:00,1578628630678482944,Superb_Talent1,"@desire5000 You are making me to be privately hornily saying ""aaaaaaaaaaaaaahhhhh"" on you right and of course,I am hungry and you would easily pull me to suck and lick your ass for sure,good friend!!!🧚‍♀️","Selangor,Malaysia"
2022-10-07 15:27:24+00:00,1578406644890804228,medrouq,"Going to Opah lah, screw this I'm hungry",Borneo
2022-10-07 12:31:36+00:00,1578362406417633280,H_Jen008,Hungry.,"Petaling, Selangor"
2022-10-07 01:25:58+00:00,1578194891611729920,Ereyn_Serena,I’m always hungry…,Putrajaya Federal Territory
2022-10-05 11:33:39+00:00,1577623043861614593,elnatacia,Am i hungry or lrt ni bau takoyaki 😖,"Kuala Lumpur, Wilayah Persekut"
2022-10-04 05:54:54+00:00,1577175407501094913,lee__ziqi1212,Aiyo cepatlah buat ct scan i'm hungry,🇲🇾🇨🇳🇬🇧
2022-10-03 08:59:55+00:00,1576859580851593217,Myzaabdulla,"Why is it taking so long to process, I’m so hungry",
2022-09-29 11:12:48+00:00,1575443469061001220,MengoYee,"Rakyat will never forget how we were betrayed after having voted Pakatan Harapan in to govt. 
Betrayed by power hungry politicians who cared only for themselves.",
2022-09-29 05:27:15+00:00,1575356510632230913,liyanacikabom,"Hungry, let’s eat!","Selangor, Malaysia"
2022-09-29 04:33:38+00:00,1575343019426840576,frifhan,Lupa beli snacks. Now im bored and kinda hungry 😢,kuala lumpur
2022-09-27 12:18:55+00:00,1574735335233183745,SagarTap,@KKMPutrajaya - Not sure what kind of Covid you are worried of now after vaccination. You have opened tourism but your capital airport sucks with No food and Water - people are hungry and thirsty and your systems in airport are out of order #growup #Malaysia,"Hyderabad, India"
2022-09-27 11:54:49+00:00,1574729269254975488,NinjaSanZ1,A little hungry today.. pasembur and chicken rice? https://t.co/ceQzU67CV9,
2022-09-26 16:04:12+00:00,1574429640483307520,nurulsuhaidi,I realised that a simple life is not for me. I’m a complicated person and constantly want to pursue bigger things. It’s never enough and I always will feel hungry. I accept this as I am and don’t try to argue me ppl should have simple life etc etc 🤧that makes me bored. You do u,Malaisie 
2022-09-25 14:01:49+00:00,1574036453541089284,CurryKhoo,"I m hungry and someone make me wait till now, yet got my dinner. 😤","Penang, Malaysia"
2022-09-25 08:18:26+00:00,1573950039453741056,AbdulHadiNasri,"Couldn’t complaint much. If you’re on a budget, hungry and not so fussy on the taste this is definitely the place. Finding seat at Jollibee Sunway was a bit difficult. There was so many people. Probably bcause it’s Sunday. Food served super fast. Waited less than 5mins upon order",used to be at NE4 5AS
2022-09-25 04:08:50+00:00,1573887225145610240,Elill_E,"Spoke to Sri Muda residents

🔴They said its utter stupidity to call for elections during #banjir season

🔴Anas said he will not vote if an election is called now

🔴 “I’ve lost enough &amp; realised that the govt is hungry for power instead of caring for the ppl”

#NyawaDuluBaruPRU https://t.co/TxdjGaTkgg",Selangor 
2022-09-24 11:36:05+00:00,1573637391293693954,McNastyPrime,"Tonight @foodpanda_my delivered
1) the wrong order
2) too much of the wrong order
3) and it was cold. 
Good job all round! 
Some other poor customer’s party is going to get off to a hungry start!",Malaysia
2022-09-24 05:01:55+00:00,1573538197404995584,manotai,I is hungry.,"ÜT: 1.348478,104.216738"
2022-09-24 02:00:16+00:00,1573492483199504384,fiyrosa,Im hungry dudel,Shah alam
2022-09-22 16:52:08+00:00,1572992150580891649,bbh45611,@536GifT4U hungryㅠㅠ,"Dengkil, Selangor"
2022-09-22 08:07:41+00:00,1572860170245636098,H_Jen008,I'm hungry. I don't know what to eat. Makan korean dap gak ni. But malasnya nak singgah sunway sensorang🥲,"Petaling, Selangor"
2022-09-22 06:05:44+00:00,1572829481748004864,yi_jyi,I haven’t take my lunch … hungry 🤤,Malaysia
2022-09-21 16:22:28+00:00,1572622299827957760,arsroslane,I’m hungry so jom tidurrrrrrrr,
2022-09-21 10:39:57+00:00,1572536100555730944,kamilipede,Me crying cos im hungry lol,
2022-09-21 08:50:56+00:00,1572508666947063808,danialchuer,I'm so hungry. I wanna cry.,"Sabah, Malaysia"
2022-09-21 08:44:09+00:00,1572506960683208707,ismekuan,"Satisfying my tastebud on this very special day ☺️

But I was still hungry after that 😂
.
.
.
.
.
#september #parkgrill #lunch @ Park Grill KL https://t.co/SOkCciH5cO",
2022-09-17 17:44:02+00:00,1571193273393500160,Ru_burnn,"Stay handsome, stay classy, stay positive, stay hungry😎🔥 https://t.co/65xsEwqx8A","Johor Bahru, Johor"
2022-09-15 13:34:07+00:00,1570405606527500292,JennWilliamsonx,#nasilemak #misoramen and vegan flat bread - absolutely outstanding #vegan #malaysian at the Hungry Tapir 😍😍😍 @ The Hungry Tapir https://t.co/E1CInBiFzX,
2022-09-14 16:31:44+00:00,1570087913798668288,panadolsandpot,"Felt hungry and craved for something tangy. Mixed up mie sedap sambal goreng flavour with maggi tomyam's powder. It legit tasted like tomyam. Like, it was tomyam-er than the maggi tomyam itself",
2022-09-13 15:23:26+00:00,1569708340053422080,tgwtst,You know when you're damn hungry starving and whatever you eat after that feels so good..Not necessarily because the food but because you were hungry..Now imagine getting care when you're most deprived of it..It might actually be something genuine or great but the mind wonders..,
2022-09-13 04:11:45+00:00,1569539305651191809,sarahshdn,Craving for Korean fried chicken at this point coz imma hungry person,"Kuala Lumpur, Malaysia"
2022-09-12 20:13:38+00:00,1569418984243724288,Sall2909_,And now I’m hungry~~ help,Malaysia
2022-09-12 10:41:42+00:00,1569275048900575232,DatoJulien,Anwar on his lifelong goal lot be a PM when his boat has already sailed. Power-hungry politicians don’t fare well for the future of Malaysia,"Cyberjaya, Malaysia"
2022-09-12 05:02:30+00:00,1569189686614294530,yi_jyi,@MonkiiPP @PDomundi @CwrNew @NormalMomm Hungry 🤤… Got chance want to try also ~,Malaysia
2022-09-12 01:49:19+00:00,1569141070545698816,n_azreen,@melatinungsari Now I’m hungry but also pls share the author’s name,Close to the equator
2022-09-11 15:09:37+00:00,1568980085562310659,CirnoFumoTan,"""Wagashi.""

But with a hungry ghost.

#yuyukosaigyouji #touhou #fumo #plushie #wagashi #mooncakefestival #midautumnfestival #malaysia https://t.co/AApR5hSG70",Malaysia
2022-09-11 07:35:29+00:00,1568865799154323456,afmnurdin,Now I am hating the mom of this kiddo.... Yesterday I provided you my schedule so that you can let me know upfront your time💩💩Are you guys home or not....hish I hate waiting while I am hungry,
2022-09-11 03:56:42+00:00,1568810740022390784,anwarinterns,"DS @anwaribrahim states that we should not give up on the system, because your silence empowers the ones hungry for power. 

They use the system—they even use religion—as tools to propel themselves politically. 

It is our responsibility to keep these politicians accountable.",
2022-09-11 03:12:21+00:00,1568799580992708616,Milchastargazer,My mom trapped a rat that was in the kitchen and my dad haven't released him outside yet cuz if was raining heavily yesterday. My mom fed it some cheese cuz she was afraid it might be hungry. ❤️,
2022-09-11 02:00:15+00:00,1568781436253274115,AlannaEloa,"11.9.2022. 1.45 am or pm?

Here is 9.58am. 

Wait to drying launderette 

Hungry. https://t.co/N4esGaiHA6",
2022-09-10 16:09:47+00:00,1568632840014958592,MaxHadid29,@cub_lad @A_hungry_Fool https://t.co/GMkP8SBify,"Selangor, Malaysia"
2022-09-10 12:19:41+00:00,1568574932254363650,haafizs1,Hungry but lazy to go out 😪,Pengkalan Hulu - Kuala Lumpur
2022-09-09 17:00:15+00:00,1568283151537156097,zubairkhawaja,@TalatHussain12 Watching them walk through the fabulous corridors of PM office and greeted by immaculately attired #PrimeMinister and Co. I instantly felt apologetic to the countless hungry ppl lying half naked under open skies. How can we be so insensitive,
2022-09-09 12:24:32+00:00,1568213767317766145,CicerGracia,"Hungry, sleepy, exhausted","Sabah, Malaysia"
2022-09-09 04:19:23+00:00,1568091673686872067,SMQotaddah,"@firdauspaklah Hungry Bird Cafe in Canggu, nicest in Bali, coffee wise.",Jordan
2022-09-08 01:19:27+00:00,1567684003817472003,whyredX,Hungry go where,Mars
2022-09-08 01:07:47+00:00,1567681068547080192,IntanEdgar,@miund But so hungry tho 😩,"Dallas, TX"
2022-09-07 19:51:46+00:00,1567601542018269185,CJ_Janesh,"Suddenly Im sweating badly, hands are shivering, fucking hungry.. 

Is this normal??","Kajang, Selangor"
2022-09-07 13:20:44+00:00,1567503131847835656,yukoxuan2510,"Eat jor a big plate of spaghetti, a burger and a packet of biscuits and I'm still hungry fml",Malaysia
2022-09-07 11:33:53+00:00,1567476244949909504,shuveshek,"@MY_Airports only one restaurant open at KLIA 2. Really??? Orders are backed up for half an hour .. they are not accepting orders.vgonna board on a hungry stomach, thanks 👍👍👍",India
2022-09-07 08:42:43+00:00,1567433166675410944,CurryKhoo,@0xSushiKev And they are hungry!,"Penang, Malaysia"
2022-09-07 06:03:03+00:00,1567392985238872064,mookswarfare,Hungry,BAY AREA
2022-09-07 05:44:40+00:00,1567388359785578496,RajibBa61617042,@XenaLeBlanc @bbarcher_ I am very hungry,
2022-09-06 06:22:40+00:00,1567035533959766016,Tigrevert,"I'm at Hungry Tapir in Kuala Lumpur, Wilayah Persekutuan Kuala Lumpur https://t.co/MZWgaURkrS",Asie
2022-09-05 20:34:04+00:00,1566887410356867072,DiyaSeesGhosts,hungry :(,Malaysia 
2022-09-05 14:59:32+00:00,1566803222911602688,OfficialJoannaJ,Dude these medicines makes me so effing hungry man wtf.,Malaysia.
2022-09-05 12:37:35+00:00,1566767496819929089,ZackAvaricious,Now im hungry. Nak balik masak.,Flat Earth
2022-09-05 06:11:43+00:00,1566670392214712320,changing_shade,Productivity goes down when im hungry-like urghh… where my food at?,Kuala Lumpur City
2022-09-04 18:02:31+00:00,1566486881231323137,Irfansymil,ronaldo macam aku; the frustration bila bola orang pass tak sampai. frust yang memang maki dalam hati keluar kat mulut sikit. kita jenis hungry nak score goal. aku macam ronaldo,Kuala Lumpur
2022-09-03 11:00:00+00:00,1566018163472535554,razarro_,"Hungry zone... (@ Food District in Petaling Jaya, Selangor) https://t.co/AEOYsGpDd8 https://t.co/cYbPD6Hv7e","Damansara, Selangor"
2022-09-02 22:41:30+00:00,1565832317188579328,noonebutcarmen,"I designed a Maths Escape Room Challenge for my Y6s to end what we call a Frantic Friday 😂

🌠I love my class. My only prayer is for them to engage in the learning purposefully and stay hungry to learn. https://t.co/ax3yY3sTqC",Kuala Lumpur Federal Territory
2022-09-01 16:01:48+00:00,1565369339418902528,Qaqarottt,"I'm sooooo hungry, I can eat a 🦕 now!!!!","Kelang, Selangor"
2022-09-01 09:38:57+00:00,1565272993479426048,SheilaSandhu,"The difference btw giving in #SidharthShukla's name n taking from it...
Much thanks to @syedmerajhusain ji CEO of @bhamlafoundatio n his team for sending prayers n Blessings in Sid's name by giving to the hungry.🙏🙏 https://t.co/tGejxrSxIe",
2022-09-01 09:09:52+00:00,1565265672934166528,sekmung,"Hungry but haven’t showered, have no idea what to eat and stressing over shit that made me happy.",
2022-08-29 12:13:49+00:00,1564224802340057088,mookswarfare,High &amp; hungry as fuck,BAY AREA
2022-08-27 18:36:13+00:00,1563596261005340673,___yingg,"Then I got hungry at 2AM because I ate so little since last night, made something to eat &amp; vomited everything again. Now I have to sleep with an empty stomach again. 

And the cycle repeats, everyday.",
2022-08-27 17:06:05+00:00,1563573578179588106,nirmalsbhat,"And now the order shows cancelled.... Pathetic service @foodpanda_my
@NandosMY  This was supposed to be family dinner and my kids went back to sleep hungry. https://t.co/d6pv6t5FId",India | Malaysia 
2022-08-25 17:57:59+00:00,1562861864559603712,sekmung,"Hungry since 11pm, fikir nak makan je until 2am. Now I’m changing my pants and heading off to bed, again.",
2022-08-23 09:20:11+00:00,1562006779919220736,AishahDeArt,"After the event , we felt so hungry . We're so lucky that our brother @lanitamart  treat us for a lunch.. .. We love you abg Lan 😁😁

#artist #artistoninstagram #artlover #artoftheday #artismalaysia https://t.co/qOArkVcOtG","Petaling Jaya, Selangor"
2022-08-23 08:37:09+00:00,1561995949995462657,MrDon72588989,@sillyKashish Hi Are You Hungry you Want Capaty or Briyani Rice Can Order Now Tq Boss🙏🌹,
2022-08-23 04:59:33+00:00,1561941190614056962,itshareez,"tall bf 🤝 short, clingy, indecisive, always hungry gf",Anfield
2022-08-23 04:36:02+00:00,1561935269309267968,megatishak,"Cold, cold office room today. Can't go out to eat because I'm waiting for my turn to present. And yes, I'm hungry.",
2022-08-22 01:47:54+00:00,1561530571343667200,Masterjune70,"@Bo_McBigTime @DaBeezyBFF That is bad...damn, its only 10am and I'm hungry.",
2022-08-22 00:14:30+00:00,1561507063846449152,lumie_ejal,Thank you @kai_ouden_menei super hungry kan! Kaki agak wobbly to be honest time ni. Haha 😄 https://t.co/PNmgnGbZWe,
2022-08-21 17:31:14+00:00,1561405579931037696,smileyyodaa,so hungry this hour,"Selangor, Malaysia"
2022-08-20 13:18:34+00:00,1560979608287453186,afmnurdin,I am so hungry at all sudden but really no idea what to eat. I am in no mood to cook not even a ramyeon,
2022-08-19 11:45:33+00:00,1560593811277074432,EatDrinkMsia,"When you bring a bottle of sherry for dinner and the restaurant actually has some old school "" sherry glasses""..lol...

#gonzalezbyass 
#notyourauntysherry @ Hungry Bacon https://t.co/uOPZci5t8m",Kuala Lumpur Malaysia
2022-08-19 04:41:17+00:00,1560487041808617474,ShaSenza,Tahu la hungry ghost festival dah serupa concert for hantu cina yang padang tu bagi hantu lepak ka hahhaha hokkien panggil por tor.,"Damansara, Selangor"
2022-08-18 07:28:04+00:00,1560166624765874181,LalitaKumari19,Just posted a photo @ The Hungry Tapir https://t.co/tfhCxeMv2y,Malaysia
2022-08-18 05:39:20+00:00,1560139262301204480,tilaklj,@DrJasonLeong Looks like you are plain hungry...😀,Kuala Lumpur 
2022-08-18 02:57:34+00:00,1560098551988101121,cakewhatt,Hungry + Gloomy weather = Sleepy. 😪,
2022-08-18 01:54:15+00:00,1560082616866717697,mutalibuthman,"Bila tubuh badan tak berapa sihat, saya bangun tidur awal. Bila bangun tidur awal, saya lapar. Hungry man is angry man, jadi saya perlu pergi cari sarapan.

Nak sarap pula kena beratur. Harap kedai ini tak mengecewakan angry man lah https://t.co/bd8eWvaZXn",Masjid Tanah
2022-08-15 13:05:38+00:00,1559164412585320449,aribahabdullah,Burnt too much fat during midday and now I’m hungry again 🤡 gonna fast and let them autophagy runs,
2022-08-12 07:15:27+00:00,1557989123151261696,notpong4321,Seronok juga tgk Pengabdi Setan malam Hungry Ghost ni,Damansara
2022-08-09 04:58:57+00:00,1556867606401142785,ArifRalph,Not too hungry for lunch. Got room for sabweh. Cute wrapper by @ernestngBRO https://t.co/HQb8isb3CL,Kings Landing / KL
2022-08-05 06:38:07+00:00,1555443012679143424,OfficialJoannaJ,Sleeping and donkey decided to call me from Johor to tell me that he is hungry and that he’s eating Texas chicken -.- What do I do with my boys.,Malaysia.
2022-08-05 01:42:36+00:00,1555368643764310016,afmnurdin,"Also company lg suka students dr uni xbyk songeh....Contoh tmpt aku skrg siap volunteer utk mentoring dak2 UNIMAS, Taylor's Uni and I prnh dgr ada boss tu suka budak UNITAR...hungry for knowledge katanya, proactively lah literally. Cause kdg yg grad UK,OZ ni kekwat time iv🙅",
2022-08-03 13:33:46+00:00,1554822839328538624,chulacima,I’ve decided to post pictures of my food until i felt i don’t need to. The last pictures make me hungry 🤤 @ Malaysia https://t.co/oiSStPXO40,
2022-08-02 03:49:37+00:00,1554313444660514817,SheilaSandhu,"1 month to complete a yr.
Small umeed that on that day if everyone could say a prayer, feed an animal or a few hungry souls, plant a tree in #SidharthShukla's name n send him blessings🙏🙏 https://t.co/QstGUshlz1",
2022-08-02 01:16:07+00:00,1554274814986436608,H_Jen008,Sleepy. Hungry.,"Petaling, Selangor"
2022-08-01 13:21:48+00:00,1554095049759399938,mlllandy,Not so hungry but want to eat but my mind said to me don't eat 🤣 what a miserable night,"Kajang, Selangor"
2022-07-31 13:19:31+00:00,1553732087693611010,andrechlai,"云顶吉冷（饼厂）盂兰公会今天庆赞中元节。

他们继续如以往的祭典，这是自疫情爆发以来他们一直在做的。

Hungry Ghost Genting Kelang prayers is taking place at their office at Jalan Teratai 2,Taman P Ramlee, Genting Kelang. Its good to see Mr Heng, the association chairman. https://t.co/46VDmBXKsx",Kuala Lumpur
2022-07-31 09:36:56+00:00,1553676073178607617,AlannaEloa,"To continue be a great ""quality teacher"", does it means I have to live hungry or with less value food nutritions to protect that little cheap salary?",
2022-07-31 05:14:40+00:00,1553610071434985473,CirnoFumoTan,"""Quiet lunch at a loud con.""

Gudako (with her iconic eyes) with kouhai, eggplant. Hungry ghost with tanned fairy, and Nezuko. And spaghetti. At Autism Cafe Project, owned by a friend. https://t.co/F0zfnqs7LF",Malaysia
2022-07-29 22:43:56+00:00,1553149351483957249,farhahdean,Having breakfast this early cuz I’m hungry.,Malaysia
2022-07-29 14:27:09+00:00,1553024332804239361,AyieZach,Last meal at 1.30 pm. Now I'm so fucking hungry 😭,"Petaling, Selangor"
2022-07-27 06:58:15+00:00,1552186588548935680,NissaKerr,"Now im hungry , dah lunch pun lapar , so energy consuming 😑 lah crying","Putrajaya | Kajang,Selangor"
2022-07-26 10:19:55+00:00,1551874949258031105,asjojes,hungry for home-cooking 😓,Selangor
2022-07-24 16:04:36+00:00,1551236919928823808,Soorayaaaaaaaaa,Had chicken burger for dinner but now im still hungry. How can Yolanda let Gigi eat only half of an almond. Lahh tiber,"Kuala Lumpur, Malaysia"
2022-07-24 15:48:11+00:00,1551232785956093952,hellolqmn,"paying rm50 for burgers+fries for room service means you dont know if your hungry stomach, the food, or the price is telling you that the food is actually delicious 🙉",@helloluqman
2022-07-24 07:35:12+00:00,1551108721358815232,Dankbaar27,"@RaymondNewsMPB Hmm, thought I was the only one feeling hungry all the time. HSO Day-2.",.
2022-07-24 07:19:23+00:00,1551104741504995328,nurulafreenazmr,im in the phase of im hungry but im not going to eat,
2022-07-22 10:36:40+00:00,1550429614417539072,CirnoFumoTan,"I'm still trying wrap my head around this news. Because firstly, I cannot afford this. And secondly, it's the hungry ghost ""of all 2hus.""",Malaysia
2022-07-22 02:51:57+00:00,1550312663841792000,natassyaredza,"Hi Connections,

I’m looking for 10 Dynamic Hungry For Success Millennials, who are dedicated, have a winning attitude and want to see changes in their life to join my Business Coaching Team!",Kuala Lumpur City
2022-07-19 15:29:56+00:00,1549416256180490240,cakewhatt,tt already sleep. me? hungry. 😕,
2022-07-19 10:06:56+00:00,1549334967477448705,abb_ashaa,rasanya im having late lunch. and now im hungry 🤣,"Matamata-Piako District, New Z"
2022-07-19 06:53:24+00:00,1549286265530765312,roastedbutters1,Im damn hungry rn but lecturer still nak buat ice breaking sesh,
2022-07-19 03:55:36+00:00,1549241521312264192,kiraryuk91,Bergaduh dgn driller makes me hungry.,Malaysia
2022-07-18 17:10:16+00:00,1549079116023877632,OhhPian,"Dem so hungry, mcd mana bukak skrg ni 😪",Guess what?
2022-07-18 16:01:20+00:00,1549061767846072320,Qaqarottt,Hungry all the time,"Kelang, Selangor"
2022-07-17 06:37:51+00:00,1548557577201471488,haafizs1,Not eating lunch yet.. supper dupper hungry,Pengkalan Hulu - Kuala Lumpur
2022-07-16 15:28:47+00:00,1548328801662148609,briansuken,Hungry. To mcd or nah?,"Selangor, Malaysia"
2022-07-16 05:10:17+00:00,1548173151091462144,naimshari_,Hungry for my honey,"Damansara, MY"
2022-07-15 19:10:51+00:00,1548022298665312264,dathinside,"Overthinking ❌
Hungry at this hour ✅",Subang Jaya
2022-07-15 06:34:31+00:00,1547831963100512256,nnnnnnrl,hungry asfck,GBK
2022-07-15 05:16:21+00:00,1547812290468012033,missynida,Are you hungry?? I am 😊 #eatclean #yogurt #granolabars #overnightoats #oatgasmic https://t.co/U65593jjX0,| TPG | Ipoh | 
2022-07-14 03:36:57+00:00,1547424888868069376,shrewdmind,"Bitch, I'm hungry...

Faster laa be 12.30",TM-01-27
2022-07-13 08:44:37+00:00,1547139924322750464,NissaKerr,Bought kaya ball somemore 😑 then complain hungry just eat lah adoi,"Putrajaya | Kajang,Selangor"
2022-07-12 15:23:33+00:00,1546877932697661440,RoiKinney,Fucking hungry. Bodoh KTM late I had to call Grab and costed me a fortune!,.my
2022-07-11 12:43:05+00:00,1546475161314279424,Sall2909_,"Then we need 

I’m hungry the series too..",Malaysia
2022-07-10 13:04:11+00:00,1546118084066324480,mustakim_ismail,"As always. Stay hungry, stay foolish.",Kuala lumpur
2022-07-09 08:41:54+00:00,1545689689104871425,SausageSizzleMY,"Kawans in TTDI, 

We just moved in and are ready to serve coming Wednesday, 13/7/22

Do drop by if you’re hungry! 

Menu: hotdog &amp; fries
Operation: 7-11pm/sold out (wed-Friday only)
Location: https://t.co/cC5kPtAcIX

@ttdiTV @MalaysianFoods @FoodViralMY #sausagesizzlemy https://t.co/0oHL6wpXId",https://www.google.com.my/maps
2022-07-08 15:44:56+00:00,1545433761289932800,tendosouji,Hungry like a wolf,"Putrajaya, Putrajaya Federal T"
2022-07-08 02:56:36+00:00,1545240404005879808,ynwa_Perak76,"@BooSoonYew67 🤨 RM8 le…
It’s delicious, but not sure if it’s genuinely tasty or because I was hungry 😬

Started driving from Penang 520am this morning.",Penang
2022-07-06 10:18:19+00:00,1544626792442392577,ummi_khd,Why am i always so hungry,"Petaling Jaya, Selangor"
2022-07-05 12:00:26+00:00,1544290103987957760,Oohss8,A gem 🚀 @ArtByDezzi @seorangnanie @Hungry_Macke,Chizoverse
2022-07-05 02:36:20+00:00,1544148141716684800,Nadia_Nazir,"Should I have telur separuh masak or should I not eat before I finish this task? If I starve myself now, I’ll get the task finished faster. But I’m hungry. https://t.co/ifihBWtgMw",Kuala Lumpur
2022-07-05 02:24:34+00:00,1544145181188182018,_farahazlinda,Me and my hungry stomach should stop,"KL, Malaysia"
2022-07-04 07:31:18+00:00,1543859982692929536,ans47,"If you are hungry at late night like me (esp if u have to work at night), they have 24-hr room service 

In addition, there is nespresso machine with free pod coffee, specialty teas, and everything in mini bar (and fridge) is free https://t.co/lw0mbZlpID",
2022-07-03 14:00:14+00:00,1543595473118044161,heyyyygg,Im hungry 🥹,Terengganu
2022-07-02 14:18:31+00:00,1543237689100496896,drlimkt19,@mariocavolo @iChongqing_CIMC @reporterfly This is criminal. I am hungry now.,Malaysia/Beijing 
2022-07-01 10:36:46+00:00,1542819495030702081,aiedajusri,Im so hungry right now I could eat everything I saw on my tiktok. Even nasi kerabu.,"Selangor, Malaysia"
2022-07-01 04:49:21+00:00,1542732064704761856,Fadzli_ii,Done interview for morning session. Now I’m so hungry.,Kuala Lumpur
2022-06-30 11:16:04+00:00,1542466996381831168,sharkawiahmad,Hungry &amp; need to buy self test kit,Kuala Lumpur Federal Territory
2022-06-29 14:11:22+00:00,1542148725426257921,dirrtyterry,I am hungry!!,Kuala Lumpur
2022-06-29 05:15:15+00:00,1542013807257481216,tasha_murale,"@RepMTG So you're saying keep the guns so yall can shoot down trans people, kids, non-gun hungry citizens, etc? Everything yall been doing goes against your statement of Church and state is separate. Heck, even your church ain't a church of worship... it's a cult of money destruction.",Malaysia
2022-06-23 12:58:00+00:00,1539955933744201735,sabrinazakaria,I’m hungry and I’m tired,Malaysia
2022-06-22 12:06:47+00:00,1539580656128184325,yshmn_,im not hungry at all but i wanna keep myself distracted so i just go eat😭,kuala lumpur 
2022-06-22 00:31:12+00:00,1539405610521079808,cakewhatt,@roxxxieyy I is sad and hungry 😫,
2022-06-20 09:30:15+00:00,1538816489444491264,SheaEvleen,Why does a food taste better when you're hungry? #wondering,
2022-06-19 12:34:30+00:00,1538500470221594624,ruantingbao,"This is me, when I am too hungry 
😂😂😂😂😂
#Hungry #AsianBoy https://t.co/ccTDwLB1os","Kuala Lumpur City, Kuala Lumpu"
2022-06-17 16:09:55+00:00,1537829905106276352,EngfaTaetae,"[Eng Trans - Word playing]
“Tum naeng”(Titles) will stay only for brief moments, but “Tum naan” I’m hungry.

Tum naan can be translated as “legends”, but in this context, Engfa means it took too long to pound/make Som Tum (Thai papaya salad). #อิงฟ้ามหาชน #EngfaWaraha",Station 19
2022-06-17 14:29:50+00:00,1537804719145775104,Nathan_Kersinan,"When your tummy say ""Hungry"" at 10pm. https://t.co/QMt0rmYgO5",Kuala Lumpur
2022-06-17 09:36:11+00:00,1537730819229622273,lordofkendal,Freshly baked by Bryan a twenty something passionate and talented pâtissier accompanying a Rimau in a wet and hungry afternoon. https://t.co/YCdasJ65OY,Spaceship EARTH FrontierOfTIME
2022-06-16 02:47:58+00:00,1537265701492207616,TheSaintDemon,@BenMelangkah I read it with “He’s damn gorgeous when he’s hungry”,"Kuala Lumpur City, Kuala Lumpur Federal Territory"
2022-06-15 13:13:21+00:00,1537060694537154560,Meg_Suppiah,@yaniemnsor Looks good!! #hungry,"Selangor, Malaysia"
2022-06-15 02:16:42+00:00,1536895442709262336,Dylalues,Hungry but too busy,
2022-06-14 07:20:51+00:00,1536609596856406017,neesasodirman,I’m so hungry,
2022-06-14 05:35:05+00:00,1536582981317722112,JoAnnaJurczyga,"Those hungry and most vulnerable pay a high price of Russia’s blatant lies.

We cannot let Russia turn food into a weapon again. 

We must stop Russia from causing Holodomor again!

#StopRussianAgression

@FAO
@WFP
@_AfricanUnion

We #StandWithUkraine 🇺🇦🤝🇵🇱","Kuala Lumpur, Wilayah Persekut"
2022-06-13 10:29:21+00:00,1536294645344264193,paultantk,"dunno whether terlalu lapar or what, but this was so damn good. went to ichikakuya uoa glenmarie for a meal. but didnt wanna order soup ramen cos i was very hungry, no patience and didnt want to burn my mouth with hot soup. this tasted like japanese pan mee! https://t.co/fj5bgOOvQ2",Shah Alam
2022-06-13 08:53:02+00:00,1536270410051768320,ZoeFinnn,Im hungry so i ordered dominos pizza,Kampong kat Jepun
2022-06-13 04:46:05+00:00,1536208261069754368,HWalaiku,@AdolfoRoma6 I am so hungry,
2022-06-12 16:43:41+00:00,1536026462418980864,syzwnihlm,Forever hungry lah masalah aku no 1 😅,Para Para Paradise...
2022-06-10 04:00:15+00:00,1535109565146009600,aizatiqa,I m hungry! 🥲,"Tanjung Malim, Perak"
2022-06-08 12:58:34+00:00,1534520257288622080,drlimkt19,"@SlavFreeSpirit Really? Unbelievable in one of the richest continent. ""They may have nothing(or hungry) but they are free"" as Angelina Jolie would say re refugees in Iraq/Syria.",Malaysia/Beijing 
2022-06-08 05:46:12+00:00,1534411450420109312,zmariz1,@FafaMarissa Are you hungry? Now?,"Kuala Lumpur, Malaysia"
2022-06-04 06:20:40+00:00,1532970574770630657,tendosouji,Still hungry,"Putrajaya, Putrajaya Federal T"
2022-06-03 20:16:12+00:00,1532818454323281920,Fadzli_ii,Damn I’m hungry 😂,Kuala Lumpur
2022-06-03 02:03:22+00:00,1532543434468507648,najmizes,"I started my daily routine for my store since the first day of Ramadhan. 

I'm used to waking up hungry and then just heading straight to the train station in the morning.

So now, I sometimes wake up completely forgetting to eat or drink altogether cuz my mind is still there.",
2022-06-03 00:08:02+00:00,1532514407624114177,Eva7314,@crazycatmakcik Ahh yes the “cat lovers” who pamper their pet shop high end breeds yet can stomach seeing hungry stray cats outside their homes and not give a $hit. Cat lovers indeed. Pffft,Malaysia
2022-06-02 14:06:04+00:00,1532362920205504512,nfarhanahj,Was super hungry after countless toilet visits so I decided to eat two pax of maggi and now I can’t move… why do I do this to myself?,
2022-06-01 00:28:10+00:00,1531794699085697024,iamkavie_s,Hungry af and stucked in traffic for another 30mins!,Kuala Lumpur City
2022-05-31 03:07:12+00:00,1531472332731973632,ceciliacsyi,"I have come to the phase where I am constantly hungry 😆 My goodness, always always looking for food!",
2022-05-31 01:38:47+00:00,1531450083945771010,_crispywaffles,why did no one tell me that working out consistently means i’m hungry all the time and cannot replace meals with caffeine anymore,nyc / kl 
2022-05-29 09:29:43+00:00,1530843821864460288,rshazrin,Why are we hungry all the time?,"Damansara, Selangor"
2022-05-28 15:34:08+00:00,1530573144062570497,vickneshvasu,Mika is hungry. https://t.co/Mu0fe3CevV,"Miri, Sarawak"
2022-05-26 12:13:42+00:00,1529797924455976960,maestroamir,@FatenSyaheera @taufiqamir19 not very hungry. just just only,"Kuala Terengganu, Terengganu"
2022-05-26 11:55:07+00:00,1529793248570769409,ChanThaver,HUNGRY LAA CIBAI 😂 https://t.co/9gq6bCtQre,"Shah Alam,Selangor"
2022-05-25 14:26:42+00:00,1529469010353745920,qwinphi,"I just took a DNA test, turns out imma 100% hungry, eventhough i just ate","Selangor, Malaysia"
2022-05-25 10:51:46+00:00,1529414918226661377,ceciliacsyi,Always hungry mmm https://t.co/ATQ3kkIbVC,
2022-05-22 05:18:15+00:00,1528243824539336704,pak2ai,"Completing my KL trip with Tony Romas Ribs, Seafood, Steak. Mmm...🧐🤔
I prefer freshly cooked food, not the reheated type. The medium Medallion Fillet turned up to be well, hard as a rock.
I'm hungry. Going to finish it slowly.
The fried mushroom is good.
#idislikethismeal https://t.co/YCqLWfUui5",Malaysia
2022-05-18 13:23:38+00:00,1526916421770309632,raozbrown,Miso hungry😋 https://t.co/0zSPRH3LKz,Kuala Lumpur
2022-05-08 01:19:03+00:00,1523110195475320832,itsmirawrr,"benda mencabar order delivery during raya ni. order mcd dri 7.51am guna food panda, sampai skrg masih takdak lagi. delay sejam. nak cancel tak boleh. sis hungry!","Selangor, Malaysia"
2022-05-02 10:25:41+00:00,1521073434087727104,AnujaJayaram,Hungry caterpillar #NaturePhotography #GREEN #caterpillar https://t.co/nBTbvDd89A,Malaysia
2022-03-23 02:05:59+00:00,1506452167690883074,nhusnaa___,Hungry angy,Kuala Lumpur City
2022-03-18 12:27:39+00:00,1504796675092905984,sharkawiahmad,"Hungry! Nk keluar beli makan , tapi xtaw nak makan gapo dia 😵‍💫",Kuala Lumpur Federal Territory
2022-03-18 10:04:24+00:00,1504760624680562688,mz_hatta,Back ✅✅  and now I’m hungry hahahaa 😅😅 https://t.co/gomTOAkdmj,"Bandar Puncak Alam, Selangor"
2022-03-17 15:10:49+00:00,1504475349731594249,raqifluz_,"Nasi,macaroni and burger. When I’m hungry I’m hungry🫣🫣",
2022-03-17 10:13:59+00:00,1504400649722613761,TheZeeraffe,"Dear @orkibal, I will never inspired to draw without your work. I need more of your time, more of your word, food idea that always make me hungry, and all of your ghost/bedtime story but, this time, I need to let it all go, i'll keep all the love inside me, Thank you ♥️",Metaverse
2022-03-17 09:06:13+00:00,1504383595645108226,LempengMilo,Hungry…… lambatnya berbukaa,kuala lipis | cheras
2022-03-17 03:25:50+00:00,1504297932748902401,farhahdean,"So hungry nak pergi makan sekali kereta depan reverse langgar bumper auto hilang selera serta merta 🥲🥲🥲🥲🥲

Kereta tak sampai sebulan. Luckily tak ada apa &amp; punyalah guilty &amp; ketakutan dia 🙂",Malaysia
2022-03-16 19:30:22+00:00,1504178279892217857,srhliy,Awake and hungry. Nice…,
2022-03-16 11:16:46+00:00,1504054058528641024,drlimkt19,@fuchsiadunlop You had to tweet every time when I am hungry 🤦‍♂️,Malaysia/Beijing 
2022-03-16 01:28:02+00:00,1503905899840405504,rezarazali,"That is definitely one hungry woman that is recently out of quarantine 😅

If you see such pretty receipt print outs those are among the things we do at @SlurpPos https://t.co/YeZcS7yOJF",Singapore
2022-03-15 03:20:41+00:00,1503571861363310602,ceciliacsyi,I am always ALWAYS hungry,
2022-03-14 14:40:42+00:00,1503380603852320768,enriquemikail,@thistimeiknwwhy I didnt have my dinner yet. So hungry 😫,"Kuala Lumpur, Wilayah Persekut"
2022-03-14 09:40:56+00:00,1503305167688462343,Rainbowpops11,Why I'm always hungry bruh.,"Selangor, Malaysia"
2022-03-13 13:37:01+00:00,1503002192386539525,AwareSpirit369,Discontent is good. Stay ambitious. Stay hungry. Stay succeeding.,
2022-03-13 13:27:05+00:00,1502999691470204935,_vftv,"Our goal is:

✨ To bring a change to the stray’s situation in Malaysia.
✨ To feed the hungry stray dogs and cats around Seremban area.
✨ To contact the nearest shelter to rehome the dogs and cats if they’re in danger.
✨ To build homes for the strays in the future.","Seremban, Negeri Sembilan"
2022-03-12 07:04:57+00:00,1502541136824451073,McNastyPrime,"@NaaMurad Hungry, irritated people? https://t.co/gKGxw5sWBd",Malaysia
2022-03-12 01:11:14+00:00,1502452120045637632,wisterrya,"@flnrshin Meat and lettuce
Now I'm hungry",Malaysia
2022-03-11 15:58:05+00:00,1502312914950451207,izad_abas,Im hungry,Malaysia
2022-03-10 18:02:42+00:00,1501981888831168512,panadolsandpot,Or maybe I am not hungry. Just bored probably.,
2022-03-10 18:02:25+00:00,1501981816156454913,panadolsandpot,"Fucking high and hungry. But if I move now, bubba and the doggos would wake up and it will become a disaster.",
2022-03-10 16:03:49+00:00,1501951973092126721,FxndTaha,Waiting for #MyrideEp7 on GMM25 and this food show is making me hungry and its 12.03am. https://t.co/rp5u4bFdqu,Kampung Chumphon
2022-03-10 03:28:36+00:00,1501761912576512002,a_naddie,"OMG it's D-day! I'm so excited I'm nervous I'm hungry but I'm too overwhelmed to eat I feel dizzy

Anyways let's listen to the beautiful #StayAlive by #Jungkook (prod by #SUGA of #BTS) while waiting 
@bts_twt",🇲🇾
2022-03-08 13:21:37+00:00,1501186375282208772,wisterrya,@flnrshin Now I'm hungry,Malaysia
2022-03-08 06:34:07+00:00,1501083825874808832,naizsssaaa,@SeorangPengukur Hungry,Kuala Lumpur
2022-03-07 22:44:06+00:00,1500965541791473669,tcwcs3006,"Continue…
I was worried &amp; i saw a few skeletons &amp; I thought it was a fun fair cuz when I turn left, i saw a big Ferris wheel. Then, a skeleton with no head keep warning me and showing a “NO” sign by the movement of his hands. Then, my friend says he is hungry.
Tbc…",My Own World of Imperfection
2022-03-06 18:29:17+00:00,1500539026180173824,AliffAbdRani,"The Board needs to resign. Itu yang penting.
Mana2 manager pun yang datang lepas ni, bagi dia kebebasan untuk organize team.
Siapa dia tak suka? Jual je.
Dan tolonglah stop dengan superstar/blockbuster signings ni.
We need players who are hungry to play for MU","Kelang, Selangor"
2022-03-06 16:10:09+00:00,1500504015368757248,nabiswho,Hungry!!,
2022-03-06 05:56:39+00:00,1500349622732079104,masiaone,Just posted a photo @ The Hungry Tapir https://t.co/63osdo75XM,Kuala Lumpur Malaysia
2022-03-06 04:59:47+00:00,1500335311272181765,gegardo,@nabilimran95 Lebron extra hungry lawan gsw. Haha,
2022-03-06 02:03:42+00:00,1500290997208907776,HarithAimiros,Poole hungry rn,"Negri Sembilan, Malaysia"
2022-03-05 12:37:59+00:00,1500088230204510212,AlannaEloa,"Hungry, tired, restless, feel like my bones gonna break into pieces. Grab car 3 minutes drive is RM8.00 💔 rainy time I have to. Sufferings lifestyle in this Country forever and ever.",
2022-03-05 02:31:37+00:00,1499935635406086150,ShaSenza,@sinclairsyazwan Hungry. Benti rawang drive thru setabak kejab lagi.,"Damansara, Selangor"
2022-03-05 02:20:41+00:00,1499932885595607041,wisterrya,@flnrshin Btw everything looks good....I'm hungry,Malaysia
2022-03-04 18:45:04+00:00,1499818225294475265,Nitinkakad3,@DrSJaishankar @ashishchauhan And what about international flight banned ? Any good news soon? Or still hungry? 2 years looted already. Now how long it will be ?,Singapore
2022-03-04 14:49:40+00:00,1499758982436560897,aiaeesya,I am really hungry. I am fucking hungry,Puncak Alam
2022-03-04 11:26:42+00:00,1499707905653690372,itsyus_my,"Though I can still eat (haven’t lost my sense of smell &amp; taste), but I think I’ve been losing my appetite. I haven’t been  getting enough calories intake for today but I don’t feel like eating 😢 and I don’t feel hungry. This is somehow troubling me. What do I do?",
2022-03-04 06:56:35+00:00,1499639928720093194,musicc0bsessed,Have you ever felt hungry but you're too sleepy to eat 😴😴😴,kuala lumpur/kota bharu
2022-03-04 03:39:40+00:00,1499590371558395905,MOHDFER50215859,@Hungry_hub1 Sedap tu,
2022-03-04 03:27:32+00:00,1499587321087553536,HerSakai,Sleepy and hungry,"Selangor, Malaysia"
2022-03-03 14:49:35+00:00,1499396576686768130,_azba_,Not me feeling hungry at this hour. https://t.co/RrvVtRwSd7,Kuala Lumpur City
2022-03-03 13:09:04+00:00,1499371278607728647,masiaone,Just posted a photo @ The Hungry Tapir https://t.co/y8jvPw5d6N,Kuala Lumpur Malaysia
2022-03-03 12:53:09+00:00,1499367274805104640,donnaatweets,"i wanna eat. im hungry. but i cant even stand to cook my own meal. nak order grab, kena tunggu lift, jalan amik makanan, tggu lift lagi, jalan kaki lagi. 😔",
2022-03-03 11:49:30+00:00,1499351256749404164,hafiz_hjan,Im hungry and i dont know to eat what. 🥺,
2022-03-01 15:44:59+00:00,1498685738845708296,faezahana,"Me at 11.40 pm

Feeling hungry despite having dinner at 8 pm before turning back to working place 

Effect baru balik kerja
Or effect saka makannn

#repost
Sungguh la kena makan.. salah ejaaa",Kuala Lumpur City
2022-03-01 09:12:50+00:00,1498587052316962816,Daliakudo,"Some songs just touch us differently. Some songs evoke specific memories that lay dormant in my hippocampus.

When I listened to that songs again, I can remember vividly the situation again. Stressed, alone, busy n hungry in Sabah.

Not all bad n not all happy either.","Putrajaya, Malaysia"
2022-02-28 03:12:38+00:00,1498134019879632898,chxrmnjy_,I can eat my breakfast &amp; lunch together at one go. Have no idea why am I so hungry. 😂😂,
2022-02-28 03:06:05+00:00,1498132368968019969,mookswarfare,"@sewer_vent Thank you brother,really need those positive energy for today,hungry for achievement too ❤️",BAY AREA
2022-02-26 03:59:28+00:00,1497421026312945672,jfkjohan,"I’m super humbled with a darn good team. Solid competent leaders who are hungry to learn &amp; improve. Looking for one more junior/fresh grad then, with our intern coming in April, we can grow from strength to strength to help more people improve-their-English!!! @UKEngMatters",6pm-12 Saturdays @ TRAXX FM
2022-02-25 10:36:50+00:00,1497158639291088897,Wan_Zafirah28,When you're cold and hungry,Kuala Lumpur
2022-02-25 03:33:59+00:00,1497052227902472195,SanasyAppanah,If Russians go hungry Putin will get blame for make people poor and uneducated. No future in Russia if Putin stay until 2035? https://t.co/d4q9KdC1ZG,"Bandar Kuala Lumpur, Wilayah P"
2022-02-23 15:55:12+00:00,1496513983133941760,aiamir_,@azha_azim Konon dia HUNGRY. Dia tak tau ke kita semua ANGRY 😡 !! Hahahaha,ֆօʍɛաɦɛʀɛ օռʟʏ աɛ ӄռօա
2022-02-23 11:40:20+00:00,1496449845644644355,AlannaEloa,Hungry now as always 😃,
2022-02-21 06:24:18+00:00,1495645537550360576,glennguan,Hungry porkie 🐷 Monday 😝 @ Boon Signature Roast Pork https://t.co/M82LI3GOhY,Malaysia
2022-02-21 06:22:08+00:00,1495644993414909953,enriquemikail,Im hungry to eat pussy now. Give me,"Kuala Lumpur, Wilayah Persekut"
2022-02-20 12:42:01+00:00,1495378203405602820,aisyabenisha,the hungry and the hairy memang best. love love love sangat. i wish there’s 2nd season.,
2022-02-20 02:49:05+00:00,1495228986791960577,craigansibin,"BATC2020
INA🇮🇩3-1🇲🇾MAS

#BATC2022
Meet again in the final and will Malaysia able to get it right this time?

Last edition, Cheam June Wei was the sole contributor for our national camp.

[Prediction]
🇮🇩1-3🇲🇾
OR
🇮🇩2-3🇲🇾

MD🇮🇩 are young but they are hungry and aggressive! https://t.co/9ljLzPEiMW",Malaysia
2022-02-19 13:36:05+00:00,1495029424214839297,srhliy,Nak sleep tapi hungry tapi nak sleep 🥺,
2022-02-19 00:04:41+00:00,1494825227829661699,fyymatthews,"cimb kenapa, aku dah lah hungry takda cash tahi kambingggggg.",
2022-02-17 15:22:31+00:00,1494331431618633735,AlannaEloa,"Otw back to home after work, hungry, tired and stressed https://t.co/clIccQQMFO",
2022-02-14 14:49:27+00:00,1493235946183020545,golfpaths6,I still don't get my fellow humans... Still greedy and power hungry in a #pandemic! Only in #Malaysia? Not just the politicians too.,Malaysia
2022-02-14 09:18:01+00:00,1493152541525577733,chxrmnjy_,Just had a muffin because Im too hungry. But let's make it a pre-workout meal 😋,
2022-02-14 07:22:24+00:00,1493123444506079232,syafiqahmunir,Im hungry but cannot eat aaaaaa 😞🤒,"Selangor, Malaysia"
2022-02-13 15:26:31+00:00,1492882888219856896,hezatch,"Regardless what nationality you're holding, no one deserves to be hungry in this country 😔","KL, M'Sia"
2022-02-13 05:45:24+00:00,1492736645539729409,KidKurttoress,Walk² until I'm hungry https://t.co/CNQWJU8Iyj,
2022-02-12 04:05:45+00:00,1492349178076594179,HerSakai,Hungry la,"Selangor, Malaysia"
2022-02-12 00:55:55+00:00,1492301404547219459,FadzrainA,"I wanted to sleep but hungry , ahh okay, that’s it going to the kitchen now. Sksksk",Lost Cause
2022-02-11 10:13:45+00:00,1492079403240615937,srhliy,Tired &amp; hungry 😪,
2022-02-11 04:22:06+00:00,1491990906459004930,ciksenah,Thank youuu @huxsterized beli Doodle Fellaz - Hungry Mummy. Ikat tali kekuat okay? :p https://t.co/lWDUok0vrf,Kuala Lumpur City
2022-02-10 15:10:38+00:00,1491791726440509440,donnajourneyx,"Its hard to feel hungry after eating 650g watermelon (~200cals) 😋

Snack time! https://t.co/pofRZWwXyh","Kuala Lumpur, Malaysia"
2022-02-10 03:16:23+00:00,1491611978607247360,mookswarfare,Damn pretty much hungry right now,BAY AREA
2022-02-09 11:49:46+00:00,1491378788311404549,ladymissazira,"Why does it take longer for brown rice to cook compared to white rice?

Seriously, hungry woman.",Malaysia
2022-02-08 22:32:40+00:00,1491178190601359360,bukumalam,@vyrtweets Usually got eerie story atau past experiences from people lah masa hari hungry ghost festival?,Kuala Lumpur Federal Territory
2022-02-08 12:28:40+00:00,1491026189146017793,kenkenchew,@exdisrn_ I'm a strong baby. I'm feeling better already just keep hungry nak makan saja. Hahahahaha,"Kuala Lumpur, Malaysia"
2022-02-07 15:31:56+00:00,1490709925622091776,Radevengers,just woke up and hungry,
2022-02-07 10:04:33+00:00,1490627534186172420,hellenskinkl,hungry but 🥶,Kuala Lumpur City
2022-02-06 04:55:27+00:00,1490187358347669506,glennguan,Hungry lah! Nom nom taime @ Yap Hup Kee 葉合記 https://t.co/VhG4jZgoO4,Malaysia
2022-02-03 11:40:53+00:00,1489202226740412417,Rainbowpops11,Hungry 🥲,"Selangor, Malaysia"
2022-02-03 07:46:20+00:00,1489143200325328898,qstnjnnh,I'm so tired and hungry but I must queue in line 😔😔,your mind
2022-02-02 07:18:18+00:00,1488773757179072512,huxsterized,@CyberAreg @catverses ❤️💙 he is hungry all the time.. so dont forget to feed him 😅,"Selangor, Malaysia"
2022-02-02 06:59:33+00:00,1488769038688092161,khalisaamini,hungry alll the time,
2022-02-02 02:40:18+00:00,1488703796033114115,ceciliacsyi,Romantic = having sex? ROFLMAOLOL SOMEONES HUNGRY,
2022-02-01 23:03:52+00:00,1488649327463796736,lumie_ejal,Good morning! Sarapan apa ye arini? Ikut jela member nanti. Kut kut dapat makan nasi lemak tak arini? I am super hungry!,
2022-02-01 15:14:30+00:00,1488531208485191686,nickiemarissa,"Super hungry! Late night snack..
#MisoSoup @ Subang Jaya https://t.co/uSlYwtoFij",Kuala Lumpur
2022-02-01 01:20:36+00:00,1488321352750620672,RazakZaha,"Slowly rebuild pace.

I got problem with knees injury and sudden hungry after first 4km.

Pathetic https://t.co/hkd2oeRnIX",Kuala Lumpur
