Datetime,ID,Username,Text,Location
2023-02-26 19:47:37+00:00,1629931208791703552,prettylilshar,I never wanna be in that position where I’m soo craving for some food but I can’t afford to … :( Sampai mengidam mimpi2 ja,Sabahan
2022-11-13 11:09:39+00:00,1591750133032816640,emceejason,"@lyssiegab @ushardaniele Not that. I mean, why undertake food running jobs when clearly they know how to make more money than that 😂

Those bikes aren't cheap and food running job alone can't get them enough money to afford it really.

I know I can't afford the things I have now if I work full time 🤣","Kota Kinabalu, Sabah (BKI)"
